candidate,dataset_period,session_day,pnl_pts
PREFADE-F,NAS100_2026,2026-03-19,-115.32830284481315
PREFADE-F,NAS100_2026,2026-03-25,98.64957126796799
PREFADE-F,NAS100_2026,2026-04-03,16.0
PREFADE-F,NAS100_2026,2026-04-09,-53.099377308386465
PREFADE-F,NAS100_2026,2026-04-10,27.690018563447666
PREFADE-F,NAS100_2026,2026-04-14,-82.91638126076577
PREFADE-F,NAS100_2026,2026-04-15,0.0
PREFADE-F,NAS100_2026,2026-04-22,58.619719630230975
PREFADE-F,NAS100_2026,2026-04-29,-62.88295116757581
PREFADE-F,NAS100_2026,2026-05-11,103.96397598537806
PREFADE-F,NAS100_2026,2026-05-12,131.41480519187098
PREFADE-F,NAS100_2026,2026-05-27,119.24648601366425
PREFADE-F,NAS100_2026,2026-06-03,73.17034730931846
PREFADE-F,NAS100_2026,2026-06-25,135.84995921926384
PREFADE-F,NAS100_2026,2026-07-01,59.265401340653625
PREFADE-F,NAS100_2026,2026-07-09,-203.9084123628345
PREFADE-F,NAS100_2026,2026-07-20,115.79084459137084
PREFADE-F,NAS100_2026,2026-08-06,-131.80706014210955
PREFADE-F,NAS100_2026,2026-08-07,-120.70515167053236
PREFADE-F,NAS100_2026,2026-08-10,53.28280546803944
PREFADE-F,NAS100_2026,2026-08-12,40.10000000000218
PREFADE-F,NAS100_2026,2026-08-13,-67.27195016073892
PREFADE-F,NAS100_2026,2026-08-14,47.51871299733466
PREFADE-F,NAS100_2026,2026-09-11,-76.27000000000044
PREFADE-F,NAS100_TRAIN,2005-01-12,3.8529185877039254
PREFADE-F,NAS100_TRAIN,2005-01-27,3.013883297688153
PREFADE-F,NAS100_TRAIN,2005-01-28,2.0
PREFADE-F,NAS100_TRAIN,2005-02-01,2.0057113161153666
PREFADE-F,NAS100_TRAIN,2005-02-02,-0.0945341425051538
PREFADE-F,NAS100_TRAIN,2005-02-03,-0.4533630406701832
PREFADE-F,NAS100_TRAIN,2005-02-07,1.0
PREFADE-F,NAS100_TRAIN,2005-02-10,1.162445411697945
PREFADE-F,NAS100_TRAIN,2005-02-16,0.9667828606952753
PREFADE-F,NAS100_TRAIN,2005-02-17,-0.14359713972567079
PREFADE-F,NAS100_TRAIN,2005-02-23,-2.9001110451704335
PREFADE-F,NAS100_TRAIN,2005-02-25,2.453377627930422
PREFADE-F,NAS100_TRAIN,2005-03-01,-5.800315841725251
PREFADE-F,NAS100_TRAIN,2005-03-02,-0.12262864396984696
PREFADE-F,NAS100_TRAIN,2005-03-08,2.0598555209098777
PREFADE-F,NAS100_TRAIN,2005-03-10,1.4128063756973006
PREFADE-F,NAS100_TRAIN,2005-03-16,-6.39274527193993
PREFADE-F,NAS100_TRAIN,2005-03-18,1.0
PREFADE-F,NAS100_TRAIN,2005-03-21,1.5059829120623363
PREFADE-F,NAS100_TRAIN,2005-03-22,-7.016749792603832
PREFADE-F,NAS100_TRAIN,2005-03-28,2.900000000000091
PREFADE-F,NAS100_TRAIN,2005-04-04,2.5
PREFADE-F,NAS100_TRAIN,2005-04-05,2.5
PREFADE-F,NAS100_TRAIN,2005-04-06,1.8555372784207975
PREFADE-F,NAS100_TRAIN,2005-04-07,-3.410436815750927
PREFADE-F,NAS100_TRAIN,2005-04-08,3.5
PREFADE-F,NAS100_TRAIN,2005-04-12,3.2641914047226237
PREFADE-F,NAS100_TRAIN,2005-04-13,1.0
PREFADE-F,NAS100_TRAIN,2005-04-19,2.9663547218801796
PREFADE-F,NAS100_TRAIN,2005-04-25,-3.030075973334988
PREFADE-F,NAS100_TRAIN,2005-04-28,2.9977528171784797
PREFADE-F,NAS100_TRAIN,2005-05-05,2.0
PREFADE-F,NAS100_TRAIN,2005-05-06,-0.19405651523129563
PREFADE-F,NAS100_TRAIN,2005-05-10,2.3983428054575597
PREFADE-F,NAS100_TRAIN,2005-05-12,5.532802144869265
PREFADE-F,NAS100_TRAIN,2005-05-13,1.3999999999998636
PREFADE-F,NAS100_TRAIN,2005-05-16,0.7960526218539599
PREFADE-F,NAS100_TRAIN,2005-05-18,2.0242564138998205
PREFADE-F,NAS100_TRAIN,2005-05-19,0.8368474165358748
PREFADE-F,NAS100_TRAIN,2005-05-23,2.1264775176421153
PREFADE-F,NAS100_TRAIN,2005-05-24,2.5720858908869104
PREFADE-F,NAS100_TRAIN,2005-05-27,1.0112612623352106
PREFADE-F,NAS100_TRAIN,2005-06-03,1.5
PREFADE-F,NAS100_TRAIN,2005-06-06,-2.5
PREFADE-F,NAS100_TRAIN,2005-06-09,3.0
PREFADE-F,NAS100_TRAIN,2005-06-14,1.7111111272465678
PREFADE-F,NAS100_TRAIN,2005-06-23,0.9414965814473817
PREFADE-F,NAS100_TRAIN,2005-06-29,3.4438514896446577
PREFADE-F,NAS100_TRAIN,2005-06-30,2.0669224394555386
PREFADE-F,NAS100_TRAIN,2005-07-06,-2.0561230802798036
PREFADE-F,NAS100_TRAIN,2005-07-13,-0.6027931093954066
PREFADE-F,NAS100_TRAIN,2005-07-15,2.5
PREFADE-F,NAS100_TRAIN,2005-07-19,1.0
PREFADE-F,NAS100_TRAIN,2005-07-21,6.5
PREFADE-F,NAS100_TRAIN,2005-07-22,-4.418835312240844
PREFADE-F,NAS100_TRAIN,2005-07-27,2.052777756524847
PREFADE-F,NAS100_TRAIN,2005-07-28,0.6651264908291523
PREFADE-F,NAS100_TRAIN,2005-07-29,3.0088637225951516
PREFADE-F,NAS100_TRAIN,2005-08-02,2.184120444070686
PREFADE-F,NAS100_TRAIN,2005-08-03,1.246802323432803
PREFADE-F,NAS100_TRAIN,2005-08-05,2.94051642084014
PREFADE-F,NAS100_TRAIN,2005-08-09,-4.533421821223328
PREFADE-F,NAS100_TRAIN,2005-08-11,1.2242641249249573
PREFADE-F,NAS100_TRAIN,2005-08-12,-2.637429288432486
PREFADE-F,NAS100_TRAIN,2005-08-26,-0.6362849845661458
PREFADE-F,NAS100_TRAIN,2005-08-30,-3.9687350862416224
PREFADE-F,NAS100_TRAIN,2005-09-07,-2.072250848697422
PREFADE-F,NAS100_TRAIN,2005-09-08,1.0362214243371
PREFADE-F,NAS100_TRAIN,2005-09-15,0.2728937589204179
PREFADE-F,NAS100_TRAIN,2005-09-21,3.954256842198447
PREFADE-F,NAS100_TRAIN,2005-09-22,2.17348993488622
PREFADE-F,NAS100_TRAIN,2005-09-23,2.128629015530123
PREFADE-F,NAS100_TRAIN,2005-10-03,1.5521052285243968
PREFADE-F,NAS100_TRAIN,2005-10-07,-3.4008706638546755
PREFADE-F,NAS100_TRAIN,2005-10-10,2.5
PREFADE-F,NAS100_TRAIN,2005-10-12,-3.325240902301175
PREFADE-F,NAS100_TRAIN,2005-10-14,-2.7594757122265037
PREFADE-F,NAS100_TRAIN,2005-10-18,3.5
PREFADE-F,NAS100_TRAIN,2005-10-24,1.8324431294856822
PREFADE-F,NAS100_TRAIN,2005-10-26,-3.547758939676214
PREFADE-F,NAS100_TRAIN,2005-10-28,2.0221609752259155
PREFADE-F,NAS100_TRAIN,2005-10-31,2.5
PREFADE-F,NAS100_TRAIN,2005-11-01,2.5
PREFADE-F,NAS100_TRAIN,2005-11-04,1.7809759717426914
PREFADE-F,NAS100_TRAIN,2005-11-07,1.3748622703158162
PREFADE-F,NAS100_TRAIN,2005-11-08,2.7773946715497004
PREFADE-F,NAS100_TRAIN,2005-11-09,2.9191616483792586
PREFADE-F,NAS100_TRAIN,2005-11-10,2.7080540880554054
PREFADE-F,NAS100_TRAIN,2005-11-18,-2.434967941202558
PREFADE-F,NAS100_TRAIN,2005-11-24,-2.0
PREFADE-F,NAS100_TRAIN,2005-11-25,-2.676983452518698
PREFADE-F,NAS100_TRAIN,2005-11-29,-0.26560324247543576
PREFADE-F,NAS100_TRAIN,2005-12-02,3.790111959515116
PREFADE-F,NAS100_TRAIN,2005-12-06,0.43828571694234597
PREFADE-F,NAS100_TRAIN,2005-12-07,1.7155555287997686
PREFADE-F,NAS100_TRAIN,2005-12-13,-1.5737981208972087
PREFADE-F,NAS100_TRAIN,2005-12-20,2.4790509858064524
PREFADE-F,NAS100_TRAIN,2005-12-22,-2.417387194939465
PREFADE-F,NAS100_TRAIN,2005-12-23,2.9163187136680335
PREFADE-F,NAS100_TRAIN,2006-01-04,-8.748131466132918
PREFADE-F,NAS100_TRAIN,2006-01-05,2.8999999999998636
PREFADE-F,NAS100_TRAIN,2006-01-06,6.799843637304775
PREFADE-F,NAS100_TRAIN,2006-01-12,1.4995049710321382
PREFADE-F,NAS100_TRAIN,2006-01-19,1.4268801417065333
PREFADE-F,NAS100_TRAIN,2006-01-30,1.5
PREFADE-F,NAS100_TRAIN,2006-01-31,1.2485171655741851
PREFADE-F,NAS100_TRAIN,2006-02-01,-4.220121322426166
PREFADE-F,NAS100_TRAIN,2006-02-03,-4.616675300531369
PREFADE-F,NAS100_TRAIN,2006-02-09,0.9501118298346682
PREFADE-F,NAS100_TRAIN,2006-02-16,1.0
PREFADE-F,NAS100_TRAIN,2006-02-17,-2.6196171524986767
PREFADE-F,NAS100_TRAIN,2006-02-22,2.851162806539378
PREFADE-F,NAS100_TRAIN,2006-02-24,2.7782359893378725
PREFADE-F,NAS100_TRAIN,2006-02-27,1.3242152795662605
PREFADE-F,NAS100_TRAIN,2006-03-02,-2.8033070532669626
PREFADE-F,NAS100_TRAIN,2006-03-03,-4.862991514621399
PREFADE-F,NAS100_TRAIN,2006-03-10,3.6104492860154096
PREFADE-F,NAS100_TRAIN,2006-03-13,-5.340074925742101
PREFADE-F,NAS100_TRAIN,2006-03-15,-2.323942731547959
PREFADE-F,NAS100_TRAIN,2006-03-16,-2.5
PREFADE-F,NAS100_TRAIN,2006-03-17,2.642577005968633
PREFADE-F,NAS100_TRAIN,2006-03-21,1.78604650016905
PREFADE-F,NAS100_TRAIN,2006-03-24,1.7777777799853993
PREFADE-F,NAS100_TRAIN,2006-03-30,-3.333686878733488
PREFADE-F,NAS100_TRAIN,2006-04-04,-0.9040099665560319
PREFADE-F,NAS100_TRAIN,2006-04-05,-4.2072472709876365
PREFADE-F,NAS100_TRAIN,2006-04-06,0.8711500908200378
PREFADE-F,NAS100_TRAIN,2006-04-07,-2.0197683271633196
PREFADE-F,NAS100_TRAIN,2006-04-13,1.8393939406184927
PREFADE-F,NAS100_TRAIN,2006-04-17,2.76916996179375
PREFADE-F,NAS100_TRAIN,2006-04-19,1.2176172375225178
PREFADE-F,NAS100_TRAIN,2006-04-21,1.0304394289612446
PREFADE-F,NAS100_TRAIN,2006-04-24,2.422406626440079
PREFADE-F,NAS100_TRAIN,2006-04-28,2.9803957852864187
PREFADE-F,NAS100_TRAIN,2006-05-01,-1.652146753606985
PREFADE-F,NAS100_TRAIN,2006-05-03,1.5612565446690496
PREFADE-F,NAS100_TRAIN,2006-05-08,1.2769633516591057
PREFADE-F,NAS100_TRAIN,2006-05-16,1.1533952625050006
PREFADE-F,NAS100_TRAIN,2006-05-25,-5.3989671067597556
PREFADE-F,NAS100_TRAIN,2006-06-02,-5.262164650589511
PREFADE-F,NAS100_TRAIN,2006-06-06,1.9206451385252876
PREFADE-F,NAS100_TRAIN,2006-06-13,8.97759224180254
PREFADE-F,NAS100_TRAIN,2006-06-20,2.7999999999999545
PREFADE-F,NAS100_TRAIN,2006-06-21,2.7993569352618124
PREFADE-F,NAS100_TRAIN,2006-06-23,-4.4130798436563055
PREFADE-F,NAS100_TRAIN,2006-06-27,4.070272773578836
PREFADE-F,NAS100_TRAIN,2006-07-05,-3.578710953086329
PREFADE-F,NAS100_TRAIN,2006-07-06,1.9396283141143158
PREFADE-F,NAS100_TRAIN,2006-07-12,1.3033375066870576
PREFADE-F,NAS100_TRAIN,2006-07-19,-3.343985774414932
PREFADE-F,NAS100_TRAIN,2006-07-20,1.7583277266330697
PREFADE-F,NAS100_TRAIN,2006-07-25,-3.4077245416740425
PREFADE-F,NAS100_TRAIN,2006-07-28,2.185355635367614
PREFADE-F,NAS100_TRAIN,2006-07-31,1.0412541364285062
PREFADE-F,NAS100_TRAIN,2006-08-01,-8.197284908694428
PREFADE-F,NAS100_TRAIN,2006-08-08,3.0
PREFADE-F,NAS100_TRAIN,2006-08-11,-2.694589324675917
PREFADE-F,NAS100_TRAIN,2006-08-15,-4.105487665683313
PREFADE-F,NAS100_TRAIN,2006-08-16,5.863338414343389
PREFADE-F,NAS100_TRAIN,2006-08-17,-2.9282494050266905
PREFADE-F,NAS100_TRAIN,2006-08-23,-3.4548347217016726
PREFADE-F,NAS100_TRAIN,2006-08-30,-2.253707638392143
PREFADE-F,NAS100_TRAIN,2006-09-06,1.775211916592525
PREFADE-F,NAS100_TRAIN,2006-09-14,1.5974702341216016
PREFADE-F,NAS100_TRAIN,2006-09-15,-9.234908236627462
PREFADE-F,NAS100_TRAIN,2006-09-18,1.0316847076003341
PREFADE-F,NAS100_TRAIN,2006-09-19,4.894357462545258
PREFADE-F,NAS100_TRAIN,2006-09-20,-4.6661341534932035
PREFADE-F,NAS100_TRAIN,2006-09-27,3.9124221102099455
PREFADE-F,NAS100_TRAIN,2006-09-28,2.1807452645236935
PREFADE-F,NAS100_TRAIN,2006-09-29,2.429879850757743
PREFADE-F,NAS100_TRAIN,2006-10-02,-3.7571227593321055
PREFADE-F,NAS100_TRAIN,2006-10-04,1.85904762050086
PREFADE-F,NAS100_TRAIN,2006-10-05,2.5
PREFADE-F,NAS100_TRAIN,2006-10-06,-3.312623305464058
PREFADE-F,NAS100_TRAIN,2006-10-10,1.7250612988191278
PREFADE-F,NAS100_TRAIN,2006-10-16,2.3748563415017543
PREFADE-F,NAS100_TRAIN,2006-10-18,-4.163717352828371
PREFADE-F,NAS100_TRAIN,2006-10-20,0.48744768954588835
PREFADE-F,NAS100_TRAIN,2006-10-30,2.2000000000000455
PREFADE-F,NAS100_TRAIN,2006-11-01,-2.199999999999818
PREFADE-F,NAS100_TRAIN,2006-11-03,0.1503386695349036
PREFADE-F,NAS100_TRAIN,2006-11-07,1.8647573746475246
PREFADE-F,NAS100_TRAIN,2006-11-08,1.920503070071618
PREFADE-F,NAS100_TRAIN,2006-11-09,1.7720855677191594
PREFADE-F,NAS100_TRAIN,2006-11-16,1.7252631501146425
PREFADE-F,NAS100_TRAIN,2006-11-22,1.7999999999999545
PREFADE-F,NAS100_TRAIN,2006-11-28,-4.230483230340269
PREFADE-F,NAS100_TRAIN,2006-11-30,2.5630859222262643
PREFADE-F,NAS100_TRAIN,2006-12-06,2.1143382640445907
PREFADE-F,NAS100_TRAIN,2006-12-07,1.1535373960221023
PREFADE-F,NAS100_TRAIN,2006-12-11,-2.7645558605886436
PREFADE-F,NAS100_TRAIN,2006-12-14,1.5
PREFADE-F,NAS100_TRAIN,2006-12-22,-2.7835206652703164
PREFADE-F,NAS100_TRAIN,2006-12-26,0.3333333197092543
PREFADE-F,NAS100_TRAIN,2006-12-29,1.285682347637021
PREFADE-F,NAS100_TRAIN,2007-01-08,-0.8990364101221076
PREFADE-F,NAS100_TRAIN,2007-01-11,4.7000000000000455
PREFADE-F,NAS100_TRAIN,2007-01-12,2.8429799491607355
PREFADE-F,NAS100_TRAIN,2007-01-16,-2.339461665792669
PREFADE-F,NAS100_TRAIN,2007-01-17,2.5468335095254133
PREFADE-F,NAS100_TRAIN,2007-02-01,-3.5
PREFADE-F,NAS100_TRAIN,2007-02-02,1.9591295281793464
PREFADE-F,NAS100_TRAIN,2007-02-13,-2.553176103606347
PREFADE-F,NAS100_TRAIN,2007-02-14,-2.3016803767980036
PREFADE-F,NAS100_TRAIN,2007-02-16,2.212351359487002
PREFADE-F,NAS100_TRAIN,2007-02-22,-3.0758042957929774
PREFADE-F,NAS100_TRAIN,2007-03-14,2.5
PREFADE-F,NAS100_TRAIN,2007-03-15,1.9528344722020847
PREFADE-F,NAS100_TRAIN,2007-03-16,-1.9318333633236762
PREFADE-F,NAS100_TRAIN,2007-03-22,-3.2059314923660622
PREFADE-F,NAS100_TRAIN,2007-03-23,2.763375826853917
PREFADE-F,NAS100_TRAIN,2007-03-28,1.9829470581250916
PREFADE-F,NAS100_TRAIN,2007-04-04,2.5420470744247723
PREFADE-F,NAS100_TRAIN,2007-04-05,1.1708898803228749
PREFADE-F,NAS100_TRAIN,2007-04-06,-2.147426947350368
PREFADE-F,NAS100_TRAIN,2007-04-09,-2.307998302305805
PREFADE-F,NAS100_TRAIN,2007-04-13,0.9806615290749505
PREFADE-F,NAS100_TRAIN,2007-04-17,5.278848175727944
PREFADE-F,NAS100_TRAIN,2007-04-18,-2.6419340969262066
PREFADE-F,NAS100_TRAIN,2007-04-20,-8.298680709732935
PREFADE-F,NAS100_TRAIN,2007-04-26,1.314803748265831
PREFADE-F,NAS100_TRAIN,2007-04-27,2.208691499886754
PREFADE-F,NAS100_TRAIN,2007-04-30,1.2200780035691423
PREFADE-F,NAS100_TRAIN,2007-05-03,4.794406908696828
PREFADE-F,NAS100_TRAIN,2007-05-04,1.5063893675155668
PREFADE-F,NAS100_TRAIN,2007-05-09,1.2166666502314456
PREFADE-F,NAS100_TRAIN,2007-05-10,2.2520249019157745
PREFADE-F,NAS100_TRAIN,2007-05-11,3.9171298318740355
PREFADE-F,NAS100_TRAIN,2007-05-17,-2.146940961798691
PREFADE-F,NAS100_TRAIN,2007-05-18,2.839153427331439
PREFADE-F,NAS100_TRAIN,2007-05-22,1.7999999999999545
PREFADE-F,NAS100_TRAIN,2007-05-31,1.479102322492281
PREFADE-F,NAS100_TRAIN,2007-06-01,3.5120265090104112
PREFADE-F,NAS100_TRAIN,2007-06-04,1.5439359507788595
PREFADE-F,NAS100_TRAIN,2007-06-05,2.004829232178963
PREFADE-F,NAS100_TRAIN,2007-06-11,2.7999999999999545
PREFADE-F,NAS100_TRAIN,2007-06-13,10.245329129057382
PREFADE-F,NAS100_TRAIN,2007-06-19,1.7708573357870137
PREFADE-F,NAS100_TRAIN,2007-06-27,3.7513609423440357
PREFADE-F,NAS100_TRAIN,2007-06-28,3.0350093060144445
PREFADE-F,NAS100_TRAIN,2007-07-06,5.135600527375573
PREFADE-F,NAS100_TRAIN,2007-07-23,3.663155112776167
PREFADE-F,NAS100_TRAIN,2007-07-24,-5.866639646792464
PREFADE-F,NAS100_TRAIN,2007-08-02,4.611371530965016
PREFADE-F,NAS100_TRAIN,2007-08-03,2.504955394015269
PREFADE-F,NAS100_TRAIN,2007-08-07,3.514556500520712
PREFADE-F,NAS100_TRAIN,2007-08-09,-10.870793310044746
PREFADE-F,NAS100_TRAIN,2007-08-14,3.72423267732961
PREFADE-F,NAS100_TRAIN,2007-08-15,3.7145113833935284
PREFADE-F,NAS100_TRAIN,2007-08-17,19.935109511977544
PREFADE-F,NAS100_TRAIN,2007-08-23,-4.689075553499379
PREFADE-F,NAS100_TRAIN,2007-08-30,-5.192939090519076
PREFADE-F,NAS100_TRAIN,2007-09-03,-0.10000000000013642
PREFADE-F,NAS100_TRAIN,2007-09-05,3.7677461136190686
PREFADE-F,NAS100_TRAIN,2007-09-11,5.410373855305579
PREFADE-F,NAS100_TRAIN,2007-09-12,2.6943786838351116
PREFADE-F,NAS100_TRAIN,2007-09-13,3.144650210421787
PREFADE-F,NAS100_TRAIN,2007-09-25,2.186490676417634
PREFADE-F,NAS100_TRAIN,2007-09-26,3.199999999999818
PREFADE-F,NAS100_TRAIN,2007-09-28,1.1319562128037433
PREFADE-F,NAS100_TRAIN,2007-10-05,-5.7853294832957545
PREFADE-F,NAS100_TRAIN,2007-10-12,-6.277774824512562
PREFADE-F,NAS100_TRAIN,2007-10-15,3.4288095357464954
PREFADE-F,NAS100_TRAIN,2007-10-17,5.699029119269653
PREFADE-F,NAS100_TRAIN,2007-10-23,1.5389174063075188
PREFADE-F,NAS100_TRAIN,2007-10-24,4.184872746302062
PREFADE-F,NAS100_TRAIN,2007-10-26,-5.163655632698465
PREFADE-F,NAS100_TRAIN,2007-10-30,5.3805589091371075
PREFADE-F,NAS100_TRAIN,2007-11-01,-11.354395930650298
PREFADE-F,NAS100_TRAIN,2007-11-16,1.7001002927584068
PREFADE-F,NAS100_TRAIN,2007-12-07,1.8370136182015813
PREFADE-F,NAS100_TRAIN,2007-12-13,7.587364632988738
PREFADE-F,NAS100_TRAIN,2007-12-20,-7.920942775765525
PREFADE-F,NAS100_TRAIN,2007-12-24,2.307968386071934
PREFADE-F,NAS100_TRAIN,2007-12-28,-6.2320802609956445
PREFADE-F,NAS100_TRAIN,2007-12-31,-2.320823523652507
PREFADE-F,NAS100_TRAIN,2008-01-02,-3.969878814623371
PREFADE-F,NAS100_TRAIN,2008-01-04,-6.130328327802317
PREFADE-F,NAS100_TRAIN,2008-01-09,10.757151972160045
PREFADE-F,NAS100_TRAIN,2008-01-15,5.57107189552471
PREFADE-F,NAS100_TRAIN,2008-01-17,16.005662409633032
PREFADE-F,NAS100_TRAIN,2008-01-18,7.8957824254325715
PREFADE-F,NAS100_TRAIN,2008-01-22,27.247917386915333
PREFADE-F,NAS100_TRAIN,2008-02-11,-9.733324005934719
PREFADE-F,NAS100_TRAIN,2008-02-13,7.408581247673965
PREFADE-F,NAS100_TRAIN,2008-02-14,2.9762503596591614
PREFADE-F,NAS100_TRAIN,2008-02-20,4.0930676998737
PREFADE-F,NAS100_TRAIN,2008-02-22,5.223037149228048
PREFADE-F,NAS100_TRAIN,2008-02-25,-7.269015407208826
PREFADE-F,NAS100_TRAIN,2008-02-27,-1.6038794517726274
PREFADE-F,NAS100_TRAIN,2008-03-03,4.427837040371287
PREFADE-F,NAS100_TRAIN,2008-03-07,6.072734086920491
PREFADE-F,NAS100_TRAIN,2008-03-14,13.349910178603977
PREFADE-F,NAS100_TRAIN,2008-03-24,-8.237883643955229
PREFADE-F,NAS100_TRAIN,2008-03-26,3.2086286579628904
PREFADE-F,NAS100_TRAIN,2008-04-02,2.143349456787064
PREFADE-F,NAS100_TRAIN,2008-04-03,7.192523666547686
PREFADE-F,NAS100_TRAIN,2008-04-08,3.226773362223412
PREFADE-F,NAS100_TRAIN,2008-04-16,6.43112514756649
PREFADE-F,NAS100_TRAIN,2008-04-17,-6.919344045568323
PREFADE-F,NAS100_TRAIN,2008-04-24,-8.4224292008264
PREFADE-F,NAS100_TRAIN,2008-04-30,6.2000000000000455
PREFADE-F,NAS100_TRAIN,2008-05-08,1.4179279808561205
PREFADE-F,NAS100_TRAIN,2008-05-15,1.7000000000000455
PREFADE-F,NAS100_TRAIN,2008-05-19,2.6741401429389953
PREFADE-F,NAS100_TRAIN,2008-05-20,3.2973040357446735
PREFADE-F,NAS100_TRAIN,2008-05-28,-7.991160834711309
PREFADE-F,NAS100_TRAIN,2008-06-11,-8.463061189118434
PREFADE-F,NAS100_TRAIN,2008-06-12,8.01371926921638
PREFADE-F,NAS100_TRAIN,2008-06-16,5.351388972600262
PREFADE-F,NAS100_TRAIN,2008-06-18,-8.369498301909061
PREFADE-F,NAS100_TRAIN,2008-06-19,4.7999999999999545
PREFADE-F,NAS100_TRAIN,2008-06-23,4.091458821475044
PREFADE-F,NAS100_TRAIN,2008-07-29,4.0734974095216785
PREFADE-F,NAS100_TRAIN,2008-07-30,4.643889500289561
PREFADE-F,NAS100_TRAIN,2008-07-31,4.458366247787808
PREFADE-F,NAS100_TRAIN,2008-08-11,4.7000000000000455
PREFADE-F,NAS100_TRAIN,2008-08-13,4.806314315944746
PREFADE-F,NAS100_TRAIN,2008-08-14,6.097289604807429
PREFADE-F,NAS100_TRAIN,2008-08-15,4.5102943938384215
PREFADE-F,NAS100_TRAIN,2008-08-19,2.7722597107717775
PREFADE-F,NAS100_TRAIN,2008-08-20,5.007690781968904
PREFADE-F,NAS100_TRAIN,2008-08-27,5.767201153113092
PREFADE-F,NAS100_TRAIN,2008-08-29,-0.04968256693246076
PREFADE-F,NAS100_TRAIN,2008-09-01,2.304694693301144
PREFADE-F,NAS100_TRAIN,2008-09-12,-6.051343831934673
PREFADE-F,NAS100_TRAIN,2008-09-23,-11.483279114925153
PREFADE-F,NAS100_TRAIN,2008-10-01,5.92130848301781
PREFADE-F,NAS100_TRAIN,2008-10-03,14.531831583516805
PREFADE-F,NAS100_TRAIN,2008-10-07,23.032605267909503
PREFADE-F,NAS100_TRAIN,2008-10-21,4.7000000000000455
PREFADE-F,NAS100_TRAIN,2008-10-23,13.981645704459197
PREFADE-F,NAS100_TRAIN,2008-11-06,11.17324136340767
PREFADE-F,NAS100_TRAIN,2008-11-07,10.541848982978081
PREFADE-F,NAS100_TRAIN,2008-11-14,4.080583022566998
PREFADE-F,NAS100_TRAIN,2008-12-03,11.979097143523404
PREFADE-F,NAS100_TRAIN,2008-12-18,0.0
PREFADE-F,NAS100_TRAIN,2008-12-19,0.9172373509479712
PREFADE-F,NAS100_TRAIN,2008-12-23,2.5197475237941944
PREFADE-F,NAS100_TRAIN,2008-12-24,2.393630629132531
PREFADE-F,NAS100_TRAIN,2008-12-31,3.7430319371196674
PREFADE-F,NAS100_TRAIN,2009-01-05,5.502110691822736
PREFADE-F,NAS100_TRAIN,2009-01-08,3.7863934438735214
PREFADE-F,NAS100_TRAIN,2009-02-06,-8.851965472086476
PREFADE-F,NAS100_TRAIN,2009-02-10,6.453157010153973
PREFADE-F,NAS100_TRAIN,2009-02-11,-6.4353106535681945
PREFADE-F,NAS100_TRAIN,2009-02-13,2.96923589952371
PREFADE-F,NAS100_TRAIN,2009-02-17,6.932431573138956
PREFADE-F,NAS100_TRAIN,2009-03-17,6.603233973185297
PREFADE-F,NAS100_TRAIN,2009-03-18,2.563768220984457
PREFADE-F,NAS100_TRAIN,2009-03-20,4.027659179737611
PREFADE-F,NAS100_TRAIN,2009-04-17,6.879200539301792
PREFADE-F,NAS100_TRAIN,2009-04-22,5.789077746341263
PREFADE-F,NAS100_TRAIN,2009-04-24,6.69466607969639
PREFADE-F,NAS100_TRAIN,2009-05-06,4.820327695943661
PREFADE-F,NAS100_TRAIN,2009-05-08,5.46565753378286
PREFADE-F,NAS100_TRAIN,2009-05-14,4.817545637744161
PREFADE-F,NAS100_TRAIN,2009-05-19,4.0144176088949735
PREFADE-F,NAS100_TRAIN,2009-05-21,-6.32150133735604
PREFADE-F,NAS100_TRAIN,2009-05-27,-3.782662906381802
PREFADE-F,NAS100_TRAIN,2009-06-02,5.0
PREFADE-F,NAS100_TRAIN,2009-06-03,5.702446026589996
PREFADE-F,NAS100_TRAIN,2009-06-05,-3.782760050806246
PREFADE-F,NAS100_TRAIN,2009-06-11,4.889114815133553
PREFADE-F,NAS100_TRAIN,2009-06-12,-5.728921587981404
PREFADE-F,NAS100_TRAIN,2009-06-16,4.014395310393411
PREFADE-F,NAS100_TRAIN,2009-06-24,-9.909614681555013
PREFADE-F,NAS100_TRAIN,2009-06-26,2.8960648444981416
PREFADE-F,NAS100_TRAIN,2009-07-02,-7.963439623061731
PREFADE-F,NAS100_TRAIN,2009-07-08,3.5437549651937843
PREFADE-F,NAS100_TRAIN,2009-07-09,3.100805502398771
PREFADE-F,NAS100_TRAIN,2009-07-14,2.7495077875637435
PREFADE-F,NAS100_TRAIN,2009-07-23,4.381965035325948
PREFADE-F,NAS100_TRAIN,2009-07-31,9.714029280107297
PREFADE-F,NAS100_TRAIN,2009-08-10,3.976115707491317
PREFADE-F,NAS100_TRAIN,2009-08-14,-6.0368692558442945
PREFADE-F,NAS100_TRAIN,2009-08-20,4.115712425373204
PREFADE-F,NAS100_TRAIN,2009-08-25,2.648204724357811
PREFADE-F,NAS100_TRAIN,2009-09-03,5.323179756833497
PREFADE-F,NAS100_TRAIN,2009-09-11,3.3007148660869916
PREFADE-F,NAS100_TRAIN,2009-09-15,-4.743873519067847
PREFADE-F,NAS100_TRAIN,2009-09-16,1.8634226142344232
PREFADE-F,NAS100_TRAIN,2009-09-17,3.370615656596101
PREFADE-F,NAS100_TRAIN,2009-09-18,-6.511469485022872
PREFADE-F,NAS100_TRAIN,2009-10-01,2.9027980352823306
PREFADE-F,NAS100_TRAIN,2009-10-08,4.704895276974639
PREFADE-F,NAS100_TRAIN,2009-10-15,5.555018258616883
PREFADE-F,NAS100_TRAIN,2009-10-30,2.9179606334023447
PREFADE-F,NAS100_TRAIN,2009-11-04,2.0671070795863216
PREFADE-F,NAS100_TRAIN,2009-11-06,1.6826197341340503
PREFADE-F,NAS100_TRAIN,2009-11-18,-6.194662766263036
PREFADE-F,NAS100_TRAIN,2009-11-24,4.590960005231182
PREFADE-F,NAS100_TRAIN,2009-12-10,6.868131110790728
PREFADE-F,NAS100_TRAIN,2010-01-06,-3.5
PREFADE-F,NAS100_TRAIN,2010-02-03,3.9587885381031356
PREFADE-F,NAS100_TRAIN,2010-02-05,5.851021958158071
PREFADE-F,NAS100_TRAIN,2010-02-11,-6.445725700019011
PREFADE-F,NAS100_TRAIN,2010-02-17,3.4798985583806825
PREFADE-F,NAS100_TRAIN,2010-02-24,-5.633176326058901
PREFADE-F,NAS100_TRAIN,2010-02-26,1.8965443423480792
PREFADE-F,NAS100_TRAIN,2010-03-02,1.830008503403178
PREFADE-F,NAS100_TRAIN,2010-03-03,5.145774248141606
PREFADE-F,NAS100_TRAIN,2010-03-11,1.948128417168391
PREFADE-F,NAS100_TRAIN,2010-03-16,2.0674055844463055
PREFADE-F,NAS100_TRAIN,2010-03-19,-2.319654908959137
PREFADE-F,NAS100_TRAIN,2010-03-31,-3.956847434567635
PREFADE-F,NAS100_TRAIN,2010-04-02,-7.210053288500376
PREFADE-F,NAS100_TRAIN,2010-04-07,1.7000000000000455
PREFADE-F,NAS100_TRAIN,2010-04-13,1.6542740188176595
PREFADE-F,NAS100_TRAIN,2010-04-14,-2.886714945321728
PREFADE-F,NAS100_TRAIN,2010-05-05,-7.066587719496965
PREFADE-F,NAS100_TRAIN,2010-05-24,-13.799999999999955
PREFADE-F,NAS100_TRAIN,2010-06-04,-14.951818030183176
PREFADE-F,NAS100_TRAIN,2010-06-11,6.535701502796201
PREFADE-F,NAS100_TRAIN,2010-06-14,-7.2000000000000455
PREFADE-F,NAS100_TRAIN,2010-06-16,4.200125153620547
PREFADE-F,NAS100_TRAIN,2010-06-18,3.1662606991387747
PREFADE-F,NAS100_TRAIN,2010-07-01,-9.199999999999818
PREFADE-F,NAS100_TRAIN,2010-07-02,11.330107730070495
PREFADE-F,NAS100_TRAIN,2010-07-08,8.009313188118767
PREFADE-F,NAS100_TRAIN,2010-07-21,6.100559077174694
PREFADE-F,NAS100_TRAIN,2010-07-28,5.2999999999999545
PREFADE-F,NAS100_TRAIN,2010-07-29,3.752348851971419
PREFADE-F,NAS100_TRAIN,2010-08-10,-10.255459292767
PREFADE-F,NAS100_TRAIN,2010-08-26,5.252704242800974
PREFADE-F,NAS100_TRAIN,2010-08-27,8.728259457011973
PREFADE-F,NAS100_TRAIN,2010-08-30,3.9068556523393454
PREFADE-F,NAS100_TRAIN,2010-09-02,3.6632794112827014
PREFADE-F,NAS100_TRAIN,2010-09-06,2.424070824109549
PREFADE-F,NAS100_TRAIN,2010-09-07,7.050710543551304
PREFADE-F,NAS100_TRAIN,2010-09-16,2.0
PREFADE-F,NAS100_TRAIN,2010-09-21,4.219804786958775
PREFADE-F,NAS100_TRAIN,2010-10-01,3.9490673549146322
PREFADE-F,NAS100_TRAIN,2010-10-06,2.8922149355285
PREFADE-F,NAS100_TRAIN,2010-10-08,5.5140596976116285
PREFADE-F,NAS100_TRAIN,2010-10-14,3.025316585828932
PREFADE-F,NAS100_TRAIN,2010-10-19,4.136702554136718
PREFADE-F,NAS100_TRAIN,2010-10-22,3.4629412015110574
PREFADE-F,NAS100_TRAIN,2010-10-29,-6.764613933335568
PREFADE-F,NAS100_TRAIN,2010-11-01,2.869018390684687
PREFADE-F,NAS100_TRAIN,2010-11-05,5.0
PREFADE-F,NAS100_TRAIN,2010-11-19,5.391445680055767
PREFADE-F,NAS100_TRAIN,2010-11-24,-10.193336535009166
PREFADE-F,NAS100_TRAIN,2010-12-02,7.086515190818318
PREFADE-F,NAS100_TRAIN,2010-12-03,9.654067698757899
PREFADE-F,NAS100_TRAIN,2010-12-10,2.800000000000182
PREFADE-F,NAS100_TRAIN,2010-12-17,2.8592593100220256
PREFADE-F,NAS100_TRAIN,2010-12-22,-1.8977455058538908
PREFADE-F,NAS100_TRAIN,2011-01-07,3.29698160977523
PREFADE-F,NAS100_TRAIN,2011-01-13,2.5737333881256745
PREFADE-F,NAS100_TRAIN,2011-01-14,5.299999999999727
PREFADE-F,NAS100_TRAIN,2011-01-20,4.413226078779644
PREFADE-F,NAS100_TRAIN,2011-01-28,2.344199840082638
PREFADE-F,NAS100_TRAIN,2011-02-01,-6.953096862700022
PREFADE-F,NAS100_TRAIN,2011-02-03,3.94184694718615
PREFADE-F,NAS100_TRAIN,2011-02-04,-3.0
PREFADE-F,NAS100_TRAIN,2011-02-15,3.4267086423678847
PREFADE-F,NAS100_TRAIN,2011-03-04,4.553248642967446
PREFADE-F,NAS100_TRAIN,2011-03-08,4.378289516802397
PREFADE-F,NAS100_TRAIN,2011-03-09,-7.12288671074657
PREFADE-F,NAS100_TRAIN,2011-03-22,5.721409711061824
PREFADE-F,NAS100_TRAIN,2011-03-25,1.5191308737635154
PREFADE-F,NAS100_TRAIN,2011-04-07,0.546871673874648
PREFADE-F,NAS100_TRAIN,2011-04-15,5.035009350339351
PREFADE-F,NAS100_TRAIN,2011-04-19,4.818314751726575
PREFADE-F,NAS100_TRAIN,2011-05-11,3.4269255456629253
PREFADE-F,NAS100_TRAIN,2011-05-20,4.694983127652449
PREFADE-F,NAS100_TRAIN,2011-06-13,3.1322124527864617
PREFADE-F,NAS100_TRAIN,2011-06-24,7.041172810340413
PREFADE-F,NAS100_TRAIN,2011-07-05,2.3918341608796254
PREFADE-F,NAS100_TRAIN,2011-07-07,-9.0
PREFADE-F,NAS100_TRAIN,2011-07-12,12.82648957866104
PREFADE-F,NAS100_TRAIN,2011-07-21,5.222295500745986
PREFADE-F,NAS100_TRAIN,2011-07-22,-3.8912628939156093
PREFADE-F,NAS100_TRAIN,2011-07-28,7.656998018888771
PREFADE-F,NAS100_TRAIN,2011-08-05,16.787021452829777
PREFADE-F,NAS100_TRAIN,2011-08-10,-19.264001664525495
PREFADE-F,NAS100_TRAIN,2011-08-12,14.748270363881147
PREFADE-F,NAS100_TRAIN,2011-08-24,-16.023331058283475
PREFADE-F,NAS100_TRAIN,2011-08-26,5.04239485995231
PREFADE-F,NAS100_TRAIN,2011-09-09,5.0917995387712836
PREFADE-F,NAS100_TRAIN,2011-09-21,-8.749408406562452
PREFADE-F,NAS100_TRAIN,2011-10-07,10.494014403657275
PREFADE-F,NAS100_TRAIN,2011-10-18,6.367802705321537
PREFADE-F,NAS100_TRAIN,2011-11-04,3.0011426393266447
PREFADE-F,NAS100_TRAIN,2011-11-11,-14.076685513712164
PREFADE-F,NAS100_TRAIN,2011-11-22,8.293548571094107
PREFADE-F,NAS100_TRAIN,2011-12-05,9.902984924643533
PREFADE-F,NAS100_TRAIN,2011-12-08,5.91275852829358
PREFADE-F,NAS100_TRAIN,2011-12-13,2.9249952043805933
PREFADE-F,NAS100_TRAIN,2011-12-16,4.522630129500158
PREFADE-F,NAS100_TRAIN,2011-12-30,4.251700947629615
PREFADE-F,NAS100_TRAIN,2012-01-03,2.7768444286307385
PREFADE-F,NAS100_TRAIN,2012-01-06,7.911324775580397
PREFADE-F,NAS100_TRAIN,2012-01-27,6.698125478282691
PREFADE-F,NAS100_TRAIN,2012-02-16,4.180331626626412
PREFADE-F,NAS100_TRAIN,2012-02-17,-3.286407617390978
PREFADE-F,NAS100_TRAIN,2012-03-12,1.7564425893615407
PREFADE-F,NAS100_TRAIN,2012-03-21,4.6157422375245005
PREFADE-F,NAS100_TRAIN,2012-04-06,-4.599999999999909
PREFADE-F,NAS100_TRAIN,2012-04-19,16.720478947323045
PREFADE-F,NAS100_TRAIN,2012-04-30,-3.800000000000182
PREFADE-F,NAS100_TRAIN,2012-05-03,4.706591025289526
PREFADE-F,NAS100_TRAIN,2012-05-04,-9.956494159304384
PREFADE-F,NAS100_TRAIN,2012-05-09,8.281123945448144
PREFADE-F,NAS100_TRAIN,2012-05-10,7.35900289042047
PREFADE-F,NAS100_TRAIN,2012-05-11,7.33254388521209
PREFADE-F,NAS100_TRAIN,2012-06-11,-18.770931472913617
PREFADE-F,NAS100_TRAIN,2012-06-13,9.54761503967893
PREFADE-F,NAS100_TRAIN,2012-06-14,6.617522685221957
PREFADE-F,NAS100_TRAIN,2012-06-18,10.937471378789269
PREFADE-F,NAS100_TRAIN,2012-06-19,-6.60650679839182
PREFADE-F,NAS100_TRAIN,2012-06-21,6.423545819573974
PREFADE-F,NAS100_TRAIN,2012-06-22,4.0486973452516395
PREFADE-F,NAS100_TRAIN,2012-06-26,4.5
PREFADE-F,NAS100_TRAIN,2012-07-09,-6.511189828848728
PREFADE-F,NAS100_TRAIN,2012-07-19,-4.294448580615608
PREFADE-F,NAS100_TRAIN,2012-07-20,5.063403850351278
PREFADE-F,NAS100_TRAIN,2012-07-25,-14.851257230043757
PREFADE-F,NAS100_TRAIN,2012-07-30,-6.487703428721943
PREFADE-F,NAS100_TRAIN,2012-08-02,-8.697705726758159
PREFADE-F,NAS100_TRAIN,2012-08-06,5.05277821988102
PREFADE-F,NAS100_TRAIN,2012-08-08,4.450238517865728
PREFADE-F,NAS100_TRAIN,2012-08-14,5.06054698973503
PREFADE-F,NAS100_TRAIN,2012-08-15,-3.7493795815166777
PREFADE-F,NAS100_TRAIN,2012-08-16,3.937803807122691
PREFADE-F,NAS100_TRAIN,2012-08-17,-4.221251242821836
PREFADE-F,NAS100_TRAIN,2012-08-20,3.107470301070407
PREFADE-F,NAS100_TRAIN,2012-08-24,4.2494596404371805
PREFADE-F,NAS100_TRAIN,2012-08-30,-5.189918025654151
PREFADE-F,NAS100_TRAIN,2012-09-17,4.342235427955075
PREFADE-F,NAS100_TRAIN,2012-09-21,-3.76955105227853
PREFADE-F,NAS100_TRAIN,2012-09-26,-7.006274764918999
PREFADE-F,NAS100_TRAIN,2012-10-03,2.8522788541599766
PREFADE-F,NAS100_TRAIN,2012-10-05,4.452080709706479
PREFADE-F,NAS100_TRAIN,2012-10-16,-5.728228038050929
PREFADE-F,NAS100_TRAIN,2012-10-17,4.926632368665196
PREFADE-F,NAS100_TRAIN,2012-11-02,5.828386725233031
PREFADE-F,NAS100_TRAIN,2012-11-05,-1.2453724712800067
PREFADE-F,NAS100_TRAIN,2012-11-12,4.08422253554545
PREFADE-F,NAS100_TRAIN,2012-11-13,5.832188747378041
PREFADE-F,NAS100_TRAIN,2012-11-20,4.224253203959506
PREFADE-F,NAS100_TRAIN,2012-11-23,-7.336496709442599
PREFADE-F,NAS100_TRAIN,2012-11-26,2.199999999999818
PREFADE-F,NAS100_TRAIN,2012-12-03,0.6847040044563073
PREFADE-F,NAS100_TRAIN,2012-12-06,4.42581459169196
PREFADE-F,NAS100_TRAIN,2012-12-14,-7.200000000000273
PREFADE-F,NAS100_TRAIN,2012-12-26,2.155555593839381
PREFADE-F,NAS100_TRAIN,2012-12-27,4.05850200666373
PREFADE-F,NAS100_TRAIN,2012-12-31,4.752432237008179
PREFADE-F,NAS100_TRAIN,2013-01-03,2.9688396757242117
PREFADE-F,NAS100_TRAIN,2013-01-04,6.518225017307486
PREFADE-F,NAS100_TRAIN,2013-01-07,-4.088628164777674
PREFADE-F,NAS100_TRAIN,2013-01-30,4.316966914271688
PREFADE-F,NAS100_TRAIN,2013-01-31,2.2647170732607265
PREFADE-F,NAS100_TRAIN,2013-02-01,3.702769573707883
PREFADE-F,NAS100_TRAIN,2013-02-07,4.3657065533575405
PREFADE-F,NAS100_TRAIN,2013-02-13,1.861773196732429
PREFADE-F,NAS100_TRAIN,2013-02-15,-5.147999477923349
PREFADE-F,NAS100_TRAIN,2013-02-18,-1.7999999999997272
PREFADE-F,NAS100_TRAIN,2013-02-19,-4.276023788590464
PREFADE-F,NAS100_TRAIN,2013-02-22,4.132798962051311
PREFADE-F,NAS100_TRAIN,2013-02-27,-4.534809201871212
PREFADE-F,NAS100_TRAIN,2013-03-05,-6.5
PREFADE-F,NAS100_TRAIN,2013-03-21,-7.541730489256679
PREFADE-F,NAS100_TRAIN,2013-03-26,2.030799682685938
PREFADE-F,NAS100_TRAIN,2013-04-01,3.671783037746536
PREFADE-F,NAS100_TRAIN,2013-04-03,1.6135088268079016
PREFADE-F,NAS100_TRAIN,2013-04-12,8.441417453651866
PREFADE-F,NAS100_TRAIN,2013-04-18,7.278275638556352
PREFADE-F,NAS100_TRAIN,2013-04-24,5.978088775982087
PREFADE-F,NAS100_TRAIN,2013-05-01,4.8730567004040495
PREFADE-F,NAS100_TRAIN,2013-05-08,2.606191493944152
PREFADE-F,NAS100_TRAIN,2013-05-15,-3.799999999999727
PREFADE-F,NAS100_TRAIN,2013-05-17,-4.2162859929335355
PREFADE-F,NAS100_TRAIN,2013-05-20,2.338012690567666
PREFADE-F,NAS100_TRAIN,2013-05-28,4.9430337913072435
PREFADE-F,NAS100_TRAIN,2013-06-04,-5.904059934664929
PREFADE-F,NAS100_TRAIN,2013-06-06,3.22624010548725
PREFADE-F,NAS100_TRAIN,2013-06-07,-5.256364931325152
PREFADE-F,NAS100_TRAIN,2013-07-02,6.039114724319461
PREFADE-F,NAS100_TRAIN,2013-07-04,-9.148739504980313
PREFADE-F,NAS100_TRAIN,2013-07-05,-2.225059207600225
PREFADE-F,NAS100_TRAIN,2013-07-16,1.9226420791633245
PREFADE-F,NAS100_TRAIN,2013-08-02,-3.449427916593777
PREFADE-F,NAS100_TRAIN,2013-08-08,3.6052547584517924
PREFADE-F,NAS100_TRAIN,2013-08-15,-9.368898548287689
PREFADE-F,NAS100_TRAIN,2013-08-28,5.364338368134213
PREFADE-F,NAS100_TRAIN,2013-09-02,4.700000000000273
PREFADE-F,NAS100_TRAIN,2013-09-06,-1.685191241170287
PREFADE-F,NAS100_TRAIN,2013-09-12,2.7244813427250847
PREFADE-F,NAS100_TRAIN,2013-09-17,-3.3629629210026906
PREFADE-F,NAS100_TRAIN,2013-10-09,3.4740069752538147
PREFADE-F,NAS100_TRAIN,2013-10-15,11.07294869800262
PREFADE-F,NAS100_TRAIN,2013-10-17,4.137538763230623
PREFADE-F,NAS100_TRAIN,2013-10-22,-10.428433275888892
PREFADE-F,NAS100_TRAIN,2013-10-24,4.068203019566681
PREFADE-F,NAS100_TRAIN,2013-10-25,5.3723940739373575
PREFADE-F,NAS100_TRAIN,2013-10-28,3.8019885951703145
PREFADE-F,NAS100_TRAIN,2013-11-01,-4.21433540949829
PREFADE-F,NAS100_TRAIN,2013-11-07,-3.685184818351445
PREFADE-F,NAS100_TRAIN,2013-11-21,-6.799999999999727
PREFADE-F,NAS100_TRAIN,2013-11-22,-5.34159487572515
PREFADE-F,NAS100_TRAIN,2013-11-27,-4.5112991047535616
PREFADE-F,NAS100_TRAIN,2013-12-04,6.458557039488369
PREFADE-F,NAS100_TRAIN,2013-12-06,-11.39255600569777
PREFADE-F,NAS100_TRAIN,2013-12-09,-3.310078126008648
PREFADE-F,NAS100_TRAIN,2013-12-17,3.7062758884076175
PREFADE-F,NAS100_TRAIN,2013-12-26,-0.6138208342758844
PREFADE-F,NAS100_TRAIN,2013-12-30,-3.0
PREFADE-F,NAS100_TRAIN,2013-12-31,-2.0
PREFADE-F,NAS100_TRAIN,2014-01-20,-1.400000000000091
PREFADE-F,NAS100_TRAIN,2014-01-30,-11.565454433200102
PREFADE-F,NAS100_TRAIN,2014-02-04,-6.976344034276281
PREFADE-F,NAS100_TRAIN,2014-02-05,6.9215727573241566
PREFADE-F,NAS100_TRAIN,2014-02-06,8.860684695883265
PREFADE-F,NAS100_TRAIN,2014-02-07,7.720190011860723
PREFADE-F,NAS100_TRAIN,2014-02-12,-8.295669012927647
PREFADE-F,NAS100_TRAIN,2014-02-19,6.469111875419912
PREFADE-F,NAS100_TRAIN,2014-02-21,4.324962911310195
PREFADE-F,NAS100_TRAIN,2014-02-25,7.57629910538617
PREFADE-F,NAS100_TRAIN,2014-02-26,3.3312924658876
PREFADE-F,NAS100_TRAIN,2014-03-05,2.7847443338696394
PREFADE-F,NAS100_TRAIN,2014-03-06,0.9292941832095494
PREFADE-F,NAS100_TRAIN,2014-03-07,7.622456934731872
PREFADE-F,NAS100_TRAIN,2014-03-14,7.265557405249638
PREFADE-F,NAS100_TRAIN,2014-03-25,-6.027500464836521
PREFADE-F,NAS100_TRAIN,2014-03-27,-16.18834166759325
PREFADE-F,NAS100_TRAIN,2014-03-31,-3.555526125214328
PREFADE-F,NAS100_TRAIN,2014-04-04,-5.203122402051122
PREFADE-F,NAS100_TRAIN,2014-04-09,2.520923203496295
PREFADE-F,NAS100_TRAIN,2014-04-14,-10.826754844280458
PREFADE-F,NAS100_TRAIN,2014-04-22,-7.227193310307939
PREFADE-F,NAS100_TRAIN,2014-04-30,4.431023487215043
PREFADE-F,NAS100_TRAIN,2014-05-08,-9.608480667616732
PREFADE-F,NAS100_TRAIN,2014-05-09,6.718179758633596
PREFADE-F,NAS100_TRAIN,2014-05-13,3.089347106738387
PREFADE-F,NAS100_TRAIN,2014-05-14,3.7736690892365914
PREFADE-F,NAS100_TRAIN,2014-05-16,5.956899586441978
PREFADE-F,NAS100_TRAIN,2014-05-29,-3.9870610982552535
PREFADE-F,NAS100_TRAIN,2014-06-05,-4.6918795809001494
PREFADE-F,NAS100_TRAIN,2014-06-06,1.7327370307552883
PREFADE-F,NAS100_TRAIN,2014-06-12,-5.438839555280538
PREFADE-F,NAS100_TRAIN,2014-06-17,3.6557447755608337
PREFADE-F,NAS100_TRAIN,2014-06-25,5.69554755677018
PREFADE-F,NAS100_TRAIN,2014-06-26,-2.83997729799421
PREFADE-F,NAS100_TRAIN,2014-07-02,-2.2675296776628784
PREFADE-F,NAS100_TRAIN,2014-07-03,3.48686655425945
PREFADE-F,NAS100_TRAIN,2014-07-07,3.629786533600054
PREFADE-F,NAS100_TRAIN,2014-07-08,-4.3630049706830505
PREFADE-F,NAS100_TRAIN,2014-07-09,-3.429500618597558
PREFADE-F,NAS100_TRAIN,2014-07-15,-5.901647623422832
PREFADE-F,NAS100_TRAIN,2014-07-23,-12.91379890229473
PREFADE-F,NAS100_TRAIN,2014-07-25,-5.838706774413367
PREFADE-F,NAS100_TRAIN,2014-07-29,2.1179542314648643
PREFADE-F,NAS100_TRAIN,2014-08-04,4.751934079617058
PREFADE-F,NAS100_TRAIN,2014-08-05,-7.285828474685786
PREFADE-F,NAS100_TRAIN,2014-08-07,4.741506189802294
PREFADE-F,NAS100_TRAIN,2014-08-12,7.095194560617983
PREFADE-F,NAS100_TRAIN,2014-08-19,2.208401713249259
PREFADE-F,NAS100_TRAIN,2014-08-20,3.49406557837483
PREFADE-F,NAS100_TRAIN,2014-08-26,3.8839594931414467
PREFADE-F,NAS100_TRAIN,2014-09-12,-4.139755860408513
PREFADE-F,NAS100_TRAIN,2014-09-16,5.366652552600954
PREFADE-F,NAS100_TRAIN,2014-09-17,-1.8418817075498737
PREFADE-F,NAS100_TRAIN,2014-09-25,-5.381175157848702
PREFADE-F,NAS100_TRAIN,2014-10-01,3.7378764141635656
PREFADE-F,NAS100_TRAIN,2014-10-08,6.240723230695039
PREFADE-F,NAS100_TRAIN,2014-10-14,7.603546856400953
PREFADE-F,NAS100_TRAIN,2014-10-20,15.943403529323405
PREFADE-F,NAS100_TRAIN,2014-10-24,-16.34129160704242
PREFADE-F,NAS100_TRAIN,2014-10-27,5.758766791783273
PREFADE-F,NAS100_TRAIN,2014-11-03,-5.176441838736537
PREFADE-F,NAS100_TRAIN,2014-11-05,12.639920309759873
PREFADE-F,NAS100_TRAIN,2014-11-07,3.7634756368524904
PREFADE-F,NAS100_TRAIN,2014-11-19,3.831111087239151
PREFADE-F,NAS100_TRAIN,2014-12-04,5.594567690333861
PREFADE-F,NAS100_TRAIN,2014-12-10,4.6006100045988205
PREFADE-F,NAS100_TRAIN,2014-12-11,-12.174807318538114
PREFADE-F,NAS100_TRAIN,2014-12-23,-6.328891079355344
PREFADE-F,NAS100_TRAIN,2014-12-24,2.837901834181139
PREFADE-F,NAS100_VAL,2015-01-05,6.382779567831676
PREFADE-F,NAS100_VAL,2015-01-16,-20.401086307766946
PREFADE-F,NAS100_VAL,2015-01-20,13.97271818448462
PREFADE-F,NAS100_VAL,2015-01-21,9.318293564687337
PREFADE-F,NAS100_VAL,2015-01-22,-12.56422939224376
PREFADE-F,NAS100_VAL,2015-01-23,6.511648432484435
PREFADE-F,NAS100_VAL,2015-02-04,4.8796923398922445
PREFADE-F,NAS100_VAL,2015-02-06,5.925165133780865
PREFADE-F,NAS100_VAL,2015-02-11,-1.0109990614009803
PREFADE-F,NAS100_VAL,2015-02-16,-1.8999999999996362
PREFADE-F,NAS100_VAL,2015-02-18,-4.527869962707882
PREFADE-F,NAS100_VAL,2015-02-20,3.1047715654922285
PREFADE-F,NAS100_VAL,2015-03-06,-4.2950369347117885
PREFADE-F,NAS100_VAL,2015-03-12,-10.159837869631701
PREFADE-F,NAS100_VAL,2015-03-13,1.0935081911393354
PREFADE-F,NAS100_VAL,2015-04-03,-17.599999999999454
PREFADE-F,NAS100_VAL,2015-04-06,6.587581496466555
PREFADE-F,NAS100_VAL,2015-04-24,7.85172527641771
PREFADE-F,NAS100_VAL,2015-04-29,15.565787893886409
PREFADE-F,NAS100_VAL,2015-05-01,-4.669176052883813
PREFADE-F,NAS100_VAL,2015-05-05,7.492940919659304
PREFADE-F,NAS100_VAL,2015-05-08,5.117444883847384
PREFADE-F,NAS100_VAL,2015-05-11,3.30334067597596
PREFADE-F,NAS100_VAL,2015-05-18,6.429141175935911
PREFADE-F,NAS100_VAL,2015-05-21,2.7698670425306773
PREFADE-F,NAS100_VAL,2015-05-22,5.310991884099167
PREFADE-F,NAS100_VAL,2015-06-05,13.748389035569744
PREFADE-F,NAS100_VAL,2015-06-08,5.004501115227868
PREFADE-F,NAS100_VAL,2015-06-11,-10.205766113946083
PREFADE-F,NAS100_VAL,2015-06-12,8.0
PREFADE-F,NAS100_VAL,2015-06-15,-8.502406939942375
PREFADE-F,NAS100_VAL,2015-06-23,8.133383989943468
PREFADE-F,NAS100_VAL,2015-07-02,6.887714465774479
PREFADE-F,NAS100_VAL,2015-07-10,9.908682748413412
PREFADE-F,NAS100_VAL,2015-07-14,3.8807013467976503
PREFADE-F,NAS100_VAL,2015-07-17,-5.320147869511857
PREFADE-F,NAS100_VAL,2015-07-23,-6.856805410927336
PREFADE-F,NAS100_VAL,2015-07-30,8.57453139981044
PREFADE-F,NAS100_VAL,2015-07-31,11.81711076632655
PREFADE-F,NAS100_VAL,2015-08-07,0.7926408160719802
PREFADE-F,NAS100_VAL,2015-08-17,3.865777712585441
PREFADE-F,NAS100_VAL,2015-09-17,4.0102106854674275
PREFADE-F,NAS100_VAL,2015-10-14,-10.153182128031403
PREFADE-F,NAS100_VAL,2015-10-19,6.580558561307953
PREFADE-F,NAS100_VAL,2015-10-22,-26.50502613358003
PREFADE-F,NAS100_VAL,2015-11-06,19.599271903471163
PREFADE-F,NAS100_VAL,2015-11-10,2.6805790166563384
PREFADE-F,NAS100_VAL,2015-11-11,12.033044771638743
PREFADE-F,NAS100_VAL,2015-12-03,20.06677328918431
PREFADE-F,NAS100_VAL,2015-12-04,9.27352418688315
PREFADE-F,NAS100_VAL,2015-12-10,8.027499447429363
PREFADE-F,NAS100_VAL,2015-12-18,8.61375217911882
PREFADE-F,NAS100_VAL,2016-01-21,47.42926076546064
PREFADE-F,NAS100_VAL,2016-01-27,12.863736407065517
PREFADE-F,NAS100_VAL,2016-02-03,26.432649148952805
PREFADE-F,NAS100_VAL,2016-03-16,-7.797127348484537
PREFADE-F,NAS100_VAL,2016-04-06,8.928429355790286
PREFADE-F,NAS100_VAL,2016-05-06,0.46960227999443305
PREFADE-F,NAS100_VAL,2016-05-13,-19.334060027506894
PREFADE-F,NAS100_VAL,2016-05-16,10.5956228872692
PREFADE-F,NAS100_VAL,2016-05-18,-8.489585423913923
PREFADE-F,NAS100_VAL,2016-06-02,-7.443320747398502
PREFADE-F,NAS100_VAL,2016-06-03,-10.38290643514938
PREFADE-F,NAS100_VAL,2016-07-01,-9.026432973505507
PREFADE-F,NAS100_VAL,2016-07-08,-17.897806550142377
PREFADE-F,NAS100_VAL,2016-07-15,5.294900843226969
PREFADE-F,NAS100_VAL,2016-07-28,8.530161423239406
PREFADE-F,NAS100_VAL,2016-08-04,7.150831771071353
PREFADE-F,NAS100_VAL,2016-08-05,-9.910271348508104
PREFADE-F,NAS100_VAL,2016-08-12,-4.198668271955285
PREFADE-F,NAS100_VAL,2016-08-16,-7.614249752620708
PREFADE-F,NAS100_VAL,2016-08-26,3.4876018812983602
PREFADE-F,NAS100_VAL,2016-08-29,-5.816041298084201
PREFADE-F,NAS100_VAL,2016-09-02,-16.62265459628543
PREFADE-F,NAS100_VAL,2016-09-08,-6.209679595023772
PREFADE-F,NAS100_VAL,2016-09-14,9.161562905640494
PREFADE-F,NAS100_VAL,2016-09-15,14.854136820119493
PREFADE-F,NAS100_VAL,2016-09-16,11.22815434496897
PREFADE-F,NAS100_VAL,2016-09-23,5.545508144755331
PREFADE-F,NAS100_VAL,2016-10-07,8.304840650402184
PREFADE-F,NAS100_VAL,2016-10-10,-9.360957111179232
PREFADE-F,NAS100_VAL,2016-10-17,5.529769200479677
PREFADE-F,NAS100_VAL,2016-11-02,5.780774891149122
PREFADE-F,NAS100_VAL,2016-11-04,3.329236314571972
PREFADE-F,NAS100_VAL,2016-11-17,6.582371391327797
PREFADE-F,NAS100_VAL,2016-11-18,7.964336513177841
PREFADE-F,NAS100_VAL,2016-12-08,13.12567661405592
PREFADE-F,NAS100_VAL,2016-12-14,3.061632354271751
PREFADE-F,NAS100_VAL,2016-12-15,6.596677693332822
PREFADE-F,NAS100_VAL,2016-12-16,4.34631283071667
PREFADE-F,NAS100_VAL,2016-12-20,-5.514853070391837
PREFADE-F,NAS100_VAL,2016-12-22,6.3650957098871
PREFADE-F,NAS100_VAL,2016-12-23,3.5473808742790425
PREFADE-F,NAS100_VAL,2017-01-05,5.992995499028439
PREFADE-F,NAS100_VAL,2017-01-06,4.923290173115674
PREFADE-F,NAS100_VAL,2017-01-13,5.481896786575817
PREFADE-F,NAS100_VAL,2017-01-16,5.011758455285417
PREFADE-F,NAS100_VAL,2017-01-20,-6.071598520471525
PREFADE-F,NAS100_VAL,2017-02-03,1.199999999999818
PREFADE-F,NAS100_VAL,2017-02-15,3.204419227584367
PREFADE-F,NAS100_VAL,2017-02-16,2.5602763677188705
PREFADE-F,NAS100_VAL,2017-02-23,-4.7821545211818375
PREFADE-F,NAS100_VAL,2017-02-27,-10.533995924075498
PREFADE-F,NAS100_VAL,2017-02-28,3.121461464242202
PREFADE-F,NAS100_VAL,2017-03-09,-1.2014796897638007
PREFADE-F,NAS100_VAL,2017-03-10,5.906414265833519
PREFADE-F,NAS100_VAL,2017-03-17,3.2798165259346206
PREFADE-F,NAS100_VAL,2017-04-21,-5.5358820308492795
PREFADE-F,NAS100_VAL,2017-04-27,-7.442761395432171
PREFADE-F,NAS100_VAL,2017-05-03,0.30522839335844765
PREFADE-F,NAS100_VAL,2017-05-05,3.92085963495083
PREFADE-F,NAS100_VAL,2017-05-10,3.699717508431604
PREFADE-F,NAS100_VAL,2017-05-11,9.908001626989062
PREFADE-F,NAS100_VAL,2017-05-16,-6.899999999999636
PREFADE-F,NAS100_VAL,2017-05-17,-20.39079691014649
PREFADE-F,NAS100_VAL,2017-05-30,5.2753496673894915
PREFADE-F,NAS100_VAL,2017-06-08,6.4120792365320085
PREFADE-F,NAS100_VAL,2017-06-16,-12.461853173074815
PREFADE-F,NAS100_VAL,2017-06-26,8.765568359272947
PREFADE-F,NAS100_VAL,2017-06-28,19.36292531500294
PREFADE-F,NAS100_VAL,2017-07-07,-24.712558220968276
PREFADE-F,NAS100_VAL,2017-07-13,9.772357764758453
PREFADE-F,NAS100_VAL,2017-07-18,-1.4239501613146786
PREFADE-F,NAS100_VAL,2017-07-21,-10.86711857452974
PREFADE-F,NAS100_VAL,2017-07-24,3.534657840883483
PREFADE-F,NAS100_VAL,2017-07-26,4.66177155585865
PREFADE-F,NAS100_VAL,2017-08-03,9.904271355287165
PREFADE-F,NAS100_VAL,2017-08-04,4.974903499039101
PREFADE-F,NAS100_VAL,2017-08-08,-6.299999999999272
PREFADE-F,NAS100_VAL,2017-08-09,8.216602026303917
PREFADE-F,NAS100_VAL,2017-08-11,-30.963615028214008
PREFADE-F,NAS100_VAL,2017-08-30,10.802058786135603
PREFADE-F,NAS100_VAL,2017-09-01,-9.616418864919979
PREFADE-F,NAS100_VAL,2017-09-04,-6.300000000000182
PREFADE-F,NAS100_VAL,2017-09-07,6.052033798357115
PREFADE-F,NAS100_VAL,2017-09-14,-4.2654141159555365
PREFADE-F,NAS100_VAL,2017-09-21,6.01753946887311
PREFADE-F,NAS100_VAL,2017-09-26,-13.436034143068355
PREFADE-F,NAS100_VAL,2017-10-09,4.962427289737207
PREFADE-F,NAS100_VAL,2017-10-10,-8.015241375325786
PREFADE-F,NAS100_VAL,2017-10-11,8.414715107840493
PREFADE-F,NAS100_VAL,2017-10-12,-5.051835320204191
PREFADE-F,NAS100_VAL,2017-10-16,2.046375217381865
PREFADE-F,NAS100_VAL,2017-10-17,-4.874989752001966
PREFADE-F,NAS100_VAL,2017-10-23,8.818867784596478
PREFADE-F,NAS100_VAL,2017-10-26,-3.5293695866648704
PREFADE-F,NAS100_VAL,2017-11-03,-7.167753728297612
PREFADE-F,NAS100_VAL,2017-11-14,6.006314773047961
PREFADE-F,NAS100_VAL,2017-11-22,5.657194632372921
PREFADE-F,NAS100_VAL,2017-12-07,-3.767157376560135
PREFADE-F,NAS100_VAL,2017-12-11,7.256965235754251
PREFADE-F,NAS100_VAL,2017-12-12,-7.413329581893777
PREFADE-F,NAS100_VAL,2017-12-14,4.70319649738849
PREFADE-F,NAS100_VAL,2017-12-19,-6.5
PREFADE-F,NAS100_VAL,2017-12-21,-10.360384735462503
PREFADE-F,NAS100_VAL,2017-12-22,-5.3680337425457765
PREFADE-F,NAS100_VAL,2018-01-04,5.961947424964819
PREFADE-F,NAS100_VAL,2018-01-09,7.331751644506767
PREFADE-F,NAS100_VAL,2018-01-11,10.289151043959464
PREFADE-F,NAS100_VAL,2018-01-12,10.535142326825735
PREFADE-F,NAS100_VAL,2018-01-24,8.513466395693285
PREFADE-F,NAS100_VAL,2018-01-31,8.778174661743833
PREFADE-F,NAS100_VAL,2018-02-01,-24.626983968202694
PREFADE-F,NAS100_VAL,2018-02-09,27.05178820571473
PREFADE-F,NAS100_VAL,2018-02-21,-24.136218367842957
PREFADE-F,NAS100_VAL,2018-02-23,18.84372239977074
PREFADE-F,NAS100_VAL,2018-03-09,8.988077330388478
PREFADE-F,NAS100_VAL,2018-04-02,17.18910704505288
PREFADE-F,NAS100_VAL,2018-04-03,23.878833601233055
PREFADE-F,NAS100_VAL,2018-04-12,-24.65660944217052
PREFADE-F,NAS100_VAL,2018-04-18,12.969317690161915
PREFADE-F,NAS100_VAL,2018-05-04,33.139192306587574
PREFADE-F,NAS100_VAL,2018-05-10,-15.799677122685353
PREFADE-F,NAS100_VAL,2018-05-11,12.061868624975432
PREFADE-F,NAS100_VAL,2018-05-14,8.890627477649105
PREFADE-F,NAS100_VAL,2018-05-15,-19.325701544958065
PREFADE-F,NAS100_VAL,2018-05-25,6.723090040016359
PREFADE-F,NAS100_VAL,2018-06-06,-11.721382731500853
PREFADE-F,NAS100_VAL,2018-06-07,-15.762752547212585
PREFADE-F,NAS100_VAL,2018-06-15,-22.76486668996131
PREFADE-F,NAS100_VAL,2018-06-28,-19.538163031003023
PREFADE-F,NAS100_VAL,2018-07-18,10.212711920815309
PREFADE-F,NAS100_VAL,2018-07-30,15.287843549605896
PREFADE-F,NAS100_VAL,2018-07-31,-23.89610653946056
PREFADE-F,NAS100_VAL,2018-08-06,5.741406196867501
PREFADE-F,NAS100_VAL,2018-08-17,12.222631713569172
PREFADE-F,NAS100_VAL,2018-08-28,9.414382509788084
PREFADE-F,NAS100_VAL,2018-09-12,-23.943310666767502
PREFADE-F,NAS100_VAL,2018-09-27,-17.251479540763285
PREFADE-F,NAS100_VAL,2018-10-16,-29.86725192308768
PREFADE-F,NAS100_VAL,2018-11-19,-51.34087649390494
PREFADE-F,NAS100_VAL,2018-11-21,30.032810719149893
PREFADE-F,NAS100_VAL,2018-12-21,30.18849567624875
PREFADE-F,NAS100_VAL,2018-12-24,33.333571835402836
PREFADE-F,NAS100_VAL,2018-12-26,-74.81531617816199
PREFADE-F,NAS100_vault_2019_20,2019-01-08,-34.68968444010625
PREFADE-F,NAS100_vault_2019_20,2019-01-16,-14.428768875922287
PREFADE-F,NAS100_vault_2019_20,2019-01-31,12.594924156554043
PREFADE-F,NAS100_vault_2019_20,2019-02-06,11.085045795408405
PREFADE-F,NAS100_vault_2019_20,2019-02-08,18.4484906907428
PREFADE-F,NAS100_vault_2019_20,2019-03-06,6.832835502420494
PREFADE-F,NAS100_vault_2019_20,2019-03-07,11.633490745890413
PREFADE-F,NAS100_vault_2019_20,2019-03-26,-30.456591371792456
PREFADE-F,NAS100_vault_2019_20,2019-03-29,-17.610063731529408
PREFADE-F,NAS100_vault_2019_20,2019-04-05,12.719840998580366
PREFADE-F,NAS100_vault_2019_20,2019-04-09,-15.584886583891603
PREFADE-F,NAS100_vault_2019_20,2019-04-17,-18.982370551866552
PREFADE-F,NAS100_vault_2019_20,2019-04-23,-13.489346399529495
PREFADE-F,NAS100_vault_2019_20,2019-04-25,10.077681099804977
PREFADE-F,NAS100_vault_2019_20,2019-04-30,12.203794202622703
PREFADE-F,NAS100_vault_2019_20,2019-05-08,36.985643692242775
PREFADE-F,NAS100_vault_2019_20,2019-05-17,17.99206145550943
PREFADE-F,NAS100_vault_2019_20,2019-06-18,-69.27674921338257
PREFADE-F,NAS100_vault_2019_20,2019-07-04,-8.932395355845983
PREFADE-F,NAS100_vault_2019_20,2019-07-16,4.8777742029287765
PREFADE-F,NAS100_vault_2019_20,2019-07-25,-22.69673748434252
PREFADE-F,NAS100_vault_2019_20,2019-08-07,28.184350687394726
PREFADE-F,NAS100_vault_2019_20,2019-08-14,-72.60000000000036
PREFADE-F,NAS100_vault_2019_20,2019-08-19,13.61655232470821
PREFADE-F,NAS100_vault_2019_20,2019-08-27,-37.65436759684144
PREFADE-F,NAS100_vault_2019_20,2019-08-28,16.019729247217583
PREFADE-F,NAS100_vault_2019_20,2019-09-13,-18.380398991192124
PREFADE-F,NAS100_vault_2019_20,2019-09-18,10.198016566539081
PREFADE-F,NAS100_vault_2019_20,2019-09-20,10.665387289735008
PREFADE-F,NAS100_vault_2019_20,2019-10-04,-40.156187273019896
PREFADE-F,NAS100_vault_2019_20,2019-10-18,14.56410510407295
PREFADE-F,NAS100_vault_2019_20,2019-10-21,-12.15257375492456
PREFADE-F,NAS100_vault_2019_20,2019-10-28,-10.683456008989197
PREFADE-F,NAS100_vault_2019_20,2019-10-30,5.49811627350482
PREFADE-F,NAS100_vault_2019_20,2019-11-15,14.662036769235783
PREFADE-F,NAS100_vault_2019_20,2019-11-25,-2.4140825716986
PREFADE-F,NAS100_vault_2019_20,2019-12-13,-22.63056926824538
PREFADE-F,NAS100_vault_2019_20,2019-12-18,-10.198593589107986
PREFADE-F,NAS100_vault_2019_20,2019-12-19,7.80391309195511
PREFADE-F,NAS100_vault_2019_20,2019-12-26,-8.406589300015185
PREFADE-F,NAS100_vault_2019_20,2019-12-31,-17.899999999999636
PREFADE-F,NAS100_vault_2019_20,2020-01-07,13.020219149912009
PREFADE-F,NAS100_vault_2019_20,2020-01-10,14.17939092277993
PREFADE-F,NAS100_vault_2019_20,2020-02-07,20.915141667115677
PREFADE-F,NAS100_vault_2019_20,2020-02-19,-22.85359174326004
PREFADE-F,NAS100_vault_2019_20,2020-02-27,-89.84488993885498
PREFADE-F,NAS100_vault_2019_20,2020-03-11,75.24772702911923
PREFADE-F,NAS100_vault_2019_20,2020-03-23,254.11250221268347
PREFADE-F,NAS100_vault_2019_20,2020-03-27,1.5
PREFADE-F,NAS100_vault_2019_20,2020-03-31,50.95238868760953
PREFADE-F,NAS100_vault_2019_20,2020-04-09,69.01068234703689
PREFADE-F,NAS100_vault_2019_20,2020-04-13,34.040193920661295
PREFADE-F,NAS100_vault_2019_20,2020-04-17,-45.45406700011699
PREFADE-F,NAS100_vault_2019_20,2020-04-29,43.965806203124885
PREFADE-F,NAS100_vault_2019_20,2020-04-30,-55.87625283738453
PREFADE-F,SPX500_2026,2026-03-16,-34.41788966515924
PREFADE-F,SPX500_2026,2026-03-18,-35.17825097988225
PREFADE-F,SPX500_2026,2026-03-19,-23.645046654578437
PREFADE-F,SPX500_2026,2026-03-25,19.83011457957673
PREFADE-F,SPX500_2026,2026-04-01,24.529594285046187
PREFADE-F,SPX500_2026,2026-04-10,-3.1024396295779297
PREFADE-F,SPX500_2026,2026-04-14,-14.452029573322761
PREFADE-F,SPX500_2026,2026-04-15,0.0
PREFADE-F,SPX500_2026,2026-04-29,-11.465092074273343
PREFADE-F,SPX500_2026,2026-05-14,9.848365626284249
PREFADE-F,SPX500_2026,2026-05-22,-16.4295730398635
PREFADE-F,SPX500_2026,2026-05-27,15.733527049739678
PREFADE-F,SPX500_2026,2026-06-04,7.957695988481646
PREFADE-F,SPX500_2026,2026-06-05,-9.599659914480071
PREFADE-F,SPX500_2026,2026-06-16,8.691074291820769
PREFADE-F,SPX500_2026,2026-06-24,13.801282363680002
PREFADE-F,SPX500_2026,2026-06-25,15.07755460172666
PREFADE-F,SPX500_2026,2026-07-10,-12.93576849172041
PREFADE-F,SPX500_2026,2026-07-15,-11.837981632967058
PREFADE-F,SPX500_2026,2026-07-24,14.675627459097996
PREFADE-F,SPX500_2026,2026-07-30,-28.260752718087133
PREFADE-F,SPX500_2026,2026-08-03,9.195547539121435
PREFADE-F,SPX500_2026,2026-08-05,3.940093754218651
PREFADE-F,SPX500_2026,2026-08-11,11.380591232042207
PREFADE-F,SPX500_2026,2026-08-12,-6.55377758078248
PREFADE-F,SPX500_2026,2026-08-14,7.794017636610988
PREFADE-F,SPX500_2026,2026-08-17,-9.566817964227994
PREFADE-F,SPX500_2026,2026-08-20,-20.603085669344182
PREFADE-F,SPX500_2026,2026-08-21,15.488410581984681
PREFADE-F,SPX500_2026,2026-08-28,-10.85919006322274
PREFADE-F,SPX500_2026,2026-09-03,-16.819499219560385
PREFADE-F,SPX500_2026,2026-09-04,21.061655083811274
PREFADE-F,SPX500_2026,2026-09-11,-1.8099999999994907
PREFADE-F,SPX500_TRAIN,2005-01-05,-0.9588638792201891
PREFADE-F,SPX500_TRAIN,2005-01-10,0.8742561447609205
PREFADE-F,SPX500_TRAIN,2005-01-12,0.30971463181776926
PREFADE-F,SPX500_TRAIN,2005-01-27,1.7999999999999545
PREFADE-F,SPX500_TRAIN,2005-01-28,1.194981712191975
PREFADE-F,SPX500_TRAIN,2005-02-01,0.05254114560898415
PREFADE-F,SPX500_TRAIN,2005-02-03,-1.3252909039874794
PREFADE-F,SPX500_TRAIN,2005-02-04,1.4443973145139353
PREFADE-F,SPX500_TRAIN,2005-02-09,1.0
PREFADE-F,SPX500_TRAIN,2005-02-10,0.7929581788632731
PREFADE-F,SPX500_TRAIN,2005-02-14,0.20218578850631275
PREFADE-F,SPX500_TRAIN,2005-02-15,0.972686436137792
PREFADE-F,SPX500_TRAIN,2005-02-17,0.6871155416874899
PREFADE-F,SPX500_TRAIN,2005-02-28,-2.5
PREFADE-F,SPX500_TRAIN,2005-03-02,0.6059082913020575
PREFADE-F,SPX500_TRAIN,2005-03-04,-1.5793295614339513
PREFADE-F,SPX500_TRAIN,2005-03-08,0.7000000000000455
PREFADE-F,SPX500_TRAIN,2005-03-11,1.5
PREFADE-F,SPX500_TRAIN,2005-03-14,1.0720685013197908
PREFADE-F,SPX500_TRAIN,2005-03-15,2.163197024471174
PREFADE-F,SPX500_TRAIN,2005-03-16,-3.5
PREFADE-F,SPX500_TRAIN,2005-03-28,1.0
PREFADE-F,SPX500_TRAIN,2005-03-31,-1.1663735929384984
PREFADE-F,SPX500_TRAIN,2005-04-04,1.7119918704395332
PREFADE-F,SPX500_TRAIN,2005-04-05,1.0377283077534685
PREFADE-F,SPX500_TRAIN,2005-04-12,-1.6735716921218682
PREFADE-F,SPX500_TRAIN,2005-04-13,0.47945471898719916
PREFADE-F,SPX500_TRAIN,2005-04-19,1.7999999999999545
PREFADE-F,SPX500_TRAIN,2005-04-25,1.1844955820251926
PREFADE-F,SPX500_TRAIN,2005-04-28,1.7746446576372819
PREFADE-F,SPX500_TRAIN,2005-05-06,-2.0428258562437804
PREFADE-F,SPX500_TRAIN,2005-05-12,1.4439675808960146
PREFADE-F,SPX500_TRAIN,2005-05-19,-1.5
PREFADE-F,SPX500_TRAIN,2005-05-27,0.5881495516562154
PREFADE-F,SPX500_TRAIN,2005-06-01,0.9941147420809102
PREFADE-F,SPX500_TRAIN,2005-06-03,0.6611832519629388
PREFADE-F,SPX500_TRAIN,2005-06-06,0.5846422521647128
PREFADE-F,SPX500_TRAIN,2005-06-13,-1.8949348241685584
PREFADE-F,SPX500_TRAIN,2005-06-14,0.6319444199402824
PREFADE-F,SPX500_TRAIN,2005-06-15,2.0
PREFADE-F,SPX500_TRAIN,2005-06-16,0.42804872175543096
PREFADE-F,SPX500_TRAIN,2005-06-23,-1.2967351660238364
PREFADE-F,SPX500_TRAIN,2005-06-24,1.2000000000000455
PREFADE-F,SPX500_TRAIN,2005-06-29,0.6212239722410686
PREFADE-F,SPX500_TRAIN,2005-06-30,-1.8275693047171444
PREFADE-F,SPX500_TRAIN,2005-07-15,1.3498540424841394
PREFADE-F,SPX500_TRAIN,2005-07-18,1.261036349768574
PREFADE-F,SPX500_TRAIN,2005-07-27,0.15307897707543816
PREFADE-F,SPX500_TRAIN,2005-07-28,-1.5705200604588754
PREFADE-F,SPX500_TRAIN,2005-07-29,-1.1833774969122715
PREFADE-F,SPX500_TRAIN,2005-08-05,-3.2090175767195888
PREFADE-F,SPX500_TRAIN,2005-08-11,0.6303525642706518
PREFADE-F,SPX500_TRAIN,2005-08-12,0.9901678804585572
PREFADE-F,SPX500_TRAIN,2005-08-16,-0.7799523541093549
PREFADE-F,SPX500_TRAIN,2005-08-25,1.3777777842071828
PREFADE-F,SPX500_TRAIN,2005-08-26,-1.5378085100978751
PREFADE-F,SPX500_TRAIN,2005-08-29,-5.269607143784697
PREFADE-F,SPX500_TRAIN,2005-09-02,2.2055555566728344
PREFADE-F,SPX500_TRAIN,2005-09-07,0.8074573016874638
PREFADE-F,SPX500_TRAIN,2005-09-08,0.9041152257243539
PREFADE-F,SPX500_TRAIN,2005-09-15,1.2999999999999545
PREFADE-F,SPX500_TRAIN,2005-09-19,0.6703204447583175
PREFADE-F,SPX500_TRAIN,2005-10-05,1.0505824741139804
PREFADE-F,SPX500_TRAIN,2005-10-06,1.8167006609635337
PREFADE-F,SPX500_TRAIN,2005-10-07,0.0
PREFADE-F,SPX500_TRAIN,2005-10-12,-0.6183028349612414
PREFADE-F,SPX500_TRAIN,2005-10-18,0.8935871779799527
PREFADE-F,SPX500_TRAIN,2005-10-24,-2.892806890825341
PREFADE-F,SPX500_TRAIN,2005-10-26,-2.660674454866694
PREFADE-F,SPX500_TRAIN,2005-10-28,-3.309113644700801
PREFADE-F,SPX500_TRAIN,2005-11-02,1.5767384282730745
PREFADE-F,SPX500_TRAIN,2005-11-03,-4.392677402708841
PREFADE-F,SPX500_TRAIN,2005-11-04,0.04081346067073355
PREFADE-F,SPX500_TRAIN,2005-11-07,0.41424164735940394
PREFADE-F,SPX500_TRAIN,2005-11-09,0.3142857142856883
PREFADE-F,SPX500_TRAIN,2005-11-10,1.5378526520853484
PREFADE-F,SPX500_TRAIN,2005-11-16,1.0125062946110575
PREFADE-F,SPX500_TRAIN,2005-11-21,1.0
PREFADE-F,SPX500_TRAIN,2005-11-23,1.060980699655829
PREFADE-F,SPX500_TRAIN,2005-11-25,-1.2999999999999545
PREFADE-F,SPX500_TRAIN,2005-12-02,1.4712776372343797
PREFADE-F,SPX500_TRAIN,2005-12-05,-1.8565777715880358
PREFADE-F,SPX500_TRAIN,2005-12-06,-2.1951760906649724
PREFADE-F,SPX500_TRAIN,2005-12-07,1.0284196388831788
PREFADE-F,SPX500_TRAIN,2005-12-09,1.231791886199062
PREFADE-F,SPX500_TRAIN,2005-12-13,0.15725728685083595
PREFADE-F,SPX500_TRAIN,2005-12-22,-1.464914927640848
PREFADE-F,SPX500_TRAIN,2005-12-23,-0.3058782739499293
PREFADE-F,SPX500_TRAIN,2005-12-29,0.580109026906257
PREFADE-F,SPX500_TRAIN,2006-01-12,1.2804401464657076
PREFADE-F,SPX500_TRAIN,2006-01-13,1.0019769425055074
PREFADE-F,SPX500_TRAIN,2006-01-19,0.9911321483575648
PREFADE-F,SPX500_TRAIN,2006-01-27,2.49462784054208
PREFADE-F,SPX500_TRAIN,2006-01-31,-1.9712305091520648
PREFADE-F,SPX500_TRAIN,2006-02-03,0.6942081518020586
PREFADE-F,SPX500_TRAIN,2006-02-15,1.3058434812035102
PREFADE-F,SPX500_TRAIN,2006-02-16,0.2328469088147358
PREFADE-F,SPX500_TRAIN,2006-02-22,2.792673504321783
PREFADE-F,SPX500_TRAIN,2006-02-24,1.3144635870537513
PREFADE-F,SPX500_TRAIN,2006-02-27,1.4478571426300277
PREFADE-F,SPX500_TRAIN,2006-02-28,-1.2859949025869355
PREFADE-F,SPX500_TRAIN,2006-03-03,-1.8203113849867805
PREFADE-F,SPX500_TRAIN,2006-03-10,2.4467524812503143
PREFADE-F,SPX500_TRAIN,2006-03-15,1.8370369990666404
PREFADE-F,SPX500_TRAIN,2006-03-24,0.7999999999999545
PREFADE-F,SPX500_TRAIN,2006-03-27,2.139318996347356
PREFADE-F,SPX500_TRAIN,2006-03-30,2.54332220806009
PREFADE-F,SPX500_TRAIN,2006-04-04,1.0369901202398069
PREFADE-F,SPX500_TRAIN,2006-04-05,-1.4857136431546678
PREFADE-F,SPX500_TRAIN,2006-04-07,-0.14111960936315882
PREFADE-F,SPX500_TRAIN,2006-04-10,0.7289943197347384
PREFADE-F,SPX500_TRAIN,2006-04-13,1.185870408899973
PREFADE-F,SPX500_TRAIN,2006-04-18,-3.5991630206226546
PREFADE-F,SPX500_TRAIN,2006-04-19,3.207638167499681
PREFADE-F,SPX500_TRAIN,2006-04-20,0.9251141228087363
PREFADE-F,SPX500_TRAIN,2006-04-21,-2.029637567676218
PREFADE-F,SPX500_TRAIN,2006-05-01,0.7000000000000455
PREFADE-F,SPX500_TRAIN,2006-05-10,-0.061735369607504254
PREFADE-F,SPX500_TRAIN,2006-05-16,-2.6774703758403575
PREFADE-F,SPX500_TRAIN,2006-05-17,2.7999999999999545
PREFADE-F,SPX500_TRAIN,2006-06-20,1.8632364101324583
PREFADE-F,SPX500_TRAIN,2006-06-23,-2.889458991865922
PREFADE-F,SPX500_TRAIN,2006-06-27,2.337715191758889
PREFADE-F,SPX500_TRAIN,2006-06-30,1.406395036304957
PREFADE-F,SPX500_TRAIN,2006-07-03,0.945788061748317
PREFADE-F,SPX500_TRAIN,2006-07-05,-2.0867420492083966
PREFADE-F,SPX500_TRAIN,2006-07-07,-2.4132845604897284
PREFADE-F,SPX500_TRAIN,2006-07-10,1.5671204432401282
PREFADE-F,SPX500_TRAIN,2006-07-11,1.6221569952683694
PREFADE-F,SPX500_TRAIN,2006-07-12,0.6106459092954992
PREFADE-F,SPX500_TRAIN,2006-07-18,-0.594445866442129
PREFADE-F,SPX500_TRAIN,2006-07-20,0.7989265595451798
PREFADE-F,SPX500_TRAIN,2006-07-21,1.0393861340573949
PREFADE-F,SPX500_TRAIN,2006-07-25,-1.7579994164370873
PREFADE-F,SPX500_TRAIN,2006-07-26,0.723094159498487
PREFADE-F,SPX500_TRAIN,2006-07-31,0.24646811168486238
PREFADE-F,SPX500_TRAIN,2006-08-01,-1.8742301969984965
PREFADE-F,SPX500_TRAIN,2006-08-03,0.3208171648775533
PREFADE-F,SPX500_TRAIN,2006-08-04,-2.492780973347408
PREFADE-F,SPX500_TRAIN,2006-08-08,1.9389056615839309
PREFADE-F,SPX500_TRAIN,2006-08-09,-3.199426950482348
PREFADE-F,SPX500_TRAIN,2006-08-15,-1.1302270125456744
PREFADE-F,SPX500_TRAIN,2006-08-16,1.0
PREFADE-F,SPX500_TRAIN,2006-08-17,1.0358318217276974
PREFADE-F,SPX500_TRAIN,2006-08-18,-1.6714079209436932
PREFADE-F,SPX500_TRAIN,2006-08-25,0.9166806982184426
PREFADE-F,SPX500_TRAIN,2006-08-31,1.6152698153541678
PREFADE-F,SPX500_TRAIN,2006-09-01,-1.7609662537975055
PREFADE-F,SPX500_TRAIN,2006-09-06,-2.3344124778968762
PREFADE-F,SPX500_TRAIN,2006-09-13,0.699654646364479
PREFADE-F,SPX500_TRAIN,2006-09-15,-1.6161583166642686
PREFADE-F,SPX500_TRAIN,2006-09-18,0.21047739335199367
PREFADE-F,SPX500_TRAIN,2006-09-26,1.3906775624168404
PREFADE-F,SPX500_TRAIN,2006-09-27,2.0446472809028364
PREFADE-F,SPX500_TRAIN,2006-10-04,0.6722518188755657
PREFADE-F,SPX500_TRAIN,2006-10-05,0.5
PREFADE-F,SPX500_TRAIN,2006-10-06,0.7000000000000455
PREFADE-F,SPX500_TRAIN,2006-10-10,1.1165588397425381
PREFADE-F,SPX500_TRAIN,2006-10-11,0.7999999999999545
PREFADE-F,SPX500_TRAIN,2006-10-12,-2.7590525435909967
PREFADE-F,SPX500_TRAIN,2006-10-13,0.6814361103015472
PREFADE-F,SPX500_TRAIN,2006-10-16,1.5
PREFADE-F,SPX500_TRAIN,2006-10-18,0.5340242523025154
PREFADE-F,SPX500_TRAIN,2006-10-19,1.6564102260410891
PREFADE-F,SPX500_TRAIN,2006-10-24,1.0
PREFADE-F,SPX500_TRAIN,2006-10-27,0.0
PREFADE-F,SPX500_TRAIN,2006-10-31,1.0074823703564562
PREFADE-F,SPX500_TRAIN,2006-11-02,-0.032561312088773775
PREFADE-F,SPX500_TRAIN,2006-11-03,1.9859001182492193
PREFADE-F,SPX500_TRAIN,2006-11-07,0.757597418901014
PREFADE-F,SPX500_TRAIN,2006-11-09,0.4753592415938783
PREFADE-F,SPX500_TRAIN,2006-11-15,0.2999999999999545
PREFADE-F,SPX500_TRAIN,2006-11-17,1.099999999999909
PREFADE-F,SPX500_TRAIN,2006-12-05,1.699999999999818
PREFADE-F,SPX500_TRAIN,2006-12-06,3.0240908666091855
PREFADE-F,SPX500_TRAIN,2006-12-07,-2.5961280653802987
PREFADE-F,SPX500_TRAIN,2006-12-08,-2.368597810941992
PREFADE-F,SPX500_TRAIN,2006-12-14,1.699999999999818
PREFADE-F,SPX500_TRAIN,2006-12-15,0.8437366461298552
PREFADE-F,SPX500_TRAIN,2006-12-22,0.2990320638389221
PREFADE-F,SPX500_TRAIN,2006-12-26,0.06842067140178187
PREFADE-F,SPX500_TRAIN,2006-12-28,1.0466666703814553
PREFADE-F,SPX500_TRAIN,2006-12-29,1.2999999999999545
PREFADE-F,SPX500_TRAIN,2007-01-08,0.5582682638264487
PREFADE-F,SPX500_TRAIN,2007-01-11,1.7939971987141234
PREFADE-F,SPX500_TRAIN,2007-01-12,2.801749631033317
PREFADE-F,SPX500_TRAIN,2007-01-16,-1.3842110038726787
PREFADE-F,SPX500_TRAIN,2007-01-17,1.7969856640227135
PREFADE-F,SPX500_TRAIN,2007-01-19,3.265657764681009
PREFADE-F,SPX500_TRAIN,2007-01-24,1.1998178122473746
PREFADE-F,SPX500_TRAIN,2007-01-25,0.7273172534085006
PREFADE-F,SPX500_TRAIN,2007-01-26,0.9819224160814883
PREFADE-F,SPX500_TRAIN,2007-02-01,1.3622222356530074
PREFADE-F,SPX500_TRAIN,2007-02-06,0.7590681825024603
PREFADE-F,SPX500_TRAIN,2007-02-07,-0.9641883379333649
PREFADE-F,SPX500_TRAIN,2007-02-09,0.7999999999999545
PREFADE-F,SPX500_TRAIN,2007-02-14,0.6998968260206766
PREFADE-F,SPX500_TRAIN,2007-02-15,0.16040000343605243
PREFADE-F,SPX500_TRAIN,2007-02-16,0.4509975990240491
PREFADE-F,SPX500_TRAIN,2007-02-20,-2.1708587873667966
PREFADE-F,SPX500_TRAIN,2007-02-22,0.7237817106190505
PREFADE-F,SPX500_TRAIN,2007-03-09,0.805144522104456
PREFADE-F,SPX500_TRAIN,2007-03-12,-3.214736123511557
PREFADE-F,SPX500_TRAIN,2007-03-13,2.872164993679462
PREFADE-F,SPX500_TRAIN,2007-03-14,-0.4995044620736735
PREFADE-F,SPX500_TRAIN,2007-03-15,4.8169891511242895
PREFADE-F,SPX500_TRAIN,2007-03-16,-3.2360663477825256
PREFADE-F,SPX500_TRAIN,2007-03-21,-1.4469663473487344
PREFADE-F,SPX500_TRAIN,2007-03-22,-1.0531252573148322
PREFADE-F,SPX500_TRAIN,2007-03-26,1.5009656734637247
PREFADE-F,SPX500_TRAIN,2007-03-28,3.490016594498911
PREFADE-F,SPX500_TRAIN,2007-03-29,3.3379932239085974
PREFADE-F,SPX500_TRAIN,2007-03-30,3.8216926509849145
PREFADE-F,SPX500_TRAIN,2007-04-04,1.3355315979151783
PREFADE-F,SPX500_TRAIN,2007-04-05,-0.8798924482889561
PREFADE-F,SPX500_TRAIN,2007-04-09,-1.3619385568260896
PREFADE-F,SPX500_TRAIN,2007-04-11,0.9823965291507193
PREFADE-F,SPX500_TRAIN,2007-04-16,-3.699999999999818
PREFADE-F,SPX500_TRAIN,2007-04-18,-1.6823395120040914
PREFADE-F,SPX500_TRAIN,2007-04-26,0.5392571844447502
PREFADE-F,SPX500_TRAIN,2007-04-30,1.705021754564541
PREFADE-F,SPX500_TRAIN,2007-05-04,0.9310082948079526
PREFADE-F,SPX500_TRAIN,2007-05-07,0.8000000000001819
PREFADE-F,SPX500_TRAIN,2007-05-09,1.2084201638897412
PREFADE-F,SPX500_TRAIN,2007-05-10,1.3693956797117153
PREFADE-F,SPX500_TRAIN,2007-05-11,1.613189430145212
PREFADE-F,SPX500_TRAIN,2007-05-14,1.8016327706432094
PREFADE-F,SPX500_TRAIN,2007-05-15,2.3921731400191675
PREFADE-F,SPX500_TRAIN,2007-05-16,-1.450209384747268
PREFADE-F,SPX500_TRAIN,2007-05-17,0.753066675186119
PREFADE-F,SPX500_TRAIN,2007-05-21,0.9171627254713712
PREFADE-F,SPX500_TRAIN,2007-05-22,1.6423572392754977
PREFADE-F,SPX500_TRAIN,2007-06-05,-3.3135465891718923
PREFADE-F,SPX500_TRAIN,2007-06-07,1.2506523060412746
PREFADE-F,SPX500_TRAIN,2007-06-11,3.11654097469318
PREFADE-F,SPX500_TRAIN,2007-06-13,3.5869369500392168
PREFADE-F,SPX500_TRAIN,2007-06-14,2.264396188576484
PREFADE-F,SPX500_TRAIN,2007-06-27,2.453728655599207
PREFADE-F,SPX500_TRAIN,2007-06-28,2.376962689306538
PREFADE-F,SPX500_TRAIN,2007-07-05,1.213488663869839
PREFADE-F,SPX500_TRAIN,2007-07-06,1.2000000000000455
PREFADE-F,SPX500_TRAIN,2007-07-10,-4.633193859962148
PREFADE-F,SPX500_TRAIN,2007-07-12,-2.9862496085313524
PREFADE-F,SPX500_TRAIN,2007-07-13,2.4039365831326904
PREFADE-F,SPX500_TRAIN,2007-07-18,2.540806833681472
PREFADE-F,SPX500_TRAIN,2007-07-20,2.127797418376531
PREFADE-F,SPX500_TRAIN,2007-07-23,2.116124162277174
PREFADE-F,SPX500_TRAIN,2007-07-24,-4.601130842599105
PREFADE-F,SPX500_TRAIN,2007-07-27,6.573139783951547
PREFADE-F,SPX500_TRAIN,2007-08-02,2.401859592548135
PREFADE-F,SPX500_TRAIN,2007-08-03,2.5033434299698456
PREFADE-F,SPX500_TRAIN,2007-08-07,-1.1709174855479887
PREFADE-F,SPX500_TRAIN,2007-08-13,5.336390212198012
PREFADE-F,SPX500_TRAIN,2007-08-14,1.5145397963171945
PREFADE-F,SPX500_TRAIN,2007-08-23,-4.050968414132512
PREFADE-F,SPX500_TRAIN,2007-08-24,3.3451947770072366
PREFADE-F,SPX500_TRAIN,2007-08-28,-5.252028803645317
PREFADE-F,SPX500_TRAIN,2007-09-03,0.20000000000004547
PREFADE-F,SPX500_TRAIN,2007-09-05,3.6768470882348083
PREFADE-F,SPX500_TRAIN,2007-09-12,2.058075412790913
PREFADE-F,SPX500_TRAIN,2007-09-18,0.9737058203829747
PREFADE-F,SPX500_TRAIN,2007-09-20,2.7667793669586445
PREFADE-F,SPX500_TRAIN,2007-09-25,-3.693154546390133
PREFADE-F,SPX500_TRAIN,2007-10-10,-2.0786093159481425
PREFADE-F,SPX500_TRAIN,2007-10-23,1.7812398346459304
PREFADE-F,SPX500_TRAIN,2007-10-26,2.6469062045662213
PREFADE-F,SPX500_TRAIN,2007-10-30,2.336870296339839
PREFADE-F,SPX500_TRAIN,2007-10-31,3.9802452270218964
PREFADE-F,SPX500_TRAIN,2007-11-02,6.568411513349247
PREFADE-F,SPX500_TRAIN,2007-11-16,3.564142196402372
PREFADE-F,SPX500_TRAIN,2007-12-03,2.5
PREFADE-F,SPX500_TRAIN,2007-12-04,3.0529845149883386
PREFADE-F,SPX500_TRAIN,2007-12-10,4.5
PREFADE-F,SPX500_TRAIN,2007-12-13,4.054674847374827
PREFADE-F,SPX500_TRAIN,2007-12-14,4.678059712310414
PREFADE-F,SPX500_TRAIN,2007-12-24,-2.733936746741392
PREFADE-F,SPX500_TRAIN,2008-01-02,-2.082886156286577
PREFADE-F,SPX500_TRAIN,2008-01-08,5.381083605159802
PREFADE-F,SPX500_TRAIN,2008-01-10,1.977903184108527
PREFADE-F,SPX500_TRAIN,2008-01-15,-8.569290529848104
PREFADE-F,SPX500_TRAIN,2008-01-16,3.0931863709299705
PREFADE-F,SPX500_TRAIN,2008-01-18,7.769852538722489
PREFADE-F,SPX500_TRAIN,2008-01-22,11.771005125737247
PREFADE-F,SPX500_TRAIN,2008-01-29,2.615839242597076
PREFADE-F,SPX500_TRAIN,2008-01-30,3.852362504462235
PREFADE-F,SPX500_TRAIN,2008-01-31,8.258843033163203
PREFADE-F,SPX500_TRAIN,2008-02-04,-4.283617324033912
PREFADE-F,SPX500_TRAIN,2008-02-05,-9.700000000000045
PREFADE-F,SPX500_TRAIN,2008-02-07,4.8049500577458275
PREFADE-F,SPX500_TRAIN,2008-02-11,4.014080336190773
PREFADE-F,SPX500_TRAIN,2008-02-15,2.809851549456198
PREFADE-F,SPX500_TRAIN,2008-02-20,5.992245115228798
PREFADE-F,SPX500_TRAIN,2008-02-22,-3.492466694272025
PREFADE-F,SPX500_TRAIN,2008-02-26,4.5101640313287135
PREFADE-F,SPX500_TRAIN,2008-02-27,0.6293718339359202
PREFADE-F,SPX500_TRAIN,2008-02-28,1.7108124418268744
PREFADE-F,SPX500_TRAIN,2008-03-03,3.235106440915388
PREFADE-F,SPX500_TRAIN,2008-03-06,-4.0
PREFADE-F,SPX500_TRAIN,2008-03-07,0.8522100434934146
PREFADE-F,SPX500_TRAIN,2008-03-19,4.529064468009437
PREFADE-F,SPX500_TRAIN,2008-04-02,2.639726772353015
PREFADE-F,SPX500_TRAIN,2008-04-03,2.9923495120440293
PREFADE-F,SPX500_TRAIN,2008-04-14,2.8847468584363014
PREFADE-F,SPX500_TRAIN,2008-04-16,-1.0949707975303227
PREFADE-F,SPX500_TRAIN,2008-04-17,0.9629162459730196
PREFADE-F,SPX500_TRAIN,2008-04-24,-5.891032399069218
PREFADE-F,SPX500_TRAIN,2008-04-30,3.431482992278461
PREFADE-F,SPX500_TRAIN,2008-05-15,1.4904113618226802
PREFADE-F,SPX500_TRAIN,2008-05-19,0.3101664857263131
PREFADE-F,SPX500_TRAIN,2008-06-06,-8.998040358484104
PREFADE-F,SPX500_TRAIN,2008-06-13,8.334421863852867
PREFADE-F,SPX500_TRAIN,2008-06-16,1.719251931607232
PREFADE-F,SPX500_TRAIN,2008-06-17,1.6004252222226114
PREFADE-F,SPX500_TRAIN,2008-06-19,2.2999999999999545
PREFADE-F,SPX500_TRAIN,2008-06-20,-1.039407574274037
PREFADE-F,SPX500_TRAIN,2008-06-23,2.623100657906889
PREFADE-F,SPX500_TRAIN,2008-07-03,0.39177711771617396
PREFADE-F,SPX500_TRAIN,2008-07-07,1.074278831356878
PREFADE-F,SPX500_TRAIN,2008-07-09,2.894638633771592
PREFADE-F,SPX500_TRAIN,2008-07-25,4.162632218340832
PREFADE-F,SPX500_TRAIN,2008-07-29,2.169730156489777
PREFADE-F,SPX500_TRAIN,2008-07-31,7.358884711298742
PREFADE-F,SPX500_TRAIN,2008-08-08,-3.8019263525256974
PREFADE-F,SPX500_TRAIN,2008-08-14,4.834560159292778
PREFADE-F,SPX500_TRAIN,2008-08-15,2.0239543503664663
PREFADE-F,SPX500_TRAIN,2008-08-19,-6.990385532479422
PREFADE-F,SPX500_TRAIN,2008-08-20,2.6188686210093692
PREFADE-F,SPX500_TRAIN,2008-08-26,2.868329669199511
PREFADE-F,SPX500_TRAIN,2008-08-27,4.696888744107582
PREFADE-F,SPX500_TRAIN,2008-08-29,2.118006850241045
PREFADE-F,SPX500_TRAIN,2008-09-10,4.389632939157082
PREFADE-F,SPX500_TRAIN,2008-09-12,-7.404987467234605
PREFADE-F,SPX500_TRAIN,2008-09-16,9.167339904083292
PREFADE-F,SPX500_TRAIN,2008-09-22,7.236490501443313
PREFADE-F,SPX500_TRAIN,2008-09-23,5.759249539401253
PREFADE-F,SPX500_TRAIN,2008-09-25,7.149510569185622
PREFADE-F,SPX500_TRAIN,2008-10-03,-7.762230222026574
PREFADE-F,SPX500_TRAIN,2008-10-07,14.776806848651404
PREFADE-F,SPX500_TRAIN,2008-10-08,31.346599182958016
PREFADE-F,SPX500_TRAIN,2008-10-10,-23.199758599614484
PREFADE-F,SPX500_TRAIN,2008-10-14,10.167771861950769
PREFADE-F,SPX500_TRAIN,2008-10-21,7.495540737684905
PREFADE-F,SPX500_TRAIN,2008-10-23,14.02430711078216
PREFADE-F,SPX500_TRAIN,2008-11-06,7.9662224611245165
PREFADE-F,SPX500_TRAIN,2008-11-07,8.7808751300945
PREFADE-F,SPX500_TRAIN,2008-11-14,5.494105541170711
PREFADE-F,SPX500_TRAIN,2008-11-20,9.368000767216927
PREFADE-F,SPX500_TRAIN,2008-11-25,5.883675169767685
PREFADE-F,SPX500_TRAIN,2008-11-28,6.462493843298603
PREFADE-F,SPX500_TRAIN,2008-12-04,7.619401674525648
PREFADE-F,SPX500_TRAIN,2008-12-16,4.4336325302652995
PREFADE-F,SPX500_TRAIN,2008-12-18,4.680725267255298
PREFADE-F,SPX500_TRAIN,2008-12-19,1.2904696721645905
PREFADE-F,SPX500_TRAIN,2008-12-24,3.3168936186915516
PREFADE-F,SPX500_TRAIN,2009-01-02,3.548790799222729
PREFADE-F,SPX500_TRAIN,2009-01-05,4.1811990165819
PREFADE-F,SPX500_TRAIN,2009-01-06,3.094877776909584
PREFADE-F,SPX500_TRAIN,2009-01-08,4.688905379767789
PREFADE-F,SPX500_TRAIN,2009-01-09,4.105222722087319
PREFADE-F,SPX500_TRAIN,2009-02-04,-5.102503602390016
PREFADE-F,SPX500_TRAIN,2009-02-11,2.5677785645356153
PREFADE-F,SPX500_TRAIN,2009-02-13,-1.6851195760251585
PREFADE-F,SPX500_TRAIN,2009-02-17,-6.8009647190289115
PREFADE-F,SPX500_TRAIN,2009-02-27,-10.521434525535255
PREFADE-F,SPX500_TRAIN,2009-03-06,7.4815361394004185
PREFADE-F,SPX500_TRAIN,2009-03-18,-3.6019707340657305
PREFADE-F,SPX500_TRAIN,2009-03-19,2.6299104075277455
PREFADE-F,SPX500_TRAIN,2009-03-27,1.795192425571372
PREFADE-F,SPX500_TRAIN,2009-04-01,4.629207407136164
PREFADE-F,SPX500_TRAIN,2009-04-17,4.085798680384187
PREFADE-F,SPX500_TRAIN,2009-04-21,3.4958028223724114
PREFADE-F,SPX500_TRAIN,2009-04-22,3.4410764369902154
PREFADE-F,SPX500_TRAIN,2009-05-07,5.667901555193453
PREFADE-F,SPX500_TRAIN,2009-05-08,2.6210982075965603
PREFADE-F,SPX500_TRAIN,2009-05-15,3.7999999999999545
PREFADE-F,SPX500_TRAIN,2009-05-21,-4.505511441403996
PREFADE-F,SPX500_TRAIN,2009-06-02,2.700495731596561
PREFADE-F,SPX500_TRAIN,2009-06-05,-3.9666696551510086
PREFADE-F,SPX500_TRAIN,2009-06-09,2.6730326796250665
PREFADE-F,SPX500_TRAIN,2009-06-11,1.858701869129277
PREFADE-F,SPX500_TRAIN,2009-06-12,1.2766915747712346
PREFADE-F,SPX500_TRAIN,2009-06-17,4.2000000000000455
PREFADE-F,SPX500_TRAIN,2009-06-18,3.5
PREFADE-F,SPX500_TRAIN,2009-06-19,1.2195777030012778
PREFADE-F,SPX500_TRAIN,2009-06-24,-5.2999999999999545
PREFADE-F,SPX500_TRAIN,2009-06-26,1.7905897447332109
PREFADE-F,SPX500_TRAIN,2009-07-02,-10.067383736818556
PREFADE-F,SPX500_TRAIN,2009-07-15,-3.955107312771702
PREFADE-F,SPX500_TRAIN,2009-07-17,1.7999999999999545
PREFADE-F,SPX500_TRAIN,2009-07-21,2.2673512162226643
PREFADE-F,SPX500_TRAIN,2009-07-22,3.616712503556414
PREFADE-F,SPX500_TRAIN,2009-07-23,2.526017034632787
PREFADE-F,SPX500_TRAIN,2009-07-28,-3.2405109029871255
PREFADE-F,SPX500_TRAIN,2009-07-31,4.529713422680402
PREFADE-F,SPX500_TRAIN,2009-08-06,1.6908560003510047
PREFADE-F,SPX500_TRAIN,2009-08-10,1.6346966593299612
PREFADE-F,SPX500_TRAIN,2009-08-11,2.386507544697679
PREFADE-F,SPX500_TRAIN,2009-08-14,2.493759531517526
PREFADE-F,SPX500_TRAIN,2009-08-28,3.938601368000718
PREFADE-F,SPX500_TRAIN,2009-09-02,2.368475657910153
PREFADE-F,SPX500_TRAIN,2009-09-11,-3.30722393870451
PREFADE-F,SPX500_TRAIN,2009-09-15,1.2741459867011145
PREFADE-F,SPX500_TRAIN,2009-09-17,1.9153689485349332
PREFADE-F,SPX500_TRAIN,2009-09-18,0.1322474649994092
PREFADE-F,SPX500_TRAIN,2009-09-24,2.282525589344914
PREFADE-F,SPX500_TRAIN,2009-09-28,-6.073945722368762
PREFADE-F,SPX500_TRAIN,2009-09-29,-3.816666866330479
PREFADE-F,SPX500_TRAIN,2009-10-01,2.216111284502631
PREFADE-F,SPX500_TRAIN,2009-10-02,-2.4320860304835605
PREFADE-F,SPX500_TRAIN,2009-10-13,2.636712424373627
PREFADE-F,SPX500_TRAIN,2009-10-22,2.533379145955905
PREFADE-F,SPX500_TRAIN,2009-10-29,-6.0552384001885
PREFADE-F,SPX500_TRAIN,2009-11-06,4.44557485727637
PREFADE-F,SPX500_TRAIN,2009-12-02,2.4706083288360787
PREFADE-F,SPX500_TRAIN,2009-12-21,-4.578861352665399
PREFADE-F,SPX500_TRAIN,2010-02-03,3.534468827700266
PREFADE-F,SPX500_TRAIN,2010-02-11,3.2420637981576874
PREFADE-F,SPX500_TRAIN,2010-02-17,2.713537369801543
PREFADE-F,SPX500_TRAIN,2010-02-18,2.7265383510302854
PREFADE-F,SPX500_TRAIN,2010-02-25,-6.36789218491208
PREFADE-F,SPX500_TRAIN,2010-02-26,2.1703060741269837
PREFADE-F,SPX500_TRAIN,2010-03-03,-3.738623062160741
PREFADE-F,SPX500_TRAIN,2010-03-04,0.5786861486294583
PREFADE-F,SPX500_TRAIN,2010-03-19,-0.36571518776963785
PREFADE-F,SPX500_TRAIN,2010-03-23,1.5073137312253948
PREFADE-F,SPX500_TRAIN,2010-03-31,-2.7166300709729967
PREFADE-F,SPX500_TRAIN,2010-04-02,-4.394023019902988
PREFADE-F,SPX500_TRAIN,2010-04-06,2.3415708954801175
PREFADE-F,SPX500_TRAIN,2010-04-07,0.9223427018137045
PREFADE-F,SPX500_TRAIN,2010-04-13,1.5822181199544048
PREFADE-F,SPX500_TRAIN,2010-04-14,-1.9502216183416294
PREFADE-F,SPX500_TRAIN,2010-05-03,0.787572583930114
PREFADE-F,SPX500_TRAIN,2010-05-05,-4.82081138963963
PREFADE-F,SPX500_TRAIN,2010-06-04,-9.024187001876726
PREFADE-F,SPX500_TRAIN,2010-06-09,-1.0
PREFADE-F,SPX500_TRAIN,2010-06-10,-3.2999999999999545
PREFADE-F,SPX500_TRAIN,2010-06-11,2.443511878675281
PREFADE-F,SPX500_TRAIN,2010-06-16,2.354554329337816
PREFADE-F,SPX500_TRAIN,2010-06-28,2.2802507338421947
PREFADE-F,SPX500_TRAIN,2010-07-02,6.435453950810825
PREFADE-F,SPX500_TRAIN,2010-07-05,-1.8000000000000682
PREFADE-F,SPX500_TRAIN,2010-07-07,-5.022398016476018
PREFADE-F,SPX500_TRAIN,2010-07-09,1.554888581714522
PREFADE-F,SPX500_TRAIN,2010-07-15,4.867614938173119
PREFADE-F,SPX500_TRAIN,2010-07-23,2.8592742971152347
PREFADE-F,SPX500_TRAIN,2010-07-26,2.876160248255246
PREFADE-F,SPX500_TRAIN,2010-07-28,3.0168278201635985
PREFADE-F,SPX500_TRAIN,2010-08-04,-4.081462243190117
PREFADE-F,SPX500_TRAIN,2010-08-05,2.1867573742877084
PREFADE-F,SPX500_TRAIN,2010-08-19,4.942014609076523
PREFADE-F,SPX500_TRAIN,2010-08-25,-5.9258978027210105
PREFADE-F,SPX500_TRAIN,2010-08-30,-5.5
PREFADE-F,SPX500_TRAIN,2010-09-02,2.2117797310436345
PREFADE-F,SPX500_TRAIN,2010-09-09,0.20000000000004547
PREFADE-F,SPX500_TRAIN,2010-09-15,3.3057170757026597
PREFADE-F,SPX500_TRAIN,2010-09-16,2.099109564652963
PREFADE-F,SPX500_TRAIN,2010-09-21,2.982538668314646
PREFADE-F,SPX500_TRAIN,2010-10-05,-4.397439834049692
PREFADE-F,SPX500_TRAIN,2010-10-06,3.4314682049889598
PREFADE-F,SPX500_TRAIN,2010-10-07,1.5870954948836697
PREFADE-F,SPX500_TRAIN,2010-10-15,3.7012941463690368
PREFADE-F,SPX500_TRAIN,2010-10-19,-4.690586489081625
PREFADE-F,SPX500_TRAIN,2010-10-22,1.9142091658509344
PREFADE-F,SPX500_TRAIN,2010-10-26,-3.0033400808069928
PREFADE-F,SPX500_TRAIN,2010-11-05,3.7976813945201684
PREFADE-F,SPX500_TRAIN,2010-11-10,3.8623614991547583
PREFADE-F,SPX500_TRAIN,2010-11-15,2.572574157028157
PREFADE-F,SPX500_TRAIN,2010-11-16,2.694965406495612
PREFADE-F,SPX500_TRAIN,2010-11-23,-3.0
PREFADE-F,SPX500_TRAIN,2010-11-24,-5.965153202223519
PREFADE-F,SPX500_TRAIN,2010-11-30,-4.748268083463245
PREFADE-F,SPX500_TRAIN,2010-12-03,3.8378946073692077
PREFADE-F,SPX500_TRAIN,2010-12-10,1.9768237654022869
PREFADE-F,SPX500_TRAIN,2010-12-16,2.133733836451711
PREFADE-F,SPX500_TRAIN,2010-12-22,-1.3842023786298796
PREFADE-F,SPX500_TRAIN,2010-12-23,0.33808192807555315
PREFADE-F,SPX500_TRAIN,2010-12-30,1.5490440087774004
PREFADE-F,SPX500_TRAIN,2011-01-03,-4.926796782943711
PREFADE-F,SPX500_TRAIN,2011-01-07,2.330558704480609
PREFADE-F,SPX500_TRAIN,2011-01-13,3.372256676158486
PREFADE-F,SPX500_TRAIN,2011-01-14,3.2225503438867236
PREFADE-F,SPX500_TRAIN,2011-01-19,-1.18993502383546
PREFADE-F,SPX500_TRAIN,2011-01-20,3.105362601164643
PREFADE-F,SPX500_TRAIN,2011-01-21,2.517635383378547
PREFADE-F,SPX500_TRAIN,2011-01-28,1.2403390225242674
PREFADE-F,SPX500_TRAIN,2011-02-01,-4.4270447634635275
PREFADE-F,SPX500_TRAIN,2011-02-02,1.7999999999999545
PREFADE-F,SPX500_TRAIN,2011-02-03,1.9693584421440846
PREFADE-F,SPX500_TRAIN,2011-02-04,0.11876545006293782
PREFADE-F,SPX500_TRAIN,2011-02-08,1.757236185224201
PREFADE-F,SPX500_TRAIN,2011-02-09,2.001830044416238
PREFADE-F,SPX500_TRAIN,2011-02-15,1.7053569319339204
PREFADE-F,SPX500_TRAIN,2011-02-17,1.1491928543057384
PREFADE-F,SPX500_TRAIN,2011-03-04,2.549448235200998
PREFADE-F,SPX500_TRAIN,2011-03-25,1.4757163101428432
PREFADE-F,SPX500_TRAIN,2011-03-31,1.1880791187986688
PREFADE-F,SPX500_TRAIN,2011-04-01,-0.12263553986281295
PREFADE-F,SPX500_TRAIN,2011-04-07,0.6203221535727153
PREFADE-F,SPX500_TRAIN,2011-04-13,3.5137070519310782
PREFADE-F,SPX500_TRAIN,2011-04-15,3.073806583531905
PREFADE-F,SPX500_TRAIN,2011-04-19,2.2727897522829608
PREFADE-F,SPX500_TRAIN,2011-04-21,2.5
PREFADE-F,SPX500_TRAIN,2011-04-27,2.3043294110161696
PREFADE-F,SPX500_TRAIN,2011-04-28,1.835758136250206
PREFADE-F,SPX500_TRAIN,2011-04-29,0.6236072941064776
PREFADE-F,SPX500_TRAIN,2011-05-03,3.199999999999818
PREFADE-F,SPX500_TRAIN,2011-05-09,2.202202502759519
PREFADE-F,SPX500_TRAIN,2011-05-18,1.9812069133886325
PREFADE-F,SPX500_TRAIN,2011-05-26,3.438511486375319
PREFADE-F,SPX500_TRAIN,2011-06-06,2.4550293580330163
PREFADE-F,SPX500_TRAIN,2011-06-13,1.3828617216763632
PREFADE-F,SPX500_TRAIN,2011-06-15,-3.8308222004068284
PREFADE-F,SPX500_TRAIN,2011-06-16,3.9835961391297587
PREFADE-F,SPX500_TRAIN,2011-06-17,5.099999999999909
PREFADE-F,SPX500_TRAIN,2011-06-23,-3.9094233533053284
PREFADE-F,SPX500_TRAIN,2011-06-24,3.6289162879866126
PREFADE-F,SPX500_TRAIN,2011-06-28,-5.816176076175452
PREFADE-F,SPX500_TRAIN,2011-07-01,1.9185944083844788
PREFADE-F,SPX500_TRAIN,2011-07-08,2.5136432630356467
PREFADE-F,SPX500_TRAIN,2011-07-15,1.9399693229131572
PREFADE-F,SPX500_TRAIN,2011-07-21,-8.691757107836338
PREFADE-F,SPX500_TRAIN,2011-07-22,-2.7063983983123308
PREFADE-F,SPX500_TRAIN,2011-07-27,-7.943740139240617
PREFADE-F,SPX500_TRAIN,2011-07-28,3.8361739856284203
PREFADE-F,SPX500_TRAIN,2011-08-04,-10.800000000000182
PREFADE-F,SPX500_TRAIN,2011-08-10,-14.42201048951165
PREFADE-F,SPX500_TRAIN,2011-08-24,-8.394052739398603
PREFADE-F,SPX500_TRAIN,2011-08-26,-6.982742034217836
PREFADE-F,SPX500_TRAIN,2011-08-30,4.354562751109597
PREFADE-F,SPX500_TRAIN,2011-09-15,5.375470759919608
PREFADE-F,SPX500_TRAIN,2011-09-21,4.040628746358152
PREFADE-F,SPX500_TRAIN,2011-10-07,9.931025222892913
PREFADE-F,SPX500_TRAIN,2011-10-17,-9.701312959713277
PREFADE-F,SPX500_TRAIN,2011-10-18,7.942703202549865
PREFADE-F,SPX500_TRAIN,2011-10-26,2.848832286503921
PREFADE-F,SPX500_TRAIN,2011-11-04,-5.8073714749780265
PREFADE-F,SPX500_TRAIN,2011-11-08,4.169789391480208
PREFADE-F,SPX500_TRAIN,2011-11-25,-6.554369631471445
PREFADE-F,SPX500_TRAIN,2011-12-01,3.5504366677680537
PREFADE-F,SPX500_TRAIN,2011-12-05,-6.3009564466690335
PREFADE-F,SPX500_TRAIN,2011-12-08,-8.415423559526744
PREFADE-F,SPX500_TRAIN,2011-12-13,-6.4734932430692425
PREFADE-F,SPX500_TRAIN,2011-12-14,-5.903009900333018
PREFADE-F,SPX500_TRAIN,2011-12-27,1.7275712449311413
PREFADE-F,SPX500_TRAIN,2012-01-03,1.4619418598413176
PREFADE-F,SPX500_TRAIN,2012-01-04,1.6523326295284733
PREFADE-F,SPX500_TRAIN,2012-01-06,1.6753933356110338
PREFADE-F,SPX500_TRAIN,2012-01-13,-4.8446321481771975
PREFADE-F,SPX500_TRAIN,2012-01-18,3.0416130108255857
PREFADE-F,SPX500_TRAIN,2012-01-19,1.9435176916128967
PREFADE-F,SPX500_TRAIN,2012-01-30,1.9335700139904475
PREFADE-F,SPX500_TRAIN,2012-02-02,3.614133159805533
PREFADE-F,SPX500_TRAIN,2012-02-16,-3.287026513326282
PREFADE-F,SPX500_TRAIN,2012-02-17,-3.0335077933580123
PREFADE-F,SPX500_TRAIN,2012-02-29,0.6878941677712191
PREFADE-F,SPX500_TRAIN,2012-03-12,0.6452573822764407
PREFADE-F,SPX500_TRAIN,2012-03-16,2.4175360169481337
PREFADE-F,SPX500_TRAIN,2012-03-26,-4.298745757984761
PREFADE-F,SPX500_TRAIN,2012-03-28,3.0
PREFADE-F,SPX500_TRAIN,2012-04-03,2.2000000000000455
PREFADE-F,SPX500_TRAIN,2012-04-19,5.024127668015581
PREFADE-F,SPX500_TRAIN,2012-04-27,6.320173103372781
PREFADE-F,SPX500_TRAIN,2012-04-30,-1.7999999999999545
PREFADE-F,SPX500_TRAIN,2012-05-03,1.6149068058966805
PREFADE-F,SPX500_TRAIN,2012-05-09,3.165513833659361
PREFADE-F,SPX500_TRAIN,2012-05-10,2.2704367579158315
PREFADE-F,SPX500_TRAIN,2012-06-04,6.433439525922722
PREFADE-F,SPX500_TRAIN,2012-06-13,-2.974782389581833
PREFADE-F,SPX500_TRAIN,2012-06-14,3.2331506136324606
PREFADE-F,SPX500_TRAIN,2012-06-25,-5.2164544505812955
PREFADE-F,SPX500_TRAIN,2012-06-27,2.2443147828844303
PREFADE-F,SPX500_TRAIN,2012-07-06,-3.281356413409185
PREFADE-F,SPX500_TRAIN,2012-07-23,-2.0
PREFADE-F,SPX500_TRAIN,2012-07-27,-6.2275201844222465
PREFADE-F,SPX500_TRAIN,2012-08-02,9.085301635223686
PREFADE-F,SPX500_TRAIN,2012-08-07,-5.4603159601608695
PREFADE-F,SPX500_TRAIN,2012-08-08,1.938475309867954
PREFADE-F,SPX500_TRAIN,2012-08-17,-0.6353222388868289
PREFADE-F,SPX500_TRAIN,2012-08-20,-2.0362197691028996
PREFADE-F,SPX500_TRAIN,2012-08-24,1.5
PREFADE-F,SPX500_TRAIN,2012-08-31,3.1831394508456015
PREFADE-F,SPX500_TRAIN,2012-09-04,-3.735852080008044
PREFADE-F,SPX500_TRAIN,2012-09-05,3.6586731338852587
PREFADE-F,SPX500_TRAIN,2012-09-26,-3.3164468208046856
PREFADE-F,SPX500_TRAIN,2012-10-05,1.7999999999999545
PREFADE-F,SPX500_TRAIN,2012-10-12,1.8253371562034317
PREFADE-F,SPX500_TRAIN,2012-10-18,-2.3796469222638734
PREFADE-F,SPX500_TRAIN,2012-11-01,-4.3575141660710415
PREFADE-F,SPX500_TRAIN,2012-11-02,3.5618908251481116
PREFADE-F,SPX500_TRAIN,2012-11-12,2.942265761488443
PREFADE-F,SPX500_TRAIN,2012-11-22,2.0
PREFADE-F,SPX500_TRAIN,2012-11-28,-3.314580144217416
PREFADE-F,SPX500_TRAIN,2012-12-07,2.878387350320736
PREFADE-F,SPX500_TRAIN,2012-12-14,-4.396660014305326
PREFADE-F,SPX500_TRAIN,2012-12-18,-3.361111480148793
PREFADE-F,SPX500_TRAIN,2012-12-19,1.1770566866948684
PREFADE-F,SPX500_TRAIN,2013-01-03,2.1176260877011828
PREFADE-F,SPX500_TRAIN,2013-01-04,1.9947912629186249
PREFADE-F,SPX500_TRAIN,2013-01-24,-3.3653503642797205
PREFADE-F,SPX500_TRAIN,2013-01-28,2.485445585704838
PREFADE-F,SPX500_TRAIN,2013-01-30,-1.5962717856023119
PREFADE-F,SPX500_TRAIN,2013-01-31,1.4934380352128755
PREFADE-F,SPX500_TRAIN,2013-02-01,1.906772651672327
PREFADE-F,SPX500_TRAIN,2013-02-08,-0.6574958065543797
PREFADE-F,SPX500_TRAIN,2013-02-13,-1.673733177150325
PREFADE-F,SPX500_TRAIN,2013-02-18,1.0
PREFADE-F,SPX500_TRAIN,2013-02-19,-2.8873936057632363
PREFADE-F,SPX500_TRAIN,2013-02-20,1.0957446957675074
PREFADE-F,SPX500_TRAIN,2013-02-22,2.8275870607940305
PREFADE-F,SPX500_TRAIN,2013-02-26,2.874050577762773
PREFADE-F,SPX500_TRAIN,2013-02-27,1.8255369162284296
PREFADE-F,SPX500_TRAIN,2013-03-01,3.246785702031275
PREFADE-F,SPX500_TRAIN,2013-03-07,2.0422698168845272
PREFADE-F,SPX500_TRAIN,2013-03-11,1.5952208475712268
PREFADE-F,SPX500_TRAIN,2013-04-09,1.2238241491559165
PREFADE-F,SPX500_TRAIN,2013-04-24,2.741313297974102
PREFADE-F,SPX500_TRAIN,2013-05-01,1.52325813660309
PREFADE-F,SPX500_TRAIN,2013-05-02,-2.513872001276013
PREFADE-F,SPX500_TRAIN,2013-05-06,1.180423324826961
PREFADE-F,SPX500_TRAIN,2013-05-08,1.427262168583411
PREFADE-F,SPX500_TRAIN,2013-05-09,1.3859360368282978
PREFADE-F,SPX500_TRAIN,2013-05-15,1.599999999999909
PREFADE-F,SPX500_TRAIN,2013-05-16,2.2123060879316654
PREFADE-F,SPX500_TRAIN,2013-05-17,-3.069615794757283
PREFADE-F,SPX500_TRAIN,2013-05-22,-3.2404128084294825
PREFADE-F,SPX500_TRAIN,2013-06-04,-3.9010045058453215
PREFADE-F,SPX500_TRAIN,2013-06-06,-3.5496546404988294
PREFADE-F,SPX500_TRAIN,2013-06-07,-12.545237725967581
PREFADE-F,SPX500_TRAIN,2013-06-13,-6.7213276765019145
PREFADE-F,SPX500_TRAIN,2013-07-02,2.412085286640149
PREFADE-F,SPX500_TRAIN,2013-07-05,-4.1818983404057235
PREFADE-F,SPX500_TRAIN,2013-07-12,2.2068415677226767
PREFADE-F,SPX500_TRAIN,2013-07-16,1.146816790246021
PREFADE-F,SPX500_TRAIN,2013-07-17,0.599999999999909
PREFADE-F,SPX500_TRAIN,2013-07-30,1.143524968429574
PREFADE-F,SPX500_TRAIN,2013-08-02,-0.8215280528163476
PREFADE-F,SPX500_TRAIN,2013-08-05,-2.013347350468166
PREFADE-F,SPX500_TRAIN,2013-08-08,2.3956542270359478
PREFADE-F,SPX500_TRAIN,2013-08-28,2.9644581662655582
PREFADE-F,SPX500_TRAIN,2013-08-29,5.212596931616417
PREFADE-F,SPX500_TRAIN,2013-09-06,1.2228480204580592
PREFADE-F,SPX500_TRAIN,2013-09-13,1.4103487011109337
PREFADE-F,SPX500_TRAIN,2013-09-17,-2.0886626635572156
PREFADE-F,SPX500_TRAIN,2013-09-18,0.7999999999999545
PREFADE-F,SPX500_TRAIN,2013-09-20,2.9301533931300128
PREFADE-F,SPX500_TRAIN,2013-09-25,2.65733776613024
PREFADE-F,SPX500_TRAIN,2013-09-30,-2.618983419520873
PREFADE-F,SPX500_TRAIN,2013-10-01,4.021702739170678
PREFADE-F,SPX500_TRAIN,2013-10-03,3.0691968615433325
PREFADE-F,SPX500_TRAIN,2013-10-15,3.712067092300458
PREFADE-F,SPX500_TRAIN,2013-10-22,-1.0812142213712832
PREFADE-F,SPX500_TRAIN,2013-10-31,1.1641446326673304
PREFADE-F,SPX500_TRAIN,2013-11-01,-2.2000000000000455
PREFADE-F,SPX500_TRAIN,2013-11-13,4.502781721027532
PREFADE-F,SPX500_TRAIN,2013-11-14,3.9142182061134463
PREFADE-F,SPX500_TRAIN,2013-11-20,1.9839513525580514
PREFADE-F,SPX500_TRAIN,2013-11-22,1.7982705028521195
PREFADE-F,SPX500_TRAIN,2013-12-04,-3.012966790730843
PREFADE-F,SPX500_TRAIN,2013-12-05,-2.7698114621018703
PREFADE-F,SPX500_TRAIN,2013-12-06,-6.572426999051913
PREFADE-F,SPX500_TRAIN,2013-12-09,-2.1301605828589345
PREFADE-F,SPX500_TRAIN,2013-12-17,1.3585460861831962
PREFADE-F,SPX500_TRAIN,2013-12-27,-1.9570773442512746
PREFADE-F,SPX500_TRAIN,2013-12-31,-2.9481537513208877
PREFADE-F,SPX500_TRAIN,2014-01-22,2.655444520465835
PREFADE-F,SPX500_TRAIN,2014-01-28,5.609869128207038
PREFADE-F,SPX500_TRAIN,2014-02-04,2.392262578203372
PREFADE-F,SPX500_TRAIN,2014-02-05,4.7072755761973895
PREFADE-F,SPX500_TRAIN,2014-02-06,3.867465411735566
PREFADE-F,SPX500_TRAIN,2014-02-07,-6.400000000000091
PREFADE-F,SPX500_TRAIN,2014-02-26,-3.2000000000000455
PREFADE-F,SPX500_TRAIN,2014-03-06,-2.9414123114220274
PREFADE-F,SPX500_TRAIN,2014-03-11,-2.1133338762797393
PREFADE-F,SPX500_TRAIN,2014-03-14,-3.4886883224173744
PREFADE-F,SPX500_TRAIN,2014-03-19,2.2538760397194437
PREFADE-F,SPX500_TRAIN,2014-03-27,-7.131776497142255
PREFADE-F,SPX500_TRAIN,2014-03-31,-1.6852591806127748
PREFADE-F,SPX500_TRAIN,2014-04-01,-3.619335768466044
PREFADE-F,SPX500_TRAIN,2014-04-02,2.480968599929838
PREFADE-F,SPX500_TRAIN,2014-04-04,0.7045292605332634
PREFADE-F,SPX500_TRAIN,2014-04-15,-3.4595731540262022
PREFADE-F,SPX500_TRAIN,2014-04-17,-1.7326490123696203
PREFADE-F,SPX500_TRAIN,2014-04-21,1.6922052628981419
PREFADE-F,SPX500_TRAIN,2014-04-22,-2.2524455774860144
PREFADE-F,SPX500_TRAIN,2014-04-23,1.3999999999998636
PREFADE-F,SPX500_TRAIN,2014-04-24,1.8680457470463807
PREFADE-F,SPX500_TRAIN,2014-04-25,-4.295130115637676
PREFADE-F,SPX500_TRAIN,2014-04-29,1.983530634910494
PREFADE-F,SPX500_TRAIN,2014-05-01,-2.0658533922010065
PREFADE-F,SPX500_TRAIN,2014-05-02,3.4948102349280816
PREFADE-F,SPX500_TRAIN,2014-05-06,-3.400000000000091
PREFADE-F,SPX500_TRAIN,2014-05-08,0.5462955736309141
PREFADE-F,SPX500_TRAIN,2014-05-13,1.611836275872065
PREFADE-F,SPX500_TRAIN,2014-05-14,1.1532526200219309
PREFADE-F,SPX500_TRAIN,2014-05-16,2.478106885236457
PREFADE-F,SPX500_TRAIN,2014-05-23,1.6000000000001364
PREFADE-F,SPX500_TRAIN,2014-05-29,0.6268842612387289
PREFADE-F,SPX500_TRAIN,2014-06-05,1.3945661582990851
PREFADE-F,SPX500_TRAIN,2014-06-06,-2.8332466983581526
PREFADE-F,SPX500_TRAIN,2014-06-12,-2.2000000000000455
PREFADE-F,SPX500_TRAIN,2014-06-26,0.9585108417456922
PREFADE-F,SPX500_TRAIN,2014-06-30,2.102019288224028
PREFADE-F,SPX500_TRAIN,2014-07-01,-2.021981922570376
PREFADE-F,SPX500_TRAIN,2014-07-02,-1.2489375998075047
PREFADE-F,SPX500_TRAIN,2014-07-07,1.0472163805438868
PREFADE-F,SPX500_TRAIN,2014-07-08,-2.444186831969091
PREFADE-F,SPX500_TRAIN,2014-07-09,-1.4757010030348283
PREFADE-F,SPX500_TRAIN,2014-07-15,-3.3291300354069335
PREFADE-F,SPX500_TRAIN,2014-07-21,2.013373014359331
PREFADE-F,SPX500_TRAIN,2014-07-22,-4.399999999999864
PREFADE-F,SPX500_TRAIN,2014-07-25,-3.0284801607499503
PREFADE-F,SPX500_TRAIN,2014-07-28,2.253701682756855
PREFADE-F,SPX500_TRAIN,2014-07-29,2.7405811267251465
PREFADE-F,SPX500_TRAIN,2014-07-30,3.3820790507231777
PREFADE-F,SPX500_TRAIN,2014-08-12,-2.6923451305560775
PREFADE-F,SPX500_TRAIN,2014-08-18,2.7826608167056293
PREFADE-F,SPX500_TRAIN,2014-08-20,1.615112798016753
PREFADE-F,SPX500_TRAIN,2014-08-27,1.3164845334504207
PREFADE-F,SPX500_TRAIN,2014-09-05,4.642397656356934
PREFADE-F,SPX500_TRAIN,2014-09-09,2.4776540160089553
PREFADE-F,SPX500_TRAIN,2014-09-11,2.9739013005623747
PREFADE-F,SPX500_TRAIN,2014-09-12,-1.5304996649847453
PREFADE-F,SPX500_TRAIN,2014-09-16,1.5322861922252287
PREFADE-F,SPX500_TRAIN,2014-09-17,-1.0626594536622633
PREFADE-F,SPX500_TRAIN,2014-09-25,-2.2000000000000455
PREFADE-F,SPX500_TRAIN,2014-10-01,2.3999999999998636
PREFADE-F,SPX500_TRAIN,2014-10-02,4.590522261139768
PREFADE-F,SPX500_TRAIN,2014-10-14,4.352324943353096
PREFADE-F,SPX500_TRAIN,2014-10-15,-12.26053445761886
PREFADE-F,SPX500_TRAIN,2014-11-03,2.0
PREFADE-F,SPX500_TRAIN,2014-11-05,3.347754271028407
PREFADE-F,SPX500_TRAIN,2014-11-06,-5.835084761219605
PREFADE-F,SPX500_TRAIN,2014-11-07,-4.469977747047778
PREFADE-F,SPX500_TRAIN,2014-11-11,2.2000000000000455
PREFADE-F,SPX500_TRAIN,2014-11-12,2.810592015584234
PREFADE-F,SPX500_TRAIN,2014-11-19,2.200000000000273
PREFADE-F,SPX500_TRAIN,2014-11-26,-0.19502561891977166
PREFADE-F,SPX500_TRAIN,2014-12-04,1.038398829835387
PREFADE-F,SPX500_TRAIN,2014-12-05,-0.10767180423590617
PREFADE-F,SPX500_TRAIN,2014-12-10,-3.95728861810494
PREFADE-F,SPX500_TRAIN,2014-12-11,-6.379158163089642
PREFADE-F,SPX500_VAL,2015-01-09,3.6370470460233264
PREFADE-F,SPX500_VAL,2015-01-23,-5.631215592949047
PREFADE-F,SPX500_VAL,2015-02-02,4.1505888065978525
PREFADE-F,SPX500_VAL,2015-02-06,-3.0106673387958836
PREFADE-F,SPX500_VAL,2015-02-10,5.185247784950661
PREFADE-F,SPX500_VAL,2015-02-11,2.599999999999909
PREFADE-F,SPX500_VAL,2015-02-18,-2.800000000000182
PREFADE-F,SPX500_VAL,2015-03-02,-2.588590322678101
PREFADE-F,SPX500_VAL,2015-03-03,-2.199999999999818
PREFADE-F,SPX500_VAL,2015-03-05,-2.9099221333399328
PREFADE-F,SPX500_VAL,2015-03-06,-2.8156713396570012
PREFADE-F,SPX500_VAL,2015-03-09,-3.4009857299593023
PREFADE-F,SPX500_VAL,2015-04-03,-8.400000000000091
PREFADE-F,SPX500_VAL,2015-04-06,-4.261498638977173
PREFADE-F,SPX500_VAL,2015-04-28,4.260233019443149
PREFADE-F,SPX500_VAL,2015-04-29,5.157855450218449
PREFADE-F,SPX500_VAL,2015-05-05,2.7679415957150013
PREFADE-F,SPX500_VAL,2015-05-08,-10.199999999999818
PREFADE-F,SPX500_VAL,2015-05-11,1.8075168131836108
PREFADE-F,SPX500_VAL,2015-05-13,4.430487600272954
PREFADE-F,SPX500_VAL,2015-05-20,1.821011434396496
PREFADE-F,SPX500_VAL,2015-05-27,2.7801773592232166
PREFADE-F,SPX500_VAL,2015-06-08,2.442185157464337
PREFADE-F,SPX500_VAL,2015-06-11,-4.720744743775867
PREFADE-F,SPX500_VAL,2015-06-12,-4.945584092311492
PREFADE-F,SPX500_VAL,2015-06-15,-4.599999999999909
PREFADE-F,SPX500_VAL,2015-07-09,7.998535904338041
PREFADE-F,SPX500_VAL,2015-07-14,1.0009975281141124
PREFADE-F,SPX500_VAL,2015-07-17,1.9417972126457244
PREFADE-F,SPX500_VAL,2015-07-22,2.637466414582377
PREFADE-F,SPX500_VAL,2015-07-23,-2.830569114892569
PREFADE-F,SPX500_VAL,2015-07-24,-4.937439612062008
PREFADE-F,SPX500_VAL,2015-07-30,2.878411743041852
PREFADE-F,SPX500_VAL,2015-07-31,6.316115996305598
PREFADE-F,SPX500_VAL,2015-08-07,0.9538259740484136
PREFADE-F,SPX500_VAL,2015-08-10,-6.5
PREFADE-F,SPX500_VAL,2015-08-11,-6.100000000000364
PREFADE-F,SPX500_VAL,2015-09-01,14.005506546393235
PREFADE-F,SPX500_VAL,2015-09-02,9.00214554911372
PREFADE-F,SPX500_VAL,2015-09-10,14.665202972096722
PREFADE-F,SPX500_VAL,2015-09-16,2.211061537573414
PREFADE-F,SPX500_VAL,2015-10-02,5.092954868733614
PREFADE-F,SPX500_VAL,2015-10-06,-5.694609745700745
PREFADE-F,SPX500_VAL,2015-10-16,3.2571163661930314
PREFADE-F,SPX500_VAL,2015-10-19,3.1713374300823034
PREFADE-F,SPX500_VAL,2015-10-22,2.280419932058294
PREFADE-F,SPX500_VAL,2015-10-26,2.3701711336402695
PREFADE-F,SPX500_VAL,2015-10-27,2.4147677997502797
PREFADE-F,SPX500_VAL,2015-11-06,10.699009133395066
PREFADE-F,SPX500_VAL,2015-11-12,-8.54775072377106
PREFADE-F,SPX500_VAL,2015-11-18,-5.767267525955958
PREFADE-F,SPX500_VAL,2015-11-20,-6.703185938768456
PREFADE-F,SPX500_VAL,2015-12-02,3.2383300613610118
PREFADE-F,SPX500_VAL,2015-12-03,7.400000000000091
PREFADE-F,SPX500_VAL,2015-12-16,3.2703326550390557
PREFADE-F,SPX500_VAL,2016-01-15,-6.0
PREFADE-F,SPX500_VAL,2016-01-25,5.2351324962226045
PREFADE-F,SPX500_VAL,2016-02-02,-6.600000000000136
PREFADE-F,SPX500_VAL,2016-02-03,12.321334147973403
PREFADE-F,SPX500_VAL,2016-02-04,-9.726976963826246
PREFADE-F,SPX500_VAL,2016-02-05,5.0
PREFADE-F,SPX500_VAL,2016-02-19,4.655370368395097
PREFADE-F,SPX500_VAL,2016-03-04,-3.8433142392689206
PREFADE-F,SPX500_VAL,2016-03-10,-7.184151601504709
PREFADE-F,SPX500_VAL,2016-03-14,2.5720708921535334
PREFADE-F,SPX500_VAL,2016-03-16,-3.187801651480868
PREFADE-F,SPX500_VAL,2016-03-31,-1.400000000000091
PREFADE-F,SPX500_VAL,2016-04-06,-5.051596551097873
PREFADE-F,SPX500_VAL,2016-04-14,2.399999999999636
PREFADE-F,SPX500_VAL,2016-05-06,5.258346116940174
PREFADE-F,SPX500_VAL,2016-05-18,-3.805257208033254
PREFADE-F,SPX500_VAL,2016-05-26,3.2368658189652706
PREFADE-F,SPX500_VAL,2016-06-02,-3.2644134960282827
PREFADE-F,SPX500_VAL,2016-06-03,-4.202132004801115
PREFADE-F,SPX500_VAL,2016-06-08,-4.504557203441436
PREFADE-F,SPX500_VAL,2016-06-27,10.46186952285143
PREFADE-F,SPX500_VAL,2016-07-01,-4.20704231879472
PREFADE-F,SPX500_VAL,2016-07-08,-16.781864449252225
PREFADE-F,SPX500_VAL,2016-07-13,3.199999999999818
PREFADE-F,SPX500_VAL,2016-07-15,4.599999999999909
PREFADE-F,SPX500_VAL,2016-08-04,3.7292561366461996
PREFADE-F,SPX500_VAL,2016-08-05,-3.639931545865238
PREFADE-F,SPX500_VAL,2016-08-10,2.9195958969166895
PREFADE-F,SPX500_VAL,2016-08-12,-2.2521811900819557
PREFADE-F,SPX500_VAL,2016-08-19,2.3307422814109486
PREFADE-F,SPX500_VAL,2016-08-25,2.3879119654789065
PREFADE-F,SPX500_VAL,2016-09-02,-5.8412022898246505
PREFADE-F,SPX500_VAL,2016-09-05,-1.4751550295668494
PREFADE-F,SPX500_VAL,2016-09-07,1.6000000000003638
PREFADE-F,SPX500_VAL,2016-09-15,4.43212495013222
PREFADE-F,SPX500_VAL,2016-09-20,3.249077643513374
PREFADE-F,SPX500_VAL,2016-09-27,9.658393924355096
PREFADE-F,SPX500_VAL,2016-10-04,2.3393218513201646
PREFADE-F,SPX500_VAL,2016-10-05,-5.494063888071196
PREFADE-F,SPX500_VAL,2016-10-07,4.926706585912598
PREFADE-F,SPX500_VAL,2016-10-10,-4.415650979940892
PREFADE-F,SPX500_VAL,2016-10-12,3.266336465304448
PREFADE-F,SPX500_VAL,2016-10-17,-4.381114586231433
PREFADE-F,SPX500_VAL,2016-10-19,2.754857499517584
PREFADE-F,SPX500_VAL,2016-10-20,2.9272710679078955
PREFADE-F,SPX500_VAL,2016-11-01,-4.020771440571934
PREFADE-F,SPX500_VAL,2016-11-02,4.799999999999727
PREFADE-F,SPX500_VAL,2016-11-03,6.070687236690446
PREFADE-F,SPX500_VAL,2016-11-04,1.8463591156414623
PREFADE-F,SPX500_VAL,2016-11-08,2.599999999999909
PREFADE-F,SPX500_VAL,2016-11-30,2.477371643928109
PREFADE-F,SPX500_VAL,2016-12-02,-1.0757157464095144
PREFADE-F,SPX500_VAL,2016-12-07,-2.199999999999818
PREFADE-F,SPX500_VAL,2016-12-08,2.1258810422909846
PREFADE-F,SPX500_VAL,2016-12-14,-1.8909287458695871
PREFADE-F,SPX500_VAL,2016-12-15,3.799999999999727
PREFADE-F,SPX500_VAL,2016-12-19,-2.0
PREFADE-F,SPX500_VAL,2016-12-21,1.7999999999997272
PREFADE-F,SPX500_VAL,2016-12-22,1.599999999999909
PREFADE-F,SPX500_VAL,2016-12-23,1.7361006250921491
PREFADE-F,SPX500_VAL,2016-12-27,-1.8027973568300695
PREFADE-F,SPX500_VAL,2017-01-06,1.427521016785704
PREFADE-F,SPX500_VAL,2017-01-09,-3.599721625451366
PREFADE-F,SPX500_VAL,2017-01-13,-0.31568999320552393
PREFADE-F,SPX500_VAL,2017-01-20,1.773492228392115
PREFADE-F,SPX500_VAL,2017-01-24,-2.1935729097367584
PREFADE-F,SPX500_VAL,2017-01-25,-5.071297819451047
PREFADE-F,SPX500_VAL,2017-01-26,2.9054309040975568
PREFADE-F,SPX500_VAL,2017-02-01,0.968535661255828
PREFADE-F,SPX500_VAL,2017-02-08,2.5212409579689847
PREFADE-F,SPX500_VAL,2017-02-13,-2.32306910529951
PREFADE-F,SPX500_VAL,2017-02-15,2.799999999999727
PREFADE-F,SPX500_VAL,2017-02-23,-3.599999999999909
PREFADE-F,SPX500_VAL,2017-03-08,2.2808065875969987
PREFADE-F,SPX500_VAL,2017-03-23,3.137793841407074
PREFADE-F,SPX500_VAL,2017-04-05,-5.7952096038857235
PREFADE-F,SPX500_VAL,2017-04-06,-7.039535434415939
PREFADE-F,SPX500_VAL,2017-04-19,-3.8842308915609465
PREFADE-F,SPX500_VAL,2017-04-21,-2.360170317766915
PREFADE-F,SPX500_VAL,2017-04-24,4.687733857485455
PREFADE-F,SPX500_VAL,2017-04-27,4.191343808798592
PREFADE-F,SPX500_VAL,2017-05-09,1.2039772241878381
PREFADE-F,SPX500_VAL,2017-05-10,1.3735579486283314
PREFADE-F,SPX500_VAL,2017-05-17,5.463293840817187
PREFADE-F,SPX500_VAL,2017-05-26,2.5160287176145175
PREFADE-F,SPX500_VAL,2017-05-30,2.0967396757027927
PREFADE-F,SPX500_VAL,2017-06-01,2.4577216753541506
PREFADE-F,SPX500_VAL,2017-06-07,1.6000000000003638
PREFADE-F,SPX500_VAL,2017-06-29,-3.736238932860033
PREFADE-F,SPX500_VAL,2017-07-05,1.599999999999909
PREFADE-F,SPX500_VAL,2017-07-07,-4.599999999999909
PREFADE-F,SPX500_VAL,2017-07-10,-3.400000000000091
PREFADE-F,SPX500_VAL,2017-07-11,2.599999999999909
PREFADE-F,SPX500_VAL,2017-07-19,-1.4423193982206612
PREFADE-F,SPX500_VAL,2017-08-02,1.400000000000091
PREFADE-F,SPX500_VAL,2017-08-17,2.3027356488846635
PREFADE-F,SPX500_VAL,2017-09-01,1.980882650442254
PREFADE-F,SPX500_VAL,2017-09-19,1.6390077386899975
PREFADE-F,SPX500_VAL,2017-09-27,3.599999999999909
PREFADE-F,SPX500_VAL,2017-09-29,1.511141402580506
PREFADE-F,SPX500_VAL,2017-10-04,1.599999999999909
PREFADE-F,SPX500_VAL,2017-10-05,-2.4512309386918787
PREFADE-F,SPX500_VAL,2017-10-06,-3.1586410223317216
PREFADE-F,SPX500_VAL,2017-10-10,-2.6952128072284722
PREFADE-F,SPX500_VAL,2017-10-12,1.3312634703720505
PREFADE-F,SPX500_VAL,2017-10-24,2.238145671679831
PREFADE-F,SPX500_VAL,2017-11-02,4.148639570044907
PREFADE-F,SPX500_VAL,2017-11-03,-1.7651340328288825
PREFADE-F,SPX500_VAL,2017-11-09,1.199999999999818
PREFADE-F,SPX500_VAL,2017-11-13,6.003326330830532
PREFADE-F,SPX500_VAL,2017-11-14,-3.399999999999636
PREFADE-F,SPX500_VAL,2017-11-24,0.0
PREFADE-F,SPX500_VAL,2017-12-07,2.710839190564002
PREFADE-F,SPX500_VAL,2017-12-13,-0.7999999999997272
PREFADE-F,SPX500_VAL,2017-12-15,-5.820403246364094
PREFADE-F,SPX500_VAL,2017-12-22,-1.8466876714792306
PREFADE-F,SPX500_VAL,2017-12-27,1.2000000000002728
PREFADE-F,SPX500_VAL,2018-01-05,5.132991076800863
PREFADE-F,SPX500_VAL,2018-01-22,-3.400000000000091
PREFADE-F,SPX500_VAL,2018-01-25,5.998689956271846
PREFADE-F,SPX500_VAL,2018-01-26,2.5279588130483717
PREFADE-F,SPX500_VAL,2018-01-30,-12.8723215520954
PREFADE-F,SPX500_VAL,2018-02-16,-8.195152763123133
PREFADE-F,SPX500_VAL,2018-02-19,-6.680036149316493
PREFADE-F,SPX500_VAL,2018-02-28,4.774921709609771
PREFADE-F,SPX500_VAL,2018-03-02,9.358435369368635
PREFADE-F,SPX500_VAL,2018-03-09,-4.442689900870391
PREFADE-F,SPX500_VAL,2018-03-13,9.850018539428675
PREFADE-F,SPX500_VAL,2018-03-16,4.435610601064127
PREFADE-F,SPX500_VAL,2018-03-21,3.1852820517083273
PREFADE-F,SPX500_VAL,2018-03-23,8.342931992957801
PREFADE-F,SPX500_VAL,2018-03-28,10.48552762015197
PREFADE-F,SPX500_VAL,2018-03-29,5.788028391358694
PREFADE-F,SPX500_VAL,2018-04-12,-8.875509149298068
PREFADE-F,SPX500_VAL,2018-04-19,-6.4650806813242525
PREFADE-F,SPX500_VAL,2018-05-01,-7.295483351487746
PREFADE-F,SPX500_VAL,2018-05-04,-7.75742328322076
PREFADE-F,SPX500_VAL,2018-05-14,3.4246186758796284
PREFADE-F,SPX500_VAL,2018-05-16,4.389915677349563
PREFADE-F,SPX500_VAL,2018-05-18,-5.0
PREFADE-F,SPX500_VAL,2018-05-31,-5.401810702723196
PREFADE-F,SPX500_VAL,2018-06-01,-9.504552562319986
PREFADE-F,SPX500_VAL,2018-06-14,-7.3597385929397205
PREFADE-F,SPX500_VAL,2018-06-28,-6.183845758442658
PREFADE-F,SPX500_VAL,2018-07-16,-4.031739723513056
PREFADE-F,SPX500_VAL,2018-07-18,2.1559165176281567
PREFADE-F,SPX500_VAL,2018-07-25,2.599999999999909
PREFADE-F,SPX500_VAL,2018-09-19,3.0
PREFADE-F,SPX500_VAL,2018-09-26,3.0050841776042034
PREFADE-F,SPX500_VAL,2018-10-03,-1.6000000000003638
PREFADE-F,SPX500_VAL,2018-10-10,-5.829905523567959
PREFADE-F,SPX500_VAL,2018-10-11,12.991940393069399
PREFADE-F,SPX500_VAL,2018-10-25,11.939648903442503
PREFADE-F,SPX500_VAL,2018-11-01,8.642757232679742
PREFADE-F,SPX500_VAL,2018-11-23,-7.043652121884861
PREFADE-F,SPX500_VAL,2018-11-30,6.026222034054626
PREFADE-F,SPX500_VAL,2018-12-12,0.8000000000001819
PREFADE-F,SPX500_VAL,2018-12-17,-11.65288951705952
PREFADE-F,SPX500_VAL,2018-12-31,5.531557365459321
PREFADE-F,SPX500_vault_2019_20,2019-01-08,-12.824881317314976
PREFADE-F,SPX500_vault_2019_20,2019-01-11,-5.403822130164826
PREFADE-F,SPX500_vault_2019_20,2019-01-31,3.712361646181762
PREFADE-F,SPX500_vault_2019_20,2019-02-01,3.1735100849232367
PREFADE-F,SPX500_vault_2019_20,2019-02-25,-5.4497668581770995
PREFADE-F,SPX500_vault_2019_20,2019-03-06,-3.2454355927347933
PREFADE-F,SPX500_vault_2019_20,2019-03-21,8.29120977776256
PREFADE-F,SPX500_vault_2019_20,2019-03-26,-8.748405770452337
PREFADE-F,SPX500_vault_2019_20,2019-04-02,3.184352329706144
PREFADE-F,SPX500_vault_2019_20,2019-04-26,5.44999477943702
PREFADE-F,SPX500_vault_2019_20,2019-04-30,3.0
PREFADE-F,SPX500_vault_2019_20,2019-05-03,-10.0
PREFADE-F,SPX500_vault_2019_20,2019-05-08,12.541379649843293
PREFADE-F,SPX500_vault_2019_20,2019-05-09,3.377591714080154
PREFADE-F,SPX500_vault_2019_20,2019-05-10,-19.421585300030983
PREFADE-F,SPX500_vault_2019_20,2019-05-17,7.466004612134839
PREFADE-F,SPX500_vault_2019_20,2019-06-11,6.742677640974762
PREFADE-F,SPX500_vault_2019_20,2019-07-04,-2.400000000000091
PREFADE-F,SPX500_vault_2019_20,2019-07-10,-11.909244819875767
PREFADE-F,SPX500_vault_2019_20,2019-07-16,1.245397214179775
PREFADE-F,SPX500_vault_2019_20,2019-07-22,2.229805875424063
PREFADE-F,SPX500_vault_2019_20,2019-07-25,1.5433855066712567
PREFADE-F,SPX500_vault_2019_20,2019-07-29,2.2038475011217997
PREFADE-F,SPX500_vault_2019_20,2019-08-07,13.096819245458391
PREFADE-F,SPX500_vault_2019_20,2019-08-20,-8.876268992064524
PREFADE-F,SPX500_vault_2019_20,2019-09-06,3.7637875669270215
PREFADE-F,SPX500_vault_2019_20,2019-09-18,1.654218981978829
PREFADE-F,SPX500_vault_2019_20,2019-10-03,4.988883962486398
PREFADE-F,SPX500_vault_2019_20,2019-10-04,-11.340464627647634
PREFADE-F,SPX500_vault_2019_20,2019-10-07,4.487215418685082
PREFADE-F,SPX500_vault_2019_20,2019-10-24,3.0
PREFADE-F,SPX500_vault_2019_20,2019-10-30,1.800000000000182
PREFADE-F,SPX500_vault_2019_20,2019-11-25,3.640887982687218
PREFADE-F,SPX500_vault_2019_20,2019-12-12,-3.732102356910218
PREFADE-F,SPX500_vault_2019_20,2019-12-13,-12.128799160164363
PREFADE-F,SPX500_vault_2019_20,2019-12-17,3.74292951821144
PREFADE-F,SPX500_vault_2019_20,2019-12-18,2.400000000000091
PREFADE-F,SPX500_vault_2019_20,2019-12-19,3.284067691627115
PREFADE-F,SPX500_vault_2019_20,2019-12-31,-4.727329055786413
PREFADE-F,SPX500_vault_2019_20,2020-01-17,5.194193237495256
PREFADE-F,SPX500_vault_2019_20,2020-02-07,6.599999999999909
PREFADE-F,SPX500_vault_2019_20,2020-03-03,23.20849222374136
PREFADE-F,SPX500_vault_2019_20,2020-03-23,91.34573916357112
PREFADE-F,SPX500_vault_2019_20,2020-03-27,5.200000000000273
PREFADE-F,SPX500_vault_2019_20,2020-03-30,-26.199999999999818
PREFADE-F,SPX500_vault_2019_20,2020-04-02,-26.899565811883804
PREFADE-F,SPX500_vault_2019_20,2020-04-21,-1.800000000000182
PREFADE-F,SPX500_vault_2019_20,2020-04-29,-15.5
PREFADE-F,SPX500_vault_2019_20,2020-04-30,-19.32265321508521
PREFADE-S,NAS100_2026,2026-03-13,105.26292121951337
PREFADE-S,NAS100_2026,2026-03-16,-110.53012577120899
PREFADE-S,NAS100_2026,2026-03-17,-81.96847540968884
PREFADE-S,NAS100_2026,2026-03-18,-141.17558069120787
PREFADE-S,NAS100_2026,2026-03-19,2.1793310315042618
PREFADE-S,NAS100_2026,2026-03-25,88.01957126796697
PREFADE-S,NAS100_2026,2026-03-26,123.07923826916885
PREFADE-S,NAS100_2026,2026-03-27,-114.60000000000218
PREFADE-S,NAS100_2026,2026-03-30,136.84144616220146
PREFADE-S,NAS100_2026,2026-04-01,116.25056122997921
PREFADE-S,NAS100_2026,2026-04-03,16.0
PREFADE-S,NAS100_2026,2026-04-07,97.78799240631997
PREFADE-S,NAS100_2026,2026-04-09,-53.099377308386465
PREFADE-S,NAS100_2026,2026-04-10,-35.1584159195736
PREFADE-S,NAS100_2026,2026-04-13,-152.52000000000044
PREFADE-S,NAS100_2026,2026-04-14,-74.22798395938662
PREFADE-S,NAS100_2026,2026-04-15,0.0
PREFADE-S,NAS100_2026,2026-04-20,-74.54260580654955
PREFADE-S,NAS100_2026,2026-04-21,48.93605851758912
PREFADE-S,NAS100_2026,2026-04-22,104.89833566309608
PREFADE-S,NAS100_2026,2026-04-29,-61.598999735728285
PREFADE-S,NAS100_2026,2026-05-01,53.55962532831836
PREFADE-S,NAS100_2026,2026-05-05,-139.52000000000044
PREFADE-S,NAS100_2026,2026-05-08,-193.72013917896402
PREFADE-S,NAS100_2026,2026-05-11,103.96397598537806
PREFADE-S,NAS100_2026,2026-05-12,122.41480519187098
PREFADE-S,NAS100_2026,2026-05-14,69.36397549028334
PREFADE-S,NAS100_2026,2026-05-18,92.2353179550446
PREFADE-S,NAS100_2026,2026-05-19,135.03100540698142
PREFADE-S,NAS100_2026,2026-05-20,125.62108667891152
PREFADE-S,NAS100_2026,2026-05-22,77.4379978510151
PREFADE-S,NAS100_2026,2026-05-26,70.2598032588794
PREFADE-S,NAS100_2026,2026-05-27,119.24648601366425
PREFADE-S,NAS100_2026,2026-05-29,-93.59417013319398
PREFADE-S,NAS100_2026,2026-06-01,82.51761927187908
PREFADE-S,NAS100_2026,2026-06-03,73.17034730931846
PREFADE-S,NAS100_2026,2026-06-04,89.15000000000146
PREFADE-S,NAS100_2026,2026-06-05,-149.0267604517394
PREFADE-S,NAS100_2026,2026-06-12,100.14242801687578
PREFADE-S,NAS100_2026,2026-06-18,119.94710998219307
PREFADE-S,NAS100_2026,2026-06-22,145.27579678549228
PREFADE-S,NAS100_2026,2026-06-25,154.16995921926355
PREFADE-S,NAS100_2026,2026-06-29,145.76965708342686
PREFADE-S,NAS100_2026,2026-07-01,-157.66793664238503
PREFADE-S,NAS100_2026,2026-07-02,206.51142713552326
PREFADE-S,NAS100_2026,2026-07-09,-203.9084123628345
PREFADE-S,NAS100_2026,2026-07-14,303.5223195523213
PREFADE-S,NAS100_2026,2026-07-20,98.54084459137084
PREFADE-S,NAS100_2026,2026-07-22,139.08870500147168
PREFADE-S,NAS100_2026,2026-07-23,-184.68031729690847
PREFADE-S,NAS100_2026,2026-08-03,-129.19968622689703
PREFADE-S,NAS100_2026,2026-08-04,-247.96499035237866
PREFADE-S,NAS100_2026,2026-08-05,48.38748598526945
PREFADE-S,NAS100_2026,2026-08-06,-123.53096449905934
PREFADE-S,NAS100_2026,2026-08-07,-118.4397800806073
PREFADE-S,NAS100_2026,2026-08-10,55.90280546803842
PREFADE-S,NAS100_2026,2026-08-12,30.92000000000189
PREFADE-S,NAS100_2026,2026-08-13,-64.56603952843943
PREFADE-S,NAS100_2026,2026-08-14,47.51871299733466
PREFADE-S,NAS100_2026,2026-08-19,-107.50680508601363
PREFADE-S,NAS100_2026,2026-08-21,111.31020072369938
PREFADE-S,NAS100_2026,2026-09-09,140.71145655860528
PREFADE-S,NAS100_2026,2026-09-11,-100.07999999999811
PREFADE-S,NAS100_TRAIN,2005-01-04,1.8882539683331743
PREFADE-S,NAS100_TRAIN,2005-01-05,2.128059071762891
PREFADE-S,NAS100_TRAIN,2005-01-07,6.636289797533664
PREFADE-S,NAS100_TRAIN,2005-01-10,-2.867669928013129
PREFADE-S,NAS100_TRAIN,2005-01-12,3.8529185877039254
PREFADE-S,NAS100_TRAIN,2005-01-19,2.2945714277029765
PREFADE-S,NAS100_TRAIN,2005-01-24,2.8289637908953864
PREFADE-S,NAS100_TRAIN,2005-01-27,3.013883297688153
PREFADE-S,NAS100_TRAIN,2005-01-28,3.2600619195968648
PREFADE-S,NAS100_TRAIN,2005-01-31,2.466422472921522
PREFADE-S,NAS100_TRAIN,2005-02-01,2.0057113161153666
PREFADE-S,NAS100_TRAIN,2005-02-02,1.6382527414052674
PREFADE-S,NAS100_TRAIN,2005-02-03,-0.43243746574398756
PREFADE-S,NAS100_TRAIN,2005-02-04,3.6652078759489086
PREFADE-S,NAS100_TRAIN,2005-02-07,1.0
PREFADE-S,NAS100_TRAIN,2005-02-09,-4.0
PREFADE-S,NAS100_TRAIN,2005-02-10,1.162445411697945
PREFADE-S,NAS100_TRAIN,2005-02-16,0.9667828606952753
PREFADE-S,NAS100_TRAIN,2005-02-17,-0.14359713972567079
PREFADE-S,NAS100_TRAIN,2005-02-18,-3.200697159574702
PREFADE-S,NAS100_TRAIN,2005-02-23,-2.9001110451704335
PREFADE-S,NAS100_TRAIN,2005-02-24,1.7873873932942388
PREFADE-S,NAS100_TRAIN,2005-02-25,2.453377627930422
PREFADE-S,NAS100_TRAIN,2005-02-28,0.5887757592752223
PREFADE-S,NAS100_TRAIN,2005-03-01,-5.800315841725251
PREFADE-S,NAS100_TRAIN,2005-03-02,-0.12262864396984696
PREFADE-S,NAS100_TRAIN,2005-03-04,-1.060156333457826
PREFADE-S,NAS100_TRAIN,2005-03-07,2.4420497946355226
PREFADE-S,NAS100_TRAIN,2005-03-08,2.0598555209098777
PREFADE-S,NAS100_TRAIN,2005-03-09,1.821461830758608
PREFADE-S,NAS100_TRAIN,2005-03-10,3.665662030106205
PREFADE-S,NAS100_TRAIN,2005-03-11,2.713126848809452
PREFADE-S,NAS100_TRAIN,2005-03-15,-3.7159049955585033
PREFADE-S,NAS100_TRAIN,2005-03-16,-6.39274527193993
PREFADE-S,NAS100_TRAIN,2005-03-18,1.0
PREFADE-S,NAS100_TRAIN,2005-03-21,3.0059829120623363
PREFADE-S,NAS100_TRAIN,2005-03-22,-7.016749792603832
PREFADE-S,NAS100_TRAIN,2005-03-23,3.377737451140547
PREFADE-S,NAS100_TRAIN,2005-03-28,1.5
PREFADE-S,NAS100_TRAIN,2005-03-31,0.03903544249783408
PREFADE-S,NAS100_TRAIN,2005-04-01,-1.00365156420321
PREFADE-S,NAS100_TRAIN,2005-04-04,2.5
PREFADE-S,NAS100_TRAIN,2005-04-05,2.5
PREFADE-S,NAS100_TRAIN,2005-04-06,1.8555372784207975
PREFADE-S,NAS100_TRAIN,2005-04-07,-3.410436815750927
PREFADE-S,NAS100_TRAIN,2005-04-08,2.5
PREFADE-S,NAS100_TRAIN,2005-04-12,3.908635837323118
PREFADE-S,NAS100_TRAIN,2005-04-13,-1.5633190456992452
PREFADE-S,NAS100_TRAIN,2005-04-15,6.395004956906405
PREFADE-S,NAS100_TRAIN,2005-04-18,-8.535605062368404
PREFADE-S,NAS100_TRAIN,2005-04-19,4.315264375078868
PREFADE-S,NAS100_TRAIN,2005-04-20,2.573068897186431
PREFADE-S,NAS100_TRAIN,2005-04-25,-2.925687127270976
PREFADE-S,NAS100_TRAIN,2005-04-27,-6.573961165517858
PREFADE-S,NAS100_TRAIN,2005-04-28,2.4977528171784797
PREFADE-S,NAS100_TRAIN,2005-05-05,2.0
PREFADE-S,NAS100_TRAIN,2005-05-06,4.340422017502306
PREFADE-S,NAS100_TRAIN,2005-05-10,-0.10165719454244027
PREFADE-S,NAS100_TRAIN,2005-05-12,5.532802144869265
PREFADE-S,NAS100_TRAIN,2005-05-13,1.3999999999998636
PREFADE-S,NAS100_TRAIN,2005-05-16,0.7960526218539599
PREFADE-S,NAS100_TRAIN,2005-05-18,-0.8973958119613599
PREFADE-S,NAS100_TRAIN,2005-05-19,0.8368474165358748
PREFADE-S,NAS100_TRAIN,2005-05-20,1.422173929214523
PREFADE-S,NAS100_TRAIN,2005-05-23,2.1264775176421153
PREFADE-S,NAS100_TRAIN,2005-05-24,2.5720858908869104
PREFADE-S,NAS100_TRAIN,2005-05-26,4.00513428856425
PREFADE-S,NAS100_TRAIN,2005-05-27,0.5112612623352106
PREFADE-S,NAS100_TRAIN,2005-06-01,2.0022222224870347
PREFADE-S,NAS100_TRAIN,2005-06-02,1.5331465995614053
PREFADE-S,NAS100_TRAIN,2005-06-03,2.8353825375681936
PREFADE-S,NAS100_TRAIN,2005-06-06,-2.5
PREFADE-S,NAS100_TRAIN,2005-06-09,3.0
PREFADE-S,NAS100_TRAIN,2005-06-13,1.8472677946090243
PREFADE-S,NAS100_TRAIN,2005-06-14,-1.9808901052251713
PREFADE-S,NAS100_TRAIN,2005-06-15,-4.0
PREFADE-S,NAS100_TRAIN,2005-06-17,3.88098765390896
PREFADE-S,NAS100_TRAIN,2005-06-21,2.868270940703951
PREFADE-S,NAS100_TRAIN,2005-06-23,0.9414965814473817
PREFADE-S,NAS100_TRAIN,2005-06-29,1.9438514896446577
PREFADE-S,NAS100_TRAIN,2005-06-30,-2.7855324090521663
PREFADE-S,NAS100_TRAIN,2005-07-05,3.808939976345073
PREFADE-S,NAS100_TRAIN,2005-07-06,-2.0291442835809903
PREFADE-S,NAS100_TRAIN,2005-07-08,3.1377551074538133
PREFADE-S,NAS100_TRAIN,2005-07-13,-0.6027931093954066
PREFADE-S,NAS100_TRAIN,2005-07-14,1.6897467203293672
PREFADE-S,NAS100_TRAIN,2005-07-15,5.0
PREFADE-S,NAS100_TRAIN,2005-07-19,2.0
PREFADE-S,NAS100_TRAIN,2005-07-21,6.5
PREFADE-S,NAS100_TRAIN,2005-07-22,-2.7202365313817154
PREFADE-S,NAS100_TRAIN,2005-07-27,2.052777756524847
PREFADE-S,NAS100_TRAIN,2005-07-28,0.6651264908291523
PREFADE-S,NAS100_TRAIN,2005-07-29,-0.6039271082356663
PREFADE-S,NAS100_TRAIN,2005-08-02,2.184120444070686
PREFADE-S,NAS100_TRAIN,2005-08-03,1.246802323432803
PREFADE-S,NAS100_TRAIN,2005-08-05,2.2317469209845058
PREFADE-S,NAS100_TRAIN,2005-08-09,-3.878733890486501
PREFADE-S,NAS100_TRAIN,2005-08-11,1.2242641249249573
PREFADE-S,NAS100_TRAIN,2005-08-12,-2.637429288432486
PREFADE-S,NAS100_TRAIN,2005-08-15,2.8940397411784033
PREFADE-S,NAS100_TRAIN,2005-08-16,-3.36161732343885
PREFADE-S,NAS100_TRAIN,2005-08-17,2.5950276063290403
PREFADE-S,NAS100_TRAIN,2005-08-25,2.0
PREFADE-S,NAS100_TRAIN,2005-08-26,-0.6362849845661458
PREFADE-S,NAS100_TRAIN,2005-08-30,-3.397441850391033
PREFADE-S,NAS100_TRAIN,2005-09-01,1.5
PREFADE-S,NAS100_TRAIN,2005-09-02,2.977099252475
PREFADE-S,NAS100_TRAIN,2005-09-07,-2.072250848697422
PREFADE-S,NAS100_TRAIN,2005-09-08,1.0362214243371
PREFADE-S,NAS100_TRAIN,2005-09-15,1.772893758920418
PREFADE-S,NAS100_TRAIN,2005-09-19,1.5064270310153915
PREFADE-S,NAS100_TRAIN,2005-09-20,2.400000000000091
PREFADE-S,NAS100_TRAIN,2005-09-21,2.454256842198447
PREFADE-S,NAS100_TRAIN,2005-09-22,2.17348993488622
PREFADE-S,NAS100_TRAIN,2005-09-23,2.128629015530123
PREFADE-S,NAS100_TRAIN,2005-09-26,1.8852564033406907
PREFADE-S,NAS100_TRAIN,2005-09-29,-3.8803822731561013
PREFADE-S,NAS100_TRAIN,2005-10-03,1.5521052285243968
PREFADE-S,NAS100_TRAIN,2005-10-05,1.5
PREFADE-S,NAS100_TRAIN,2005-10-07,0.6337123226587664
PREFADE-S,NAS100_TRAIN,2005-10-10,5.5
PREFADE-S,NAS100_TRAIN,2005-10-12,-3.325240902301175
PREFADE-S,NAS100_TRAIN,2005-10-13,3.0678076598346706
PREFADE-S,NAS100_TRAIN,2005-10-14,-1.2841689650765602
PREFADE-S,NAS100_TRAIN,2005-10-18,2.5
PREFADE-S,NAS100_TRAIN,2005-10-24,1.8324431294856822
PREFADE-S,NAS100_TRAIN,2005-10-26,-3.547758939676214
PREFADE-S,NAS100_TRAIN,2005-10-28,2.0221609752259155
PREFADE-S,NAS100_TRAIN,2005-10-31,2.5
PREFADE-S,NAS100_TRAIN,2005-11-01,2.5
PREFADE-S,NAS100_TRAIN,2005-11-02,-0.27163193974683963
PREFADE-S,NAS100_TRAIN,2005-11-03,-3.5894944864551235
PREFADE-S,NAS100_TRAIN,2005-11-04,3.875830232746921
PREFADE-S,NAS100_TRAIN,2005-11-07,1.3748622703158162
PREFADE-S,NAS100_TRAIN,2005-11-08,2.7773946715497004
PREFADE-S,NAS100_TRAIN,2005-11-09,-1.2608197964361807
PREFADE-S,NAS100_TRAIN,2005-11-10,4.208054088055405
PREFADE-S,NAS100_TRAIN,2005-11-11,1.823993147675992
PREFADE-S,NAS100_TRAIN,2005-11-14,1.857863841929884
PREFADE-S,NAS100_TRAIN,2005-11-15,1.5
PREFADE-S,NAS100_TRAIN,2005-11-18,-2.184324544808078
PREFADE-S,NAS100_TRAIN,2005-11-22,2.099999999999909
PREFADE-S,NAS100_TRAIN,2005-11-23,3.1625265335580934
PREFADE-S,NAS100_TRAIN,2005-11-24,-2.0
PREFADE-S,NAS100_TRAIN,2005-11-25,-2.676983452518698
PREFADE-S,NAS100_TRAIN,2005-11-29,-0.26560324247543576
PREFADE-S,NAS100_TRAIN,2005-12-02,3.790111959515116
PREFADE-S,NAS100_TRAIN,2005-12-05,-3.3977043484444494
PREFADE-S,NAS100_TRAIN,2005-12-06,-3.24118946364797
PREFADE-S,NAS100_TRAIN,2005-12-07,1.2155555287997686
PREFADE-S,NAS100_TRAIN,2005-12-08,1.9291128083409603
PREFADE-S,NAS100_TRAIN,2005-12-13,-0.5486953506981536
PREFADE-S,NAS100_TRAIN,2005-12-15,2.0
PREFADE-S,NAS100_TRAIN,2005-12-16,4.972378708163433
PREFADE-S,NAS100_TRAIN,2005-12-20,3.4790509858064524
PREFADE-S,NAS100_TRAIN,2005-12-22,-2.2554518223896594
PREFADE-S,NAS100_TRAIN,2005-12-23,-0.6920745489480851
PREFADE-S,NAS100_TRAIN,2005-12-29,0.9797297674256242
PREFADE-S,NAS100_TRAIN,2006-01-04,-8.748131466132918
PREFADE-S,NAS100_TRAIN,2006-01-05,2.8999999999998636
PREFADE-S,NAS100_TRAIN,2006-01-06,4.299843637304775
PREFADE-S,NAS100_TRAIN,2006-01-09,1.6657992992259096
PREFADE-S,NAS100_TRAIN,2006-01-11,2.198532485962005
PREFADE-S,NAS100_TRAIN,2006-01-12,1.4995049710321382
PREFADE-S,NAS100_TRAIN,2006-01-19,1.4268801417065333
PREFADE-S,NAS100_TRAIN,2006-01-20,2.0345058783811965
PREFADE-S,NAS100_TRAIN,2006-01-23,5.281710877812429
PREFADE-S,NAS100_TRAIN,2006-01-25,2.0530598827638187
PREFADE-S,NAS100_TRAIN,2006-01-27,4.294712360135236
PREFADE-S,NAS100_TRAIN,2006-01-30,3.1153692899349608
PREFADE-S,NAS100_TRAIN,2006-01-31,1.2485171655741851
PREFADE-S,NAS100_TRAIN,2006-02-01,-3.633361477784547
PREFADE-S,NAS100_TRAIN,2006-02-03,-1.159659257841895
PREFADE-S,NAS100_TRAIN,2006-02-09,0.45011182983466824
PREFADE-S,NAS100_TRAIN,2006-02-10,3.316905400677797
PREFADE-S,NAS100_TRAIN,2006-02-15,-2.4690884482363344
PREFADE-S,NAS100_TRAIN,2006-02-16,1.5
PREFADE-S,NAS100_TRAIN,2006-02-17,-2.6196171524986767
PREFADE-S,NAS100_TRAIN,2006-02-22,1.851162806539378
PREFADE-S,NAS100_TRAIN,2006-02-24,3.7782359893378725
PREFADE-S,NAS100_TRAIN,2006-02-27,1.3242152795662605
PREFADE-S,NAS100_TRAIN,2006-03-02,-2.8033070532669626
PREFADE-S,NAS100_TRAIN,2006-03-03,-4.015017861545402
PREFADE-S,NAS100_TRAIN,2006-03-07,1.1628352761267706
PREFADE-S,NAS100_TRAIN,2006-03-10,6.296414160860195
PREFADE-S,NAS100_TRAIN,2006-03-13,-5.109490807846669
PREFADE-S,NAS100_TRAIN,2006-03-15,-2.323942731547959
PREFADE-S,NAS100_TRAIN,2006-03-16,-2.5
PREFADE-S,NAS100_TRAIN,2006-03-17,2.642577005968633
PREFADE-S,NAS100_TRAIN,2006-03-21,1.78604650016905
PREFADE-S,NAS100_TRAIN,2006-03-24,1.2777777799853993
PREFADE-S,NAS100_TRAIN,2006-03-27,5.77237383414149
PREFADE-S,NAS100_TRAIN,2006-03-30,-3.333686878733488
PREFADE-S,NAS100_TRAIN,2006-03-31,-3.42359290150398
PREFADE-S,NAS100_TRAIN,2006-04-04,-0.9040099665560319
PREFADE-S,NAS100_TRAIN,2006-04-05,-6.35985721953125
PREFADE-S,NAS100_TRAIN,2006-04-06,2.143455861385519
PREFADE-S,NAS100_TRAIN,2006-04-07,-1.8874178849739565
PREFADE-S,NAS100_TRAIN,2006-04-11,2.154904759611327
PREFADE-S,NAS100_TRAIN,2006-04-12,2.5
PREFADE-S,NAS100_TRAIN,2006-04-13,2.312060604060889
PREFADE-S,NAS100_TRAIN,2006-04-17,2.26916996179375
PREFADE-S,NAS100_TRAIN,2006-04-18,-4.639936469266104
PREFADE-S,NAS100_TRAIN,2006-04-19,3.9226517472557134
PREFADE-S,NAS100_TRAIN,2006-04-20,2.274734036212294
PREFADE-S,NAS100_TRAIN,2006-04-21,5.571538207484991
PREFADE-S,NAS100_TRAIN,2006-04-24,2.422406626440079
PREFADE-S,NAS100_TRAIN,2006-04-25,2.7000000000000455
PREFADE-S,NAS100_TRAIN,2006-04-26,2.6365354530310015
PREFADE-S,NAS100_TRAIN,2006-04-28,2.9803957852864187
PREFADE-S,NAS100_TRAIN,2006-05-01,-1.652146753606985
PREFADE-S,NAS100_TRAIN,2006-05-02,2.6173194961065747
PREFADE-S,NAS100_TRAIN,2006-05-03,1.5612565446690496
PREFADE-S,NAS100_TRAIN,2006-05-05,-5.297808696149332
PREFADE-S,NAS100_TRAIN,2006-05-08,1.2769633516591057
PREFADE-S,NAS100_TRAIN,2006-05-10,0.9420482596053716
PREFADE-S,NAS100_TRAIN,2006-05-16,-3.5991208844261564
PREFADE-S,NAS100_TRAIN,2006-05-17,-4.990380854763998
PREFADE-S,NAS100_TRAIN,2006-05-23,-4.800000000000182
PREFADE-S,NAS100_TRAIN,2006-05-25,-2.0899890286618756
PREFADE-S,NAS100_TRAIN,2006-05-26,8.069276525368196
PREFADE-S,NAS100_TRAIN,2006-06-01,-7.458148320342161
PREFADE-S,NAS100_TRAIN,2006-06-02,-5.262164650589511
PREFADE-S,NAS100_TRAIN,2006-06-06,4.420645138525288
PREFADE-S,NAS100_TRAIN,2006-06-13,8.97759224180254
PREFADE-S,NAS100_TRAIN,2006-06-14,9.136320728176088
PREFADE-S,NAS100_TRAIN,2006-06-16,1.8276701105965003
PREFADE-S,NAS100_TRAIN,2006-06-19,1.4406962767941422
PREFADE-S,NAS100_TRAIN,2006-06-20,4.962870375315333
PREFADE-S,NAS100_TRAIN,2006-06-21,2.7993569352618124
PREFADE-S,NAS100_TRAIN,2006-06-22,2.9845472021597743
PREFADE-S,NAS100_TRAIN,2006-06-23,-2.030562238122002
PREFADE-S,NAS100_TRAIN,2006-06-27,4.070272773578836
PREFADE-S,NAS100_TRAIN,2006-06-30,-3.737135749711797
PREFADE-S,NAS100_TRAIN,2006-07-03,2.094341931747749
PREFADE-S,NAS100_TRAIN,2006-07-05,-3.578710953086329
PREFADE-S,NAS100_TRAIN,2006-07-06,1.9396283141143158
PREFADE-S,NAS100_TRAIN,2006-07-07,-0.7774731708927902
PREFADE-S,NAS100_TRAIN,2006-07-11,3.4363802484447206
PREFADE-S,NAS100_TRAIN,2006-07-12,1.3033375066870576
PREFADE-S,NAS100_TRAIN,2006-07-13,-9.02533735076986
PREFADE-S,NAS100_TRAIN,2006-07-18,-2.5017602097977942
PREFADE-S,NAS100_TRAIN,2006-07-19,0.21642611966103686
PREFADE-S,NAS100_TRAIN,2006-07-20,6.137353430851363
PREFADE-S,NAS100_TRAIN,2006-07-21,-3.8892850651157005
PREFADE-S,NAS100_TRAIN,2006-07-25,-3.4077245416740425
PREFADE-S,NAS100_TRAIN,2006-07-26,0.5329823128104181
PREFADE-S,NAS100_TRAIN,2006-07-28,-0.3624808648182807
PREFADE-S,NAS100_TRAIN,2006-07-31,1.0412541364285062
PREFADE-S,NAS100_TRAIN,2006-08-01,-6.553313305219717
PREFADE-S,NAS100_TRAIN,2006-08-03,3.153137946594825
PREFADE-S,NAS100_TRAIN,2006-08-04,3.1018460389557276
PREFADE-S,NAS100_TRAIN,2006-08-08,2.699999999999818
PREFADE-S,NAS100_TRAIN,2006-08-09,-2.7458019728187537
PREFADE-S,NAS100_TRAIN,2006-08-11,-2.694589324675917
PREFADE-S,NAS100_TRAIN,2006-08-15,-3.2793903793319714
PREFADE-S,NAS100_TRAIN,2006-08-16,-4.137231509360618
PREFADE-S,NAS100_TRAIN,2006-08-17,-2.9282494050266905
PREFADE-S,NAS100_TRAIN,2006-08-18,3.6440321789602876
PREFADE-S,NAS100_TRAIN,2006-08-23,-3.1740740997108787
PREFADE-S,NAS100_TRAIN,2006-08-25,-2.6167320881193064
PREFADE-S,NAS100_TRAIN,2006-08-29,1.834232377016633
PREFADE-S,NAS100_TRAIN,2006-08-30,-2.253707638392143
PREFADE-S,NAS100_TRAIN,2006-08-31,1.6840197828691998
PREFADE-S,NAS100_TRAIN,2006-09-01,-2.0600368284599426
PREFADE-S,NAS100_TRAIN,2006-09-06,-0.9047230173432581
PREFADE-S,NAS100_TRAIN,2006-09-12,-4.65545941055484
PREFADE-S,NAS100_TRAIN,2006-09-13,1.7000000000000455
PREFADE-S,NAS100_TRAIN,2006-09-14,1.5974702341216016
PREFADE-S,NAS100_TRAIN,2006-09-15,-11.734455327460864
PREFADE-S,NAS100_TRAIN,2006-09-18,1.0316847076003341
PREFADE-S,NAS100_TRAIN,2006-09-19,1.694357462545213
PREFADE-S,NAS100_TRAIN,2006-09-20,-4.450334405710919
PREFADE-S,NAS100_TRAIN,2006-09-22,3.2853623162145595
PREFADE-S,NAS100_TRAIN,2006-09-26,2.1247638379995806
PREFADE-S,NAS100_TRAIN,2006-09-27,2.112422110209991
PREFADE-S,NAS100_TRAIN,2006-09-28,2.1807452645236935
PREFADE-S,NAS100_TRAIN,2006-09-29,2.629879850757561
PREFADE-S,NAS100_TRAIN,2006-10-02,-3.1896954590083624
PREFADE-S,NAS100_TRAIN,2006-10-04,1.85904762050086
PREFADE-S,NAS100_TRAIN,2006-10-05,2.2000000000000455
PREFADE-S,NAS100_TRAIN,2006-10-06,-5.4063488392218915
PREFADE-S,NAS100_TRAIN,2006-10-09,-3.7420998717002476
PREFADE-S,NAS100_TRAIN,2006-10-10,1.2250612988191278
PREFADE-S,NAS100_TRAIN,2006-10-11,1.204490733146713
PREFADE-S,NAS100_TRAIN,2006-10-12,-3.3640038559849472
PREFADE-S,NAS100_TRAIN,2006-10-13,2.157274710937827
PREFADE-S,NAS100_TRAIN,2006-10-16,2.3748563415017543
PREFADE-S,NAS100_TRAIN,2006-10-17,-5.87278931358901
PREFADE-S,NAS100_TRAIN,2006-10-18,-2.596126930618766
PREFADE-S,NAS100_TRAIN,2006-10-19,5.628688965177844
PREFADE-S,NAS100_TRAIN,2006-10-20,0.5781677508969096
PREFADE-S,NAS100_TRAIN,2006-10-27,3.970357740554846
PREFADE-S,NAS100_TRAIN,2006-10-30,2.0
PREFADE-S,NAS100_TRAIN,2006-11-01,-2.199999999999818
PREFADE-S,NAS100_TRAIN,2006-11-02,-1.1079298754775664
PREFADE-S,NAS100_TRAIN,2006-11-03,-0.25609047404486773
PREFADE-S,NAS100_TRAIN,2006-11-07,1.8647573746475246
PREFADE-S,NAS100_TRAIN,2006-11-08,1.920503070071618
PREFADE-S,NAS100_TRAIN,2006-11-09,4.0595365572739865
PREFADE-S,NAS100_TRAIN,2006-11-14,-4.13055895102957
PREFADE-S,NAS100_TRAIN,2006-11-15,2.5557730956015803
PREFADE-S,NAS100_TRAIN,2006-11-16,4.922219987013477
PREFADE-S,NAS100_TRAIN,2006-11-17,0.823536127190664
PREFADE-S,NAS100_TRAIN,2006-11-21,2.0
PREFADE-S,NAS100_TRAIN,2006-11-22,1.0
PREFADE-S,NAS100_TRAIN,2006-11-28,-4.0964414889767795
PREFADE-S,NAS100_TRAIN,2006-11-29,-3.511624963888835
PREFADE-S,NAS100_TRAIN,2006-11-30,4.988877003008838
PREFADE-S,NAS100_TRAIN,2006-12-01,2.0151015873993856
PREFADE-S,NAS100_TRAIN,2006-12-04,-3.3889390173833362
PREFADE-S,NAS100_TRAIN,2006-12-05,-2.7000000000000455
PREFADE-S,NAS100_TRAIN,2006-12-06,-3.2287959589025377
PREFADE-S,NAS100_TRAIN,2006-12-07,1.4535373960222842
PREFADE-S,NAS100_TRAIN,2006-12-08,5.452697682226471
PREFADE-S,NAS100_TRAIN,2006-12-11,-0.49585297533553785
PREFADE-S,NAS100_TRAIN,2006-12-12,-2.398992899241648
PREFADE-S,NAS100_TRAIN,2006-12-13,4.9135281624733125
PREFADE-S,NAS100_TRAIN,2006-12-14,-0.9405039447842682
PREFADE-S,NAS100_TRAIN,2006-12-15,-5.687541198931285
PREFADE-S,NAS100_TRAIN,2006-12-21,1.6629096865938209
PREFADE-S,NAS100_TRAIN,2006-12-22,-1.213588951177826
PREFADE-S,NAS100_TRAIN,2006-12-26,-0.6666666802907457
PREFADE-S,NAS100_TRAIN,2006-12-29,1.285682347637021
PREFADE-S,NAS100_TRAIN,2007-01-03,1.9346837870216405
PREFADE-S,NAS100_TRAIN,2007-01-05,3.8944302572278957
PREFADE-S,NAS100_TRAIN,2007-01-08,-0.6990364101220621
PREFADE-S,NAS100_TRAIN,2007-01-11,4.7000000000000455
PREFADE-S,NAS100_TRAIN,2007-01-12,3.3429799491607355
PREFADE-S,NAS100_TRAIN,2007-01-16,-1.625827429717674
PREFADE-S,NAS100_TRAIN,2007-01-17,0.8468335095253678
PREFADE-S,NAS100_TRAIN,2007-01-19,2.486646280084642
PREFADE-S,NAS100_TRAIN,2007-01-24,-4.178564710678984
PREFADE-S,NAS100_TRAIN,2007-01-25,2.6234042668172606
PREFADE-S,NAS100_TRAIN,2007-01-26,3.5841465131804853
PREFADE-S,NAS100_TRAIN,2007-01-30,3.5684426499194615
PREFADE-S,NAS100_TRAIN,2007-02-01,-1.337458506013263
PREFADE-S,NAS100_TRAIN,2007-02-02,-4.390509452088736
PREFADE-S,NAS100_TRAIN,2007-02-05,2.7313473088818228
PREFADE-S,NAS100_TRAIN,2007-02-07,-2.532497219140623
PREFADE-S,NAS100_TRAIN,2007-02-13,-2.553176103606347
PREFADE-S,NAS100_TRAIN,2007-02-14,-2.3016803767980036
PREFADE-S,NAS100_TRAIN,2007-02-16,3.3968751757415703
PREFADE-S,NAS100_TRAIN,2007-02-21,1.6302758426038508
PREFADE-S,NAS100_TRAIN,2007-02-22,-2.8325762440135804
PREFADE-S,NAS100_TRAIN,2007-02-23,0.2861035165085468
PREFADE-S,NAS100_TRAIN,2007-03-01,-12.579866869790067
PREFADE-S,NAS100_TRAIN,2007-03-02,7.695046914509476
PREFADE-S,NAS100_TRAIN,2007-03-09,3.7712444368996785
PREFADE-S,NAS100_TRAIN,2007-03-12,3.1158059209724343
PREFADE-S,NAS100_TRAIN,2007-03-13,4.105365286461165
PREFADE-S,NAS100_TRAIN,2007-03-14,6.940868475428033
PREFADE-S,NAS100_TRAIN,2007-03-15,2.4528344722020847
PREFADE-S,NAS100_TRAIN,2007-03-16,4.1776492796791445
PREFADE-S,NAS100_TRAIN,2007-03-20,3.4094202949052033
PREFADE-S,NAS100_TRAIN,2007-03-22,-3.2059314923660622
PREFADE-S,NAS100_TRAIN,2007-03-23,4.210762090683829
PREFADE-S,NAS100_TRAIN,2007-03-28,1.1829470581251371
PREFADE-S,NAS100_TRAIN,2007-03-29,2.3968669286070963
PREFADE-S,NAS100_TRAIN,2007-03-30,4.993556979365167
PREFADE-S,NAS100_TRAIN,2007-04-02,2.4839606515026844
PREFADE-S,NAS100_TRAIN,2007-04-04,-2.456274901318011
PREFADE-S,NAS100_TRAIN,2007-04-05,1.1708898803228749
PREFADE-S,NAS100_TRAIN,2007-04-06,-4.44742694735055
PREFADE-S,NAS100_TRAIN,2007-04-09,-2.0827049793863353
PREFADE-S,NAS100_TRAIN,2007-04-13,5.189213848042982
PREFADE-S,NAS100_TRAIN,2007-04-17,0.9937302596867994
PREFADE-S,NAS100_TRAIN,2007-04-18,0.7312307763920671
PREFADE-S,NAS100_TRAIN,2007-04-20,-7.801609764117757
PREFADE-S,NAS100_TRAIN,2007-04-26,3.859691541339771
PREFADE-S,NAS100_TRAIN,2007-04-27,-2.6640621596329765
PREFADE-S,NAS100_TRAIN,2007-04-30,-0.20927450584122198
PREFADE-S,NAS100_TRAIN,2007-05-03,-1.4219995868320439
PREFADE-S,NAS100_TRAIN,2007-05-04,1.5063893675155668
PREFADE-S,NAS100_TRAIN,2007-05-07,1.2949778400461582
PREFADE-S,NAS100_TRAIN,2007-05-08,2.99363233211443
PREFADE-S,NAS100_TRAIN,2007-05-09,-2.993724661694614
PREFADE-S,NAS100_TRAIN,2007-05-10,0.95202490191582
PREFADE-S,NAS100_TRAIN,2007-05-11,8.917129831874036
PREFADE-S,NAS100_TRAIN,2007-05-14,3.2805684010554614
PREFADE-S,NAS100_TRAIN,2007-05-15,2.4676493922079317
PREFADE-S,NAS100_TRAIN,2007-05-17,0.8764302521001355
PREFADE-S,NAS100_TRAIN,2007-05-18,2.839153427331439
PREFADE-S,NAS100_TRAIN,2007-05-22,1.7999999999999545
PREFADE-S,NAS100_TRAIN,2007-05-24,4.1748635102626395
PREFADE-S,NAS100_TRAIN,2007-05-25,2.059341204482962
PREFADE-S,NAS100_TRAIN,2007-05-30,2.6329836777040327
PREFADE-S,NAS100_TRAIN,2007-05-31,1.479102322492281
PREFADE-S,NAS100_TRAIN,2007-06-01,1.3120265090103658
PREFADE-S,NAS100_TRAIN,2007-06-04,1.5439359507788595
PREFADE-S,NAS100_TRAIN,2007-06-05,2.004829232178963
PREFADE-S,NAS100_TRAIN,2007-06-07,-5.875276866740933
PREFADE-S,NAS100_TRAIN,2007-06-11,2.0
PREFADE-S,NAS100_TRAIN,2007-06-13,7.745329129057382
PREFADE-S,NAS100_TRAIN,2007-06-15,-8.218654673786887
PREFADE-S,NAS100_TRAIN,2007-06-19,1.2708573357870137
PREFADE-S,NAS100_TRAIN,2007-06-25,-4.512022716353158
PREFADE-S,NAS100_TRAIN,2007-06-27,2.0513609423439902
PREFADE-S,NAS100_TRAIN,2007-06-28,5.552423614118879
PREFADE-S,NAS100_TRAIN,2007-06-29,-7.015100620886187
PREFADE-S,NAS100_TRAIN,2007-07-06,5.435600527375527
PREFADE-S,NAS100_TRAIN,2007-07-12,0.8427947492057228
PREFADE-S,NAS100_TRAIN,2007-07-13,1.8771642427502684
PREFADE-S,NAS100_TRAIN,2007-07-16,3.282244299487502
PREFADE-S,NAS100_TRAIN,2007-07-17,4.415152315880505
PREFADE-S,NAS100_TRAIN,2007-07-20,2.229271725446324
PREFADE-S,NAS100_TRAIN,2007-07-23,3.663155112776167
PREFADE-S,NAS100_TRAIN,2007-07-24,-1.2626385882438171
PREFADE-S,NAS100_TRAIN,2007-07-25,2.3501375236996864
PREFADE-S,NAS100_TRAIN,2007-07-27,8.480162097334187
PREFADE-S,NAS100_TRAIN,2007-08-02,3.9113715309649706
PREFADE-S,NAS100_TRAIN,2007-08-03,6.062429329109364
PREFADE-S,NAS100_TRAIN,2007-08-07,3.514556500520712
PREFADE-S,NAS100_TRAIN,2007-08-08,3.7000000000000455
PREFADE-S,NAS100_TRAIN,2007-08-09,-10.870793310044746
PREFADE-S,NAS100_TRAIN,2007-08-13,4.900000000000091
PREFADE-S,NAS100_TRAIN,2007-08-14,3.0242326773295645
PREFADE-S,NAS100_TRAIN,2007-08-15,3.7145113833935284
PREFADE-S,NAS100_TRAIN,2007-08-17,23.735109511977498
PREFADE-S,NAS100_TRAIN,2007-08-21,7.990023570723679
PREFADE-S,NAS100_TRAIN,2007-08-23,-4.689075553499379
PREFADE-S,NAS100_TRAIN,2007-08-24,3.582579341388964
PREFADE-S,NAS100_TRAIN,2007-08-30,-5.192939090519076
PREFADE-S,NAS100_TRAIN,2007-09-03,-0.10000000000013642
PREFADE-S,NAS100_TRAIN,2007-09-05,2.7677461136190686
PREFADE-S,NAS100_TRAIN,2007-09-06,6.915832502591456
PREFADE-S,NAS100_TRAIN,2007-09-07,-23.369652582643994
PREFADE-S,NAS100_TRAIN,2007-09-10,-8.1100154648243
PREFADE-S,NAS100_TRAIN,2007-09-11,4.410373855305579
PREFADE-S,NAS100_TRAIN,2007-09-12,2.6943786838351116
PREFADE-S,NAS100_TRAIN,2007-09-13,3.3446502104218325
PREFADE-S,NAS100_TRAIN,2007-09-18,-7.839652524429539
PREFADE-S,NAS100_TRAIN,2007-09-19,-6.2356902201736375
PREFADE-S,NAS100_TRAIN,2007-09-20,4.208333376737755
PREFADE-S,NAS100_TRAIN,2007-09-25,2.186490676417634
PREFADE-S,NAS100_TRAIN,2007-09-26,3.199999999999818
PREFADE-S,NAS100_TRAIN,2007-09-28,1.1319562128037433
PREFADE-S,NAS100_TRAIN,2007-10-04,2.115903050776069
PREFADE-S,NAS100_TRAIN,2007-10-05,-4.788488857574066
PREFADE-S,NAS100_TRAIN,2007-10-09,1.6589142230900507
PREFADE-S,NAS100_TRAIN,2007-10-10,2.0874690564564844
PREFADE-S,NAS100_TRAIN,2007-10-12,-10.140252852897447
PREFADE-S,NAS100_TRAIN,2007-10-15,2.4288095357464954
PREFADE-S,NAS100_TRAIN,2007-10-17,5.699029119269653
PREFADE-S,NAS100_TRAIN,2007-10-18,4.641649963765303
PREFADE-S,NAS100_TRAIN,2007-10-23,-5.618759256050907
PREFADE-S,NAS100_TRAIN,2007-10-24,3.984872746302244
PREFADE-S,NAS100_TRAIN,2007-10-26,-9.840232818545246
PREFADE-S,NAS100_TRAIN,2007-10-30,4.080558909136926
PREFADE-S,NAS100_TRAIN,2007-11-01,-8.471721753158818
PREFADE-S,NAS100_TRAIN,2007-11-02,5.618933559055677
PREFADE-S,NAS100_TRAIN,2007-11-13,-12.153391542954978
PREFADE-S,NAS100_TRAIN,2007-11-14,-6.863590560197736
PREFADE-S,NAS100_TRAIN,2007-11-15,8.549701356074138
PREFADE-S,NAS100_TRAIN,2007-11-16,1.9522460711241365
PREFADE-S,NAS100_TRAIN,2007-11-26,5.277244448343936
PREFADE-S,NAS100_TRAIN,2007-11-29,8.57342142125026
PREFADE-S,NAS100_TRAIN,2007-12-03,4.117952084269746
PREFADE-S,NAS100_TRAIN,2007-12-05,-10.538704204447185
PREFADE-S,NAS100_TRAIN,2007-12-06,-6.443332693618231
PREFADE-S,NAS100_TRAIN,2007-12-07,-1.596313999947597
PREFADE-S,NAS100_TRAIN,2007-12-10,5.769543643792531
PREFADE-S,NAS100_TRAIN,2007-12-12,-2.0890637432553376
PREFADE-S,NAS100_TRAIN,2007-12-13,7.88736463298892
PREFADE-S,NAS100_TRAIN,2007-12-14,0.5492794322071859
PREFADE-S,NAS100_TRAIN,2007-12-20,-6.832723437370987
PREFADE-S,NAS100_TRAIN,2007-12-21,6.134018739941439
PREFADE-S,NAS100_TRAIN,2007-12-24,2.307968386071934
PREFADE-S,NAS100_TRAIN,2007-12-26,-4.141325944712207
PREFADE-S,NAS100_TRAIN,2007-12-27,3.2198136691749824
PREFADE-S,NAS100_TRAIN,2007-12-28,-6.2320802609956445
PREFADE-S,NAS100_TRAIN,2007-12-31,-2.320823523652507
PREFADE-S,NAS100_TRAIN,2008-01-02,0.5321409842708817
PREFADE-S,NAS100_TRAIN,2008-01-04,-5.786810746697029
PREFADE-S,NAS100_TRAIN,2008-01-07,4.545091111457168
PREFADE-S,NAS100_TRAIN,2008-01-08,4.211988283458368
PREFADE-S,NAS100_TRAIN,2008-01-09,10.757151972160045
PREFADE-S,NAS100_TRAIN,2008-01-10,-8.700000000000045
PREFADE-S,NAS100_TRAIN,2008-01-11,6.620290943085365
PREFADE-S,NAS100_TRAIN,2008-01-14,-9.116470352569877
PREFADE-S,NAS100_TRAIN,2008-01-15,2.371071895524665
PREFADE-S,NAS100_TRAIN,2008-01-16,-10.125954679443566
PREFADE-S,NAS100_TRAIN,2008-01-17,16.705662409633078
PREFADE-S,NAS100_TRAIN,2008-01-18,14.826527770897883
PREFADE-S,NAS100_TRAIN,2008-01-22,21.247917386915333
PREFADE-S,NAS100_TRAIN,2008-01-23,-25.90904251251618
PREFADE-S,NAS100_TRAIN,2008-01-25,3.7023868372411926
PREFADE-S,NAS100_TRAIN,2008-01-29,7.590990989677039
PREFADE-S,NAS100_TRAIN,2008-01-31,8.040540282007669
PREFADE-S,NAS100_TRAIN,2008-02-05,-3.4791391858236693
PREFADE-S,NAS100_TRAIN,2008-02-07,5.612957176220334
PREFADE-S,NAS100_TRAIN,2008-02-11,-9.733324005934719
PREFADE-S,NAS100_TRAIN,2008-02-12,4.477550729075119
PREFADE-S,NAS100_TRAIN,2008-02-13,4.208581247673919
PREFADE-S,NAS100_TRAIN,2008-02-14,5.61170405402504
PREFADE-S,NAS100_TRAIN,2008-02-15,3.9919309192682704
PREFADE-S,NAS100_TRAIN,2008-02-20,4.0930676998737
PREFADE-S,NAS100_TRAIN,2008-02-22,0.05835157140700176
PREFADE-S,NAS100_TRAIN,2008-02-25,-7.269015407208826
PREFADE-S,NAS100_TRAIN,2008-02-26,2.7671419500156844
PREFADE-S,NAS100_TRAIN,2008-02-27,-1.1007387724944238
PREFADE-S,NAS100_TRAIN,2008-02-28,3.911417310152274
PREFADE-S,NAS100_TRAIN,2008-03-03,4.427837040371287
PREFADE-S,NAS100_TRAIN,2008-03-06,9.165349814892807
PREFADE-S,NAS100_TRAIN,2008-03-07,18.40294644066944
PREFADE-S,NAS100_TRAIN,2008-03-11,-9.853967534809044
PREFADE-S,NAS100_TRAIN,2008-03-14,-13.302653102589147
PREFADE-S,NAS100_TRAIN,2008-03-19,-11.299999999999955
PREFADE-S,NAS100_TRAIN,2008-03-24,-8.237883643955229
PREFADE-S,NAS100_TRAIN,2008-03-25,5.482900903700283
PREFADE-S,NAS100_TRAIN,2008-03-26,6.660899532047097
PREFADE-S,NAS100_TRAIN,2008-04-02,2.143349456787064
PREFADE-S,NAS100_TRAIN,2008-04-03,3.692523666547686
PREFADE-S,NAS100_TRAIN,2008-04-04,2.188058092952133
PREFADE-S,NAS100_TRAIN,2008-04-08,2.226773362223412
PREFADE-S,NAS100_TRAIN,2008-04-10,7.819216649690361
PREFADE-S,NAS100_TRAIN,2008-04-14,4.533333321678128
PREFADE-S,NAS100_TRAIN,2008-04-15,5.701234816494662
PREFADE-S,NAS100_TRAIN,2008-04-16,5.43112514756649
PREFADE-S,NAS100_TRAIN,2008-04-17,-5.246241025295831
PREFADE-S,NAS100_TRAIN,2008-04-18,7.4944404279121954
PREFADE-S,NAS100_TRAIN,2008-04-22,3.120738480565251
PREFADE-S,NAS100_TRAIN,2008-04-23,6.52630169510644
PREFADE-S,NAS100_TRAIN,2008-04-24,-5.828548294378379
PREFADE-S,NAS100_TRAIN,2008-04-30,5.7000000000000455
PREFADE-S,NAS100_TRAIN,2008-05-01,5.021735663766094
PREFADE-S,NAS100_TRAIN,2008-05-02,-4.242275759113227
PREFADE-S,NAS100_TRAIN,2008-05-06,6.27324861256875
PREFADE-S,NAS100_TRAIN,2008-05-08,2.617927980856166
PREFADE-S,NAS100_TRAIN,2008-05-13,4.833851865569386
PREFADE-S,NAS100_TRAIN,2008-05-14,-6.401799858043205
PREFADE-S,NAS100_TRAIN,2008-05-15,1.7000000000000455
PREFADE-S,NAS100_TRAIN,2008-05-19,0.8051164658320431
PREFADE-S,NAS100_TRAIN,2008-05-20,-6.375529406112719
PREFADE-S,NAS100_TRAIN,2008-05-22,3.546487290549294
PREFADE-S,NAS100_TRAIN,2008-05-28,-7.991160834711309
PREFADE-S,NAS100_TRAIN,2008-05-29,4.848803440729625
PREFADE-S,NAS100_TRAIN,2008-05-30,2.5009045506778875
PREFADE-S,NAS100_TRAIN,2008-06-03,2.748468389298523
PREFADE-S,NAS100_TRAIN,2008-06-05,4.615346619949378
PREFADE-S,NAS100_TRAIN,2008-06-06,-22.986761826857446
PREFADE-S,NAS100_TRAIN,2008-06-10,7.915297267705228
PREFADE-S,NAS100_TRAIN,2008-06-11,-7.40522953140794
PREFADE-S,NAS100_TRAIN,2008-06-12,9.01371926921638
PREFADE-S,NAS100_TRAIN,2008-06-13,-8.955134113216218
PREFADE-S,NAS100_TRAIN,2008-06-16,1.8513889726002617
PREFADE-S,NAS100_TRAIN,2008-06-17,3.90047071120307
PREFADE-S,NAS100_TRAIN,2008-06-18,-8.699999999999818
PREFADE-S,NAS100_TRAIN,2008-06-19,4.7999999999999545
PREFADE-S,NAS100_TRAIN,2008-06-20,-10.776813576533414
PREFADE-S,NAS100_TRAIN,2008-06-23,4.091458821475044
PREFADE-S,NAS100_TRAIN,2008-06-26,-21.653667148163322
PREFADE-S,NAS100_TRAIN,2008-06-27,4.930147242491557
PREFADE-S,NAS100_TRAIN,2008-07-03,-3.832932296922536
PREFADE-S,NAS100_TRAIN,2008-07-04,5.281978220280735
PREFADE-S,NAS100_TRAIN,2008-07-07,-9.734650351667597
PREFADE-S,NAS100_TRAIN,2008-07-08,-13.471766962654101
PREFADE-S,NAS100_TRAIN,2008-07-10,7.52347944137432
PREFADE-S,NAS100_TRAIN,2008-07-16,12.244203202601057
PREFADE-S,NAS100_TRAIN,2008-07-18,8.886590015050842
PREFADE-S,NAS100_TRAIN,2008-07-24,4.646009742727756
PREFADE-S,NAS100_TRAIN,2008-07-25,0.44555600462922484
PREFADE-S,NAS100_TRAIN,2008-07-29,4.0734974095216785
PREFADE-S,NAS100_TRAIN,2008-07-30,-7.272346325693206
PREFADE-S,NAS100_TRAIN,2008-07-31,-7.91793167369724
PREFADE-S,NAS100_TRAIN,2008-08-01,4.183563924683767
PREFADE-S,NAS100_TRAIN,2008-08-07,4.7562091249192235
PREFADE-S,NAS100_TRAIN,2008-08-08,-0.3347186953435539
PREFADE-S,NAS100_TRAIN,2008-08-11,4.7000000000000455
PREFADE-S,NAS100_TRAIN,2008-08-13,8.685184052949808
PREFADE-S,NAS100_TRAIN,2008-08-14,4.097289604807429
PREFADE-S,NAS100_TRAIN,2008-08-15,10.210294393838467
PREFADE-S,NAS100_TRAIN,2008-08-19,-6.120127039920135
PREFADE-S,NAS100_TRAIN,2008-08-20,4.007690781968904
PREFADE-S,NAS100_TRAIN,2008-08-21,5.1649308345797635
PREFADE-S,NAS100_TRAIN,2008-08-22,-10.58976052983735
PREFADE-S,NAS100_TRAIN,2008-08-25,-2.1147163729963268
PREFADE-S,NAS100_TRAIN,2008-08-26,4.813216525581993
PREFADE-S,NAS100_TRAIN,2008-08-27,4.767201153113092
PREFADE-S,NAS100_TRAIN,2008-08-28,-7.968002677567256
PREFADE-S,NAS100_TRAIN,2008-08-29,-0.04968256693246076
PREFADE-S,NAS100_TRAIN,2008-09-01,2.804694693301144
PREFADE-S,NAS100_TRAIN,2008-09-03,9.910139055572472
PREFADE-S,NAS100_TRAIN,2008-09-04,-8.099424029404872
PREFADE-S,NAS100_TRAIN,2008-09-05,7.085352581137386
PREFADE-S,NAS100_TRAIN,2008-09-08,-7.535675258519177
PREFADE-S,NAS100_TRAIN,2008-09-10,3.716123991726363
PREFADE-S,NAS100_TRAIN,2008-09-11,10.437772116365977
PREFADE-S,NAS100_TRAIN,2008-09-12,-1.6426819260100274
PREFADE-S,NAS100_TRAIN,2008-09-16,10.778237060320407
PREFADE-S,NAS100_TRAIN,2008-09-18,10.439907494237787
PREFADE-S,NAS100_TRAIN,2008-09-19,-26.38252654088228
PREFADE-S,NAS100_TRAIN,2008-09-22,5.765819185146711
PREFADE-S,NAS100_TRAIN,2008-09-23,-4.988108061886123
PREFADE-S,NAS100_TRAIN,2008-09-24,6.525112065148505
PREFADE-S,NAS100_TRAIN,2008-09-26,-11.354274508922572
PREFADE-S,NAS100_TRAIN,2008-10-01,4.42130848301781
PREFADE-S,NAS100_TRAIN,2008-10-02,-21.061280736313165
PREFADE-S,NAS100_TRAIN,2008-10-03,12.23183158351685
PREFADE-S,NAS100_TRAIN,2008-10-07,27.932605267909594
PREFADE-S,NAS100_TRAIN,2008-10-10,13.603077487333167
PREFADE-S,NAS100_TRAIN,2008-10-15,12.102952655179706
PREFADE-S,NAS100_TRAIN,2008-10-16,20.03326620904363
PREFADE-S,NAS100_TRAIN,2008-10-21,4.0
PREFADE-S,NAS100_TRAIN,2008-10-23,7.481645704459197
PREFADE-S,NAS100_TRAIN,2008-10-29,8.045609089410164
PREFADE-S,NAS100_TRAIN,2008-11-06,11.17324136340767
PREFADE-S,NAS100_TRAIN,2008-11-07,17.278570365714586
PREFADE-S,NAS100_TRAIN,2008-11-10,-12.498984796155128
PREFADE-S,NAS100_TRAIN,2008-11-14,-9.98924171061185
PREFADE-S,NAS100_TRAIN,2008-11-18,10.507518456854541
PREFADE-S,NAS100_TRAIN,2008-11-19,8.191084059342074
PREFADE-S,NAS100_TRAIN,2008-11-20,10.438423328841054
PREFADE-S,NAS100_TRAIN,2008-11-25,11.819463506393959
PREFADE-S,NAS100_TRAIN,2008-11-26,5.783744391477967
PREFADE-S,NAS100_TRAIN,2008-12-03,2.979097143523404
PREFADE-S,NAS100_TRAIN,2008-12-04,5.633030204851366
PREFADE-S,NAS100_TRAIN,2008-12-05,2.959810055221851
PREFADE-S,NAS100_TRAIN,2008-12-18,0.0
PREFADE-S,NAS100_TRAIN,2008-12-19,2.417237350947971
PREFADE-S,NAS100_TRAIN,2008-12-23,2.5197475237941944
PREFADE-S,NAS100_TRAIN,2008-12-24,2.393630629132531
PREFADE-S,NAS100_TRAIN,2008-12-26,-2.7999999999999545
PREFADE-S,NAS100_TRAIN,2008-12-31,6.243031937119667
PREFADE-S,NAS100_TRAIN,2009-01-02,3.910597280822003
PREFADE-S,NAS100_TRAIN,2009-01-05,3.3021106918226906
PREFADE-S,NAS100_TRAIN,2009-01-07,-7.308523809962253
PREFADE-S,NAS100_TRAIN,2009-01-08,2.5863934438737033
PREFADE-S,NAS100_TRAIN,2009-01-09,3.413225270460316
PREFADE-S,NAS100_TRAIN,2009-01-15,-7.537670640218494
PREFADE-S,NAS100_TRAIN,2009-01-19,-10.718878429539473
PREFADE-S,NAS100_TRAIN,2009-01-22,-10.178390059214735
PREFADE-S,NAS100_TRAIN,2009-01-29,5.7999999999999545
PREFADE-S,NAS100_TRAIN,2009-01-30,4.603506802122183
PREFADE-S,NAS100_TRAIN,2009-02-03,4.8002395709236225
PREFADE-S,NAS100_TRAIN,2009-02-04,-5.855138793585638
PREFADE-S,NAS100_TRAIN,2009-02-06,-7.664830839593378
PREFADE-S,NAS100_TRAIN,2009-02-10,6.453157010153973
PREFADE-S,NAS100_TRAIN,2009-02-11,-6.4353106535681945
PREFADE-S,NAS100_TRAIN,2009-02-12,6.5285206396479225
PREFADE-S,NAS100_TRAIN,2009-02-13,-7.090374604108092
PREFADE-S,NAS100_TRAIN,2009-02-17,3.6324315731390016
PREFADE-S,NAS100_TRAIN,2009-02-18,4.611556306902912
PREFADE-S,NAS100_TRAIN,2009-02-19,5.622890591451551
PREFADE-S,NAS100_TRAIN,2009-02-27,10.557772604578076
PREFADE-S,NAS100_TRAIN,2009-03-06,7.07493446869853
PREFADE-S,NAS100_TRAIN,2009-03-12,9.518653362208624
PREFADE-S,NAS100_TRAIN,2009-03-17,5.903233973185252
PREFADE-S,NAS100_TRAIN,2009-03-18,1.563768220984457
PREFADE-S,NAS100_TRAIN,2009-03-19,2.582775188975347
PREFADE-S,NAS100_TRAIN,2009-03-20,5.027659179737611
PREFADE-S,NAS100_TRAIN,2009-03-25,-6.631393646022389
PREFADE-S,NAS100_TRAIN,2009-03-26,4.181706467169761
PREFADE-S,NAS100_TRAIN,2009-03-27,4.257267889932336
PREFADE-S,NAS100_TRAIN,2009-04-01,4.385601323535866
PREFADE-S,NAS100_TRAIN,2009-04-03,5.840994586777242
PREFADE-S,NAS100_TRAIN,2009-04-08,-11.917296766661593
PREFADE-S,NAS100_TRAIN,2009-04-09,-7.589207092061088
PREFADE-S,NAS100_TRAIN,2009-04-14,9.75944878531368
PREFADE-S,NAS100_TRAIN,2009-04-16,1.623343174561569
PREFADE-S,NAS100_TRAIN,2009-04-17,6.179200539301746
PREFADE-S,NAS100_TRAIN,2009-04-21,5.059917748372527
PREFADE-S,NAS100_TRAIN,2009-04-22,5.789077746341263
PREFADE-S,NAS100_TRAIN,2009-04-24,6.69466607969639
PREFADE-S,NAS100_TRAIN,2009-05-06,5.520327695943706
PREFADE-S,NAS100_TRAIN,2009-05-08,12.560928669833174
PREFADE-S,NAS100_TRAIN,2009-05-14,8.938326240665674
PREFADE-S,NAS100_TRAIN,2009-05-18,6.179865240171694
PREFADE-S,NAS100_TRAIN,2009-05-19,4.0144176088949735
PREFADE-S,NAS100_TRAIN,2009-05-21,-6.32150133735604
PREFADE-S,NAS100_TRAIN,2009-05-27,-3.782662906381802
PREFADE-S,NAS100_TRAIN,2009-06-02,5.0
PREFADE-S,NAS100_TRAIN,2009-06-03,5.702446026589996
PREFADE-S,NAS100_TRAIN,2009-06-05,-3.7122146101332874
PREFADE-S,NAS100_TRAIN,2009-06-09,4.325687317995744
PREFADE-S,NAS100_TRAIN,2009-06-11,0.43178321739765124
PREFADE-S,NAS100_TRAIN,2009-06-12,-5.728921587981404
PREFADE-S,NAS100_TRAIN,2009-06-16,4.014395310393411
PREFADE-S,NAS100_TRAIN,2009-06-19,-9.029003618273464
PREFADE-S,NAS100_TRAIN,2009-06-24,-7.3619751136809555
PREFADE-S,NAS100_TRAIN,2009-06-25,4.168510261019264
PREFADE-S,NAS100_TRAIN,2009-06-26,6.136210996258342
PREFADE-S,NAS100_TRAIN,2009-06-29,5.8173003572626385
PREFADE-S,NAS100_TRAIN,2009-07-02,-3.3554212354547417
PREFADE-S,NAS100_TRAIN,2009-07-08,2.7437549651938298
PREFADE-S,NAS100_TRAIN,2009-07-09,2.4008055023987254
PREFADE-S,NAS100_TRAIN,2009-07-13,5.895319457125879
PREFADE-S,NAS100_TRAIN,2009-07-14,10.048795756578329
PREFADE-S,NAS100_TRAIN,2009-07-16,4.7000000000000455
PREFADE-S,NAS100_TRAIN,2009-07-21,0.42656651198103646
PREFADE-S,NAS100_TRAIN,2009-07-23,4.381965035325948
PREFADE-S,NAS100_TRAIN,2009-07-28,0.8411604025095585
PREFADE-S,NAS100_TRAIN,2009-07-30,-8.679738627544111
PREFADE-S,NAS100_TRAIN,2009-07-31,5.914029280107343
PREFADE-S,NAS100_TRAIN,2009-08-06,3.3198233086743585
PREFADE-S,NAS100_TRAIN,2009-08-07,-4.906627135354256
PREFADE-S,NAS100_TRAIN,2009-08-10,3.7761157074912717
PREFADE-S,NAS100_TRAIN,2009-08-11,-6.964011148138525
PREFADE-S,NAS100_TRAIN,2009-08-14,-14.522754798822234
PREFADE-S,NAS100_TRAIN,2009-08-20,4.115712425373204
PREFADE-S,NAS100_TRAIN,2009-08-25,2.648204724357811
PREFADE-S,NAS100_TRAIN,2009-08-27,5.716161662848435
PREFADE-S,NAS100_TRAIN,2009-08-28,-9.359167982725467
PREFADE-S,NAS100_TRAIN,2009-09-03,5.323179756833497
PREFADE-S,NAS100_TRAIN,2009-09-04,4.221355090455745
PREFADE-S,NAS100_TRAIN,2009-09-09,3.7004052144022808
PREFADE-S,NAS100_TRAIN,2009-09-11,-3.621441291043766
PREFADE-S,NAS100_TRAIN,2009-09-15,-4.743873519067847
PREFADE-S,NAS100_TRAIN,2009-09-16,1.8634226142344232
PREFADE-S,NAS100_TRAIN,2009-09-17,3.370615656596101
PREFADE-S,NAS100_TRAIN,2009-09-18,-6.511469485022872
PREFADE-S,NAS100_TRAIN,2009-09-24,4.803202845247142
PREFADE-S,NAS100_TRAIN,2009-09-25,5.034972856066815
PREFADE-S,NAS100_TRAIN,2009-09-30,4.523641453045002
PREFADE-S,NAS100_TRAIN,2009-10-01,2.9027980352823306
PREFADE-S,NAS100_TRAIN,2009-10-02,-4.673064671961356
PREFADE-S,NAS100_TRAIN,2009-10-07,3.7364834119493935
PREFADE-S,NAS100_TRAIN,2009-10-08,4.704895276974639
PREFADE-S,NAS100_TRAIN,2009-10-09,3.652187646233415
PREFADE-S,NAS100_TRAIN,2009-10-15,5.555018258616883
PREFADE-S,NAS100_TRAIN,2009-10-16,-11.597358264268678
PREFADE-S,NAS100_TRAIN,2009-10-21,7.025206776082996
PREFADE-S,NAS100_TRAIN,2009-10-22,3.520006259453112
PREFADE-S,NAS100_TRAIN,2009-10-23,-3.9002682561624624
PREFADE-S,NAS100_TRAIN,2009-10-28,12.087083775574229
PREFADE-S,NAS100_TRAIN,2009-10-29,-6.127650143651181
PREFADE-S,NAS100_TRAIN,2009-10-30,2.9179606334023447
PREFADE-S,NAS100_TRAIN,2009-11-04,2.0671070795863216
PREFADE-S,NAS100_TRAIN,2009-11-05,-18.066742838804203
PREFADE-S,NAS100_TRAIN,2009-11-06,-9.488272515143308
PREFADE-S,NAS100_TRAIN,2009-11-18,-4.856358529699037
PREFADE-S,NAS100_TRAIN,2009-11-24,4.590960005231182
PREFADE-S,NAS100_TRAIN,2009-12-04,-9.166639413076155
PREFADE-S,NAS100_TRAIN,2009-12-08,7.525972619666618
PREFADE-S,NAS100_TRAIN,2009-12-10,6.868131110790728
PREFADE-S,NAS100_TRAIN,2009-12-15,1.8786410592520042
PREFADE-S,NAS100_TRAIN,2009-12-18,3.231623564143092
PREFADE-S,NAS100_TRAIN,2009-12-31,1.6532345635550882
PREFADE-S,NAS100_TRAIN,2010-01-04,-2.7999999999999545
PREFADE-S,NAS100_TRAIN,2010-01-05,2.5648656012212996
PREFADE-S,NAS100_TRAIN,2010-01-06,-3.5
PREFADE-S,NAS100_TRAIN,2010-01-08,1.0890135628837925
PREFADE-S,NAS100_TRAIN,2010-01-11,-4.664159487055485
PREFADE-S,NAS100_TRAIN,2010-01-13,3.6822016936760065
PREFADE-S,NAS100_TRAIN,2010-01-14,3.6069596583474777
PREFADE-S,NAS100_TRAIN,2010-01-19,7.508398105690503
PREFADE-S,NAS100_TRAIN,2010-01-28,-7.691855059714271
PREFADE-S,NAS100_TRAIN,2010-01-29,3.0194490734763804
PREFADE-S,NAS100_TRAIN,2010-02-03,6.25878853810309
PREFADE-S,NAS100_TRAIN,2010-02-05,5.789456374624251
PREFADE-S,NAS100_TRAIN,2010-02-08,6.536548743199319
PREFADE-S,NAS100_TRAIN,2010-02-11,-6.080705755392273
PREFADE-S,NAS100_TRAIN,2010-02-12,6.418289909362784
PREFADE-S,NAS100_TRAIN,2010-02-17,1.4798985583806825
PREFADE-S,NAS100_TRAIN,2010-02-19,-9.25691889726727
PREFADE-S,NAS100_TRAIN,2010-02-22,2.779246870494717
PREFADE-S,NAS100_TRAIN,2010-02-24,-5.2203458024155225
PREFADE-S,NAS100_TRAIN,2010-02-25,-9.080744101434675
PREFADE-S,NAS100_TRAIN,2010-02-26,3.5965443423481247
PREFADE-S,NAS100_TRAIN,2010-03-01,3.992549075712077
PREFADE-S,NAS100_TRAIN,2010-03-02,1.830008503403178
PREFADE-S,NAS100_TRAIN,2010-03-03,3.9457742481415607
PREFADE-S,NAS100_TRAIN,2010-03-04,3.4731135661645567
PREFADE-S,NAS100_TRAIN,2010-03-05,-4.541415046038082
PREFADE-S,NAS100_TRAIN,2010-03-11,1.7481284171683455
PREFADE-S,NAS100_TRAIN,2010-03-12,-3.8762840430372307
PREFADE-S,NAS100_TRAIN,2010-03-16,4.767405584446351
PREFADE-S,NAS100_TRAIN,2010-03-18,2.762986461747687
PREFADE-S,NAS100_TRAIN,2010-03-19,0.5439490913420286
PREFADE-S,NAS100_TRAIN,2010-03-23,2.842742704557395
PREFADE-S,NAS100_TRAIN,2010-03-25,0.40114628045807876
PREFADE-S,NAS100_TRAIN,2010-03-31,-3.800000000000182
PREFADE-S,NAS100_TRAIN,2010-04-02,-3.9353337969098448
PREFADE-S,NAS100_TRAIN,2010-04-05,3.0
PREFADE-S,NAS100_TRAIN,2010-04-06,1.9983871835961509
PREFADE-S,NAS100_TRAIN,2010-04-07,3.9442213528398042
PREFADE-S,NAS100_TRAIN,2010-04-12,4.819095429425033
PREFADE-S,NAS100_TRAIN,2010-04-13,1.6542740188176595
PREFADE-S,NAS100_TRAIN,2010-04-14,-2.698270581036013
PREFADE-S,NAS100_TRAIN,2010-04-23,6.542176259040389
PREFADE-S,NAS100_TRAIN,2010-04-28,8.093324901376263
PREFADE-S,NAS100_TRAIN,2010-04-29,-7.455690563514281
PREFADE-S,NAS100_TRAIN,2010-05-04,-10.773585008691498
PREFADE-S,NAS100_TRAIN,2010-05-05,-6.6546211498950925
PREFADE-S,NAS100_TRAIN,2010-05-06,4.674099044799732
PREFADE-S,NAS100_TRAIN,2010-05-12,-16.43505784109766
PREFADE-S,NAS100_TRAIN,2010-05-13,6.4461932928893475
PREFADE-S,NAS100_TRAIN,2010-05-14,-15.113099400561396
PREFADE-S,NAS100_TRAIN,2010-05-20,-6.7999999999999545
PREFADE-S,NAS100_TRAIN,2010-05-21,14.718403547330354
PREFADE-S,NAS100_TRAIN,2010-05-24,-14.849910693640595
PREFADE-S,NAS100_TRAIN,2010-05-26,8.36457124149706
PREFADE-S,NAS100_TRAIN,2010-05-28,5.237849045929806
PREFADE-S,NAS100_TRAIN,2010-06-02,6.443186258428341
PREFADE-S,NAS100_TRAIN,2010-06-04,-14.951818030183176
PREFADE-S,NAS100_TRAIN,2010-06-09,-9.020586039801628
PREFADE-S,NAS100_TRAIN,2010-06-11,6.035701502796201
PREFADE-S,NAS100_TRAIN,2010-06-14,-6.762071491210463
PREFADE-S,NAS100_TRAIN,2010-06-16,2.7001251536205473
PREFADE-S,NAS100_TRAIN,2010-06-18,7.383740426124177
PREFADE-S,NAS100_TRAIN,2010-06-23,4.5
PREFADE-S,NAS100_TRAIN,2010-06-28,4.5540404977396065
PREFADE-S,NAS100_TRAIN,2010-06-30,3.2537783486502576
PREFADE-S,NAS100_TRAIN,2010-07-01,-9.199999999999818
PREFADE-S,NAS100_TRAIN,2010-07-02,19.45419567743329
PREFADE-S,NAS100_TRAIN,2010-07-07,-1.517038889088326
PREFADE-S,NAS100_TRAIN,2010-07-08,1.5346386663788962
PREFADE-S,NAS100_TRAIN,2010-07-09,3.1973585416410515
PREFADE-S,NAS100_TRAIN,2010-07-12,-7.392830481798228
PREFADE-S,NAS100_TRAIN,2010-07-14,-7.356629045989621
PREFADE-S,NAS100_TRAIN,2010-07-15,1.7312140774972704
PREFADE-S,NAS100_TRAIN,2010-07-20,3.246065908941091
PREFADE-S,NAS100_TRAIN,2010-07-21,-0.16164738359020703
PREFADE-S,NAS100_TRAIN,2010-07-23,4.597752038624776
PREFADE-S,NAS100_TRAIN,2010-07-26,4.961247271312004
PREFADE-S,NAS100_TRAIN,2010-07-28,4.5
PREFADE-S,NAS100_TRAIN,2010-07-29,3.752348851971419
PREFADE-S,NAS100_TRAIN,2010-07-30,-6.8386204429446025
PREFADE-S,NAS100_TRAIN,2010-08-03,3.491695974688355
PREFADE-S,NAS100_TRAIN,2010-08-04,-7.301666506948322
PREFADE-S,NAS100_TRAIN,2010-08-05,2.897212049890868
PREFADE-S,NAS100_TRAIN,2010-08-06,-6.577378143240821
PREFADE-S,NAS100_TRAIN,2010-08-10,-8.048612346799473
PREFADE-S,NAS100_TRAIN,2010-08-12,6.2888769217427125
PREFADE-S,NAS100_TRAIN,2010-08-18,4.407995355819594
PREFADE-S,NAS100_TRAIN,2010-08-19,7.10477759746459
PREFADE-S,NAS100_TRAIN,2010-08-23,2.699017523386374
PREFADE-S,NAS100_TRAIN,2010-08-24,-11.58203387290564
PREFADE-S,NAS100_TRAIN,2010-08-25,3.3299086775409705
PREFADE-S,NAS100_TRAIN,2010-08-26,6.924510185787085
PREFADE-S,NAS100_TRAIN,2010-08-27,5.528259457011927
PREFADE-S,NAS100_TRAIN,2010-08-30,3.9068556523393454
PREFADE-S,NAS100_TRAIN,2010-09-02,3.463279411282656
PREFADE-S,NAS100_TRAIN,2010-09-03,-5.263480690735605
PREFADE-S,NAS100_TRAIN,2010-09-06,2.424070824109549
PREFADE-S,NAS100_TRAIN,2010-09-07,7.050710543551304
PREFADE-S,NAS100_TRAIN,2010-09-08,-10.814027519105139
PREFADE-S,NAS100_TRAIN,2010-09-09,3.168149645659696
PREFADE-S,NAS100_TRAIN,2010-09-15,5.5
PREFADE-S,NAS100_TRAIN,2010-09-16,2.0
PREFADE-S,NAS100_TRAIN,2010-09-17,6.60074070726705
PREFADE-S,NAS100_TRAIN,2010-09-21,4.219804786958775
PREFADE-S,NAS100_TRAIN,2010-09-23,8.277168395708259
PREFADE-S,NAS100_TRAIN,2010-09-24,-8.428953154893179
PREFADE-S,NAS100_TRAIN,2010-09-30,-6.167008107063566
PREFADE-S,NAS100_TRAIN,2010-10-01,3.9490673549146322
PREFADE-S,NAS100_TRAIN,2010-10-05,-23.359590631849187
PREFADE-S,NAS100_TRAIN,2010-10-06,2.1922149355284546
PREFADE-S,NAS100_TRAIN,2010-10-07,-4.96794092975324
PREFADE-S,NAS100_TRAIN,2010-10-08,10.201914966259437
PREFADE-S,NAS100_TRAIN,2010-10-12,7.051529251973761
PREFADE-S,NAS100_TRAIN,2010-10-14,-6.642382024243489
PREFADE-S,NAS100_TRAIN,2010-10-15,8.365640708765568
PREFADE-S,NAS100_TRAIN,2010-10-18,5.00614380313209
PREFADE-S,NAS100_TRAIN,2010-10-19,4.4367025541369
PREFADE-S,NAS100_TRAIN,2010-10-22,3.2629412015107846
PREFADE-S,NAS100_TRAIN,2010-10-26,-4.369730825766965
PREFADE-S,NAS100_TRAIN,2010-10-28,0.1708121187616598
PREFADE-S,NAS100_TRAIN,2010-10-29,-6.442995539548065
PREFADE-S,NAS100_TRAIN,2010-11-01,3.069018390684505
PREFADE-S,NAS100_TRAIN,2010-11-02,-6.775197182932516
PREFADE-S,NAS100_TRAIN,2010-11-05,8.273029487411804
PREFADE-S,NAS100_TRAIN,2010-11-10,4.610325778742208
PREFADE-S,NAS100_TRAIN,2010-11-11,-7.467134413385338
PREFADE-S,NAS100_TRAIN,2010-11-15,3.330131261057886
PREFADE-S,NAS100_TRAIN,2010-11-19,5.891445680055767
PREFADE-S,NAS100_TRAIN,2010-11-22,3.6538818456619993
PREFADE-S,NAS100_TRAIN,2010-11-24,-9.182616890345344
PREFADE-S,NAS100_TRAIN,2010-11-29,-14.425548665822134
PREFADE-S,NAS100_TRAIN,2010-11-30,-10.01478116927683
PREFADE-S,NAS100_TRAIN,2010-12-02,7.086515190818318
PREFADE-S,NAS100_TRAIN,2010-12-03,-1.7787763432129395
PREFADE-S,NAS100_TRAIN,2010-12-08,2.65743212173129
PREFADE-S,NAS100_TRAIN,2010-12-10,2.800000000000182
PREFADE-S,NAS100_TRAIN,2010-12-17,2.1592593100222075
PREFADE-S,NAS100_TRAIN,2010-12-22,-1.8977455058538908
PREFADE-S,NAS100_TRAIN,2010-12-23,2.7698485518944835
PREFADE-S,NAS100_TRAIN,2010-12-28,2.200000000000273
PREFADE-S,NAS100_TRAIN,2010-12-30,2.382991908571512
PREFADE-S,NAS100_TRAIN,2010-12-31,-4.4302089944130785
PREFADE-S,NAS100_TRAIN,2011-01-03,-12.208501469766816
PREFADE-S,NAS100_TRAIN,2011-01-04,2.7265997333133782
PREFADE-S,NAS100_TRAIN,2011-01-07,6.025836450456154
PREFADE-S,NAS100_TRAIN,2011-01-11,5.716134091427193
PREFADE-S,NAS100_TRAIN,2011-01-13,5.129553977987598
PREFADE-S,NAS100_TRAIN,2011-01-14,3.5
PREFADE-S,NAS100_TRAIN,2011-01-17,-5.0521218149874585
PREFADE-S,NAS100_TRAIN,2011-01-19,3.2830175522121863
PREFADE-S,NAS100_TRAIN,2011-01-20,3.613226078779917
PREFADE-S,NAS100_TRAIN,2011-01-21,3.8009920839072038
PREFADE-S,NAS100_TRAIN,2011-01-27,4.371062975723817
PREFADE-S,NAS100_TRAIN,2011-01-28,2.544199840082456
PREFADE-S,NAS100_TRAIN,2011-02-01,-6.953096862700022
PREFADE-S,NAS100_TRAIN,2011-02-02,-3.1437914637836
PREFADE-S,NAS100_TRAIN,2011-02-03,4.641846947185968
PREFADE-S,NAS100_TRAIN,2011-02-04,-1.513204441439484
PREFADE-S,NAS100_TRAIN,2011-02-11,3.834038489271279
PREFADE-S,NAS100_TRAIN,2011-02-15,3.4267086423678847
PREFADE-S,NAS100_TRAIN,2011-02-17,-2.5923752579124084
PREFADE-S,NAS100_TRAIN,2011-02-18,2.841346832995441
PREFADE-S,NAS100_TRAIN,2011-02-21,-6.517329633536065
PREFADE-S,NAS100_TRAIN,2011-02-23,6.783739835847882
PREFADE-S,NAS100_TRAIN,2011-02-24,6.893715329372299
PREFADE-S,NAS100_TRAIN,2011-03-04,6.266176588181224
PREFADE-S,NAS100_TRAIN,2011-03-08,-7.526176581636264
PREFADE-S,NAS100_TRAIN,2011-03-09,-7.12288671074657
PREFADE-S,NAS100_TRAIN,2011-03-16,8.74002426036077
PREFADE-S,NAS100_TRAIN,2011-03-22,5.221409711061824
PREFADE-S,NAS100_TRAIN,2011-03-24,7.666148159581098
PREFADE-S,NAS100_TRAIN,2011-03-25,1.5191308737635154
PREFADE-S,NAS100_TRAIN,2011-04-01,3.153829092228534
PREFADE-S,NAS100_TRAIN,2011-04-07,0.546871673874648
PREFADE-S,NAS100_TRAIN,2011-04-08,3.0105178479107053
PREFADE-S,NAS100_TRAIN,2011-04-11,4.3030774461281
PREFADE-S,NAS100_TRAIN,2011-04-15,5.035009350339351
PREFADE-S,NAS100_TRAIN,2011-04-18,-11.722767221307095
PREFADE-S,NAS100_TRAIN,2011-04-19,4.318314751726575
PREFADE-S,NAS100_TRAIN,2011-04-28,4.477438138535945
PREFADE-S,NAS100_TRAIN,2011-04-29,2.8274827756667946
PREFADE-S,NAS100_TRAIN,2011-05-05,11.145251325034678
PREFADE-S,NAS100_TRAIN,2011-05-06,5.2458888673313595
PREFADE-S,NAS100_TRAIN,2011-05-09,4.644346741620666
PREFADE-S,NAS100_TRAIN,2011-05-11,-0.40602960482237904
PREFADE-S,NAS100_TRAIN,2011-05-13,-8.527425117883922
PREFADE-S,NAS100_TRAIN,2011-05-17,4.465146988548895
PREFADE-S,NAS100_TRAIN,2011-05-18,2.7461970885847222
PREFADE-S,NAS100_TRAIN,2011-05-19,5.652448208571059
PREFADE-S,NAS100_TRAIN,2011-05-20,4.694983127652449
PREFADE-S,NAS100_TRAIN,2011-05-24,3.5830519400683443
PREFADE-S,NAS100_TRAIN,2011-05-26,3.816835376135714
PREFADE-S,NAS100_TRAIN,2011-06-01,6.728839093950683
PREFADE-S,NAS100_TRAIN,2011-06-03,6.1933058103250005
PREFADE-S,NAS100_TRAIN,2011-06-10,4.921283408765703
PREFADE-S,NAS100_TRAIN,2011-06-13,3.1322124527864617
PREFADE-S,NAS100_TRAIN,2011-06-15,0.6056640076767508
PREFADE-S,NAS100_TRAIN,2011-06-16,7.5
PREFADE-S,NAS100_TRAIN,2011-06-23,-5.38685797786502
PREFADE-S,NAS100_TRAIN,2011-06-24,6.241172810340231
PREFADE-S,NAS100_TRAIN,2011-06-28,6.613954452955113
PREFADE-S,NAS100_TRAIN,2011-07-05,2.3918341608796254
PREFADE-S,NAS100_TRAIN,2011-07-07,-6.747623638990262
PREFADE-S,NAS100_TRAIN,2011-07-08,5.726406148508431
PREFADE-S,NAS100_TRAIN,2011-07-11,5.246587434283356
PREFADE-S,NAS100_TRAIN,2011-07-12,9.32648957866104
PREFADE-S,NAS100_TRAIN,2011-07-15,5.972857609501716
PREFADE-S,NAS100_TRAIN,2011-07-21,4.022295500745713
PREFADE-S,NAS100_TRAIN,2011-07-22,-3.8912628939156093
PREFADE-S,NAS100_TRAIN,2011-07-27,-4.810199588670002
PREFADE-S,NAS100_TRAIN,2011-07-28,7.656998018888771
PREFADE-S,NAS100_TRAIN,2011-07-29,4.40403213620948
PREFADE-S,NAS100_TRAIN,2011-08-01,5.74411575314025
PREFADE-S,NAS100_TRAIN,2011-08-02,8.764643236499523
PREFADE-S,NAS100_TRAIN,2011-08-05,23.787021452829777
PREFADE-S,NAS100_TRAIN,2011-08-10,-19.264001664525495
PREFADE-S,NAS100_TRAIN,2011-08-11,12.747426067919605
PREFADE-S,NAS100_TRAIN,2011-08-12,14.748270363881147
PREFADE-S,NAS100_TRAIN,2011-08-15,5.4963378652687425
PREFADE-S,NAS100_TRAIN,2011-08-24,-12.612058563605387
PREFADE-S,NAS100_TRAIN,2011-08-25,-16.059574082144536
PREFADE-S,NAS100_TRAIN,2011-08-26,3.04239485995231
PREFADE-S,NAS100_TRAIN,2011-08-30,4.936645245264117
PREFADE-S,NAS100_TRAIN,2011-09-02,-6.5
PREFADE-S,NAS100_TRAIN,2011-09-07,-11.0
PREFADE-S,NAS100_TRAIN,2011-09-08,8.514168190821692
PREFADE-S,NAS100_TRAIN,2011-09-09,2.5917995387712836
PREFADE-S,NAS100_TRAIN,2011-09-12,16.066834237200965
PREFADE-S,NAS100_TRAIN,2011-09-15,9.238885645479058
PREFADE-S,NAS100_TRAIN,2011-09-16,-10.763795272574043
PREFADE-S,NAS100_TRAIN,2011-09-21,-8.749408406562452
PREFADE-S,NAS100_TRAIN,2011-09-27,12.715263908482939
PREFADE-S,NAS100_TRAIN,2011-09-29,17.05055772091191
PREFADE-S,NAS100_TRAIN,2011-10-04,10.12292117739753
PREFADE-S,NAS100_TRAIN,2011-10-07,6.994014403657275
PREFADE-S,NAS100_TRAIN,2011-10-11,3.3794393525668056
PREFADE-S,NAS100_TRAIN,2011-10-14,4.591112865073683
PREFADE-S,NAS100_TRAIN,2011-10-17,-16.0
PREFADE-S,NAS100_TRAIN,2011-10-18,14.256544559827034
PREFADE-S,NAS100_TRAIN,2011-10-26,-9.438605310121602
PREFADE-S,NAS100_TRAIN,2011-10-28,6.304490310321398
PREFADE-S,NAS100_TRAIN,2011-11-01,3.7337800765631073
PREFADE-S,NAS100_TRAIN,2011-11-04,-2.198857360673628
PREFADE-S,NAS100_TRAIN,2011-11-11,-13.7315636958092
PREFADE-S,NAS100_TRAIN,2011-11-22,8.293548571094107
PREFADE-S,NAS100_TRAIN,2011-11-24,-11.966486866896503
PREFADE-S,NAS100_TRAIN,2011-11-25,-13.305264705168156
PREFADE-S,NAS100_TRAIN,2011-11-30,-35.49610817475741
PREFADE-S,NAS100_TRAIN,2011-12-05,8.402984924643533
PREFADE-S,NAS100_TRAIN,2011-12-07,-12.996277972023563
PREFADE-S,NAS100_TRAIN,2011-12-08,-2.2962509289727677
PREFADE-S,NAS100_TRAIN,2011-12-12,-17.05907072292257
PREFADE-S,NAS100_TRAIN,2011-12-13,2.9249952043805933
PREFADE-S,NAS100_TRAIN,2011-12-15,11.634796592479688
PREFADE-S,NAS100_TRAIN,2011-12-16,4.022630129500158
PREFADE-S,NAS100_TRAIN,2011-12-20,-12.53498800072839
PREFADE-S,NAS100_TRAIN,2011-12-21,-16.042252582546098
PREFADE-S,NAS100_TRAIN,2011-12-30,5.551700947629342
PREFADE-S,NAS100_TRAIN,2012-01-03,-1.2040662538420293
PREFADE-S,NAS100_TRAIN,2012-01-06,6.611324775580215
PREFADE-S,NAS100_TRAIN,2012-01-13,-6.007255265019012
PREFADE-S,NAS100_TRAIN,2012-01-16,-7.5
PREFADE-S,NAS100_TRAIN,2012-01-19,-7.5
PREFADE-S,NAS100_TRAIN,2012-01-20,3.3668229949471424
PREFADE-S,NAS100_TRAIN,2012-01-24,4.649434499704057
PREFADE-S,NAS100_TRAIN,2012-01-26,4.721378145098697
PREFADE-S,NAS100_TRAIN,2012-01-27,6.698125478282691
PREFADE-S,NAS100_TRAIN,2012-02-03,-10.0
PREFADE-S,NAS100_TRAIN,2012-02-07,7.922962703230496
PREFADE-S,NAS100_TRAIN,2012-02-09,-7.1540275096399455
PREFADE-S,NAS100_TRAIN,2012-02-16,3.480331626626139
PREFADE-S,NAS100_TRAIN,2012-02-17,-3.286407617390978
PREFADE-S,NAS100_TRAIN,2012-02-20,6.699999999999818
PREFADE-S,NAS100_TRAIN,2012-02-24,1.4466123609208807
PREFADE-S,NAS100_TRAIN,2012-02-29,2.5676072627898066
PREFADE-S,NAS100_TRAIN,2012-03-05,-4.743767824426413
PREFADE-S,NAS100_TRAIN,2012-03-07,3.3477558906929517
PREFADE-S,NAS100_TRAIN,2012-03-09,-1.955034356491069
PREFADE-S,NAS100_TRAIN,2012-03-12,-1.8010083792846672
PREFADE-S,NAS100_TRAIN,2012-03-16,5.165836326972567
PREFADE-S,NAS100_TRAIN,2012-03-19,8.529819797824985
PREFADE-S,NAS100_TRAIN,2012-03-21,4.415742237524682
PREFADE-S,NAS100_TRAIN,2012-03-26,-9.0
PREFADE-S,NAS100_TRAIN,2012-03-27,5.5
PREFADE-S,NAS100_TRAIN,2012-03-29,6.966789278446868
PREFADE-S,NAS100_TRAIN,2012-04-03,-4.473934540111259
PREFADE-S,NAS100_TRAIN,2012-04-06,-13.524773916109552
PREFADE-S,NAS100_TRAIN,2012-04-12,7.6030643019526
PREFADE-S,NAS100_TRAIN,2012-04-16,8.011931788144466
PREFADE-S,NAS100_TRAIN,2012-04-19,16.520478947322772
PREFADE-S,NAS100_TRAIN,2012-04-20,6.76106868632678
PREFADE-S,NAS100_TRAIN,2012-04-24,-8.053685133511408
PREFADE-S,NAS100_TRAIN,2012-04-27,4.611361135434436
PREFADE-S,NAS100_TRAIN,2012-04-30,-3.800000000000182
PREFADE-S,NAS100_TRAIN,2012-05-01,8.126105614911467
PREFADE-S,NAS100_TRAIN,2012-05-02,6.876503160791344
PREFADE-S,NAS100_TRAIN,2012-05-03,11.235012109837044
PREFADE-S,NAS100_TRAIN,2012-05-04,-16.227666507389586
PREFADE-S,NAS100_TRAIN,2012-05-07,-13.759042410867096
PREFADE-S,NAS100_TRAIN,2012-05-09,8.281123945448144
PREFADE-S,NAS100_TRAIN,2012-05-10,7.35900289042047
PREFADE-S,NAS100_TRAIN,2012-05-11,11.932543885212453
PREFADE-S,NAS100_TRAIN,2012-05-15,8.670397291691643
PREFADE-S,NAS100_TRAIN,2012-05-16,7.304789873707705
PREFADE-S,NAS100_TRAIN,2012-05-22,4.34200189983585
PREFADE-S,NAS100_TRAIN,2012-05-23,9.23859118107248
PREFADE-S,NAS100_TRAIN,2012-05-28,7.348494609709633
PREFADE-S,NAS100_TRAIN,2012-06-01,-20.29928267950436
PREFADE-S,NAS100_TRAIN,2012-06-04,14.27379763482486
PREFADE-S,NAS100_TRAIN,2012-06-07,7.818190298654372
PREFADE-S,NAS100_TRAIN,2012-06-11,-18.770931472913617
PREFADE-S,NAS100_TRAIN,2012-06-13,9.847615039678658
PREFADE-S,NAS100_TRAIN,2012-06-14,6.617522685221957
PREFADE-S,NAS100_TRAIN,2012-06-18,10.937471378789269
PREFADE-S,NAS100_TRAIN,2012-06-19,-6.60650679839182
PREFADE-S,NAS100_TRAIN,2012-06-21,6.023545819574338
PREFADE-S,NAS100_TRAIN,2012-06-22,4.0486973452516395
PREFADE-S,NAS100_TRAIN,2012-06-25,-11.591108061351406
PREFADE-S,NAS100_TRAIN,2012-06-26,3.800000000000182
PREFADE-S,NAS100_TRAIN,2012-06-27,-0.9938072674649447
PREFADE-S,NAS100_TRAIN,2012-07-03,2.771575572814072
PREFADE-S,NAS100_TRAIN,2012-07-06,-4.342156379996595
PREFADE-S,NAS100_TRAIN,2012-07-09,-5.692172414420838
PREFADE-S,NAS100_TRAIN,2012-07-11,-7.747654835311096
PREFADE-S,NAS100_TRAIN,2012-07-16,2.748670999365004
PREFADE-S,NAS100_TRAIN,2012-07-18,5.251775260319391
PREFADE-S,NAS100_TRAIN,2012-07-19,-4.259333151699138
PREFADE-S,NAS100_TRAIN,2012-07-20,3.7634038503515512
PREFADE-S,NAS100_TRAIN,2012-07-23,-23.031577827883666
PREFADE-S,NAS100_TRAIN,2012-07-24,5.984311525475732
PREFADE-S,NAS100_TRAIN,2012-07-25,-13.560337373820857
PREFADE-S,NAS100_TRAIN,2012-07-27,-10.923672502632598
PREFADE-S,NAS100_TRAIN,2012-07-30,-5.912289361038347
PREFADE-S,NAS100_TRAIN,2012-07-31,4.678010842008916
PREFADE-S,NAS100_TRAIN,2012-08-01,9.977541707206456
PREFADE-S,NAS100_TRAIN,2012-08-02,-22.607244120503765
PREFADE-S,NAS100_TRAIN,2012-08-03,-26.76004041962551
PREFADE-S,NAS100_TRAIN,2012-08-06,5.05277821988102
PREFADE-S,NAS100_TRAIN,2012-08-08,3.0502385178660916
PREFADE-S,NAS100_TRAIN,2012-08-09,6.817259164259212
PREFADE-S,NAS100_TRAIN,2012-08-14,4.06054698973503
PREFADE-S,NAS100_TRAIN,2012-08-15,-0.40840169339708154
PREFADE-S,NAS100_TRAIN,2012-08-16,4.937803807122691
PREFADE-S,NAS100_TRAIN,2012-08-17,-4.221251242821836
PREFADE-S,NAS100_TRAIN,2012-08-20,2.607470301070407
PREFADE-S,NAS100_TRAIN,2012-08-21,-6.790007969275393
PREFADE-S,NAS100_TRAIN,2012-08-22,2.915277844951106
PREFADE-S,NAS100_TRAIN,2012-08-23,-6.523794733512659
PREFADE-S,NAS100_TRAIN,2012-08-24,-1.2024512205839528
PREFADE-S,NAS100_TRAIN,2012-08-29,2.514875088790177
PREFADE-S,NAS100_TRAIN,2012-08-30,-5.1121636792968275
PREFADE-S,NAS100_TRAIN,2012-08-31,12.24652118470749
PREFADE-S,NAS100_TRAIN,2012-09-04,-7.77086918069881
PREFADE-S,NAS100_TRAIN,2012-09-07,12.724328910982877
PREFADE-S,NAS100_TRAIN,2012-09-13,-0.599999999999909
PREFADE-S,NAS100_TRAIN,2012-09-17,4.342235427955075
PREFADE-S,NAS100_TRAIN,2012-09-21,-3.76955105227853
PREFADE-S,NAS100_TRAIN,2012-09-24,3.618214362777053
PREFADE-S,NAS100_TRAIN,2012-09-25,4.766979235203507
PREFADE-S,NAS100_TRAIN,2012-09-26,-6.079398240372029
PREFADE-S,NAS100_TRAIN,2012-09-28,4.5762276874847885
PREFADE-S,NAS100_TRAIN,2012-10-03,2.8522788541599766
PREFADE-S,NAS100_TRAIN,2012-10-05,1.952080709706479
PREFADE-S,NAS100_TRAIN,2012-10-10,4.986125655230808
PREFADE-S,NAS100_TRAIN,2012-10-11,3.9704158062663737
PREFADE-S,NAS100_TRAIN,2012-10-16,-5.728228038050929
PREFADE-S,NAS100_TRAIN,2012-10-17,4.926632368665196
PREFADE-S,NAS100_TRAIN,2012-10-18,-6.599999999999909
PREFADE-S,NAS100_TRAIN,2012-10-24,5.577980161756841
PREFADE-S,NAS100_TRAIN,2012-10-26,4.9536636288780755
PREFADE-S,NAS100_TRAIN,2012-10-29,8.199999999999818
PREFADE-S,NAS100_TRAIN,2012-11-02,3.028386725232849
PREFADE-S,NAS100_TRAIN,2012-11-05,-1.6453724712800977
PREFADE-S,NAS100_TRAIN,2012-11-07,-21.162729358195065
PREFADE-S,NAS100_TRAIN,2012-11-09,-11.0
PREFADE-S,NAS100_TRAIN,2012-11-12,4.08422253554545
PREFADE-S,NAS100_TRAIN,2012-11-13,5.632188747378223
PREFADE-S,NAS100_TRAIN,2012-11-14,5.5
PREFADE-S,NAS100_TRAIN,2012-11-15,3.3824120816007053
PREFADE-S,NAS100_TRAIN,2012-11-16,5.563516141996388
PREFADE-S,NAS100_TRAIN,2012-11-19,-23.909526201595327
PREFADE-S,NAS100_TRAIN,2012-11-20,5.424253203959324
PREFADE-S,NAS100_TRAIN,2012-11-22,2.0
PREFADE-S,NAS100_TRAIN,2012-11-23,-5.362148853966573
PREFADE-S,NAS100_TRAIN,2012-11-26,2.199999999999818
PREFADE-S,NAS100_TRAIN,2012-11-27,1.637149239656992
PREFADE-S,NAS100_TRAIN,2012-11-28,-6.268388172419236
PREFADE-S,NAS100_TRAIN,2012-12-03,0.6847040044563073
PREFADE-S,NAS100_TRAIN,2012-12-06,-6.499413122417536
PREFADE-S,NAS100_TRAIN,2012-12-07,-8.190395269259625
PREFADE-S,NAS100_TRAIN,2012-12-11,-10.24235919069497
PREFADE-S,NAS100_TRAIN,2012-12-12,3.3309099780685756
PREFADE-S,NAS100_TRAIN,2012-12-13,3.453108541081292
PREFADE-S,NAS100_TRAIN,2012-12-14,-7.200000000000273
PREFADE-S,NAS100_TRAIN,2012-12-18,6.940976397702343
PREFADE-S,NAS100_TRAIN,2012-12-20,7.71473851744031
PREFADE-S,NAS100_TRAIN,2012-12-24,5.656255580099241
PREFADE-S,NAS100_TRAIN,2012-12-26,2.155555593839381
PREFADE-S,NAS100_TRAIN,2012-12-27,4.05850200666373
PREFADE-S,NAS100_TRAIN,2012-12-28,5.725072202231331
PREFADE-S,NAS100_TRAIN,2012-12-31,-15.107063275659584
PREFADE-S,NAS100_TRAIN,2013-01-02,-10.153240536279554
PREFADE-S,NAS100_TRAIN,2013-01-03,5.836021217794496
PREFADE-S,NAS100_TRAIN,2013-01-04,4.018225017307486
PREFADE-S,NAS100_TRAIN,2013-01-07,-4.088628164777674
PREFADE-S,NAS100_TRAIN,2013-01-08,4.438563619555225
PREFADE-S,NAS100_TRAIN,2013-01-10,-5.798122566067377
PREFADE-S,NAS100_TRAIN,2013-01-15,-6.607870193560302
PREFADE-S,NAS100_TRAIN,2013-01-16,4.1774273099731545
PREFADE-S,NAS100_TRAIN,2013-01-17,-10.083484093163861
PREFADE-S,NAS100_TRAIN,2013-01-28,-3.3657692319120542
PREFADE-S,NAS100_TRAIN,2013-01-29,5.6976439930381275
PREFADE-S,NAS100_TRAIN,2013-01-30,1.1398504154421971
PREFADE-S,NAS100_TRAIN,2013-01-31,2.2647170732607265
PREFADE-S,NAS100_TRAIN,2013-02-01,-0.7298811981440849
PREFADE-S,NAS100_TRAIN,2013-02-07,3.8657065533575405
PREFADE-S,NAS100_TRAIN,2013-02-08,-0.9654842622067008
PREFADE-S,NAS100_TRAIN,2013-02-12,3.4684262416012643
PREFADE-S,NAS100_TRAIN,2013-02-13,1.861773196732429
PREFADE-S,NAS100_TRAIN,2013-02-15,-4.117949387773024
PREFADE-S,NAS100_TRAIN,2013-02-18,-0.1999999999998181
PREFADE-S,NAS100_TRAIN,2013-02-19,-4.276023788590464
PREFADE-S,NAS100_TRAIN,2013-02-22,2.8327989620515837
PREFADE-S,NAS100_TRAIN,2013-02-27,-4.534809201871212
PREFADE-S,NAS100_TRAIN,2013-02-28,2.3701487149460263
PREFADE-S,NAS100_TRAIN,2013-03-01,-11.883440163448995
PREFADE-S,NAS100_TRAIN,2013-03-04,5.299999999999727
PREFADE-S,NAS100_TRAIN,2013-03-05,-6.5
PREFADE-S,NAS100_TRAIN,2013-03-07,3.5619407331714683
PREFADE-S,NAS100_TRAIN,2013-03-08,3.498993830615291
PREFADE-S,NAS100_TRAIN,2013-03-12,2.034204606511139
PREFADE-S,NAS100_TRAIN,2013-03-14,3.2980996633946233
PREFADE-S,NAS100_TRAIN,2013-03-15,3.1375900628290765
PREFADE-S,NAS100_TRAIN,2013-03-18,7.762870701881184
PREFADE-S,NAS100_TRAIN,2013-03-19,3.0027460519049782
PREFADE-S,NAS100_TRAIN,2013-03-21,-7.455362662634343
PREFADE-S,NAS100_TRAIN,2013-03-22,-7.840256636212416
PREFADE-S,NAS100_TRAIN,2013-03-26,2.030799682685938
PREFADE-S,NAS100_TRAIN,2013-03-27,5.5
PREFADE-S,NAS100_TRAIN,2013-04-01,3.671783037746536
PREFADE-S,NAS100_TRAIN,2013-04-03,1.6135088268079016
PREFADE-S,NAS100_TRAIN,2013-04-05,-9.969871315451655
PREFADE-S,NAS100_TRAIN,2013-04-09,2.8440483494809996
PREFADE-S,NAS100_TRAIN,2013-04-11,2.9332445690702116
PREFADE-S,NAS100_TRAIN,2013-04-12,3.941417453651866
PREFADE-S,NAS100_TRAIN,2013-04-16,1.2426073366741548
PREFADE-S,NAS100_TRAIN,2013-04-18,7.278275638556352
PREFADE-S,NAS100_TRAIN,2013-04-19,-2.375384182788366
PREFADE-S,NAS100_TRAIN,2013-04-22,5.0
PREFADE-S,NAS100_TRAIN,2013-04-23,-18.799999999999727
PREFADE-S,NAS100_TRAIN,2013-04-24,5.978088775982087
PREFADE-S,NAS100_TRAIN,2013-04-25,-10.381966803873183
PREFADE-S,NAS100_TRAIN,2013-04-26,4.68822829511555
PREFADE-S,NAS100_TRAIN,2013-04-30,3.28959580193532
PREFADE-S,NAS100_TRAIN,2013-05-01,2.5730567004043223
PREFADE-S,NAS100_TRAIN,2013-05-02,-9.034632571971997
PREFADE-S,NAS100_TRAIN,2013-05-03,-7.811533184131349
PREFADE-S,NAS100_TRAIN,2013-05-06,-4.260241795388538
PREFADE-S,NAS100_TRAIN,2013-05-07,2.80854599434997
PREFADE-S,NAS100_TRAIN,2013-05-08,2.606191493944152
PREFADE-S,NAS100_TRAIN,2013-05-09,5.8146028700293755
PREFADE-S,NAS100_TRAIN,2013-05-13,2.455748925230182
PREFADE-S,NAS100_TRAIN,2013-05-15,-3.799999999999727
PREFADE-S,NAS100_TRAIN,2013-05-16,2.9099625005951566
PREFADE-S,NAS100_TRAIN,2013-05-17,-3.9859415622800043
PREFADE-S,NAS100_TRAIN,2013-05-20,-3.6270960572674085
PREFADE-S,NAS100_TRAIN,2013-05-21,4.965262633115344
PREFADE-S,NAS100_TRAIN,2013-05-22,3.4995139663283226
PREFADE-S,NAS100_TRAIN,2013-05-24,9.994642717084389
PREFADE-S,NAS100_TRAIN,2013-05-28,4.9430337913072435
PREFADE-S,NAS100_TRAIN,2013-05-29,10.308311842101375
PREFADE-S,NAS100_TRAIN,2013-06-03,8.680549054017774
PREFADE-S,NAS100_TRAIN,2013-06-04,-5.904059934664929
PREFADE-S,NAS100_TRAIN,2013-06-05,5.971458187035751
PREFADE-S,NAS100_TRAIN,2013-06-06,-3.7724188703127766
PREFADE-S,NAS100_TRAIN,2013-06-07,-2.5753840464421955
PREFADE-S,NAS100_TRAIN,2013-06-13,-12.938048766508473
PREFADE-S,NAS100_TRAIN,2013-06-26,-6.599999999999909
PREFADE-S,NAS100_TRAIN,2013-06-27,-6.542287102019145
PREFADE-S,NAS100_TRAIN,2013-06-28,-8.656385296026201
PREFADE-S,NAS100_TRAIN,2013-07-02,4.039114724319461
PREFADE-S,NAS100_TRAIN,2013-07-04,-7.3173401392682536
PREFADE-S,NAS100_TRAIN,2013-07-05,-3.1540445151604217
PREFADE-S,NAS100_TRAIN,2013-07-16,-2.890166869782206
PREFADE-S,NAS100_TRAIN,2013-07-17,5.682088680205197
PREFADE-S,NAS100_TRAIN,2013-07-18,5.082522845818858
PREFADE-S,NAS100_TRAIN,2013-07-19,4.635047324412881
PREFADE-S,NAS100_TRAIN,2013-07-22,6.361075008885564
PREFADE-S,NAS100_TRAIN,2013-07-23,3.5980270881195793
PREFADE-S,NAS100_TRAIN,2013-07-26,8.921038171080454
PREFADE-S,NAS100_TRAIN,2013-07-30,4.431454986834069
PREFADE-S,NAS100_TRAIN,2013-08-01,-4.099999999999909
PREFADE-S,NAS100_TRAIN,2013-08-02,-3.449427916593777
PREFADE-S,NAS100_TRAIN,2013-08-05,2.954340852239511
PREFADE-S,NAS100_TRAIN,2013-08-08,3.6052547584517924
PREFADE-S,NAS100_TRAIN,2013-08-15,-6.696471276140073
PREFADE-S,NAS100_TRAIN,2013-08-19,3.283921473054761
PREFADE-S,NAS100_TRAIN,2013-08-23,-8.541216009212349
PREFADE-S,NAS100_TRAIN,2013-08-27,7.5
PREFADE-S,NAS100_TRAIN,2013-08-28,10.717320399640812
PREFADE-S,NAS100_TRAIN,2013-08-29,9.252767014963865
PREFADE-S,NAS100_TRAIN,2013-09-02,4.700000000000273
PREFADE-S,NAS100_TRAIN,2013-09-04,-8.054346557771623
PREFADE-S,NAS100_TRAIN,2013-09-05,7.474493459842961
PREFADE-S,NAS100_TRAIN,2013-09-06,-1.3965991905220108
PREFADE-S,NAS100_TRAIN,2013-09-10,8.412366929862856
PREFADE-S,NAS100_TRAIN,2013-09-11,-7.072825498123166
PREFADE-S,NAS100_TRAIN,2013-09-12,2.524481342724812
PREFADE-S,NAS100_TRAIN,2013-09-16,-5.590487094385935
PREFADE-S,NAS100_TRAIN,2013-09-17,-3.3629629210026906
PREFADE-S,NAS100_TRAIN,2013-09-19,3.245142659593512
PREFADE-S,NAS100_TRAIN,2013-09-20,5.599999999999909
PREFADE-S,NAS100_TRAIN,2013-09-23,11.309125187737209
PREFADE-S,NAS100_TRAIN,2013-09-24,1.9088848335291004
PREFADE-S,NAS100_TRAIN,2013-09-27,0.23991806744515998
PREFADE-S,NAS100_TRAIN,2013-09-30,-6.645785048459857
PREFADE-S,NAS100_TRAIN,2013-10-01,7.592634580118101
PREFADE-S,NAS100_TRAIN,2013-10-03,-7.394173207062067
PREFADE-S,NAS100_TRAIN,2013-10-08,6.053782457685429
PREFADE-S,NAS100_TRAIN,2013-10-09,-1.1505408725361121
PREFADE-S,NAS100_TRAIN,2013-10-15,8.97294869800271
PREFADE-S,NAS100_TRAIN,2013-10-17,5.037538763230259
PREFADE-S,NAS100_TRAIN,2013-10-18,-4.596200732097259
PREFADE-S,NAS100_TRAIN,2013-10-21,-4.80590530358586
PREFADE-S,NAS100_TRAIN,2013-10-22,-11.138480476583482
PREFADE-S,NAS100_TRAIN,2013-10-24,3.568203019566681
PREFADE-S,NAS100_TRAIN,2013-10-25,5.3723940739373575
PREFADE-S,NAS100_TRAIN,2013-10-28,3.3019885951703145
PREFADE-S,NAS100_TRAIN,2013-10-29,5.471627467914004
PREFADE-S,NAS100_TRAIN,2013-10-31,5.009007481475692
PREFADE-S,NAS100_TRAIN,2013-11-01,-4.01297872334635
PREFADE-S,NAS100_TRAIN,2013-11-04,6.62535026727528
PREFADE-S,NAS100_TRAIN,2013-11-07,4.948220611711349
PREFADE-S,NAS100_TRAIN,2013-11-08,9.475410864920832
PREFADE-S,NAS100_TRAIN,2013-11-11,3.653365721783757
PREFADE-S,NAS100_TRAIN,2013-11-13,3.6545956381564793
PREFADE-S,NAS100_TRAIN,2013-11-15,-5.0
PREFADE-S,NAS100_TRAIN,2013-11-18,4.898918639855765
PREFADE-S,NAS100_TRAIN,2013-11-20,-4.899999999999636
PREFADE-S,NAS100_TRAIN,2013-11-21,-13.401303994317914
PREFADE-S,NAS100_TRAIN,2013-11-22,-4.798374211469763
PREFADE-S,NAS100_TRAIN,2013-11-27,-4.5112991047535616
PREFADE-S,NAS100_TRAIN,2013-11-29,2.4240527677679893
PREFADE-S,NAS100_TRAIN,2013-12-02,3.0951909479799724
PREFADE-S,NAS100_TRAIN,2013-12-04,-6.5
PREFADE-S,NAS100_TRAIN,2013-12-05,6.743736547393837
PREFADE-S,NAS100_TRAIN,2013-12-06,-1.5125581492088713
PREFADE-S,NAS100_TRAIN,2013-12-09,-3.310078126008648
PREFADE-S,NAS100_TRAIN,2013-12-12,6.728574105445659
PREFADE-S,NAS100_TRAIN,2013-12-13,5.30851346366353
PREFADE-S,NAS100_TRAIN,2013-12-17,2.7062758884076175
PREFADE-S,NAS100_TRAIN,2013-12-19,-6.205546785433398
PREFADE-S,NAS100_TRAIN,2013-12-20,4.019314051879519
PREFADE-S,NAS100_TRAIN,2013-12-24,2.286476966070495
PREFADE-S,NAS100_TRAIN,2013-12-26,0.3861791657241156
PREFADE-S,NAS100_TRAIN,2013-12-27,2.739690544673522
PREFADE-S,NAS100_TRAIN,2013-12-30,-3.0
PREFADE-S,NAS100_TRAIN,2013-12-31,-2.0
PREFADE-S,NAS100_TRAIN,2014-01-03,8.777174261238542
PREFADE-S,NAS100_TRAIN,2014-01-08,3.1495935178272703
PREFADE-S,NAS100_TRAIN,2014-01-10,15.840077185396694
PREFADE-S,NAS100_TRAIN,2014-01-14,-7.153643573936279
PREFADE-S,NAS100_TRAIN,2014-01-16,2.770569398317548
PREFADE-S,NAS100_TRAIN,2014-01-20,-1.199999999999818
PREFADE-S,NAS100_TRAIN,2014-01-22,6.87949662696974
PREFADE-S,NAS100_TRAIN,2014-01-23,-13.928946767935486
PREFADE-S,NAS100_TRAIN,2014-01-29,12.010006147426338
PREFADE-S,NAS100_TRAIN,2014-01-30,-11.339943453123396
PREFADE-S,NAS100_TRAIN,2014-02-04,-6.8851881015962135
PREFADE-S,NAS100_TRAIN,2014-02-05,8.321572757323793
PREFADE-S,NAS100_TRAIN,2014-02-06,8.860684695883265
PREFADE-S,NAS100_TRAIN,2014-02-07,7.720190011860723
PREFADE-S,NAS100_TRAIN,2014-02-12,-8.295669012927647
PREFADE-S,NAS100_TRAIN,2014-02-13,8.090555160263193
PREFADE-S,NAS100_TRAIN,2014-02-19,6.469111875419912
PREFADE-S,NAS100_TRAIN,2014-02-21,4.324962911310195
PREFADE-S,NAS100_TRAIN,2014-02-24,-11.800982123677386
PREFADE-S,NAS100_TRAIN,2014-02-25,7.57629910538617
PREFADE-S,NAS100_TRAIN,2014-02-26,8.031292465887418
PREFADE-S,NAS100_TRAIN,2014-03-05,3.6847443338697303
PREFADE-S,NAS100_TRAIN,2014-03-06,0.9292941832095494
PREFADE-S,NAS100_TRAIN,2014-03-07,-8.671242117206475
PREFADE-S,NAS100_TRAIN,2014-03-11,-3.9847397359749266
PREFADE-S,NAS100_TRAIN,2014-03-12,7.771689308577606
PREFADE-S,NAS100_TRAIN,2014-03-14,7.265557405249638
PREFADE-S,NAS100_TRAIN,2014-03-18,-11.755128608413088
PREFADE-S,NAS100_TRAIN,2014-03-21,8.593883445940264
PREFADE-S,NAS100_TRAIN,2014-03-25,-6.027500464836521
PREFADE-S,NAS100_TRAIN,2014-03-26,6.317964161556574
PREFADE-S,NAS100_TRAIN,2014-03-27,-15.969725028074663
PREFADE-S,NAS100_TRAIN,2014-03-31,-3.555526125214328
PREFADE-S,NAS100_TRAIN,2014-04-01,-9.417258987239165
PREFADE-S,NAS100_TRAIN,2014-04-02,7.318581779701162
PREFADE-S,NAS100_TRAIN,2014-04-03,4.765601971959768
PREFADE-S,NAS100_TRAIN,2014-04-04,-5.152222889974837
PREFADE-S,NAS100_TRAIN,2014-04-08,7.392703284058371
PREFADE-S,NAS100_TRAIN,2014-04-09,2.520923203496295
PREFADE-S,NAS100_TRAIN,2014-04-14,-10.826754844280458
PREFADE-S,NAS100_TRAIN,2014-04-15,7.290546817736413
PREFADE-S,NAS100_TRAIN,2014-04-17,-5.965002265334078
PREFADE-S,NAS100_TRAIN,2014-04-22,-7.227193310307939
PREFADE-S,NAS100_TRAIN,2014-04-23,-5.993314344078499
PREFADE-S,NAS100_TRAIN,2014-04-24,9.31445367577544
PREFADE-S,NAS100_TRAIN,2014-04-25,-13.283825429153694
PREFADE-S,NAS100_TRAIN,2014-04-30,4.73102348721477
PREFADE-S,NAS100_TRAIN,2014-05-02,9.412411304538637
PREFADE-S,NAS100_TRAIN,2014-05-05,9.411285045152454
PREFADE-S,NAS100_TRAIN,2014-05-06,-7.212075174839811
PREFADE-S,NAS100_TRAIN,2014-05-07,6.202797057251246
PREFADE-S,NAS100_TRAIN,2014-05-08,1.151428615218265
PREFADE-S,NAS100_TRAIN,2014-05-09,6.718179758633596
PREFADE-S,NAS100_TRAIN,2014-05-12,-11.507332556507663
PREFADE-S,NAS100_TRAIN,2014-05-13,3.089347106738387
PREFADE-S,NAS100_TRAIN,2014-05-14,3.7736690892365914
PREFADE-S,NAS100_TRAIN,2014-05-15,14.682277310854715
PREFADE-S,NAS100_TRAIN,2014-05-16,6.65689958644225
PREFADE-S,NAS100_TRAIN,2014-05-28,2.1265079184527167
PREFADE-S,NAS100_TRAIN,2014-05-29,-1.27253302346071
PREFADE-S,NAS100_TRAIN,2014-06-02,4.224991771153327
PREFADE-S,NAS100_TRAIN,2014-06-04,1.165115927287843
PREFADE-S,NAS100_TRAIN,2014-06-05,-4.6918795809001494
PREFADE-S,NAS100_TRAIN,2014-06-06,3.1326464648909678
PREFADE-S,NAS100_TRAIN,2014-06-12,-4.658471790499334
PREFADE-S,NAS100_TRAIN,2014-06-13,4.09314381981585
PREFADE-S,NAS100_TRAIN,2014-06-17,3.2557447755607427
PREFADE-S,NAS100_TRAIN,2014-06-20,3.2644709808637344
PREFADE-S,NAS100_TRAIN,2014-06-25,3.8955475567699978
PREFADE-S,NAS100_TRAIN,2014-06-26,-2.7208902028714874
PREFADE-S,NAS100_TRAIN,2014-07-01,-4.760640400018474
PREFADE-S,NAS100_TRAIN,2014-07-02,4.7847797141366755
PREFADE-S,NAS100_TRAIN,2014-07-03,2.5013721227001042
PREFADE-S,NAS100_TRAIN,2014-07-07,2.629786533600054
PREFADE-S,NAS100_TRAIN,2014-07-08,-3.975963642991246
PREFADE-S,NAS100_TRAIN,2014-07-09,-3.3327896144960505
PREFADE-S,NAS100_TRAIN,2014-07-10,12.421677949751938
PREFADE-S,NAS100_TRAIN,2014-07-15,-5.76641501561835
PREFADE-S,NAS100_TRAIN,2014-07-16,4.782743452798059
PREFADE-S,NAS100_TRAIN,2014-07-18,-18.97820749264065
PREFADE-S,NAS100_TRAIN,2014-07-21,4.213906638825392
PREFADE-S,NAS100_TRAIN,2014-07-22,-10.826576829899295
PREFADE-S,NAS100_TRAIN,2014-07-23,-12.91379890229473
PREFADE-S,NAS100_TRAIN,2014-07-25,-5.838706774413367
PREFADE-S,NAS100_TRAIN,2014-07-28,4.752211956865722
PREFADE-S,NAS100_TRAIN,2014-07-29,2.1179542314648643
PREFADE-S,NAS100_TRAIN,2014-07-30,6.3975622149059745
PREFADE-S,NAS100_TRAIN,2014-08-04,4.751934079617058
PREFADE-S,NAS100_TRAIN,2014-08-05,-7.285828474685786
PREFADE-S,NAS100_TRAIN,2014-08-06,12.525483689152225
PREFADE-S,NAS100_TRAIN,2014-08-07,-8.494504862915164
PREFADE-S,NAS100_TRAIN,2014-08-11,-13.199999999999818
PREFADE-S,NAS100_TRAIN,2014-08-12,0.9509864146348264
PREFADE-S,NAS100_TRAIN,2014-08-15,4.371985507666977
PREFADE-S,NAS100_TRAIN,2014-08-19,5.711167971117902
PREFADE-S,NAS100_TRAIN,2014-08-20,3.49406557837483
PREFADE-S,NAS100_TRAIN,2014-08-26,3.8839594931414467
PREFADE-S,NAS100_TRAIN,2014-08-27,2.4380730191783186
PREFADE-S,NAS100_TRAIN,2014-09-05,4.164663589032898
PREFADE-S,NAS100_TRAIN,2014-09-08,-3.297146689728379
PREFADE-S,NAS100_TRAIN,2014-09-11,3.727823200190869
PREFADE-S,NAS100_TRAIN,2014-09-12,-3.9538874614713677
PREFADE-S,NAS100_TRAIN,2014-09-15,7.875076120052199
PREFADE-S,NAS100_TRAIN,2014-09-16,5.366652552600954
PREFADE-S,NAS100_TRAIN,2014-09-17,1.3830307591647397
PREFADE-S,NAS100_TRAIN,2014-09-25,-8.853326184655998
PREFADE-S,NAS100_TRAIN,2014-09-26,8.26422505956316
PREFADE-S,NAS100_TRAIN,2014-09-29,8.709661030347434
PREFADE-S,NAS100_TRAIN,2014-10-01,3.7378764141635656
PREFADE-S,NAS100_TRAIN,2014-10-02,9.425603885262262
PREFADE-S,NAS100_TRAIN,2014-10-03,12.04588994585356
PREFADE-S,NAS100_TRAIN,2014-10-08,6.240723230695039
PREFADE-S,NAS100_TRAIN,2014-10-09,5.5363239727425935
PREFADE-S,NAS100_TRAIN,2014-10-14,7.603546856400953
PREFADE-S,NAS100_TRAIN,2014-10-15,-28.053218900404772
PREFADE-S,NAS100_TRAIN,2014-10-20,15.043403529323314
PREFADE-S,NAS100_TRAIN,2014-10-22,7.025170810271447
PREFADE-S,NAS100_TRAIN,2014-10-23,-26.083078963392836
PREFADE-S,NAS100_TRAIN,2014-10-24,-16.34129160704242
PREFADE-S,NAS100_TRAIN,2014-10-27,5.758766791783273
PREFADE-S,NAS100_TRAIN,2014-10-29,9.18222906126448
PREFADE-S,NAS100_TRAIN,2014-10-30,19.883517808677425
PREFADE-S,NAS100_TRAIN,2014-11-03,-5.176441838736537
PREFADE-S,NAS100_TRAIN,2014-11-04,6.302672173203973
PREFADE-S,NAS100_TRAIN,2014-11-05,12.639920309759873
PREFADE-S,NAS100_TRAIN,2014-11-06,1.4655286685883766
PREFADE-S,NAS100_TRAIN,2014-11-07,-0.5702004520035189
PREFADE-S,NAS100_TRAIN,2014-11-12,6.404725853344644
PREFADE-S,NAS100_TRAIN,2014-11-14,4.936321929145379
PREFADE-S,NAS100_TRAIN,2014-11-19,3.831111087239151
PREFADE-S,NAS100_TRAIN,2014-11-24,-10.758175475384633
PREFADE-S,NAS100_TRAIN,2014-11-25,4.203272763796122
PREFADE-S,NAS100_TRAIN,2014-11-26,2.6455009977662485
PREFADE-S,NAS100_TRAIN,2014-11-27,-6.156233575872648
PREFADE-S,NAS100_TRAIN,2014-12-01,4.4243947305158144
PREFADE-S,NAS100_TRAIN,2014-12-03,-5.7572088593988155
PREFADE-S,NAS100_TRAIN,2014-12-04,6.275183678646499
PREFADE-S,NAS100_TRAIN,2014-12-05,6.552280894882642
PREFADE-S,NAS100_TRAIN,2014-12-09,-5.954026506701666
PREFADE-S,NAS100_TRAIN,2014-12-10,4.6006100045988205
PREFADE-S,NAS100_TRAIN,2014-12-11,-11.707449115214331
PREFADE-S,NAS100_TRAIN,2014-12-16,22.966291025471037
PREFADE-S,NAS100_TRAIN,2014-12-17,8.961887327709519
PREFADE-S,NAS100_TRAIN,2014-12-19,12.493007066676
PREFADE-S,NAS100_TRAIN,2014-12-22,11.469280235998667
PREFADE-S,NAS100_TRAIN,2014-12-23,0.7895467461848966
PREFADE-S,NAS100_TRAIN,2014-12-24,2.837901834181139
PREFADE-S,NAS100_TRAIN,2014-12-26,3.800000000000182
PREFADE-S,NAS100_TRAIN,2014-12-30,7.6468271217045185
PREFADE-S,NAS100_VAL,2015-01-05,6.382779567831676
PREFADE-S,NAS100_VAL,2015-01-07,9.216079579988218
PREFADE-S,NAS100_VAL,2015-01-09,-3.231118805250844
PREFADE-S,NAS100_VAL,2015-01-13,-21.859546053392478
PREFADE-S,NAS100_VAL,2015-01-14,16.03104380392142
PREFADE-S,NAS100_VAL,2015-01-16,-20.401086307766946
PREFADE-S,NAS100_VAL,2015-01-19,15.956981929509311
PREFADE-S,NAS100_VAL,2015-01-20,13.97271818448462
PREFADE-S,NAS100_VAL,2015-01-21,11.518293564687156
PREFADE-S,NAS100_VAL,2015-01-22,-10.829456371048764
PREFADE-S,NAS100_VAL,2015-01-23,13.8247661439882
PREFADE-S,NAS100_VAL,2015-01-26,13.668336306269339
PREFADE-S,NAS100_VAL,2015-01-27,-27.07894327736267
PREFADE-S,NAS100_VAL,2015-01-30,13.57505382117506
PREFADE-S,NAS100_VAL,2015-02-04,-7.221784444220248
PREFADE-S,NAS100_VAL,2015-02-06,10.099868507344581
PREFADE-S,NAS100_VAL,2015-02-11,2.4890009385990197
PREFADE-S,NAS100_VAL,2015-02-16,-1.800000000000182
PREFADE-S,NAS100_VAL,2015-02-18,-4.427197301790329
PREFADE-S,NAS100_VAL,2015-02-20,3.1047715654922285
PREFADE-S,NAS100_VAL,2015-02-24,-4.561364865819087
PREFADE-S,NAS100_VAL,2015-02-25,3.1313845223940007
PREFADE-S,NAS100_VAL,2015-03-03,-3.021316257637409
PREFADE-S,NAS100_VAL,2015-03-05,4.729829219055318
PREFADE-S,NAS100_VAL,2015-03-06,-8.630059487942162
PREFADE-S,NAS100_VAL,2015-03-09,-6.176527282876123
PREFADE-S,NAS100_VAL,2015-03-12,-9.071629098206358
PREFADE-S,NAS100_VAL,2015-03-13,1.0935081911393354
PREFADE-S,NAS100_VAL,2015-03-20,-12.96286925194363
PREFADE-S,NAS100_VAL,2015-03-24,6.564791648402206
PREFADE-S,NAS100_VAL,2015-03-25,9.7685826686793
PREFADE-S,NAS100_VAL,2015-04-03,-10.55976915161682
PREFADE-S,NAS100_VAL,2015-04-06,6.087581496466555
PREFADE-S,NAS100_VAL,2015-04-08,6.863579173855214
PREFADE-S,NAS100_VAL,2015-04-13,-5.983183302715588
PREFADE-S,NAS100_VAL,2015-04-24,7.85172527641771
PREFADE-S,NAS100_VAL,2015-04-27,-8.76999420258744
PREFADE-S,NAS100_VAL,2015-04-29,7.564495238279051
PREFADE-S,NAS100_VAL,2015-05-01,-2.4126354982299745
PREFADE-S,NAS100_VAL,2015-05-04,-13.048067207958411
PREFADE-S,NAS100_VAL,2015-05-05,-10.346818059362704
PREFADE-S,NAS100_VAL,2015-05-08,-7.6993227488801494
PREFADE-S,NAS100_VAL,2015-05-11,0.7719609747455252
PREFADE-S,NAS100_VAL,2015-05-18,6.429141175935911
PREFADE-S,NAS100_VAL,2015-05-20,11.222781847354781
PREFADE-S,NAS100_VAL,2015-05-21,2.7698670425306773
PREFADE-S,NAS100_VAL,2015-05-22,8.407089019353407
PREFADE-S,NAS100_VAL,2015-05-27,5.251913668676025
PREFADE-S,NAS100_VAL,2015-05-28,5.34190434735865
PREFADE-S,NAS100_VAL,2015-06-01,7.720203776965718
PREFADE-S,NAS100_VAL,2015-06-05,17.448389035569562
PREFADE-S,NAS100_VAL,2015-06-08,4.80450111522714
PREFADE-S,NAS100_VAL,2015-06-11,-6.879631876176063
PREFADE-S,NAS100_VAL,2015-06-12,8.0
PREFADE-S,NAS100_VAL,2015-06-15,-7.930024507189955
PREFADE-S,NAS100_VAL,2015-06-18,-19.508445700180346
PREFADE-S,NAS100_VAL,2015-06-23,7.93338398994365
PREFADE-S,NAS100_VAL,2015-07-02,5.487714465773934
PREFADE-S,NAS100_VAL,2015-07-03,-5.446253468802752
PREFADE-S,NAS100_VAL,2015-07-07,-16.058464770482715
PREFADE-S,NAS100_VAL,2015-07-10,9.908682748413412
PREFADE-S,NAS100_VAL,2015-07-14,2.6807013467978322
PREFADE-S,NAS100_VAL,2015-07-17,-5.320147869511857
PREFADE-S,NAS100_VAL,2015-07-20,-6.399999999999636
PREFADE-S,NAS100_VAL,2015-07-22,-9.439509388805163
PREFADE-S,NAS100_VAL,2015-07-23,0.6031929799273712
PREFADE-S,NAS100_VAL,2015-07-24,-11.068079324540122
PREFADE-S,NAS100_VAL,2015-07-27,5.261003841290403
PREFADE-S,NAS100_VAL,2015-07-30,8.57453139981044
PREFADE-S,NAS100_VAL,2015-07-31,11.81711076632655
PREFADE-S,NAS100_VAL,2015-08-06,5.5355915729614935
PREFADE-S,NAS100_VAL,2015-08-07,0.7926408160719802
PREFADE-S,NAS100_VAL,2015-08-10,-14.704118731699964
PREFADE-S,NAS100_VAL,2015-08-11,10.82778464528019
PREFADE-S,NAS100_VAL,2015-08-17,-12.690812480689601
PREFADE-S,NAS100_VAL,2015-08-21,-22.16313517595063
PREFADE-S,NAS100_VAL,2015-08-26,51.99607841051147
PREFADE-S,NAS100_VAL,2015-09-03,17.609747436467842
PREFADE-S,NAS100_VAL,2015-09-04,18.93705970647352
PREFADE-S,NAS100_VAL,2015-09-10,30.30698905122881
PREFADE-S,NAS100_VAL,2015-09-15,12.484545801949935
PREFADE-S,NAS100_VAL,2015-09-17,-6.3445638881921695
PREFADE-S,NAS100_VAL,2015-09-18,30.150268497960496
PREFADE-S,NAS100_VAL,2015-09-24,-11.399999999999636
PREFADE-S,NAS100_VAL,2015-10-02,46.793470075019286
PREFADE-S,NAS100_VAL,2015-10-06,5.0014583640922865
PREFADE-S,NAS100_VAL,2015-10-14,-23.63023595120103
PREFADE-S,NAS100_VAL,2015-10-19,5.580558561307953
PREFADE-S,NAS100_VAL,2015-10-22,-25.624818349484485
PREFADE-S,NAS100_VAL,2015-10-26,6.086395553277725
PREFADE-S,NAS100_VAL,2015-11-02,-21.58641858407009
PREFADE-S,NAS100_VAL,2015-11-03,7.2423709189160945
PREFADE-S,NAS100_VAL,2015-11-04,6.462885163708961
PREFADE-S,NAS100_VAL,2015-11-06,14.601127546405223
PREFADE-S,NAS100_VAL,2015-11-09,-17.030985224813776
PREFADE-S,NAS100_VAL,2015-11-10,2.6805790166563384
PREFADE-S,NAS100_VAL,2015-11-11,12.033044771638743
PREFADE-S,NAS100_VAL,2015-11-12,3.0808928046153596
PREFADE-S,NAS100_VAL,2015-11-13,-16.09148994928728
PREFADE-S,NAS100_VAL,2015-11-20,-4.099999999999454
PREFADE-S,NAS100_VAL,2015-11-30,12.68198507651232
PREFADE-S,NAS100_VAL,2015-12-02,6.622902873968087
PREFADE-S,NAS100_VAL,2015-12-03,20.366773289184493
PREFADE-S,NAS100_VAL,2015-12-04,18.899660152134857
PREFADE-S,NAS100_VAL,2015-12-08,20.63234007306619
PREFADE-S,NAS100_VAL,2015-12-10,8.027499447429363
PREFADE-S,NAS100_VAL,2015-12-14,25.374766755047858
PREFADE-S,NAS100_VAL,2015-12-15,4.863854634291783
PREFADE-S,NAS100_VAL,2015-12-18,8.61375217911882
PREFADE-S,NAS100_VAL,2016-01-06,34.76970917133076
PREFADE-S,NAS100_VAL,2016-01-08,28.576417387010224
PREFADE-S,NAS100_VAL,2016-01-15,-28.300000000000182
PREFADE-S,NAS100_VAL,2016-01-21,38.42926076546064
PREFADE-S,NAS100_VAL,2016-01-27,11.763736407066062
PREFADE-S,NAS100_VAL,2016-01-28,24.854773419560843
PREFADE-S,NAS100_VAL,2016-02-01,13.66986735415503
PREFADE-S,NAS100_VAL,2016-02-03,23.53264914895317
PREFADE-S,NAS100_VAL,2016-02-04,-21.785669350259013
PREFADE-S,NAS100_VAL,2016-02-05,24.54465852597332
PREFADE-S,NAS100_VAL,2016-02-09,23.623762581764822
PREFADE-S,NAS100_VAL,2016-02-12,24.141391113233112
PREFADE-S,NAS100_VAL,2016-02-16,16.593898720441757
PREFADE-S,NAS100_VAL,2016-02-17,-40.860155797146035
PREFADE-S,NAS100_VAL,2016-02-19,15.078131764596947
PREFADE-S,NAS100_VAL,2016-02-23,9.674523977992976
PREFADE-S,NAS100_VAL,2016-02-29,-26.899999999999636
PREFADE-S,NAS100_VAL,2016-03-04,15.179178301982574
PREFADE-S,NAS100_VAL,2016-03-14,5.357518774029813
PREFADE-S,NAS100_VAL,2016-03-16,-7.698475073168993
PREFADE-S,NAS100_VAL,2016-03-23,-8.315481200032991
PREFADE-S,NAS100_VAL,2016-03-29,9.263394969451838
PREFADE-S,NAS100_VAL,2016-03-31,8.60982490456172
PREFADE-S,NAS100_VAL,2016-04-01,10.627921221798715
PREFADE-S,NAS100_VAL,2016-04-06,8.02842935579065
PREFADE-S,NAS100_VAL,2016-04-07,-18.16212059287409
PREFADE-S,NAS100_VAL,2016-04-14,7.1366414490157695
PREFADE-S,NAS100_VAL,2016-04-22,-9.36563339318127
PREFADE-S,NAS100_VAL,2016-04-27,7.862903909436682
PREFADE-S,NAS100_VAL,2016-04-29,-14.052950518253056
PREFADE-S,NAS100_VAL,2016-05-02,10.467677624467797
PREFADE-S,NAS100_VAL,2016-05-06,1.6765585850853313
PREFADE-S,NAS100_VAL,2016-05-13,-18.41148146229534
PREFADE-S,NAS100_VAL,2016-05-16,11.295622887269019
PREFADE-S,NAS100_VAL,2016-05-17,10.140531904472482
PREFADE-S,NAS100_VAL,2016-05-18,-8.489585423913923
PREFADE-S,NAS100_VAL,2016-05-24,-19.867344470450007
PREFADE-S,NAS100_VAL,2016-05-26,5.284812424364645
PREFADE-S,NAS100_VAL,2016-05-27,4.929264038901238
PREFADE-S,NAS100_VAL,2016-06-01,11.636205551282728
PREFADE-S,NAS100_VAL,2016-06-02,-7.443320747398502
PREFADE-S,NAS100_VAL,2016-06-03,-23.528631582093112
PREFADE-S,NAS100_VAL,2016-06-13,9.684639318391419
PREFADE-S,NAS100_VAL,2016-06-17,-12.866142304435016
PREFADE-S,NAS100_VAL,2016-06-27,23.5578155992107
PREFADE-S,NAS100_VAL,2016-07-01,-9.026432973505507
PREFADE-S,NAS100_VAL,2016-07-08,-15.752292951322488
PREFADE-S,NAS100_VAL,2016-07-13,8.845623927781162
PREFADE-S,NAS100_VAL,2016-07-15,5.594900843226242
PREFADE-S,NAS100_VAL,2016-07-26,-8.705385009076053
PREFADE-S,NAS100_VAL,2016-07-27,-4.680908098072905
PREFADE-S,NAS100_VAL,2016-07-28,6.230161423239224
PREFADE-S,NAS100_VAL,2016-08-04,7.150831771071353
PREFADE-S,NAS100_VAL,2016-08-05,-7.533749489271031
PREFADE-S,NAS100_VAL,2016-08-09,4.5161202155522915
PREFADE-S,NAS100_VAL,2016-08-10,7.045208804058348
PREFADE-S,NAS100_VAL,2016-08-12,-4.001416659341885
PREFADE-S,NAS100_VAL,2016-08-16,-7.614249752620708
PREFADE-S,NAS100_VAL,2016-08-18,7.06210419422041
PREFADE-S,NAS100_VAL,2016-08-26,3.4876018812983602
PREFADE-S,NAS100_VAL,2016-08-29,-5.816041298084201
PREFADE-S,NAS100_VAL,2016-08-30,7.675915619906846
PREFADE-S,NAS100_VAL,2016-08-31,4.114063864400123
PREFADE-S,NAS100_VAL,2016-09-01,11.527381869676901
PREFADE-S,NAS100_VAL,2016-09-02,-25.282434375703815
PREFADE-S,NAS100_VAL,2016-09-05,-6.070337051847673
PREFADE-S,NAS100_VAL,2016-09-06,-7.225924631267844
PREFADE-S,NAS100_VAL,2016-09-08,-3.131440845299039
PREFADE-S,NAS100_VAL,2016-09-09,-26.28844766691418
PREFADE-S,NAS100_VAL,2016-09-14,10.261562905639948
PREFADE-S,NAS100_VAL,2016-09-15,12.254136820119129
PREFADE-S,NAS100_VAL,2016-09-16,16.308535460180792
PREFADE-S,NAS100_VAL,2016-09-20,10.03121456939789
PREFADE-S,NAS100_VAL,2016-09-22,-6.599999999999454
PREFADE-S,NAS100_VAL,2016-09-23,5.6455081447547855
PREFADE-S,NAS100_VAL,2016-09-30,-16.776165295641476
PREFADE-S,NAS100_VAL,2016-10-03,-7.508870816836861
PREFADE-S,NAS100_VAL,2016-10-05,-18.715794798836214
PREFADE-S,NAS100_VAL,2016-10-07,-1.1267415615684513
PREFADE-S,NAS100_VAL,2016-10-10,-9.360957111179232
PREFADE-S,NAS100_VAL,2016-10-12,12.659614503748344
PREFADE-S,NAS100_VAL,2016-10-17,5.529769200479677
PREFADE-S,NAS100_VAL,2016-10-18,7.910668903640726
PREFADE-S,NAS100_VAL,2016-10-19,7.841143379172536
PREFADE-S,NAS100_VAL,2016-10-20,-6.761970946012298
PREFADE-S,NAS100_VAL,2016-10-21,-16.557742495489947
PREFADE-S,NAS100_VAL,2016-10-25,-8.108155832069315
PREFADE-S,NAS100_VAL,2016-11-02,6.780774891149122
PREFADE-S,NAS100_VAL,2016-11-03,9.540969353032779
PREFADE-S,NAS100_VAL,2016-11-04,-0.1560156076129715
PREFADE-S,NAS100_VAL,2016-11-14,-27.206332509854292
PREFADE-S,NAS100_VAL,2016-11-15,-39.91988769374257
PREFADE-S,NAS100_VAL,2016-11-16,12.716348097136688
PREFADE-S,NAS100_VAL,2016-11-17,-9.48673557276743
PREFADE-S,NAS100_VAL,2016-11-18,13.240320724681624
PREFADE-S,NAS100_VAL,2016-11-23,-9.558322298701569
PREFADE-S,NAS100_VAL,2016-11-24,-5.676358421203986
PREFADE-S,NAS100_VAL,2016-12-06,6.021050802238278
PREFADE-S,NAS100_VAL,2016-12-07,-5.4761152015071275
PREFADE-S,NAS100_VAL,2016-12-08,28.72169189572105
PREFADE-S,NAS100_VAL,2016-12-14,6.359919221503333
PREFADE-S,NAS100_VAL,2016-12-15,6.79667769333264
PREFADE-S,NAS100_VAL,2016-12-16,4.546312830716488
PREFADE-S,NAS100_VAL,2016-12-19,2.817528924085309
PREFADE-S,NAS100_VAL,2016-12-20,-12.018192531824752
PREFADE-S,NAS100_VAL,2016-12-22,4.165095709887282
PREFADE-S,NAS100_VAL,2016-12-23,3.5473808742790425
PREFADE-S,NAS100_VAL,2017-01-05,5.992995499028439
PREFADE-S,NAS100_VAL,2017-01-06,0.7657756676589997
PREFADE-S,NAS100_VAL,2017-01-12,-8.840940024468182
PREFADE-S,NAS100_VAL,2017-01-13,7.581896786576181
PREFADE-S,NAS100_VAL,2017-01-16,5.011758455285417
PREFADE-S,NAS100_VAL,2017-01-20,-5.98801656717842
PREFADE-S,NAS100_VAL,2017-01-23,-9.51849937599036
PREFADE-S,NAS100_VAL,2017-01-24,-4.635463528628861
PREFADE-S,NAS100_VAL,2017-01-25,-14.643233737118862
PREFADE-S,NAS100_VAL,2017-01-27,-8.341549364206003
PREFADE-S,NAS100_VAL,2017-01-30,-6.4355972538423885
PREFADE-S,NAS100_VAL,2017-01-31,-9.909947657579323
PREFADE-S,NAS100_VAL,2017-02-01,-11.503228622379538
PREFADE-S,NAS100_VAL,2017-02-03,-15.170875349171183
PREFADE-S,NAS100_VAL,2017-02-06,5.289255512167074
PREFADE-S,NAS100_VAL,2017-02-07,-12.832832578129455
PREFADE-S,NAS100_VAL,2017-02-08,4.37872038606929
PREFADE-S,NAS100_VAL,2017-02-13,-4.899999999999636
PREFADE-S,NAS100_VAL,2017-02-14,3.2569518761511063
PREFADE-S,NAS100_VAL,2017-02-15,3.204419227584367
PREFADE-S,NAS100_VAL,2017-02-16,2.6602763677192343
PREFADE-S,NAS100_VAL,2017-02-21,3.154411645065011
PREFADE-S,NAS100_VAL,2017-02-23,-4.376232030153915
PREFADE-S,NAS100_VAL,2017-02-24,11.786603283450859
PREFADE-S,NAS100_VAL,2017-02-27,-10.533995924075498
PREFADE-S,NAS100_VAL,2017-02-28,3.121461464242202
PREFADE-S,NAS100_VAL,2017-03-01,-7.5
PREFADE-S,NAS100_VAL,2017-03-02,-4.566649093057094
PREFADE-S,NAS100_VAL,2017-03-07,6.000049423691962
PREFADE-S,NAS100_VAL,2017-03-08,-2.7300096017143005
PREFADE-S,NAS100_VAL,2017-03-09,-0.6014796897643464
PREFADE-S,NAS100_VAL,2017-03-10,3.3064142658340643
PREFADE-S,NAS100_VAL,2017-03-14,-7.335299802179179
PREFADE-S,NAS100_VAL,2017-03-17,3.7798165259346206
PREFADE-S,NAS100_VAL,2017-03-22,-11.716791542633473
PREFADE-S,NAS100_VAL,2017-03-23,6.2566025752412315
PREFADE-S,NAS100_VAL,2017-03-24,-7.892242973342036
PREFADE-S,NAS100_VAL,2017-03-28,9.60603236951738
PREFADE-S,NAS100_VAL,2017-04-05,-2.703473735476109
PREFADE-S,NAS100_VAL,2017-04-06,10.6980206619819
PREFADE-S,NAS100_VAL,2017-04-07,18.345700301097168
PREFADE-S,NAS100_VAL,2017-04-17,-5.726590057608519
PREFADE-S,NAS100_VAL,2017-04-19,-9.083168113730608
PREFADE-S,NAS100_VAL,2017-04-20,9.205280161393603
PREFADE-S,NAS100_VAL,2017-04-21,-5.5358820308492795
PREFADE-S,NAS100_VAL,2017-04-24,8.172114839800088
PREFADE-S,NAS100_VAL,2017-04-25,-11.772406859572584
PREFADE-S,NAS100_VAL,2017-04-27,-7.442761395432171
PREFADE-S,NAS100_VAL,2017-05-01,-14.424150072041812
PREFADE-S,NAS100_VAL,2017-05-02,2.729431026176826
PREFADE-S,NAS100_VAL,2017-05-03,0.30522839335844765
PREFADE-S,NAS100_VAL,2017-05-05,-10.217193511953155
PREFADE-S,NAS100_VAL,2017-05-10,3.5997175084321498
PREFADE-S,NAS100_VAL,2017-05-11,9.908001626989062
PREFADE-S,NAS100_VAL,2017-05-12,-9.172541102852847
PREFADE-S,NAS100_VAL,2017-05-16,-6.706629137374875
PREFADE-S,NAS100_VAL,2017-05-17,-16.75478415341513
PREFADE-S,NAS100_VAL,2017-05-19,-18.706349863677133
PREFADE-S,NAS100_VAL,2017-05-22,-7.843449397389122
PREFADE-S,NAS100_VAL,2017-05-24,6.291384569726688
PREFADE-S,NAS100_VAL,2017-05-29,3.115058615901944
PREFADE-S,NAS100_VAL,2017-05-30,5.2753496673894915
PREFADE-S,NAS100_VAL,2017-06-01,4.110340852428635
PREFADE-S,NAS100_VAL,2017-06-07,-6.652736036675378
PREFADE-S,NAS100_VAL,2017-06-08,6.4120792365320085
PREFADE-S,NAS100_VAL,2017-06-13,-13.01763630937694
PREFADE-S,NAS100_VAL,2017-06-14,11.74096476187242
PREFADE-S,NAS100_VAL,2017-06-16,-12.461853173074815
PREFADE-S,NAS100_VAL,2017-06-19,-27.78167184387712
PREFADE-S,NAS100_VAL,2017-06-20,-6.95432215836081
PREFADE-S,NAS100_VAL,2017-06-21,-17.805050454299817
PREFADE-S,NAS100_VAL,2017-06-26,8.965568359272766
PREFADE-S,NAS100_VAL,2017-06-28,9.662925315003122
PREFADE-S,NAS100_VAL,2017-06-29,-22.143159236131396
PREFADE-S,NAS100_VAL,2017-07-03,-9.606800034793196
PREFADE-S,NAS100_VAL,2017-07-04,11.100000000000364
PREFADE-S,NAS100_VAL,2017-07-05,-12.154533383929447
PREFADE-S,NAS100_VAL,2017-07-06,-3.2000000000007276
PREFADE-S,NAS100_VAL,2017-07-07,-36.361902129394366
PREFADE-S,NAS100_VAL,2017-07-10,11.474406896266373
PREFADE-S,NAS100_VAL,2017-07-11,5.198015868831135
PREFADE-S,NAS100_VAL,2017-07-12,-18.97978304244407
PREFADE-S,NAS100_VAL,2017-07-13,7.372357764758817
PREFADE-S,NAS100_VAL,2017-07-14,-9.782994893213981
PREFADE-S,NAS100_VAL,2017-07-17,5.928777089186042
PREFADE-S,NAS100_VAL,2017-07-18,-24.597084650377838
PREFADE-S,NAS100_VAL,2017-07-19,5.714155620015845
PREFADE-S,NAS100_VAL,2017-07-20,7.809030059193901
PREFADE-S,NAS100_VAL,2017-07-21,-9.980490613565962
PREFADE-S,NAS100_VAL,2017-07-24,-7.580336802226157
PREFADE-S,NAS100_VAL,2017-07-25,15.000864117685524
PREFADE-S,NAS100_VAL,2017-07-26,-2.7923526342883633
PREFADE-S,NAS100_VAL,2017-07-27,6.8793153923834325
PREFADE-S,NAS100_VAL,2017-08-02,8.15700479941097
PREFADE-S,NAS100_VAL,2017-08-03,9.004271355286619
PREFADE-S,NAS100_VAL,2017-08-04,6.874903499039647
PREFADE-S,NAS100_VAL,2017-08-08,-14.881520322006509
PREFADE-S,NAS100_VAL,2017-08-09,10.216602026303917
PREFADE-S,NAS100_VAL,2017-08-11,-30.963615028214008
PREFADE-S,NAS100_VAL,2017-08-17,1.7745069881984818
PREFADE-S,NAS100_VAL,2017-08-18,16.842034720089032
PREFADE-S,NAS100_VAL,2017-08-23,-11.056292721881618
PREFADE-S,NAS100_VAL,2017-08-24,14.042365034482827
PREFADE-S,NAS100_VAL,2017-08-28,-13.562349658604944
PREFADE-S,NAS100_VAL,2017-08-30,11.802058786135603
PREFADE-S,NAS100_VAL,2017-09-01,-9.616418864919979
PREFADE-S,NAS100_VAL,2017-09-04,-6.300000000000182
PREFADE-S,NAS100_VAL,2017-09-05,7.027673965782924
PREFADE-S,NAS100_VAL,2017-09-07,6.052033798357115
PREFADE-S,NAS100_VAL,2017-09-12,6.9476755216637684
PREFADE-S,NAS100_VAL,2017-09-14,-4.2654141159555365
PREFADE-S,NAS100_VAL,2017-09-15,8.188351323386087
PREFADE-S,NAS100_VAL,2017-09-18,4.478287884605379
PREFADE-S,NAS100_VAL,2017-09-19,6.586805151015142
PREFADE-S,NAS100_VAL,2017-09-21,7.317539468873292
PREFADE-S,NAS100_VAL,2017-09-25,-20.540222652124612
PREFADE-S,NAS100_VAL,2017-09-26,-13.436034143068355
PREFADE-S,NAS100_VAL,2017-09-27,-17.16979598198941
PREFADE-S,NAS100_VAL,2017-09-28,-7.72655483359722
PREFADE-S,NAS100_VAL,2017-09-29,-8.008026599929508
PREFADE-S,NAS100_VAL,2017-10-02,5.736253997367385
PREFADE-S,NAS100_VAL,2017-10-04,1.7388444623938994
PREFADE-S,NAS100_VAL,2017-10-06,-2.2712743565389246
PREFADE-S,NAS100_VAL,2017-10-09,4.362427289736843
PREFADE-S,NAS100_VAL,2017-10-10,-8.015241375325786
PREFADE-S,NAS100_VAL,2017-10-11,6.914715107840493
PREFADE-S,NAS100_VAL,2017-10-12,0.2785295135672641
PREFADE-S,NAS100_VAL,2017-10-13,-6.800000000000182
PREFADE-S,NAS100_VAL,2017-10-16,2.046375217381865
PREFADE-S,NAS100_VAL,2017-10-17,-4.833709641558016
PREFADE-S,NAS100_VAL,2017-10-18,3.33086509896566
PREFADE-S,NAS100_VAL,2017-10-23,8.818867784596478
PREFADE-S,NAS100_VAL,2017-10-24,4.849587669345965
PREFADE-S,NAS100_VAL,2017-10-26,-1.3853508891324964
PREFADE-S,NAS100_VAL,2017-10-27,-24.61999834666767
PREFADE-S,NAS100_VAL,2017-10-30,6.397771737378207
PREFADE-S,NAS100_VAL,2017-10-31,6.255676089357621
PREFADE-S,NAS100_VAL,2017-11-02,18.046235290676123
PREFADE-S,NAS100_VAL,2017-11-03,-7.167753728297612
PREFADE-S,NAS100_VAL,2017-11-07,10.737787032431697
PREFADE-S,NAS100_VAL,2017-11-14,-2.06234964291707
PREFADE-S,NAS100_VAL,2017-11-17,5.224806429477212
PREFADE-S,NAS100_VAL,2017-11-20,3.5
PREFADE-S,NAS100_VAL,2017-11-22,-0.4687350446847631
PREFADE-S,NAS100_VAL,2017-11-24,-11.199999999999818
PREFADE-S,NAS100_VAL,2017-11-29,6.117079009166446
PREFADE-S,NAS100_VAL,2017-11-30,-18.671313983427353
PREFADE-S,NAS100_VAL,2017-12-07,-5.067157376560317
PREFADE-S,NAS100_VAL,2017-12-11,14.756965235754251
PREFADE-S,NAS100_VAL,2017-12-12,-6.660053435563896
PREFADE-S,NAS100_VAL,2017-12-13,-18.83638400158179
PREFADE-S,NAS100_VAL,2017-12-14,4.70319649738849
PREFADE-S,NAS100_VAL,2017-12-15,-18.1877213826956
PREFADE-S,NAS100_VAL,2017-12-19,-6.239134552795804
PREFADE-S,NAS100_VAL,2017-12-20,9.297540294050123
PREFADE-S,NAS100_VAL,2017-12-21,-9.0404798968475
PREFADE-S,NAS100_VAL,2017-12-22,-5.079051877676648
PREFADE-S,NAS100_VAL,2017-12-27,7.914997843477067
PREFADE-S,NAS100_VAL,2018-01-04,5.961947424964819
PREFADE-S,NAS100_VAL,2018-01-05,9.619915154820774
PREFADE-S,NAS100_VAL,2018-01-08,8.794466612369433
PREFADE-S,NAS100_VAL,2018-01-09,6.2317516445073124
PREFADE-S,NAS100_VAL,2018-01-11,10.289151043959464
PREFADE-S,NAS100_VAL,2018-01-12,9.335142326825917
PREFADE-S,NAS100_VAL,2018-01-15,9.365255432554477
PREFADE-S,NAS100_VAL,2018-01-17,20.871732127341602
PREFADE-S,NAS100_VAL,2018-01-18,15.024202832130868
PREFADE-S,NAS100_VAL,2018-01-22,7.199999999999818
PREFADE-S,NAS100_VAL,2018-01-24,7.613466395693649
PREFADE-S,NAS100_VAL,2018-01-31,4.278174661743833
PREFADE-S,NAS100_VAL,2018-02-01,-24.626983968202694
PREFADE-S,NAS100_VAL,2018-02-05,33.98586309508664
PREFADE-S,NAS100_VAL,2018-02-08,38.866896020765125
PREFADE-S,NAS100_VAL,2018-02-09,-48.530310037700474
PREFADE-S,NAS100_VAL,2018-02-13,30.082090670799516
PREFADE-S,NAS100_VAL,2018-02-14,-40.922036348317306
PREFADE-S,NAS100_VAL,2018-02-16,-24.319964690452252
PREFADE-S,NAS100_VAL,2018-02-19,10.578505031187888
PREFADE-S,NAS100_VAL,2018-02-21,-23.675032548083436
PREFADE-S,NAS100_VAL,2018-02-22,-33.69999999999982
PREFADE-S,NAS100_VAL,2018-02-23,17.04372239977056
PREFADE-S,NAS100_VAL,2018-02-28,-23.02392408124888
PREFADE-S,NAS100_VAL,2018-03-02,8.735032261897686
PREFADE-S,NAS100_VAL,2018-03-07,-41.44211895390799
PREFADE-S,NAS100_VAL,2018-03-08,18.689190658726147
PREFADE-S,NAS100_VAL,2018-03-09,9.988077330388478
PREFADE-S,NAS100_VAL,2018-03-13,-20.242862858910485
PREFADE-S,NAS100_VAL,2018-03-21,12.127528789924327
PREFADE-S,NAS100_VAL,2018-03-23,-45.24048758583558
PREFADE-S,NAS100_VAL,2018-03-28,50.139880536816236
PREFADE-S,NAS100_VAL,2018-03-29,27.341366111701973
PREFADE-S,NAS100_VAL,2018-04-02,17.18910704505288
PREFADE-S,NAS100_VAL,2018-04-03,-0.24157966648181173
PREFADE-S,NAS100_VAL,2018-04-12,-23.99932563587572
PREFADE-S,NAS100_VAL,2018-04-13,-20.340722523125805
PREFADE-S,NAS100_VAL,2018-04-17,-32.606870068058925
PREFADE-S,NAS100_VAL,2018-04-18,12.969317690161915
PREFADE-S,NAS100_VAL,2018-04-19,-27.395781192061804
PREFADE-S,NAS100_VAL,2018-04-26,23.615146601514425
PREFADE-S,NAS100_VAL,2018-04-27,-11.94784794559655
PREFADE-S,NAS100_VAL,2018-04-30,12.147798029702244
PREFADE-S,NAS100_VAL,2018-05-01,11.458604104134793
PREFADE-S,NAS100_VAL,2018-05-02,-21.846808704832256
PREFADE-S,NAS100_VAL,2018-05-03,-0.4191412232903531
PREFADE-S,NAS100_VAL,2018-05-04,41.77999291459855
PREFADE-S,NAS100_VAL,2018-05-10,-15.799677122685353
PREFADE-S,NAS100_VAL,2018-05-11,12.061868624975432
PREFADE-S,NAS100_VAL,2018-05-14,8.890627477649105
PREFADE-S,NAS100_VAL,2018-05-15,-18.611936295463238
PREFADE-S,NAS100_VAL,2018-05-16,-13.37856205963908
PREFADE-S,NAS100_VAL,2018-05-18,-17.124756356014586
PREFADE-S,NAS100_VAL,2018-05-25,6.723090040016359
PREFADE-S,NAS100_VAL,2018-05-28,11.38700499366496
PREFADE-S,NAS100_VAL,2018-05-31,14.952621178300433
PREFADE-S,NAS100_VAL,2018-06-01,-5.41899203963203
PREFADE-S,NAS100_VAL,2018-06-06,-11.721382731500853
PREFADE-S,NAS100_VAL,2018-06-07,-14.446803221446316
PREFADE-S,NAS100_VAL,2018-06-14,-26.338203686093948
PREFADE-S,NAS100_VAL,2018-06-15,-22.149857476800207
PREFADE-S,NAS100_VAL,2018-06-20,-25.600000000000364
PREFADE-S,NAS100_VAL,2018-06-26,17.780726896548003
PREFADE-S,NAS100_VAL,2018-06-28,-19.28602129607316
PREFADE-S,NAS100_VAL,2018-07-06,-31.7416870043171
PREFADE-S,NAS100_VAL,2018-07-10,4.845753546165724
PREFADE-S,NAS100_VAL,2018-07-11,-28.76164973876439
PREFADE-S,NAS100_VAL,2018-07-16,9.320306387118762
PREFADE-S,NAS100_VAL,2018-07-17,19.350697627055524
PREFADE-S,NAS100_VAL,2018-07-18,10.212711920815309
PREFADE-S,NAS100_VAL,2018-07-19,20.74235607731225
PREFADE-S,NAS100_VAL,2018-07-24,-15.474817852663364
PREFADE-S,NAS100_VAL,2018-07-26,13.416287298971838
PREFADE-S,NAS100_VAL,2018-07-30,15.287843549605896
PREFADE-S,NAS100_VAL,2018-07-31,-9.511081241003012
PREFADE-S,NAS100_VAL,2018-08-06,4.141406196868047
PREFADE-S,NAS100_VAL,2018-08-08,-8.800624151813281
PREFADE-S,NAS100_VAL,2018-08-10,18.09239669116414
PREFADE-S,NAS100_VAL,2018-08-13,-55.96474716519515
PREFADE-S,NAS100_VAL,2018-08-15,-49.55227057500906
PREFADE-S,NAS100_VAL,2018-08-17,14.622631713569717
PREFADE-S,NAS100_VAL,2018-08-23,9.894659395958115
PREFADE-S,NAS100_VAL,2018-08-27,6.208121539238164
PREFADE-S,NAS100_VAL,2018-08-28,8.214382509788265
PREFADE-S,NAS100_VAL,2018-08-29,6.92254763780511
PREFADE-S,NAS100_VAL,2018-09-03,8.65346046295872
PREFADE-S,NAS100_VAL,2018-09-04,-37.238405895264805
PREFADE-S,NAS100_VAL,2018-09-06,12.952660480005761
PREFADE-S,NAS100_VAL,2018-09-07,-19.249757826642963
PREFADE-S,NAS100_VAL,2018-09-11,19.723110773947155
PREFADE-S,NAS100_VAL,2018-09-12,-23.943310666767502
PREFADE-S,NAS100_VAL,2018-09-19,8.56845449602406
PREFADE-S,NAS100_VAL,2018-09-24,-10.876881913603029
PREFADE-S,NAS100_VAL,2018-09-25,14.681968187373968
PREFADE-S,NAS100_VAL,2018-09-26,11.870269472360633
PREFADE-S,NAS100_VAL,2018-09-27,-17.066604815286155
PREFADE-S,NAS100_VAL,2018-10-03,4.488739818209069
PREFADE-S,NAS100_VAL,2018-10-05,23.697717794984783
PREFADE-S,NAS100_VAL,2018-10-08,17.063648023764472
PREFADE-S,NAS100_VAL,2018-10-10,-21.472625620195686
PREFADE-S,NAS100_VAL,2018-10-11,40.03065820772554
PREFADE-S,NAS100_VAL,2018-10-16,-29.86725192308768
PREFADE-S,NAS100_VAL,2018-10-17,-28.226720884356837
PREFADE-S,NAS100_VAL,2018-10-18,17.22952320143213
PREFADE-S,NAS100_VAL,2018-10-19,-35.17962305367291
PREFADE-S,NAS100_VAL,2018-10-30,-47.293658282480465
PREFADE-S,NAS100_VAL,2018-10-31,-58.05833790626548
PREFADE-S,NAS100_VAL,2018-11-12,-48.052887509838
PREFADE-S,NAS100_VAL,2018-11-14,27.183095111529838
PREFADE-S,NAS100_VAL,2018-11-15,37.76300446559799
PREFADE-S,NAS100_VAL,2018-11-16,26.217788252422906
PREFADE-S,NAS100_VAL,2018-11-19,-50.687908367029195
PREFADE-S,NAS100_VAL,2018-11-20,-60.640829990377824
PREFADE-S,NAS100_VAL,2018-11-21,23.032810719149893
PREFADE-S,NAS100_VAL,2018-11-23,-20.76039101772767
PREFADE-S,NAS100_VAL,2018-11-30,16.446524853413393
PREFADE-S,NAS100_VAL,2018-12-05,9.0
PREFADE-S,NAS100_VAL,2018-12-07,38.79978789913912
PREFADE-S,NAS100_VAL,2018-12-10,-37.755241111428404
PREFADE-S,NAS100_VAL,2018-12-11,62.682397033509005
PREFADE-S,NAS100_VAL,2018-12-12,-42.399999999999636
PREFADE-S,NAS100_VAL,2018-12-17,-33.029981144234625
PREFADE-S,NAS100_VAL,2018-12-21,17.888495676248567
PREFADE-S,NAS100_VAL,2018-12-24,33.333571835402836
PREFADE-S,NAS100_VAL,2018-12-26,-71.14947363929787
PREFADE-S,NAS100_vault_2019_20,2019-01-03,-37.225849952487806
PREFADE-S,NAS100_vault_2019_20,2019-01-08,-34.68968444010625
PREFADE-S,NAS100_vault_2019_20,2019-01-11,-16.382374689251264
PREFADE-S,NAS100_vault_2019_20,2019-01-16,-14.24176874443583
PREFADE-S,NAS100_vault_2019_20,2019-01-18,-18.5
PREFADE-S,NAS100_vault_2019_20,2019-01-23,-31.703283916865075
PREFADE-S,NAS100_vault_2019_20,2019-01-25,-33.0
PREFADE-S,NAS100_vault_2019_20,2019-01-28,-26.691972129155147
PREFADE-S,NAS100_vault_2019_20,2019-01-30,-26.320135414942342
PREFADE-S,NAS100_vault_2019_20,2019-01-31,11.594924156554043
PREFADE-S,NAS100_vault_2019_20,2019-02-01,14.62976953708494
PREFADE-S,NAS100_vault_2019_20,2019-02-05,-22.064170468034717
PREFADE-S,NAS100_vault_2019_20,2019-02-06,11.085045795408405
PREFADE-S,NAS100_vault_2019_20,2019-02-07,5.603803349901682
PREFADE-S,NAS100_vault_2019_20,2019-02-08,20.4484906907428
PREFADE-S,NAS100_vault_2019_20,2019-02-14,13.020179204120723
PREFADE-S,NAS100_vault_2019_20,2019-02-15,-38.96932423497128
PREFADE-S,NAS100_vault_2019_20,2019-02-19,21.024058281273028
PREFADE-S,NAS100_vault_2019_20,2019-02-20,-13.541066627359214
PREFADE-S,NAS100_vault_2019_20,2019-02-21,-34.71701492235752
PREFADE-S,NAS100_vault_2019_20,2019-03-06,8.832835502420494
PREFADE-S,NAS100_vault_2019_20,2019-03-07,11.433490745890595
PREFADE-S,NAS100_vault_2019_20,2019-03-08,6.853842265382809
PREFADE-S,NAS100_vault_2019_20,2019-03-11,-33.01411147367435
PREFADE-S,NAS100_vault_2019_20,2019-03-19,15.430512493877359
PREFADE-S,NAS100_vault_2019_20,2019-03-22,-31.018374862998826
PREFADE-S,NAS100_vault_2019_20,2019-03-26,-25.356985082194115
PREFADE-S,NAS100_vault_2019_20,2019-03-28,25.722791031293127
PREFADE-S,NAS100_vault_2019_20,2019-03-29,-17.610063731529408
PREFADE-S,NAS100_vault_2019_20,2019-04-02,6.852690210235778
PREFADE-S,NAS100_vault_2019_20,2019-04-05,11.019840998579639
PREFADE-S,NAS100_vault_2019_20,2019-04-09,-11.58838546282459
PREFADE-S,NAS100_vault_2019_20,2019-04-12,25.652427270462795
PREFADE-S,NAS100_vault_2019_20,2019-04-17,-18.982370551866552
PREFADE-S,NAS100_vault_2019_20,2019-04-18,-19.31584795915478
PREFADE-S,NAS100_vault_2019_20,2019-04-22,21.816488029060565
PREFADE-S,NAS100_vault_2019_20,2019-04-23,-13.25571602715354
PREFADE-S,NAS100_vault_2019_20,2019-04-24,10.079703412789058
PREFADE-S,NAS100_vault_2019_20,2019-04-25,11.377681099805159
PREFADE-S,NAS100_vault_2019_20,2019-04-26,-17.966149125063566
PREFADE-S,NAS100_vault_2019_20,2019-04-29,10.941803793728468
PREFADE-S,NAS100_vault_2019_20,2019-04-30,12.90379420262343
PREFADE-S,NAS100_vault_2019_20,2019-05-03,22.728393283849982
PREFADE-S,NAS100_vault_2019_20,2019-05-07,23.28906399621428
PREFADE-S,NAS100_vault_2019_20,2019-05-08,36.985643692242775
PREFADE-S,NAS100_vault_2019_20,2019-05-09,-56.23717941105133
PREFADE-S,NAS100_vault_2019_20,2019-05-10,55.20156522196339
PREFADE-S,NAS100_vault_2019_20,2019-05-13,-53.17206712001371
PREFADE-S,NAS100_vault_2019_20,2019-05-15,-38.93277229787964
PREFADE-S,NAS100_vault_2019_20,2019-05-17,14.892061455509975
PREFADE-S,NAS100_vault_2019_20,2019-05-22,-27.096005978593894
PREFADE-S,NAS100_vault_2019_20,2019-06-03,-19.997579204095928
PREFADE-S,NAS100_vault_2019_20,2019-06-04,-38.42894104065181
PREFADE-S,NAS100_vault_2019_20,2019-06-07,-39.661546034119965
PREFADE-S,NAS100_vault_2019_20,2019-06-11,20.929896363259104
PREFADE-S,NAS100_vault_2019_20,2019-06-18,-69.27674921338257
PREFADE-S,NAS100_vault_2019_20,2019-07-04,-4.399999999999636
PREFADE-S,NAS100_vault_2019_20,2019-07-05,-36.90249081669481
PREFADE-S,NAS100_vault_2019_20,2019-07-10,-36.00227515104507
PREFADE-S,NAS100_vault_2019_20,2019-07-11,15.108722658258557
PREFADE-S,NAS100_vault_2019_20,2019-07-16,-3.440769113078204
PREFADE-S,NAS100_vault_2019_20,2019-07-18,3.3061787369133526
PREFADE-S,NAS100_vault_2019_20,2019-07-19,15.491409457063128
PREFADE-S,NAS100_vault_2019_20,2019-07-22,-34.639586556104405
PREFADE-S,NAS100_vault_2019_20,2019-07-23,14.529174534031881
PREFADE-S,NAS100_vault_2019_20,2019-07-25,-10.583602208601405
PREFADE-S,NAS100_vault_2019_20,2019-07-26,13.509891071106722
PREFADE-S,NAS100_vault_2019_20,2019-07-29,12.615596146691132
PREFADE-S,NAS100_vault_2019_20,2019-07-30,22.918998537355947
PREFADE-S,NAS100_vault_2019_20,2019-08-02,29.66610251828388
PREFADE-S,NAS100_vault_2019_20,2019-08-07,14.084350687394362
PREFADE-S,NAS100_vault_2019_20,2019-08-08,27.81052622279458
PREFADE-S,NAS100_vault_2019_20,2019-08-14,-72.89785202528583
PREFADE-S,NAS100_vault_2019_20,2019-08-19,13.61655232470821
PREFADE-S,NAS100_vault_2019_20,2019-08-23,-0.11056915693825431
PREFADE-S,NAS100_vault_2019_20,2019-08-27,-37.65436759684144
PREFADE-S,NAS100_vault_2019_20,2019-08-28,16.019729247217583
PREFADE-S,NAS100_vault_2019_20,2019-09-03,26.22688564521286
PREFADE-S,NAS100_vault_2019_20,2019-09-06,30.997858894986166
PREFADE-S,NAS100_vault_2019_20,2019-09-09,11.629934993897223
PREFADE-S,NAS100_vault_2019_20,2019-09-13,-18.380398991192124
PREFADE-S,NAS100_vault_2019_20,2019-09-18,7.198016566539081
PREFADE-S,NAS100_vault_2019_20,2019-09-19,-38.37383553808104
PREFADE-S,NAS100_vault_2019_20,2019-09-20,10.665387289735008
PREFADE-S,NAS100_vault_2019_20,2019-09-30,15.873015059460158
PREFADE-S,NAS100_vault_2019_20,2019-10-03,16.77651321828398
PREFADE-S,NAS100_vault_2019_20,2019-10-04,-28.93683160236924
PREFADE-S,NAS100_vault_2019_20,2019-10-07,13.490569476936798
PREFADE-S,NAS100_vault_2019_20,2019-10-16,-15.540540086849433
PREFADE-S,NAS100_vault_2019_20,2019-10-18,15.964105104072587
PREFADE-S,NAS100_vault_2019_20,2019-10-21,-4.305860662690975
PREFADE-S,NAS100_vault_2019_20,2019-10-24,6.428856823736169
PREFADE-S,NAS100_vault_2019_20,2019-10-25,10.758249529259956
PREFADE-S,NAS100_vault_2019_20,2019-10-28,-10.518046524062811
PREFADE-S,NAS100_vault_2019_20,2019-10-29,15.741375731280641
PREFADE-S,NAS100_vault_2019_20,2019-10-30,5.49811627350482
PREFADE-S,NAS100_vault_2019_20,2019-11-01,-25.771058330396954
PREFADE-S,NAS100_vault_2019_20,2019-11-04,8.7822878643492
PREFADE-S,NAS100_vault_2019_20,2019-11-14,14.539935725650139
PREFADE-S,NAS100_vault_2019_20,2019-11-15,15.162036769235783
PREFADE-S,NAS100_vault_2019_20,2019-11-21,26.16461760736638
PREFADE-S,NAS100_vault_2019_20,2019-11-25,-2.248744242979228
PREFADE-S,NAS100_vault_2019_20,2019-11-28,-4.5
PREFADE-S,NAS100_vault_2019_20,2019-12-02,-22.646283148413204
PREFADE-S,NAS100_vault_2019_20,2019-12-03,-51.16209731071831
PREFADE-S,NAS100_vault_2019_20,2019-12-06,-18.957203594063685
PREFADE-S,NAS100_vault_2019_20,2019-12-10,35.269019214809305
PREFADE-S,NAS100_vault_2019_20,2019-12-11,15.917150299515924
PREFADE-S,NAS100_vault_2019_20,2019-12-12,7.869772699461464
PREFADE-S,NAS100_vault_2019_20,2019-12-13,-36.64753256133008
PREFADE-S,NAS100_vault_2019_20,2019-12-18,-10.198593589107986
PREFADE-S,NAS100_vault_2019_20,2019-12-19,8.003913091954018
PREFADE-S,NAS100_vault_2019_20,2019-12-20,-9.781654544163757
PREFADE-S,NAS100_vault_2019_20,2019-12-26,-7.407513614793061
PREFADE-S,NAS100_vault_2019_20,2019-12-31,-17.899999999999636
PREFADE-S,NAS100_vault_2019_20,2020-01-02,14.955860127747655
PREFADE-S,NAS100_vault_2019_20,2020-01-07,17.3202191499131
PREFADE-S,NAS100_vault_2019_20,2020-01-09,-6.199999999998909
PREFADE-S,NAS100_vault_2019_20,2020-01-10,14.17939092277993
PREFADE-S,NAS100_vault_2019_20,2020-01-15,14.407081260191262
PREFADE-S,NAS100_vault_2019_20,2020-01-17,20.065850380957272
PREFADE-S,NAS100_vault_2019_20,2020-01-27,40.386192798627235
PREFADE-S,NAS100_vault_2019_20,2020-01-28,29.751471986795877
PREFADE-S,NAS100_vault_2019_20,2020-02-07,17.915141667115677
PREFADE-S,NAS100_vault_2019_20,2020-02-19,-19.556985443752637
PREFADE-S,NAS100_vault_2019_20,2020-02-27,-86.71472655447906
PREFADE-S,NAS100_vault_2019_20,2020-02-28,139.79617136356228
PREFADE-S,NAS100_vault_2019_20,2020-03-06,138.57275043021218
PREFADE-S,NAS100_vault_2019_20,2020-03-11,75.24772702911923
PREFADE-S,NAS100_vault_2019_20,2020-03-23,136.78281130165306
PREFADE-S,NAS100_vault_2019_20,2020-03-26,-132.46524283945473
PREFADE-S,NAS100_vault_2019_20,2020-03-27,-17.700000000000728
PREFADE-S,NAS100_vault_2019_20,2020-03-30,-154.22542035074002
PREFADE-S,NAS100_vault_2019_20,2020-03-31,50.95238868760953
PREFADE-S,NAS100_vault_2019_20,2020-04-02,-71.60419901723344
PREFADE-S,NAS100_vault_2019_20,2020-04-03,91.17700205731762
PREFADE-S,NAS100_vault_2019_20,2020-04-08,53.52522637367383
PREFADE-S,NAS100_vault_2019_20,2020-04-09,112.0140120240103
PREFADE-S,NAS100_vault_2019_20,2020-04-13,34.040193920661295
PREFADE-S,NAS100_vault_2019_20,2020-04-15,2.100000000000364
PREFADE-S,NAS100_vault_2019_20,2020-04-17,-45.45406700011699
PREFADE-S,NAS100_vault_2019_20,2020-04-20,50.72790728729342
PREFADE-S,NAS100_vault_2019_20,2020-04-22,-25.0
PREFADE-S,NAS100_vault_2019_20,2020-04-23,-48.41300434465484
PREFADE-S,NAS100_vault_2019_20,2020-04-24,8.399999999999636
PREFADE-S,NAS100_vault_2019_20,2020-04-29,38.36580620312452
PREFADE-S,NAS100_vault_2019_20,2020-04-30,-51.89484095543776
PREFADE-S,NAS100_vault_2019_20,2020-05-05,-42.899999999999636
PREFADE-S,NAS100_vault_2019_20,2020-05-11,47.795062421464536
PREFADE-S,NAS100_vault_2019_20,2020-05-12,45.160884031372916
PREFADE-S,NAS100_vault_2019_20,2020-05-13,72.76969579987053
PREFADE-S,SPX500_2026,2026-03-13,27.766943851585893
PREFADE-S,SPX500_2026,2026-03-16,-34.41788966515924
PREFADE-S,SPX500_2026,2026-03-17,-22.913755074657274
PREFADE-S,SPX500_2026,2026-03-18,-32.791491799553114
PREFADE-S,SPX500_2026,2026-03-19,2.9190890643376406
PREFADE-S,SPX500_2026,2026-03-24,23.580049584993503
PREFADE-S,SPX500_2026,2026-03-25,19.83011457957673
PREFADE-S,SPX500_2026,2026-03-26,29.28681859372864
PREFADE-S,SPX500_2026,2026-03-27,-17.43000000000029
PREFADE-S,SPX500_2026,2026-04-01,24.529594285046187
PREFADE-S,SPX500_2026,2026-04-03,7.23340229079713
PREFADE-S,SPX500_2026,2026-04-07,23.337082189426837
PREFADE-S,SPX500_2026,2026-04-10,-2.994491390783878
PREFADE-S,SPX500_2026,2026-04-13,-37.1899999999996
PREFADE-S,SPX500_2026,2026-04-14,-13.67513916695134
PREFADE-S,SPX500_2026,2026-04-15,-9.800279871411476
PREFADE-S,SPX500_2026,2026-04-20,5.6826551419062525
PREFADE-S,SPX500_2026,2026-04-22,10.669892444480865
PREFADE-S,SPX500_2026,2026-04-23,17.74505982358278
PREFADE-S,SPX500_2026,2026-04-29,-11.465092074273343
PREFADE-S,SPX500_2026,2026-04-30,27.57125802671999
PREFADE-S,SPX500_2026,2026-05-01,-9.850443620127407
PREFADE-S,SPX500_2026,2026-05-05,-18.779999999999745
PREFADE-S,SPX500_2026,2026-05-08,-7.300000000000182
PREFADE-S,SPX500_2026,2026-05-14,9.58836562628403
PREFADE-S,SPX500_2026,2026-05-18,11.362859955968815
PREFADE-S,SPX500_2026,2026-05-19,-4.960000000000036
PREFADE-S,SPX500_2026,2026-05-20,22.273189752093458
PREFADE-S,SPX500_2026,2026-05-22,-15.355967494523611
PREFADE-S,SPX500_2026,2026-05-27,19.34352704974026
PREFADE-S,SPX500_2026,2026-06-01,2.686252386859451
PREFADE-S,SPX500_2026,2026-06-03,-11.259445413748836
PREFADE-S,SPX500_2026,2026-06-04,-2.1612657297173428
PREFADE-S,SPX500_2026,2026-06-05,-9.599659914480071
PREFADE-S,SPX500_2026,2026-06-12,28.09010805654907
PREFADE-S,SPX500_2026,2026-06-16,8.691074291820769
PREFADE-S,SPX500_2026,2026-06-17,10.886891011322405
PREFADE-S,SPX500_2026,2026-06-18,23.84970962625721
PREFADE-S,SPX500_2026,2026-06-22,16.056958924788887
PREFADE-S,SPX500_2026,2026-06-24,15.061282363679311
PREFADE-S,SPX500_2026,2026-06-25,19.467554601726988
PREFADE-S,SPX500_2026,2026-06-29,21.67791263467916
PREFADE-S,SPX500_2026,2026-06-30,15.900348932513225
PREFADE-S,SPX500_2026,2026-07-02,18.831761516404185
PREFADE-S,SPX500_2026,2026-07-10,7.859990546672634
PREFADE-S,SPX500_2026,2026-07-14,48.08540809533952
PREFADE-S,SPX500_2026,2026-07-15,-2.4794227234306163
PREFADE-S,SPX500_2026,2026-07-16,-19.838828515886235
PREFADE-S,SPX500_2026,2026-07-20,22.075645860435543
PREFADE-S,SPX500_2026,2026-07-22,13.327042948904818
PREFADE-S,SPX500_2026,2026-07-23,-32.06154462851919
PREFADE-S,SPX500_2026,2026-07-24,13.175627459097996
PREFADE-S,SPX500_2026,2026-07-28,12.137024171772282
PREFADE-S,SPX500_2026,2026-07-30,-28.260752718087133
PREFADE-S,SPX500_2026,2026-07-31,17.810659722619675
PREFADE-S,SPX500_2026,2026-08-03,29.974045505140566
PREFADE-S,SPX500_2026,2026-08-04,-12.623776805631678
PREFADE-S,SPX500_2026,2026-08-05,-16.577202076326103
PREFADE-S,SPX500_2026,2026-08-06,-9.667801193269042
PREFADE-S,SPX500_2026,2026-08-11,11.380591232042207
PREFADE-S,SPX500_2026,2026-08-12,-5.991833408943421
PREFADE-S,SPX500_2026,2026-08-13,-13.588184851177175
PREFADE-S,SPX500_2026,2026-08-14,7.914017636610879
PREFADE-S,SPX500_2026,2026-08-17,-9.332116299677182
PREFADE-S,SPX500_2026,2026-08-19,-13.807012204039893
PREFADE-S,SPX500_2026,2026-08-20,-20.603085669344182
PREFADE-S,SPX500_2026,2026-08-21,15.488410581984681
PREFADE-S,SPX500_2026,2026-08-26,9.789413650821189
PREFADE-S,SPX500_2026,2026-08-28,-9.870146625864436
PREFADE-S,SPX500_2026,2026-09-02,-17.27635448709316
PREFADE-S,SPX500_2026,2026-09-03,-15.519772372063926
PREFADE-S,SPX500_2026,2026-09-04,14.801655083811056
PREFADE-S,SPX500_2026,2026-09-10,-13.966124977679101
PREFADE-S,SPX500_2026,2026-09-11,14.629086711772288
PREFADE-S,SPX500_TRAIN,2005-01-05,-0.9588638792201891
PREFADE-S,SPX500_TRAIN,2005-01-07,4.434222987609701
PREFADE-S,SPX500_TRAIN,2005-01-10,0.574256144760966
PREFADE-S,SPX500_TRAIN,2005-01-12,1.7865940663270976
PREFADE-S,SPX500_TRAIN,2005-01-14,1.528085389572425
PREFADE-S,SPX500_TRAIN,2005-01-19,0.9724455598536679
PREFADE-S,SPX500_TRAIN,2005-01-24,0.33740086938360037
PREFADE-S,SPX500_TRAIN,2005-01-26,0.989772257708637
PREFADE-S,SPX500_TRAIN,2005-01-27,1.2999999999999545
PREFADE-S,SPX500_TRAIN,2005-01-28,1.194981712191975
PREFADE-S,SPX500_TRAIN,2005-02-01,0.05254114560898415
PREFADE-S,SPX500_TRAIN,2005-02-02,0.7904929597614228
PREFADE-S,SPX500_TRAIN,2005-02-03,-0.8348147115580105
PREFADE-S,SPX500_TRAIN,2005-02-04,2.938657452909638
PREFADE-S,SPX500_TRAIN,2005-02-09,0.2999999999999545
PREFADE-S,SPX500_TRAIN,2005-02-10,0.09295817886322766
PREFADE-S,SPX500_TRAIN,2005-02-11,2.2999999999999545
PREFADE-S,SPX500_TRAIN,2005-02-14,0.20218578850631275
PREFADE-S,SPX500_TRAIN,2005-02-15,0.972686436137792
PREFADE-S,SPX500_TRAIN,2005-02-16,-2.9440166636759386
PREFADE-S,SPX500_TRAIN,2005-02-17,0.38711554168753537
PREFADE-S,SPX500_TRAIN,2005-02-18,-1.9468628914437431
PREFADE-S,SPX500_TRAIN,2005-02-23,2.0733527126294575
PREFADE-S,SPX500_TRAIN,2005-02-28,-2.198530923596536
PREFADE-S,SPX500_TRAIN,2005-03-02,-1.2251028552891512
PREFADE-S,SPX500_TRAIN,2005-03-04,-0.5459566151794206
PREFADE-S,SPX500_TRAIN,2005-03-08,0.7000000000000455
PREFADE-S,SPX500_TRAIN,2005-03-09,0.14529637413966157
PREFADE-S,SPX500_TRAIN,2005-03-10,2.743478573362836
PREFADE-S,SPX500_TRAIN,2005-03-11,2.4722347593199174
PREFADE-S,SPX500_TRAIN,2005-03-14,0.7720685013198363
PREFADE-S,SPX500_TRAIN,2005-03-15,-2.1185666709388897
PREFADE-S,SPX500_TRAIN,2005-03-16,-3.5
PREFADE-S,SPX500_TRAIN,2005-03-22,-1.4816898619014864
PREFADE-S,SPX500_TRAIN,2005-03-23,2.9925892884177756
PREFADE-S,SPX500_TRAIN,2005-03-28,1.0
PREFADE-S,SPX500_TRAIN,2005-03-31,-3.0375579249944167
PREFADE-S,SPX500_TRAIN,2005-04-01,-0.19781702375303212
PREFADE-S,SPX500_TRAIN,2005-04-04,1.7119918704395332
PREFADE-S,SPX500_TRAIN,2005-04-05,0.837728307753423
PREFADE-S,SPX500_TRAIN,2005-04-07,1.3484848500368116
PREFADE-S,SPX500_TRAIN,2005-04-08,1.0
PREFADE-S,SPX500_TRAIN,2005-04-12,-2.762911981592424
PREFADE-S,SPX500_TRAIN,2005-04-13,0.47945471898719916
PREFADE-S,SPX500_TRAIN,2005-04-15,3.8511057543128118
PREFADE-S,SPX500_TRAIN,2005-04-18,1.875941475793752
PREFADE-S,SPX500_TRAIN,2005-04-19,1.796495770037609
PREFADE-S,SPX500_TRAIN,2005-04-20,3.177061614379909
PREFADE-S,SPX500_TRAIN,2005-04-25,-0.34206669672903445
PREFADE-S,SPX500_TRAIN,2005-04-27,-3.61572117740252
PREFADE-S,SPX500_TRAIN,2005-04-28,1.5746446576374638
PREFADE-S,SPX500_TRAIN,2005-05-04,2.300000000000182
PREFADE-S,SPX500_TRAIN,2005-05-05,0.9754098352623259
PREFADE-S,SPX500_TRAIN,2005-05-06,-1.763204369155801
PREFADE-S,SPX500_TRAIN,2005-05-10,-2.6041805982526967
PREFADE-S,SPX500_TRAIN,2005-05-12,1.9439675808960146
PREFADE-S,SPX500_TRAIN,2005-05-13,0.616842729147038
PREFADE-S,SPX500_TRAIN,2005-05-16,1.6494871733279979
PREFADE-S,SPX500_TRAIN,2005-05-18,-1.7113334914702136
PREFADE-S,SPX500_TRAIN,2005-05-19,-1.5
PREFADE-S,SPX500_TRAIN,2005-05-20,1.3951898752889065
PREFADE-S,SPX500_TRAIN,2005-05-25,1.5
PREFADE-S,SPX500_TRAIN,2005-05-27,0.5881495516562154
PREFADE-S,SPX500_TRAIN,2005-06-01,0.4941147420809102
PREFADE-S,SPX500_TRAIN,2005-06-02,0.6833164519453021
PREFADE-S,SPX500_TRAIN,2005-06-03,2.161183251962939
PREFADE-S,SPX500_TRAIN,2005-06-06,0.5846422521647128
PREFADE-S,SPX500_TRAIN,2005-06-13,-1.8949348241685584
PREFADE-S,SPX500_TRAIN,2005-06-14,2.775466803731206
PREFADE-S,SPX500_TRAIN,2005-06-15,0.7999999999999545
PREFADE-S,SPX500_TRAIN,2005-06-16,0.42804872175543096
PREFADE-S,SPX500_TRAIN,2005-06-17,-3.954703903633117
PREFADE-S,SPX500_TRAIN,2005-06-23,-0.12248162612286251
PREFADE-S,SPX500_TRAIN,2005-06-24,-0.3695160272945941
PREFADE-S,SPX500_TRAIN,2005-06-28,2.2674300161027077
PREFADE-S,SPX500_TRAIN,2005-06-29,0.6212239722410686
PREFADE-S,SPX500_TRAIN,2005-06-30,-1.8275693047171444
PREFADE-S,SPX500_TRAIN,2005-07-05,1.1504064815801485
PREFADE-S,SPX500_TRAIN,2005-07-06,1.029187183720751
PREFADE-S,SPX500_TRAIN,2005-07-08,2.3487294347296483
PREFADE-S,SPX500_TRAIN,2005-07-13,1.2663157914812473
PREFADE-S,SPX500_TRAIN,2005-07-14,-3.64419715487702
PREFADE-S,SPX500_TRAIN,2005-07-15,1.3498540424841394
PREFADE-S,SPX500_TRAIN,2005-07-18,1.261036349768574
PREFADE-S,SPX500_TRAIN,2005-07-19,-1.1257245694689573
PREFADE-S,SPX500_TRAIN,2005-07-20,0.9622950986063188
PREFADE-S,SPX500_TRAIN,2005-07-22,-2.068100756270951
PREFADE-S,SPX500_TRAIN,2005-07-27,0.15307897707543816
PREFADE-S,SPX500_TRAIN,2005-07-28,-1.5705200604588754
PREFADE-S,SPX500_TRAIN,2005-07-29,-1.2000000000000455
PREFADE-S,SPX500_TRAIN,2005-08-02,0.6483545566820794
PREFADE-S,SPX500_TRAIN,2005-08-03,0.7828328240741484
PREFADE-S,SPX500_TRAIN,2005-08-05,-5.123985358686241
PREFADE-S,SPX500_TRAIN,2005-08-09,-2.5
PREFADE-S,SPX500_TRAIN,2005-08-11,0.8303525642706973
PREFADE-S,SPX500_TRAIN,2005-08-12,0.9901678804585572
PREFADE-S,SPX500_TRAIN,2005-08-16,-1.479952354109173
PREFADE-S,SPX500_TRAIN,2005-08-17,-1.9198514660406545
PREFADE-S,SPX500_TRAIN,2005-08-24,1.5628550111446202
PREFADE-S,SPX500_TRAIN,2005-08-25,1.3777777842071828
PREFADE-S,SPX500_TRAIN,2005-08-26,-1.5378085100978751
PREFADE-S,SPX500_TRAIN,2005-08-29,-4.536704106613797
PREFADE-S,SPX500_TRAIN,2005-09-01,1.2091370794373688
PREFADE-S,SPX500_TRAIN,2005-09-02,1.2055555566728344
PREFADE-S,SPX500_TRAIN,2005-09-07,0.8074573016874638
PREFADE-S,SPX500_TRAIN,2005-09-08,0.9041152257243539
PREFADE-S,SPX500_TRAIN,2005-09-13,1.6556130997257696
PREFADE-S,SPX500_TRAIN,2005-09-15,1.5
PREFADE-S,SPX500_TRAIN,2005-09-16,0.27242874567400577
PREFADE-S,SPX500_TRAIN,2005-09-19,-1.5
PREFADE-S,SPX500_TRAIN,2005-09-21,-2.7336149590978494
PREFADE-S,SPX500_TRAIN,2005-09-22,1.5729603889660666
PREFADE-S,SPX500_TRAIN,2005-09-29,-2.142776608252234
PREFADE-S,SPX500_TRAIN,2005-10-03,0.7328205043434082
PREFADE-S,SPX500_TRAIN,2005-10-05,0.7505824741140259
PREFADE-S,SPX500_TRAIN,2005-10-06,-1.8223857462169235
PREFADE-S,SPX500_TRAIN,2005-10-07,-3.0366449361756622
PREFADE-S,SPX500_TRAIN,2005-10-12,-0.526535670077692
PREFADE-S,SPX500_TRAIN,2005-10-13,-3.3642881882394704
PREFADE-S,SPX500_TRAIN,2005-10-14,-1.4219183627324128
PREFADE-S,SPX500_TRAIN,2005-10-18,-2.3389848548724785
PREFADE-S,SPX500_TRAIN,2005-10-24,-2.892806890825341
PREFADE-S,SPX500_TRAIN,2005-10-26,-2.3751445519862955
PREFADE-S,SPX500_TRAIN,2005-10-28,-3.193959305471253
PREFADE-S,SPX500_TRAIN,2005-11-02,0.5767384282730745
PREFADE-S,SPX500_TRAIN,2005-11-03,-4.887500657023111
PREFADE-S,SPX500_TRAIN,2005-11-04,0.9883912172754208
PREFADE-S,SPX500_TRAIN,2005-11-07,0.41424164735940394
PREFADE-S,SPX500_TRAIN,2005-11-08,0.6797959574610104
PREFADE-S,SPX500_TRAIN,2005-11-09,0.3142857142856883
PREFADE-S,SPX500_TRAIN,2005-11-10,2.6905553320200397
PREFADE-S,SPX500_TRAIN,2005-11-15,1.448347122544419
PREFADE-S,SPX500_TRAIN,2005-11-16,1.0125062946110575
PREFADE-S,SPX500_TRAIN,2005-11-18,0.6540160631307117
PREFADE-S,SPX500_TRAIN,2005-11-21,1.2000000000000455
PREFADE-S,SPX500_TRAIN,2005-11-22,0.5362058195200916
PREFADE-S,SPX500_TRAIN,2005-11-23,1.8011075095223532
PREFADE-S,SPX500_TRAIN,2005-11-25,-1.2999999999999545
PREFADE-S,SPX500_TRAIN,2005-11-29,-2.530645781219164
PREFADE-S,SPX500_TRAIN,2005-12-02,0.6712776372344251
PREFADE-S,SPX500_TRAIN,2005-12-05,-1.662258796882952
PREFADE-S,SPX500_TRAIN,2005-12-06,-2.1951760906649724
PREFADE-S,SPX500_TRAIN,2005-12-07,0.7284196388832243
PREFADE-S,SPX500_TRAIN,2005-12-08,1.3596646745293128
PREFADE-S,SPX500_TRAIN,2005-12-09,1.231791886199062
PREFADE-S,SPX500_TRAIN,2005-12-13,1.157257286850836
PREFADE-S,SPX500_TRAIN,2005-12-15,1.8975155717839698
PREFADE-S,SPX500_TRAIN,2005-12-20,1.727654644921131
PREFADE-S,SPX500_TRAIN,2005-12-22,-1.464914927640848
PREFADE-S,SPX500_TRAIN,2005-12-23,-0.036081625036786136
PREFADE-S,SPX500_TRAIN,2005-12-29,0.580109026906257
PREFADE-S,SPX500_TRAIN,2006-01-04,1.4389499594440167
PREFADE-S,SPX500_TRAIN,2006-01-06,3.7035064750064066
PREFADE-S,SPX500_TRAIN,2006-01-10,1.3711111321169938
PREFADE-S,SPX500_TRAIN,2006-01-12,2.325818693475867
PREFADE-S,SPX500_TRAIN,2006-01-13,1.0019769425055074
PREFADE-S,SPX500_TRAIN,2006-01-19,1.1911321483576103
PREFADE-S,SPX500_TRAIN,2006-01-27,3.530994865274579
PREFADE-S,SPX500_TRAIN,2006-01-30,1.1350427039158149
PREFADE-S,SPX500_TRAIN,2006-01-31,-1.8342410822053807
PREFADE-S,SPX500_TRAIN,2006-02-01,-0.013464135310641723
PREFADE-S,SPX500_TRAIN,2006-02-03,-1.7327706095520625
PREFADE-S,SPX500_TRAIN,2006-02-15,1.6058434812034648
PREFADE-S,SPX500_TRAIN,2006-02-16,0.2328469088147358
PREFADE-S,SPX500_TRAIN,2006-02-17,1.4997569898789607
PREFADE-S,SPX500_TRAIN,2006-02-22,1.7926735043217832
PREFADE-S,SPX500_TRAIN,2006-02-24,0.02650954328169064
PREFADE-S,SPX500_TRAIN,2006-02-27,1.4478571426300277
PREFADE-S,SPX500_TRAIN,2006-02-28,-1.2859949025869355
PREFADE-S,SPX500_TRAIN,2006-03-02,0.5256592181526685
PREFADE-S,SPX500_TRAIN,2006-03-03,-5.444423695963678
PREFADE-S,SPX500_TRAIN,2006-03-07,1.6890346454924838
PREFADE-S,SPX500_TRAIN,2006-03-10,5.224102995341582
PREFADE-S,SPX500_TRAIN,2006-03-14,0.9914942938705735
PREFADE-S,SPX500_TRAIN,2006-03-15,2.3370369990666404
PREFADE-S,SPX500_TRAIN,2006-03-16,-0.8520324978401277
PREFADE-S,SPX500_TRAIN,2006-03-17,2.728547019224834
PREFADE-S,SPX500_TRAIN,2006-03-21,1.4836190591538525
PREFADE-S,SPX500_TRAIN,2006-03-24,1.0173258291126785
PREFADE-S,SPX500_TRAIN,2006-03-27,1.042855387311647
PREFADE-S,SPX500_TRAIN,2006-03-30,2.54332220806009
PREFADE-S,SPX500_TRAIN,2006-03-31,0.9176895287350817
PREFADE-S,SPX500_TRAIN,2006-04-04,2.036990120239807
PREFADE-S,SPX500_TRAIN,2006-04-05,-1.4581556665209519
PREFADE-S,SPX500_TRAIN,2006-04-06,1.8816860801230177
PREFADE-S,SPX500_TRAIN,2006-04-07,-0.14111960936315882
PREFADE-S,SPX500_TRAIN,2006-04-10,0.7289943197347384
PREFADE-S,SPX500_TRAIN,2006-04-12,1.52477340251653
PREFADE-S,SPX500_TRAIN,2006-04-13,-1.588332234425934
PREFADE-S,SPX500_TRAIN,2006-04-18,-3.5991630206226546
PREFADE-S,SPX500_TRAIN,2006-04-19,3.207638167499681
PREFADE-S,SPX500_TRAIN,2006-04-20,0.9251141228087363
PREFADE-S,SPX500_TRAIN,2006-04-21,-1.1816737901353918
PREFADE-S,SPX500_TRAIN,2006-04-26,0.6930467058898557
PREFADE-S,SPX500_TRAIN,2006-04-28,1.3996506822322772
PREFADE-S,SPX500_TRAIN,2006-05-01,0.7000000000000455
PREFADE-S,SPX500_TRAIN,2006-05-05,-3.728828464518074
PREFADE-S,SPX500_TRAIN,2006-05-08,1.0
PREFADE-S,SPX500_TRAIN,2006-05-10,-0.09934272900432006
PREFADE-S,SPX500_TRAIN,2006-05-16,-2.6774703758403575
PREFADE-S,SPX500_TRAIN,2006-05-17,-4.294131472795698
PREFADE-S,SPX500_TRAIN,2006-05-23,-4.090558713244263
PREFADE-S,SPX500_TRAIN,2006-05-25,-0.04136615743891525
PREFADE-S,SPX500_TRAIN,2006-05-26,3.9946009497873547
PREFADE-S,SPX500_TRAIN,2006-06-02,-2.890530913745124
PREFADE-S,SPX500_TRAIN,2006-06-07,3.4188780262484215
PREFADE-S,SPX500_TRAIN,2006-06-08,3.598652582522618
PREFADE-S,SPX500_TRAIN,2006-06-09,2.5244585625155196
PREFADE-S,SPX500_TRAIN,2006-06-14,1.2999999999999545
PREFADE-S,SPX500_TRAIN,2006-06-16,0.2517915163443831
PREFADE-S,SPX500_TRAIN,2006-06-19,1.3305611343689634
PREFADE-S,SPX500_TRAIN,2006-06-20,2.601455287576073
PREFADE-S,SPX500_TRAIN,2006-06-22,-4.445747982546436
PREFADE-S,SPX500_TRAIN,2006-06-23,-2.889458991865922
PREFADE-S,SPX500_TRAIN,2006-06-27,2.337715191758889
PREFADE-S,SPX500_TRAIN,2006-06-28,1.0346814778504267
PREFADE-S,SPX500_TRAIN,2006-06-30,-1.7996259626690971
PREFADE-S,SPX500_TRAIN,2006-07-03,0.945788061748317
PREFADE-S,SPX500_TRAIN,2006-07-05,-1.9610294713127132
PREFADE-S,SPX500_TRAIN,2006-07-07,-1.6595729412308629
PREFADE-S,SPX500_TRAIN,2006-07-10,1.2671204432401737
PREFADE-S,SPX500_TRAIN,2006-07-11,1.6221569952683694
PREFADE-S,SPX500_TRAIN,2006-07-12,0.6106459092954992
PREFADE-S,SPX500_TRAIN,2006-07-13,-4.787581133637559
PREFADE-S,SPX500_TRAIN,2006-07-18,-0.594445866442129
PREFADE-S,SPX500_TRAIN,2006-07-19,-2.4234686751826757
PREFADE-S,SPX500_TRAIN,2006-07-20,-1.5643629218013757
PREFADE-S,SPX500_TRAIN,2006-07-21,0.5393861340573949
PREFADE-S,SPX500_TRAIN,2006-07-25,-1.4967356521497095
PREFADE-S,SPX500_TRAIN,2006-07-26,2.2589712271735607
PREFADE-S,SPX500_TRAIN,2006-07-28,-0.2930181154388265
PREFADE-S,SPX500_TRAIN,2006-07-31,0.24646811168486238
PREFADE-S,SPX500_TRAIN,2006-08-01,-1.5152064805292866
PREFADE-S,SPX500_TRAIN,2006-08-03,0.3208171648775533
PREFADE-S,SPX500_TRAIN,2006-08-04,-1.8104683328604096
PREFADE-S,SPX500_TRAIN,2006-08-08,1.1389056615839763
PREFADE-S,SPX500_TRAIN,2006-08-09,-3.199426950482348
PREFADE-S,SPX500_TRAIN,2006-08-11,-0.6107903736465232
PREFADE-S,SPX500_TRAIN,2006-08-15,-2.5265713435899215
PREFADE-S,SPX500_TRAIN,2006-08-16,-1.5367461540047316
PREFADE-S,SPX500_TRAIN,2006-08-17,2.230615348134961
PREFADE-S,SPX500_TRAIN,2006-08-18,-1.634543163584567
PREFADE-S,SPX500_TRAIN,2006-08-24,0.4573743240080148
PREFADE-S,SPX500_TRAIN,2006-08-25,0.7166806982183971
PREFADE-S,SPX500_TRAIN,2006-08-30,1.00269705884034
PREFADE-S,SPX500_TRAIN,2006-08-31,1.6152698153541678
PREFADE-S,SPX500_TRAIN,2006-09-01,-1.6468114585716194
PREFADE-S,SPX500_TRAIN,2006-09-06,-2.3344124778968762
PREFADE-S,SPX500_TRAIN,2006-09-12,-2.2442946186654353
PREFADE-S,SPX500_TRAIN,2006-09-13,1.5906993726650853
PREFADE-S,SPX500_TRAIN,2006-09-14,0.7647164009986227
PREFADE-S,SPX500_TRAIN,2006-09-15,-4.030777535939706
PREFADE-S,SPX500_TRAIN,2006-09-18,-2.3992042214918
PREFADE-S,SPX500_TRAIN,2006-09-19,1.8082590778599297
PREFADE-S,SPX500_TRAIN,2006-09-26,0.6906775624170223
PREFADE-S,SPX500_TRAIN,2006-09-27,3.705340093064251
PREFADE-S,SPX500_TRAIN,2006-10-02,0.17880268096928376
PREFADE-S,SPX500_TRAIN,2006-10-04,0.6722518188755657
PREFADE-S,SPX500_TRAIN,2006-10-05,0.5
PREFADE-S,SPX500_TRAIN,2006-10-06,-0.922601782166339
PREFADE-S,SPX500_TRAIN,2006-10-10,0.9165588397424926
PREFADE-S,SPX500_TRAIN,2006-10-11,0.7999999999999545
PREFADE-S,SPX500_TRAIN,2006-10-12,-2.065121676906756
PREFADE-S,SPX500_TRAIN,2006-10-13,0.6814361103015472
PREFADE-S,SPX500_TRAIN,2006-10-16,1.2999999999999545
PREFADE-S,SPX500_TRAIN,2006-10-17,1.8126045406504545
PREFADE-S,SPX500_TRAIN,2006-10-18,-1.3018627284991453
PREFADE-S,SPX500_TRAIN,2006-10-19,1.3564102260409072
PREFADE-S,SPX500_TRAIN,2006-10-20,-1.630962413720681
PREFADE-S,SPX500_TRAIN,2006-10-24,0.6999999999998181
PREFADE-S,SPX500_TRAIN,2006-10-27,1.193628593925041
PREFADE-S,SPX500_TRAIN,2006-10-31,0.5074823703564562
PREFADE-S,SPX500_TRAIN,2006-11-01,-1.854475934899483
PREFADE-S,SPX500_TRAIN,2006-11-02,-2.363074538455294
PREFADE-S,SPX500_TRAIN,2006-11-03,-2.0294183169894495
PREFADE-S,SPX500_TRAIN,2006-11-07,0.757597418901014
PREFADE-S,SPX500_TRAIN,2006-11-09,0.7753592415938328
PREFADE-S,SPX500_TRAIN,2006-11-14,0.9677636324156538
PREFADE-S,SPX500_TRAIN,2006-11-15,1.5222099417655954
PREFADE-S,SPX500_TRAIN,2006-11-16,3.498730343169427
PREFADE-S,SPX500_TRAIN,2006-11-17,0.24292675921424234
PREFADE-S,SPX500_TRAIN,2006-11-22,1.4794318612350708
PREFADE-S,SPX500_TRAIN,2006-11-28,-2.2031242912833022
PREFADE-S,SPX500_TRAIN,2006-12-05,0.18582662585754406
PREFADE-S,SPX500_TRAIN,2006-12-06,2.1240908666090945
PREFADE-S,SPX500_TRAIN,2006-12-07,-2.5961280653802987
PREFADE-S,SPX500_TRAIN,2006-12-08,-0.1841842542426093
PREFADE-S,SPX500_TRAIN,2006-12-11,1.1017820226322783
PREFADE-S,SPX500_TRAIN,2006-12-12,0.7999999999999545
PREFADE-S,SPX500_TRAIN,2006-12-14,1.699999999999818
PREFADE-S,SPX500_TRAIN,2006-12-15,0.8437366461298552
PREFADE-S,SPX500_TRAIN,2006-12-19,2.0
PREFADE-S,SPX500_TRAIN,2006-12-22,-0.4225473296164637
PREFADE-S,SPX500_TRAIN,2006-12-26,0.08092060156332082
PREFADE-S,SPX500_TRAIN,2006-12-28,1.0466666703814553
PREFADE-S,SPX500_TRAIN,2006-12-29,1.0
PREFADE-S,SPX500_TRAIN,2007-01-03,-0.9781488417474975
PREFADE-S,SPX500_TRAIN,2007-01-08,0.8582682638264032
PREFADE-S,SPX500_TRAIN,2007-01-11,1.7939971987141234
PREFADE-S,SPX500_TRAIN,2007-01-12,2.301749631033317
PREFADE-S,SPX500_TRAIN,2007-01-15,-1.611880626293896
PREFADE-S,SPX500_TRAIN,2007-01-16,-0.47833864311564867
PREFADE-S,SPX500_TRAIN,2007-01-17,0.496985664022759
PREFADE-S,SPX500_TRAIN,2007-01-18,2.1376406133460932
PREFADE-S,SPX500_TRAIN,2007-01-19,1.5050441438274902
PREFADE-S,SPX500_TRAIN,2007-01-22,0.8291965879122927
PREFADE-S,SPX500_TRAIN,2007-01-24,1.1998178122473746
PREFADE-S,SPX500_TRAIN,2007-01-25,1.0912886835212703
PREFADE-S,SPX500_TRAIN,2007-01-26,1.1182972937008344
PREFADE-S,SPX500_TRAIN,2007-01-30,2.4408590164532598
PREFADE-S,SPX500_TRAIN,2007-02-01,1.3622222356530074
PREFADE-S,SPX500_TRAIN,2007-02-02,-0.8111570171110998
PREFADE-S,SPX500_TRAIN,2007-02-06,0.7590681825024603
PREFADE-S,SPX500_TRAIN,2007-02-07,-2.1118875412410034
PREFADE-S,SPX500_TRAIN,2007-02-08,-2.819312809419671
PREFADE-S,SPX500_TRAIN,2007-02-09,0.7999999999999545
PREFADE-S,SPX500_TRAIN,2007-02-14,0.6998968260206766
PREFADE-S,SPX500_TRAIN,2007-02-15,0.6880080089654257
PREFADE-S,SPX500_TRAIN,2007-02-16,0.4509975990240491
PREFADE-S,SPX500_TRAIN,2007-02-20,-1.932246930175097
PREFADE-S,SPX500_TRAIN,2007-02-21,-2.3308814493393584
PREFADE-S,SPX500_TRAIN,2007-02-22,0.7237817106190505
PREFADE-S,SPX500_TRAIN,2007-02-23,1.0
PREFADE-S,SPX500_TRAIN,2007-02-27,-6.7999999999999545
PREFADE-S,SPX500_TRAIN,2007-03-01,-7.770193168060587
PREFADE-S,SPX500_TRAIN,2007-03-02,6.25047962156691
PREFADE-S,SPX500_TRAIN,2007-03-09,3.5581433055303933
PREFADE-S,SPX500_TRAIN,2007-03-12,-3.006500008676994
PREFADE-S,SPX500_TRAIN,2007-03-13,2.872164993679462
PREFADE-S,SPX500_TRAIN,2007-03-14,-1.9995044620736735
PREFADE-S,SPX500_TRAIN,2007-03-15,3.8169891511242895
PREFADE-S,SPX500_TRAIN,2007-03-16,-5.409437198903561
PREFADE-S,SPX500_TRAIN,2007-03-21,-1.1346903653309255
PREFADE-S,SPX500_TRAIN,2007-03-22,-1.0531252573148322
PREFADE-S,SPX500_TRAIN,2007-03-26,1.2009656734637701
PREFADE-S,SPX500_TRAIN,2007-03-27,-1.8067074119780955
PREFADE-S,SPX500_TRAIN,2007-03-28,4.290016594498866
PREFADE-S,SPX500_TRAIN,2007-03-29,2.037993223908643
PREFADE-S,SPX500_TRAIN,2007-03-30,3.8216926509849145
PREFADE-S,SPX500_TRAIN,2007-04-04,-0.38783179784172717
PREFADE-S,SPX500_TRAIN,2007-04-05,-0.49055624313746193
PREFADE-S,SPX500_TRAIN,2007-04-06,-2.767438481412455
PREFADE-S,SPX500_TRAIN,2007-04-09,-1.3619385568260896
PREFADE-S,SPX500_TRAIN,2007-04-11,0.4823965291507193
PREFADE-S,SPX500_TRAIN,2007-04-12,1.5
PREFADE-S,SPX500_TRAIN,2007-04-13,3.1478793452529317
PREFADE-S,SPX500_TRAIN,2007-04-16,-3.107721446335745
PREFADE-S,SPX500_TRAIN,2007-04-17,-3.218290949617767
PREFADE-S,SPX500_TRAIN,2007-04-18,0.18362478873928012
PREFADE-S,SPX500_TRAIN,2007-04-25,1.705595978852898
PREFADE-S,SPX500_TRAIN,2007-04-26,0.5392571844447502
PREFADE-S,SPX500_TRAIN,2007-04-27,2.0229520825696454
PREFADE-S,SPX500_TRAIN,2007-04-30,1.705021754564541
PREFADE-S,SPX500_TRAIN,2007-05-03,1.028488280850297
PREFADE-S,SPX500_TRAIN,2007-05-04,0.9310082948079526
PREFADE-S,SPX500_TRAIN,2007-05-07,0.8000000000001819
PREFADE-S,SPX500_TRAIN,2007-05-09,0.7084201638897412
PREFADE-S,SPX500_TRAIN,2007-05-10,1.0693956797117607
PREFADE-S,SPX500_TRAIN,2007-05-11,1.613189430145212
PREFADE-S,SPX500_TRAIN,2007-05-14,1.8016327706432094
PREFADE-S,SPX500_TRAIN,2007-05-15,-0.4241233677762466
PREFADE-S,SPX500_TRAIN,2007-05-16,-0.7214914263508945
PREFADE-S,SPX500_TRAIN,2007-05-17,1.5392386671358054
PREFADE-S,SPX500_TRAIN,2007-05-18,1.4374611644661854
PREFADE-S,SPX500_TRAIN,2007-05-21,0.9171627254713712
PREFADE-S,SPX500_TRAIN,2007-05-22,1.3423572392753158
PREFADE-S,SPX500_TRAIN,2007-05-24,1.149494934938275
PREFADE-S,SPX500_TRAIN,2007-05-31,0.9472143057414542
PREFADE-S,SPX500_TRAIN,2007-06-01,-2.9028188329771183
PREFADE-S,SPX500_TRAIN,2007-06-04,2.218664420046707
PREFADE-S,SPX500_TRAIN,2007-06-05,-3.3135465891718923
PREFADE-S,SPX500_TRAIN,2007-06-07,0.5506523060412292
PREFADE-S,SPX500_TRAIN,2007-06-11,2.61654097469318
PREFADE-S,SPX500_TRAIN,2007-06-12,2.077215661171067
PREFADE-S,SPX500_TRAIN,2007-06-13,-1.7524944452763975
PREFADE-S,SPX500_TRAIN,2007-06-14,0.47532106437688526
PREFADE-S,SPX500_TRAIN,2007-06-15,-3.7000000000000455
PREFADE-S,SPX500_TRAIN,2007-06-19,1.5533398585662326
PREFADE-S,SPX500_TRAIN,2007-06-21,4.025865079112009
PREFADE-S,SPX500_TRAIN,2007-06-25,-3.1360620499351626
PREFADE-S,SPX500_TRAIN,2007-06-27,3.953728655599207
PREFADE-S,SPX500_TRAIN,2007-06-28,1.3769626893065379
PREFADE-S,SPX500_TRAIN,2007-07-04,-0.5
PREFADE-S,SPX500_TRAIN,2007-07-05,0.713488663869839
PREFADE-S,SPX500_TRAIN,2007-07-06,0.14110362590508885
PREFADE-S,SPX500_TRAIN,2007-07-10,-4.2672256635430585
PREFADE-S,SPX500_TRAIN,2007-07-12,-2.9862496085313524
PREFADE-S,SPX500_TRAIN,2007-07-13,-1.795321407911615
PREFADE-S,SPX500_TRAIN,2007-07-17,2.583076185732125
PREFADE-S,SPX500_TRAIN,2007-07-18,2.540806833681472
PREFADE-S,SPX500_TRAIN,2007-07-20,1.627797418376531
PREFADE-S,SPX500_TRAIN,2007-07-23,2.116124162277174
PREFADE-S,SPX500_TRAIN,2007-07-24,-2.425225800672024
PREFADE-S,SPX500_TRAIN,2007-07-25,2.3835315419328253
PREFADE-S,SPX500_TRAIN,2007-07-27,6.573139783951547
PREFADE-S,SPX500_TRAIN,2007-08-01,6.823083439800712
PREFADE-S,SPX500_TRAIN,2007-08-02,1.401859592548135
PREFADE-S,SPX500_TRAIN,2007-08-03,3.680204886815318
PREFADE-S,SPX500_TRAIN,2007-08-07,-0.5884205237102833
PREFADE-S,SPX500_TRAIN,2007-08-09,4.95831547142302
PREFADE-S,SPX500_TRAIN,2007-08-10,7.261781651639012
PREFADE-S,SPX500_TRAIN,2007-08-13,3.6363902121979663
PREFADE-S,SPX500_TRAIN,2007-08-14,1.5145397963171945
PREFADE-S,SPX500_TRAIN,2007-08-15,4.0299919179299195
PREFADE-S,SPX500_TRAIN,2007-08-17,31.6343032457105
PREFADE-S,SPX500_TRAIN,2007-08-21,5.335266866424718
PREFADE-S,SPX500_TRAIN,2007-08-23,-4.050968414132512
PREFADE-S,SPX500_TRAIN,2007-08-24,1.145194777007191
PREFADE-S,SPX500_TRAIN,2007-08-28,-4.36750387493953
PREFADE-S,SPX500_TRAIN,2007-08-29,3.918736757535271
PREFADE-S,SPX500_TRAIN,2007-08-30,5.021602413794426
PREFADE-S,SPX500_TRAIN,2007-09-03,0.20000000000004547
PREFADE-S,SPX500_TRAIN,2007-09-05,3.6768470882348083
PREFADE-S,SPX500_TRAIN,2007-09-07,-4.8746067581012085
PREFADE-S,SPX500_TRAIN,2007-09-10,3.9199911094651725
PREFADE-S,SPX500_TRAIN,2007-09-11,-5.9382125844417715
PREFADE-S,SPX500_TRAIN,2007-09-12,2.058075412790913
PREFADE-S,SPX500_TRAIN,2007-09-14,0.872216731574099
PREFADE-S,SPX500_TRAIN,2007-09-18,1.2737058203829292
PREFADE-S,SPX500_TRAIN,2007-09-19,-5.555591224109321
PREFADE-S,SPX500_TRAIN,2007-09-20,7.693892336672661
PREFADE-S,SPX500_TRAIN,2007-09-25,-3.5825968521571667
PREFADE-S,SPX500_TRAIN,2007-10-02,2.3483122312570686
PREFADE-S,SPX500_TRAIN,2007-10-05,0.665818372886406
PREFADE-S,SPX500_TRAIN,2007-10-09,0.6398789992567799
PREFADE-S,SPX500_TRAIN,2007-10-10,-1.7481346198255778
PREFADE-S,SPX500_TRAIN,2007-10-12,1.1967464084641506
PREFADE-S,SPX500_TRAIN,2007-10-15,2.0484543526799825
PREFADE-S,SPX500_TRAIN,2007-10-17,2.0852627650117483
PREFADE-S,SPX500_TRAIN,2007-10-18,3.334652719967835
PREFADE-S,SPX500_TRAIN,2007-10-23,1.9812398346459759
PREFADE-S,SPX500_TRAIN,2007-10-26,3.798645151114215
PREFADE-S,SPX500_TRAIN,2007-10-30,2.036870296339657
PREFADE-S,SPX500_TRAIN,2007-10-31,3.9802452270218964
PREFADE-S,SPX500_TRAIN,2007-11-01,-5.819027450010481
PREFADE-S,SPX500_TRAIN,2007-11-02,6.268411513349292
PREFADE-S,SPX500_TRAIN,2007-11-14,4.765498402187177
PREFADE-S,SPX500_TRAIN,2007-11-15,6.0881346674350425
PREFADE-S,SPX500_TRAIN,2007-11-16,3.564142196402372
PREFADE-S,SPX500_TRAIN,2007-11-20,4.522655742520101
PREFADE-S,SPX500_TRAIN,2007-11-26,5.121834892926245
PREFADE-S,SPX500_TRAIN,2007-11-29,4.258834859750095
PREFADE-S,SPX500_TRAIN,2007-12-03,2.5
PREFADE-S,SPX500_TRAIN,2007-12-04,3.0529845149883386
PREFADE-S,SPX500_TRAIN,2007-12-05,-6.655291911197082
PREFADE-S,SPX500_TRAIN,2007-12-06,-3.450816272099928
PREFADE-S,SPX500_TRAIN,2007-12-07,-4.431965190181472
PREFADE-S,SPX500_TRAIN,2007-12-10,4.5
PREFADE-S,SPX500_TRAIN,2007-12-12,-10.239634403609216
PREFADE-S,SPX500_TRAIN,2007-12-13,4.054674847374827
PREFADE-S,SPX500_TRAIN,2007-12-14,3.1780597123104144
PREFADE-S,SPX500_TRAIN,2007-12-20,-5.017517649957881
PREFADE-S,SPX500_TRAIN,2007-12-24,-2.733936746741392
PREFADE-S,SPX500_TRAIN,2007-12-26,-2.4791686877870234
PREFADE-S,SPX500_TRAIN,2007-12-27,-8.16583770335842
PREFADE-S,SPX500_TRAIN,2007-12-31,-2.5
PREFADE-S,SPX500_TRAIN,2008-01-02,-0.14680989547741774
PREFADE-S,SPX500_TRAIN,2008-01-04,-6.079408753008238
PREFADE-S,SPX500_TRAIN,2008-01-08,3.8810836051598017
PREFADE-S,SPX500_TRAIN,2008-01-09,3.1250748380746245
PREFADE-S,SPX500_TRAIN,2008-01-10,1.977903184108527
PREFADE-S,SPX500_TRAIN,2008-01-15,-6.813567424544772
PREFADE-S,SPX500_TRAIN,2008-01-16,2.0090474286350855
PREFADE-S,SPX500_TRAIN,2008-01-18,7.269852538722489
PREFADE-S,SPX500_TRAIN,2008-01-22,17.0710051257372
PREFADE-S,SPX500_TRAIN,2008-01-23,11.06268565116443
PREFADE-S,SPX500_TRAIN,2008-01-25,4.623795025758227
PREFADE-S,SPX500_TRAIN,2008-01-29,2.115839242597076
PREFADE-S,SPX500_TRAIN,2008-01-30,3.0523625044622804
PREFADE-S,SPX500_TRAIN,2008-01-31,6.558843033163157
PREFADE-S,SPX500_TRAIN,2008-02-04,-4.191637078143003
PREFADE-S,SPX500_TRAIN,2008-02-05,-9.700000000000045
PREFADE-S,SPX500_TRAIN,2008-02-07,3.604950057745782
PREFADE-S,SPX500_TRAIN,2008-02-08,7.336384100627129
PREFADE-S,SPX500_TRAIN,2008-02-11,4.014080336190773
PREFADE-S,SPX500_TRAIN,2008-02-12,-8.719851186921233
PREFADE-S,SPX500_TRAIN,2008-02-13,6.6250471530916
PREFADE-S,SPX500_TRAIN,2008-02-15,1.809851549456198
PREFADE-S,SPX500_TRAIN,2008-02-19,3.9915517182184885
PREFADE-S,SPX500_TRAIN,2008-02-20,3.0922451152287067
PREFADE-S,SPX500_TRAIN,2008-02-22,-0.7417483446058668
PREFADE-S,SPX500_TRAIN,2008-02-25,-5.121619366181449
PREFADE-S,SPX500_TRAIN,2008-02-26,2.810164031328668
PREFADE-S,SPX500_TRAIN,2008-02-27,0.35280300387353236
PREFADE-S,SPX500_TRAIN,2008-02-28,1.2108124418268744
PREFADE-S,SPX500_TRAIN,2008-02-29,-8.469629394238382
PREFADE-S,SPX500_TRAIN,2008-03-03,2.4351064409154333
PREFADE-S,SPX500_TRAIN,2008-03-05,4.554982721609349
PREFADE-S,SPX500_TRAIN,2008-03-06,-4.7000000000000455
PREFADE-S,SPX500_TRAIN,2008-03-07,16.680949007189156
PREFADE-S,SPX500_TRAIN,2008-03-11,-7.482429909522125
PREFADE-S,SPX500_TRAIN,2008-03-14,-8.521843069671604
PREFADE-S,SPX500_TRAIN,2008-03-18,-10.400915024217966
PREFADE-S,SPX500_TRAIN,2008-03-19,4.529064468009437
PREFADE-S,SPX500_TRAIN,2008-03-24,-7.113174639191129
PREFADE-S,SPX500_TRAIN,2008-03-26,4.559006474338958
PREFADE-S,SPX500_TRAIN,2008-03-27,5.684742131105168
PREFADE-S,SPX500_TRAIN,2008-03-28,3.2732813704758428
PREFADE-S,SPX500_TRAIN,2008-04-02,1.9397267723529694
PREFADE-S,SPX500_TRAIN,2008-04-03,2.192349512044075
PREFADE-S,SPX500_TRAIN,2008-04-04,10.762904868374562
PREFADE-S,SPX500_TRAIN,2008-04-14,2.8847468584363014
PREFADE-S,SPX500_TRAIN,2008-04-15,4.188717965644173
PREFADE-S,SPX500_TRAIN,2008-04-16,-2.0949707975303227
PREFADE-S,SPX500_TRAIN,2008-04-17,0.7629162459729741
PREFADE-S,SPX500_TRAIN,2008-04-21,3.575568727781956
PREFADE-S,SPX500_TRAIN,2008-04-24,-5.891032399069218
PREFADE-S,SPX500_TRAIN,2008-04-25,5.5880758166260875
PREFADE-S,SPX500_TRAIN,2008-04-30,3.2314829922784156
PREFADE-S,SPX500_TRAIN,2008-05-01,4.049270613611043
PREFADE-S,SPX500_TRAIN,2008-05-02,8.448527896565793
PREFADE-S,SPX500_TRAIN,2008-05-08,2.535496660604622
PREFADE-S,SPX500_TRAIN,2008-05-13,4.10201236007083
PREFADE-S,SPX500_TRAIN,2008-05-14,-4.619884979783137
PREFADE-S,SPX500_TRAIN,2008-05-15,1.2904113618226347
PREFADE-S,SPX500_TRAIN,2008-05-19,0.3101664857263131
PREFADE-S,SPX500_TRAIN,2008-05-20,-4.888827509739713
PREFADE-S,SPX500_TRAIN,2008-05-22,2.589950863905642
PREFADE-S,SPX500_TRAIN,2008-05-28,2.9352035752956454
PREFADE-S,SPX500_TRAIN,2008-05-29,2.6246223527691654
PREFADE-S,SPX500_TRAIN,2008-05-30,2.3225562978516336
PREFADE-S,SPX500_TRAIN,2008-06-03,2.675918481325425
PREFADE-S,SPX500_TRAIN,2008-06-05,2.017669448649258
PREFADE-S,SPX500_TRAIN,2008-06-06,-6.498040358484104
PREFADE-S,SPX500_TRAIN,2008-06-12,6.919795970444511
PREFADE-S,SPX500_TRAIN,2008-06-13,5.834421863852867
PREFADE-S,SPX500_TRAIN,2008-06-16,-4.497089959015284
PREFADE-S,SPX500_TRAIN,2008-06-17,1.6004252222226114
PREFADE-S,SPX500_TRAIN,2008-06-18,3.817488224982526
PREFADE-S,SPX500_TRAIN,2008-06-19,2.2999999999999545
PREFADE-S,SPX500_TRAIN,2008-06-20,-1.039407574274037
PREFADE-S,SPX500_TRAIN,2008-06-23,2.8231006579069344
PREFADE-S,SPX500_TRAIN,2008-06-26,-12.553040474412455
PREFADE-S,SPX500_TRAIN,2008-07-03,5.071006350191283
PREFADE-S,SPX500_TRAIN,2008-07-07,-6.5501101816585106
PREFADE-S,SPX500_TRAIN,2008-07-08,4.023492681839571
PREFADE-S,SPX500_TRAIN,2008-07-09,1.3946386337715921
PREFADE-S,SPX500_TRAIN,2008-07-10,5.583086380480381
PREFADE-S,SPX500_TRAIN,2008-07-11,5.814518649663796
PREFADE-S,SPX500_TRAIN,2008-07-18,7.128956238428827
PREFADE-S,SPX500_TRAIN,2008-07-25,2.162632218340832
PREFADE-S,SPX500_TRAIN,2008-07-29,2.169730156489777
PREFADE-S,SPX500_TRAIN,2008-07-30,-2.935984330296151
PREFADE-S,SPX500_TRAIN,2008-07-31,-3.4354874299463063
PREFADE-S,SPX500_TRAIN,2008-08-01,3.457207447306473
PREFADE-S,SPX500_TRAIN,2008-08-07,-4.960389925731988
PREFADE-S,SPX500_TRAIN,2008-08-08,-3.8019263525256974
PREFADE-S,SPX500_TRAIN,2008-08-11,2.317565315494676
PREFADE-S,SPX500_TRAIN,2008-08-13,-8.805634334869183
PREFADE-S,SPX500_TRAIN,2008-08-14,1.2775985684838815
PREFADE-S,SPX500_TRAIN,2008-08-15,2.0239543503664663
PREFADE-S,SPX500_TRAIN,2008-08-19,-6.990385532479422
PREFADE-S,SPX500_TRAIN,2008-08-20,2.9188686210093238
PREFADE-S,SPX500_TRAIN,2008-08-22,-5.419707150383601
PREFADE-S,SPX500_TRAIN,2008-08-25,-1.155193341067843
PREFADE-S,SPX500_TRAIN,2008-08-26,3.0683296691995565
PREFADE-S,SPX500_TRAIN,2008-08-27,2.696888744107582
PREFADE-S,SPX500_TRAIN,2008-08-28,-5.542580035884157
PREFADE-S,SPX500_TRAIN,2008-08-29,1.8180068502410904
PREFADE-S,SPX500_TRAIN,2008-09-04,-12.41609233003146
PREFADE-S,SPX500_TRAIN,2008-09-05,5.979975869020109
PREFADE-S,SPX500_TRAIN,2008-09-08,5.8894902324962
PREFADE-S,SPX500_TRAIN,2008-09-10,-7.528631103719135
PREFADE-S,SPX500_TRAIN,2008-09-11,3.7169503559819077
PREFADE-S,SPX500_TRAIN,2008-09-12,-11.902412719638505
PREFADE-S,SPX500_TRAIN,2008-09-15,10.442732390820083
PREFADE-S,SPX500_TRAIN,2008-09-16,9.167339904083292
PREFADE-S,SPX500_TRAIN,2008-09-17,-20.04769825961239
PREFADE-S,SPX500_TRAIN,2008-09-19,-25.244188163752142
PREFADE-S,SPX500_TRAIN,2008-09-22,6.036490501443268
PREFADE-S,SPX500_TRAIN,2008-09-23,5.259249539401253
PREFADE-S,SPX500_TRAIN,2008-09-24,-5.410819577296024
PREFADE-S,SPX500_TRAIN,2008-09-25,6.149510569185622
PREFADE-S,SPX500_TRAIN,2008-09-26,8.884837626452054
PREFADE-S,SPX500_TRAIN,2008-10-03,-3.291630524688344
PREFADE-S,SPX500_TRAIN,2008-10-07,14.076806848651358
PREFADE-S,SPX500_TRAIN,2008-10-08,31.346599182958016
PREFADE-S,SPX500_TRAIN,2008-10-10,-20.95534418561556
PREFADE-S,SPX500_TRAIN,2008-10-14,10.167771861950769
PREFADE-S,SPX500_TRAIN,2008-10-15,-14.49937302852095
PREFADE-S,SPX500_TRAIN,2008-10-16,17.85152136526426
PREFADE-S,SPX500_TRAIN,2008-10-21,-8.978993830749914
PREFADE-S,SPX500_TRAIN,2008-10-23,10.02430711078216
PREFADE-S,SPX500_TRAIN,2008-10-29,-14.700000000000045
PREFADE-S,SPX500_TRAIN,2008-11-03,6.198095355332612
PREFADE-S,SPX500_TRAIN,2008-11-06,12.927242620313564
PREFADE-S,SPX500_TRAIN,2008-11-07,7.2808751300945005
PREFADE-S,SPX500_TRAIN,2008-11-12,-12.012285421372553
PREFADE-S,SPX500_TRAIN,2008-11-14,5.694105541170757
PREFADE-S,SPX500_TRAIN,2008-11-19,6.200612119872403
PREFADE-S,SPX500_TRAIN,2008-11-20,8.368000767216927
PREFADE-S,SPX500_TRAIN,2008-11-24,-16.200000000000045
PREFADE-S,SPX500_TRAIN,2008-11-25,-11.491286585272064
PREFADE-S,SPX500_TRAIN,2008-11-26,-8.699753045937541
PREFADE-S,SPX500_TRAIN,2008-11-28,6.462493843298603
PREFADE-S,SPX500_TRAIN,2008-12-03,6.339165903233493
PREFADE-S,SPX500_TRAIN,2008-12-04,5.819401674525579
PREFADE-S,SPX500_TRAIN,2008-12-05,-10.976570716714605
PREFADE-S,SPX500_TRAIN,2008-12-12,-11.700000000000045
PREFADE-S,SPX500_TRAIN,2008-12-16,5.233632530265254
PREFADE-S,SPX500_TRAIN,2008-12-18,2.480725267255252
PREFADE-S,SPX500_TRAIN,2008-12-19,-6.1915519585497805
PREFADE-S,SPX500_TRAIN,2008-12-23,3.1900502351863906
PREFADE-S,SPX500_TRAIN,2008-12-24,3.3168936186915516
PREFADE-S,SPX500_TRAIN,2008-12-26,0.9681782142074553
PREFADE-S,SPX500_TRAIN,2009-01-02,3.548790799222729
PREFADE-S,SPX500_TRAIN,2009-01-05,2.381199016581945
PREFADE-S,SPX500_TRAIN,2009-01-06,3.094877776909584
PREFADE-S,SPX500_TRAIN,2009-01-07,-6.316515987570142
PREFADE-S,SPX500_TRAIN,2009-01-08,1.6604026548419597
PREFADE-S,SPX500_TRAIN,2009-01-09,3.4052227220873874
PREFADE-S,SPX500_TRAIN,2009-01-14,-13.251163777621741
PREFADE-S,SPX500_TRAIN,2009-01-15,5.100000000000023
PREFADE-S,SPX500_TRAIN,2009-01-19,-7.077414569688017
PREFADE-S,SPX500_TRAIN,2009-01-21,4.096849370902987
PREFADE-S,SPX500_TRAIN,2009-01-22,-9.10220689764958
PREFADE-S,SPX500_TRAIN,2009-01-26,-11.31713849905941
PREFADE-S,SPX500_TRAIN,2009-01-28,5.786786985300296
PREFADE-S,SPX500_TRAIN,2009-02-04,-4.086513362204187
PREFADE-S,SPX500_TRAIN,2009-02-05,7.390852173653457
PREFADE-S,SPX500_TRAIN,2009-02-06,-0.846611434502961
PREFADE-S,SPX500_TRAIN,2009-02-09,5.217172632129518
PREFADE-S,SPX500_TRAIN,2009-02-10,4.40552760717253
PREFADE-S,SPX500_TRAIN,2009-02-11,2.5677785645356153
PREFADE-S,SPX500_TRAIN,2009-02-12,-8.605782700397867
PREFADE-S,SPX500_TRAIN,2009-02-13,-1.6851195760251585
PREFADE-S,SPX500_TRAIN,2009-02-17,-6.050782980581062
PREFADE-S,SPX500_TRAIN,2009-02-18,3.996512393893113
PREFADE-S,SPX500_TRAIN,2009-02-19,4.414967860711727
PREFADE-S,SPX500_TRAIN,2009-02-20,5.513788982934784
PREFADE-S,SPX500_TRAIN,2009-02-26,4.756472362074533
PREFADE-S,SPX500_TRAIN,2009-02-27,-10.521434525535255
PREFADE-S,SPX500_TRAIN,2009-03-06,7.781536139400373
PREFADE-S,SPX500_TRAIN,2009-03-12,7.435236595273864
PREFADE-S,SPX500_TRAIN,2009-03-17,4.0
PREFADE-S,SPX500_TRAIN,2009-03-18,-3.6019707340657305
PREFADE-S,SPX500_TRAIN,2009-03-19,2.6299104075277455
PREFADE-S,SPX500_TRAIN,2009-03-20,-5.2000000000000455
PREFADE-S,SPX500_TRAIN,2009-03-27,0.9951924255714175
PREFADE-S,SPX500_TRAIN,2009-04-01,4.629207407136164
PREFADE-S,SPX500_TRAIN,2009-04-03,4.310905849531082
PREFADE-S,SPX500_TRAIN,2009-04-07,6.2680974642617
PREFADE-S,SPX500_TRAIN,2009-04-08,1.9702231207285195
PREFADE-S,SPX500_TRAIN,2009-04-09,-5.268717752913176
PREFADE-S,SPX500_TRAIN,2009-04-13,-0.4692674570444524
PREFADE-S,SPX500_TRAIN,2009-04-14,5.831054490628844
PREFADE-S,SPX500_TRAIN,2009-04-16,5.654983519680968
PREFADE-S,SPX500_TRAIN,2009-04-17,4.885798680384141
PREFADE-S,SPX500_TRAIN,2009-04-20,-7.686580763615211
PREFADE-S,SPX500_TRAIN,2009-04-21,3.4958028223724114
PREFADE-S,SPX500_TRAIN,2009-04-22,2.9410764369902154
PREFADE-S,SPX500_TRAIN,2009-04-24,-5.5
PREFADE-S,SPX500_TRAIN,2009-05-06,4.056040339324113
PREFADE-S,SPX500_TRAIN,2009-05-07,2.8679015551933844
PREFADE-S,SPX500_TRAIN,2009-05-08,4.421098207596515
PREFADE-S,SPX500_TRAIN,2009-05-13,-6.5
PREFADE-S,SPX500_TRAIN,2009-05-14,4.107092670210477
PREFADE-S,SPX500_TRAIN,2009-05-15,3.7999999999999545
PREFADE-S,SPX500_TRAIN,2009-05-18,-2.5
PREFADE-S,SPX500_TRAIN,2009-05-21,-4.359824464138001
PREFADE-S,SPX500_TRAIN,2009-05-28,2.675777075911583
PREFADE-S,SPX500_TRAIN,2009-06-02,2.400495731596493
PREFADE-S,SPX500_TRAIN,2009-06-05,-3.7262430679195404
PREFADE-S,SPX500_TRAIN,2009-06-09,1.873032679625112
PREFADE-S,SPX500_TRAIN,2009-06-11,1.858701869129277
PREFADE-S,SPX500_TRAIN,2009-06-12,1.47669157477128
PREFADE-S,SPX500_TRAIN,2009-06-16,1.5558590016368044
PREFADE-S,SPX500_TRAIN,2009-06-17,3.0
PREFADE-S,SPX500_TRAIN,2009-06-18,3.5
PREFADE-S,SPX500_TRAIN,2009-06-19,0.21957770300127777
PREFADE-S,SPX500_TRAIN,2009-06-24,-5.47873669427338
PREFADE-S,SPX500_TRAIN,2009-06-25,4.5
PREFADE-S,SPX500_TRAIN,2009-06-26,3.268916587105309
PREFADE-S,SPX500_TRAIN,2009-07-02,-15.142329968198169
PREFADE-S,SPX500_TRAIN,2009-07-09,1.2755767449817768
PREFADE-S,SPX500_TRAIN,2009-07-10,3.1215550204931333
PREFADE-S,SPX500_TRAIN,2009-07-13,3.9103982216354325
PREFADE-S,SPX500_TRAIN,2009-07-14,-3.7492363208680217
PREFADE-S,SPX500_TRAIN,2009-07-15,-3.5
PREFADE-S,SPX500_TRAIN,2009-07-16,3.2306804280866572
PREFADE-S,SPX500_TRAIN,2009-07-17,1.5
PREFADE-S,SPX500_TRAIN,2009-07-21,1.4874556052600383
PREFADE-S,SPX500_TRAIN,2009-07-22,3.3167125035564595
PREFADE-S,SPX500_TRAIN,2009-07-23,1.8260170346327413
PREFADE-S,SPX500_TRAIN,2009-07-28,-3.2405109029871255
PREFADE-S,SPX500_TRAIN,2009-07-30,-6.693759814742521
PREFADE-S,SPX500_TRAIN,2009-07-31,3.377630821135199
PREFADE-S,SPX500_TRAIN,2009-08-05,2.997731083431745
PREFADE-S,SPX500_TRAIN,2009-08-06,1.6908560003510047
PREFADE-S,SPX500_TRAIN,2009-08-07,-4.163083620908878
PREFADE-S,SPX500_TRAIN,2009-08-10,3.00098673335026
PREFADE-S,SPX500_TRAIN,2009-08-11,-2.1079387313633333
PREFADE-S,SPX500_TRAIN,2009-08-14,-0.7501646465078693
PREFADE-S,SPX500_TRAIN,2009-08-20,4.053400663896014
PREFADE-S,SPX500_TRAIN,2009-08-25,-5.952743928768086
PREFADE-S,SPX500_TRAIN,2009-08-27,3.5606583428534577
PREFADE-S,SPX500_TRAIN,2009-08-28,3.938601368000718
PREFADE-S,SPX500_TRAIN,2009-09-02,2.368475657910153
PREFADE-S,SPX500_TRAIN,2009-09-03,4.807534552866969
PREFADE-S,SPX500_TRAIN,2009-09-04,3.517569599840499
PREFADE-S,SPX500_TRAIN,2009-09-09,2.3015283778092908
PREFADE-S,SPX500_TRAIN,2009-09-11,-3.2776643770321243
PREFADE-S,SPX500_TRAIN,2009-09-15,1.7865960556728169
PREFADE-S,SPX500_TRAIN,2009-09-16,3.341932230410521
PREFADE-S,SPX500_TRAIN,2009-09-17,1.4153689485349332
PREFADE-S,SPX500_TRAIN,2009-09-18,0.1322474649994092
PREFADE-S,SPX500_TRAIN,2009-09-24,2.282525589344914
PREFADE-S,SPX500_TRAIN,2009-09-25,2.208514731421701
PREFADE-S,SPX500_TRAIN,2009-09-28,-6.073945722368762
PREFADE-S,SPX500_TRAIN,2009-09-29,-2.8610572301718094
PREFADE-S,SPX500_TRAIN,2009-09-30,3.822431413734421
PREFADE-S,SPX500_TRAIN,2009-10-01,2.216111284502631
PREFADE-S,SPX500_TRAIN,2009-10-02,-2.410094646785865
PREFADE-S,SPX500_TRAIN,2009-10-07,3.178027750572028
PREFADE-S,SPX500_TRAIN,2009-10-09,2.4713147833731455
PREFADE-S,SPX500_TRAIN,2009-10-13,2.636712424373627
PREFADE-S,SPX500_TRAIN,2009-10-16,-3.7999999999999545
PREFADE-S,SPX500_TRAIN,2009-10-20,3.3705263372053196
PREFADE-S,SPX500_TRAIN,2009-10-21,4.7148225790965625
PREFADE-S,SPX500_TRAIN,2009-10-22,3.833379145956087
PREFADE-S,SPX500_TRAIN,2009-10-29,-4.6631894683703194
PREFADE-S,SPX500_TRAIN,2009-10-30,2.715147278980794
PREFADE-S,SPX500_TRAIN,2009-11-04,3.487913350462577
PREFADE-S,SPX500_TRAIN,2009-11-05,-6.224885375328313
PREFADE-S,SPX500_TRAIN,2009-11-06,-6.163995468084977
PREFADE-S,SPX500_TRAIN,2009-11-18,2.5
PREFADE-S,SPX500_TRAIN,2009-11-25,3.4145208518170875
PREFADE-S,SPX500_TRAIN,2009-12-02,2.4706083288360787
PREFADE-S,SPX500_TRAIN,2009-12-04,-4.424839447428212
PREFADE-S,SPX500_TRAIN,2009-12-08,-0.3000000000001819
PREFADE-S,SPX500_TRAIN,2009-12-10,1.8794015034993663
PREFADE-S,SPX500_TRAIN,2009-12-15,2.8392204845720244
PREFADE-S,SPX500_TRAIN,2009-12-17,1.5
PREFADE-S,SPX500_TRAIN,2009-12-21,-4.578861352665399
PREFADE-S,SPX500_TRAIN,2010-01-04,-3.7189471013655293
PREFADE-S,SPX500_TRAIN,2010-01-06,1.3213051560298936
PREFADE-S,SPX500_TRAIN,2010-01-08,2.109330812127155
PREFADE-S,SPX500_TRAIN,2010-01-13,2.0464239822338186
PREFADE-S,SPX500_TRAIN,2010-01-14,-0.6963615057247807
PREFADE-S,SPX500_TRAIN,2010-01-15,2.370143144866688
PREFADE-S,SPX500_TRAIN,2010-01-19,4.923230991112405
PREFADE-S,SPX500_TRAIN,2010-01-20,-4.914287983029908
PREFADE-S,SPX500_TRAIN,2010-01-21,3.6560926003421628
PREFADE-S,SPX500_TRAIN,2010-01-29,-6.906491935747908
PREFADE-S,SPX500_TRAIN,2010-02-01,-5.400430041526306
PREFADE-S,SPX500_TRAIN,2010-02-03,1.0294303426976512
PREFADE-S,SPX500_TRAIN,2010-02-04,-7.011221486118075
PREFADE-S,SPX500_TRAIN,2010-02-08,4.342318922950653
PREFADE-S,SPX500_TRAIN,2010-02-10,5.127717075108421
PREFADE-S,SPX500_TRAIN,2010-02-11,-4.509549129673815
PREFADE-S,SPX500_TRAIN,2010-02-12,2.6958551475311197
PREFADE-S,SPX500_TRAIN,2010-02-17,2.713537369801543
PREFADE-S,SPX500_TRAIN,2010-02-18,1.7265383510302854
PREFADE-S,SPX500_TRAIN,2010-02-19,-4.858946879949372
PREFADE-S,SPX500_TRAIN,2010-02-22,2.3890058175250033
PREFADE-S,SPX500_TRAIN,2010-02-25,-5.2040714558931995
PREFADE-S,SPX500_TRAIN,2010-02-26,2.1703060741269837
PREFADE-S,SPX500_TRAIN,2010-03-01,3.456325173205869
PREFADE-S,SPX500_TRAIN,2010-03-03,-3.5386230621606956
PREFADE-S,SPX500_TRAIN,2010-03-04,0.5786861486294583
PREFADE-S,SPX500_TRAIN,2010-03-05,2.7148884957327937
PREFADE-S,SPX500_TRAIN,2010-03-12,1.942933665526425
PREFADE-S,SPX500_TRAIN,2010-03-16,1.6208978564011431
PREFADE-S,SPX500_TRAIN,2010-03-19,-0.36571518776963785
PREFADE-S,SPX500_TRAIN,2010-03-23,1.5073137312253948
PREFADE-S,SPX500_TRAIN,2010-03-25,1.3150182567753745
PREFADE-S,SPX500_TRAIN,2010-03-31,-2.501314790588822
PREFADE-S,SPX500_TRAIN,2010-04-01,-4.355572757359823
PREFADE-S,SPX500_TRAIN,2010-04-02,-1.9675104865546018
PREFADE-S,SPX500_TRAIN,2010-04-06,1.641570895480072
PREFADE-S,SPX500_TRAIN,2010-04-07,0.9223427018137045
PREFADE-S,SPX500_TRAIN,2010-04-08,2.4427586844142297
PREFADE-S,SPX500_TRAIN,2010-04-12,3.4767411212023944
PREFADE-S,SPX500_TRAIN,2010-04-13,1.5822181199544048
PREFADE-S,SPX500_TRAIN,2010-04-14,-1.9502216183416294
PREFADE-S,SPX500_TRAIN,2010-04-21,3.451161815617752
PREFADE-S,SPX500_TRAIN,2010-04-27,3.447924724757513
PREFADE-S,SPX500_TRAIN,2010-04-28,4.32914967340912
PREFADE-S,SPX500_TRAIN,2010-04-29,-3.2000000000000455
PREFADE-S,SPX500_TRAIN,2010-05-03,-3.4415861843526727
PREFADE-S,SPX500_TRAIN,2010-05-04,-6.996829140796763
PREFADE-S,SPX500_TRAIN,2010-05-05,-4.82081138963963
PREFADE-S,SPX500_TRAIN,2010-05-06,3.190281774703635
PREFADE-S,SPX500_TRAIN,2010-05-07,7.753475300030004
PREFADE-S,SPX500_TRAIN,2010-05-12,-4.300000000000182
PREFADE-S,SPX500_TRAIN,2010-05-18,3.4839345386478726
PREFADE-S,SPX500_TRAIN,2010-05-20,-2.2999999999999545
PREFADE-S,SPX500_TRAIN,2010-05-21,9.017208309038097
PREFADE-S,SPX500_TRAIN,2010-05-26,2.0
PREFADE-S,SPX500_TRAIN,2010-05-28,4.7100330115586075
PREFADE-S,SPX500_TRAIN,2010-06-04,-9.024187001876726
PREFADE-S,SPX500_TRAIN,2010-06-07,7.893088330244609
PREFADE-S,SPX500_TRAIN,2010-06-09,-4.5
PREFADE-S,SPX500_TRAIN,2010-06-10,-2.7999999999999545
PREFADE-S,SPX500_TRAIN,2010-06-11,-3.672257218669756
PREFADE-S,SPX500_TRAIN,2010-06-16,0.2174159232661168
PREFADE-S,SPX500_TRAIN,2010-06-18,1.5971447388774322
PREFADE-S,SPX500_TRAIN,2010-06-23,-3.9191286003240293
PREFADE-S,SPX500_TRAIN,2010-06-28,2.2802507338421947
PREFADE-S,SPX500_TRAIN,2010-06-30,4.088188636540963
PREFADE-S,SPX500_TRAIN,2010-07-01,3.472740456595375
PREFADE-S,SPX500_TRAIN,2010-07-02,6.9869902945123386
PREFADE-S,SPX500_TRAIN,2010-07-05,-1.8000000000000682
PREFADE-S,SPX500_TRAIN,2010-07-07,-4.434530476709824
PREFADE-S,SPX500_TRAIN,2010-07-08,-3.546137707980961
PREFADE-S,SPX500_TRAIN,2010-07-09,3.1992775917108247
PREFADE-S,SPX500_TRAIN,2010-07-14,-5.045676290955498
PREFADE-S,SPX500_TRAIN,2010-07-15,4.367614938173119
PREFADE-S,SPX500_TRAIN,2010-07-16,-5.157257287276707
PREFADE-S,SPX500_TRAIN,2010-07-21,4.2999999999999545
PREFADE-S,SPX500_TRAIN,2010-07-23,3.3592742971152347
PREFADE-S,SPX500_TRAIN,2010-07-26,2.876160248255246
PREFADE-S,SPX500_TRAIN,2010-07-28,3.0168278201635985
PREFADE-S,SPX500_TRAIN,2010-07-30,-4.192811410771583
PREFADE-S,SPX500_TRAIN,2010-08-02,-7.26861369363246
PREFADE-S,SPX500_TRAIN,2010-08-04,-4.081462243190117
PREFADE-S,SPX500_TRAIN,2010-08-05,-3.2721336115523627
PREFADE-S,SPX500_TRAIN,2010-08-06,1.4285513503755283
PREFADE-S,SPX500_TRAIN,2010-08-10,-5.648428465112602
PREFADE-S,SPX500_TRAIN,2010-08-12,4.548386612692639
PREFADE-S,SPX500_TRAIN,2010-08-13,5.343355606703881
PREFADE-S,SPX500_TRAIN,2010-08-18,1.7346516397976757
PREFADE-S,SPX500_TRAIN,2010-08-19,7.498345677185398
PREFADE-S,SPX500_TRAIN,2010-08-23,3.183841929037044
PREFADE-S,SPX500_TRAIN,2010-08-24,-6.961908197372168
PREFADE-S,SPX500_TRAIN,2010-08-25,-5.739687626391515
PREFADE-S,SPX500_TRAIN,2010-08-26,4.945084235860804
PREFADE-S,SPX500_TRAIN,2010-08-27,4.389696979522569
PREFADE-S,SPX500_TRAIN,2010-08-30,-5.5
PREFADE-S,SPX500_TRAIN,2010-09-02,2.7117797310436345
PREFADE-S,SPX500_TRAIN,2010-09-03,-2.90143890710101
PREFADE-S,SPX500_TRAIN,2010-09-08,-5.827446575582599
PREFADE-S,SPX500_TRAIN,2010-09-09,-0.2999999999999545
PREFADE-S,SPX500_TRAIN,2010-09-15,3.1057170757028416
PREFADE-S,SPX500_TRAIN,2010-09-16,2.099109564652963
PREFADE-S,SPX500_TRAIN,2010-09-21,2.482538668314646
PREFADE-S,SPX500_TRAIN,2010-09-24,-4.223256316589868
PREFADE-S,SPX500_TRAIN,2010-09-30,-3.617739183528329
PREFADE-S,SPX500_TRAIN,2010-10-05,-4.397439834049692
PREFADE-S,SPX500_TRAIN,2010-10-06,3.4314682049889598
PREFADE-S,SPX500_TRAIN,2010-10-07,-1.0048144600689284
PREFADE-S,SPX500_TRAIN,2010-10-08,2.3517622796152864
PREFADE-S,SPX500_TRAIN,2010-10-14,-3.9300503231261246
PREFADE-S,SPX500_TRAIN,2010-10-15,0.251541836134038
PREFADE-S,SPX500_TRAIN,2010-10-19,-4.028825633006591
PREFADE-S,SPX500_TRAIN,2010-10-22,1.9142091658509344
PREFADE-S,SPX500_TRAIN,2010-10-26,-2.948944148041619
PREFADE-S,SPX500_TRAIN,2010-10-28,-2.567304864254993
PREFADE-S,SPX500_TRAIN,2010-10-29,-3.6894246613767336
PREFADE-S,SPX500_TRAIN,2010-11-02,1.6698879266198219
PREFADE-S,SPX500_TRAIN,2010-11-05,2.7976813945201684
PREFADE-S,SPX500_TRAIN,2010-11-10,3.3623614991547583
PREFADE-S,SPX500_TRAIN,2010-11-11,-3.9030228883739255
PREFADE-S,SPX500_TRAIN,2010-11-15,1.072574157028157
PREFADE-S,SPX500_TRAIN,2010-11-16,2.3949654064956576
PREFADE-S,SPX500_TRAIN,2010-11-19,1.393897519700431
PREFADE-S,SPX500_TRAIN,2010-11-22,-4.0
PREFADE-S,SPX500_TRAIN,2010-11-23,-3.0
PREFADE-S,SPX500_TRAIN,2010-11-24,-5.965153202223519
PREFADE-S,SPX500_TRAIN,2010-11-29,-8.053299907720202
PREFADE-S,SPX500_TRAIN,2010-11-30,-4.748268083463245
PREFADE-S,SPX500_TRAIN,2010-12-02,4.7000000000000455
PREFADE-S,SPX500_TRAIN,2010-12-03,-0.8148590224991494
PREFADE-S,SPX500_TRAIN,2010-12-08,-3.7099725565121844
PREFADE-S,SPX500_TRAIN,2010-12-10,1.9768237654022869
PREFADE-S,SPX500_TRAIN,2010-12-14,2.443839553886164
PREFADE-S,SPX500_TRAIN,2010-12-16,2.133733836451711
PREFADE-S,SPX500_TRAIN,2010-12-22,-1.3842023786298796
PREFADE-S,SPX500_TRAIN,2010-12-23,0.369503424236882
PREFADE-S,SPX500_TRAIN,2010-12-30,1.5490440087774004
PREFADE-S,SPX500_TRAIN,2010-12-31,-2.8701928709751883
PREFADE-S,SPX500_TRAIN,2011-01-03,-4.006305140405402
PREFADE-S,SPX500_TRAIN,2011-01-07,4.597701452077217
PREFADE-S,SPX500_TRAIN,2011-01-13,2.5722566761585313
PREFADE-S,SPX500_TRAIN,2011-01-14,3.5225503438869055
PREFADE-S,SPX500_TRAIN,2011-01-17,2.5
PREFADE-S,SPX500_TRAIN,2011-01-19,-0.5526441487920692
PREFADE-S,SPX500_TRAIN,2011-01-20,3.105362601164643
PREFADE-S,SPX500_TRAIN,2011-01-21,1.8176353833785015
PREFADE-S,SPX500_TRAIN,2011-01-27,2.7596675888160007
PREFADE-S,SPX500_TRAIN,2011-01-28,1.2403390225242674
PREFADE-S,SPX500_TRAIN,2011-02-01,-4.186451620231992
PREFADE-S,SPX500_TRAIN,2011-02-02,-0.927463004930587
PREFADE-S,SPX500_TRAIN,2011-02-03,1.7693584421440391
PREFADE-S,SPX500_TRAIN,2011-02-04,0.9187654500628923
PREFADE-S,SPX500_TRAIN,2011-02-08,1.757236185224201
PREFADE-S,SPX500_TRAIN,2011-02-09,2.001830044416238
PREFADE-S,SPX500_TRAIN,2011-02-14,1.674157363665472
PREFADE-S,SPX500_TRAIN,2011-02-15,1.7053569319339204
PREFADE-S,SPX500_TRAIN,2011-02-17,0.1533208892544735
PREFADE-S,SPX500_TRAIN,2011-02-18,1.3780969727968113
PREFADE-S,SPX500_TRAIN,2011-02-23,-3.5697746447556256
PREFADE-S,SPX500_TRAIN,2011-03-03,-5.2000000000000455
PREFADE-S,SPX500_TRAIN,2011-03-04,4.3135285702462625
PREFADE-S,SPX500_TRAIN,2011-03-08,2.3380710244994134
PREFADE-S,SPX500_TRAIN,2011-03-14,3.623020212942265
PREFADE-S,SPX500_TRAIN,2011-03-18,7.34762056284103
PREFADE-S,SPX500_TRAIN,2011-03-24,4.521472512199125
PREFADE-S,SPX500_TRAIN,2011-03-25,1.4757163101428432
PREFADE-S,SPX500_TRAIN,2011-03-31,2.6816980918151785
PREFADE-S,SPX500_TRAIN,2011-04-01,-0.0924233899495448
PREFADE-S,SPX500_TRAIN,2011-04-06,4.206173279308132
PREFADE-S,SPX500_TRAIN,2011-04-07,0.6203221535727153
PREFADE-S,SPX500_TRAIN,2011-04-08,2.597432752381337
PREFADE-S,SPX500_TRAIN,2011-04-11,2.0534323143235724
PREFADE-S,SPX500_TRAIN,2011-04-13,3.5137070519310782
PREFADE-S,SPX500_TRAIN,2011-04-14,2.8892911637537964
PREFADE-S,SPX500_TRAIN,2011-04-15,3.073806583531905
PREFADE-S,SPX500_TRAIN,2011-04-18,-7.228950828128973
PREFADE-S,SPX500_TRAIN,2011-04-19,-0.20000000000004547
PREFADE-S,SPX500_TRAIN,2011-04-21,1.7999999999999545
PREFADE-S,SPX500_TRAIN,2011-04-27,2.3043294110161696
PREFADE-S,SPX500_TRAIN,2011-04-28,1.835758136250206
PREFADE-S,SPX500_TRAIN,2011-04-29,-2.2944624189156
PREFADE-S,SPX500_TRAIN,2011-05-03,3.199999999999818
PREFADE-S,SPX500_TRAIN,2011-05-05,6.604425348899213
PREFADE-S,SPX500_TRAIN,2011-05-06,-4.559606914832784
PREFADE-S,SPX500_TRAIN,2011-05-09,1.7022025027595191
PREFADE-S,SPX500_TRAIN,2011-05-11,-2.9448846425141255
PREFADE-S,SPX500_TRAIN,2011-05-16,5.813926426870239
PREFADE-S,SPX500_TRAIN,2011-05-17,4.696883101896901
PREFADE-S,SPX500_TRAIN,2011-05-18,1.181206913388678
PREFADE-S,SPX500_TRAIN,2011-05-19,3.5818107569359654
PREFADE-S,SPX500_TRAIN,2011-05-26,1.9385114863753188
PREFADE-S,SPX500_TRAIN,2011-05-27,2.278391127885925
PREFADE-S,SPX500_TRAIN,2011-06-01,-4.309388051567566
PREFADE-S,SPX500_TRAIN,2011-06-03,-4.296247880184637
PREFADE-S,SPX500_TRAIN,2011-06-06,2.9550293580330163
PREFADE-S,SPX500_TRAIN,2011-06-10,-4.264888497929405
PREFADE-S,SPX500_TRAIN,2011-06-13,1.3828617216763632
PREFADE-S,SPX500_TRAIN,2011-06-15,-11.454759009251575
PREFADE-S,SPX500_TRAIN,2011-06-16,3.183596139129804
PREFADE-S,SPX500_TRAIN,2011-06-17,5.099999999999909
PREFADE-S,SPX500_TRAIN,2011-06-23,-3.7980497654627925
PREFADE-S,SPX500_TRAIN,2011-06-24,3.828916287986658
PREFADE-S,SPX500_TRAIN,2011-06-28,-4.697263521178684
PREFADE-S,SPX500_TRAIN,2011-07-01,1.9185944083844788
PREFADE-S,SPX500_TRAIN,2011-07-05,1.9605860004053284
PREFADE-S,SPX500_TRAIN,2011-07-07,-0.6999999999998181
PREFADE-S,SPX500_TRAIN,2011-07-08,-5.486356736964353
PREFADE-S,SPX500_TRAIN,2011-07-11,-7.460658753456983
PREFADE-S,SPX500_TRAIN,2011-07-15,1.9399693229131572
PREFADE-S,SPX500_TRAIN,2011-07-21,-7.4382665384530355
PREFADE-S,SPX500_TRAIN,2011-07-22,-2.7063983983123308
PREFADE-S,SPX500_TRAIN,2011-07-25,3.3217370104080146
PREFADE-S,SPX500_TRAIN,2011-07-27,-6.374489819417249
PREFADE-S,SPX500_TRAIN,2011-07-28,3.8361739856284203
PREFADE-S,SPX500_TRAIN,2011-07-29,4.220818024252367
PREFADE-S,SPX500_TRAIN,2011-08-01,-5.893830736095424
PREFADE-S,SPX500_TRAIN,2011-08-02,6.271493470671885
PREFADE-S,SPX500_TRAIN,2011-08-04,-13.299999999999955
PREFADE-S,SPX500_TRAIN,2011-08-05,14.200715587782042
PREFADE-S,SPX500_TRAIN,2011-08-10,-11.863880686844368
PREFADE-S,SPX500_TRAIN,2011-08-11,9.18352350391092
PREFADE-S,SPX500_TRAIN,2011-08-12,5.041166579033188
PREFADE-S,SPX500_TRAIN,2011-08-17,-8.842399536175208
PREFADE-S,SPX500_TRAIN,2011-08-24,-8.086428902598527
PREFADE-S,SPX500_TRAIN,2011-08-25,-2.9251136118743943
PREFADE-S,SPX500_TRAIN,2011-08-26,-6.982742034217836
PREFADE-S,SPX500_TRAIN,2011-08-30,4.354562751109597
PREFADE-S,SPX500_TRAIN,2011-09-02,-1.7999999999999545
PREFADE-S,SPX500_TRAIN,2011-09-07,-6.7999999999999545
PREFADE-S,SPX500_TRAIN,2011-09-08,4.0169149112223295
PREFADE-S,SPX500_TRAIN,2011-09-09,-9.516213883195633
PREFADE-S,SPX500_TRAIN,2011-09-12,6.765420861709799
PREFADE-S,SPX500_TRAIN,2011-09-15,4.575470759919654
PREFADE-S,SPX500_TRAIN,2011-09-16,-7.522243908692644
PREFADE-S,SPX500_TRAIN,2011-09-21,3.540628746358152
PREFADE-S,SPX500_TRAIN,2011-09-27,-4.0
PREFADE-S,SPX500_TRAIN,2011-10-04,7.000184141765203
PREFADE-S,SPX500_TRAIN,2011-10-07,-5.287224467524311
PREFADE-S,SPX500_TRAIN,2011-10-11,3.5903731429548316
PREFADE-S,SPX500_TRAIN,2011-10-14,4.1077169570969545
PREFADE-S,SPX500_TRAIN,2011-10-17,-7.8885135269683815
PREFADE-S,SPX500_TRAIN,2011-10-18,5.242703202550047
PREFADE-S,SPX500_TRAIN,2011-10-21,-10.113618976175076
PREFADE-S,SPX500_TRAIN,2011-10-25,-7.94776774944512
PREFADE-S,SPX500_TRAIN,2011-10-26,0.6488322865038754
PREFADE-S,SPX500_TRAIN,2011-11-01,5.808682028273552
PREFADE-S,SPX500_TRAIN,2011-11-03,16.829884859187132
PREFADE-S,SPX500_TRAIN,2011-11-04,-9.738985537373082
PREFADE-S,SPX500_TRAIN,2011-11-08,4.169789391480208
PREFADE-S,SPX500_TRAIN,2011-11-11,-9.341337591403544
PREFADE-S,SPX500_TRAIN,2011-11-22,2.284388120514677
PREFADE-S,SPX500_TRAIN,2011-11-25,-6.554369631471445
PREFADE-S,SPX500_TRAIN,2011-11-30,-19.0
PREFADE-S,SPX500_TRAIN,2011-12-01,3.5504366677680537
PREFADE-S,SPX500_TRAIN,2011-12-05,-6.3009564466690335
PREFADE-S,SPX500_TRAIN,2011-12-07,-8.67323843590566
PREFADE-S,SPX500_TRAIN,2011-12-08,-12.670042974220678
PREFADE-S,SPX500_TRAIN,2011-12-12,-10.20626624370152
PREFADE-S,SPX500_TRAIN,2011-12-13,-6.4734932430692425
PREFADE-S,SPX500_TRAIN,2011-12-14,-5.903009900333018
PREFADE-S,SPX500_TRAIN,2011-12-15,7.786353493085926
PREFADE-S,SPX500_TRAIN,2011-12-20,-8.62777710753653
PREFADE-S,SPX500_TRAIN,2011-12-21,-2.7999999999999545
PREFADE-S,SPX500_TRAIN,2011-12-27,3.1273580543645494
PREFADE-S,SPX500_TRAIN,2011-12-30,2.3886034774168365
PREFADE-S,SPX500_TRAIN,2012-01-03,1.4619418598413176
PREFADE-S,SPX500_TRAIN,2012-01-04,1.6523326295284733
PREFADE-S,SPX500_TRAIN,2012-01-06,1.6753933356110338
PREFADE-S,SPX500_TRAIN,2012-01-09,3.644173863732476
PREFADE-S,SPX500_TRAIN,2012-01-13,-3.8887046241791268
PREFADE-S,SPX500_TRAIN,2012-01-18,3.0416130108255857
PREFADE-S,SPX500_TRAIN,2012-01-19,2.9435176916128967
PREFADE-S,SPX500_TRAIN,2012-01-26,1.3592336937354048
PREFADE-S,SPX500_TRAIN,2012-01-27,1.8194924041365539
PREFADE-S,SPX500_TRAIN,2012-01-30,1.2335700139906294
PREFADE-S,SPX500_TRAIN,2012-02-02,3.614133159805533
PREFADE-S,SPX500_TRAIN,2012-02-03,-6.2999999999999545
PREFADE-S,SPX500_TRAIN,2012-02-09,-4.2572241280101935
PREFADE-S,SPX500_TRAIN,2012-02-16,-3.1075654537276023
PREFADE-S,SPX500_TRAIN,2012-02-17,-3.0335077933580123
PREFADE-S,SPX500_TRAIN,2012-02-21,3.2521253830584556
PREFADE-S,SPX500_TRAIN,2012-02-24,1.2000000000000455
PREFADE-S,SPX500_TRAIN,2012-02-28,2.5
PREFADE-S,SPX500_TRAIN,2012-02-29,0.6878941677712191
PREFADE-S,SPX500_TRAIN,2012-03-05,-2.2000000000000455
PREFADE-S,SPX500_TRAIN,2012-03-06,-7.912624773558264
PREFADE-S,SPX500_TRAIN,2012-03-09,-2.1568567455140055
PREFADE-S,SPX500_TRAIN,2012-03-12,0.6452573822764407
PREFADE-S,SPX500_TRAIN,2012-03-16,2.4175360169481337
PREFADE-S,SPX500_TRAIN,2012-03-21,-4.2000000000000455
PREFADE-S,SPX500_TRAIN,2012-03-23,-4.4304749984908085
PREFADE-S,SPX500_TRAIN,2012-03-26,-4.298745757984761
PREFADE-S,SPX500_TRAIN,2012-03-27,-2.199999999999818
PREFADE-S,SPX500_TRAIN,2012-03-28,3.0
PREFADE-S,SPX500_TRAIN,2012-03-29,-4.0
PREFADE-S,SPX500_TRAIN,2012-04-03,2.2000000000000455
PREFADE-S,SPX500_TRAIN,2012-04-06,-3.800000000000182
PREFADE-S,SPX500_TRAIN,2012-04-10,2.7174472692609015
PREFADE-S,SPX500_TRAIN,2012-04-12,4.390066353078055
PREFADE-S,SPX500_TRAIN,2012-04-16,5.137204636408342
PREFADE-S,SPX500_TRAIN,2012-04-18,2.7429471126417866
PREFADE-S,SPX500_TRAIN,2012-04-19,9.121296141221364
PREFADE-S,SPX500_TRAIN,2012-04-20,-1.6000000000001364
PREFADE-S,SPX500_TRAIN,2012-04-24,1.7466257692112777
PREFADE-S,SPX500_TRAIN,2012-04-26,4.635335500518977
PREFADE-S,SPX500_TRAIN,2012-04-27,4.720173103372645
PREFADE-S,SPX500_TRAIN,2012-04-30,-4.0
PREFADE-S,SPX500_TRAIN,2012-05-02,1.0
PREFADE-S,SPX500_TRAIN,2012-05-03,1.6149068058966805
PREFADE-S,SPX500_TRAIN,2012-05-04,-8.965907955405555
PREFADE-S,SPX500_TRAIN,2012-05-07,-7.8178903569378235
PREFADE-S,SPX500_TRAIN,2012-05-09,3.165513833659361
PREFADE-S,SPX500_TRAIN,2012-05-10,2.2704367579158315
PREFADE-S,SPX500_TRAIN,2012-05-11,2.356710891821649
PREFADE-S,SPX500_TRAIN,2012-05-15,4.979798706715201
PREFADE-S,SPX500_TRAIN,2012-05-16,-7.399999999999864
PREFADE-S,SPX500_TRAIN,2012-05-22,3.0665750627376838
PREFADE-S,SPX500_TRAIN,2012-05-23,4.045846785565573
PREFADE-S,SPX500_TRAIN,2012-05-28,2.3999999999998636
PREFADE-S,SPX500_TRAIN,2012-05-30,-6.352313704267544
PREFADE-S,SPX500_TRAIN,2012-06-01,2.0
PREFADE-S,SPX500_TRAIN,2012-06-04,5.633439525922768
PREFADE-S,SPX500_TRAIN,2012-06-07,7.160793984280417
PREFADE-S,SPX500_TRAIN,2012-06-13,-6.932377418531814
PREFADE-S,SPX500_TRAIN,2012-06-14,3.2331506136324606
PREFADE-S,SPX500_TRAIN,2012-06-15,3.599999999999909
PREFADE-S,SPX500_TRAIN,2012-06-18,8.485650947220392
PREFADE-S,SPX500_TRAIN,2012-06-19,-5.183383993238067
PREFADE-S,SPX500_TRAIN,2012-06-20,3.240110743246987
PREFADE-S,SPX500_TRAIN,2012-06-21,4.596693830745608
PREFADE-S,SPX500_TRAIN,2012-06-22,6.946245548563866
PREFADE-S,SPX500_TRAIN,2012-06-25,-5.2164544505812955
PREFADE-S,SPX500_TRAIN,2012-06-26,2.400000000000091
PREFADE-S,SPX500_TRAIN,2012-06-27,2.044314782884385
PREFADE-S,SPX500_TRAIN,2012-07-05,1.7999999999999545
PREFADE-S,SPX500_TRAIN,2012-07-06,-3.281356413409185
PREFADE-S,SPX500_TRAIN,2012-07-16,1.1918767347692665
PREFADE-S,SPX500_TRAIN,2012-07-19,2.400000000000091
PREFADE-S,SPX500_TRAIN,2012-07-20,-3.2478021853653445
PREFADE-S,SPX500_TRAIN,2012-07-23,-9.227981832307705
PREFADE-S,SPX500_TRAIN,2012-07-24,3.3599917027308948
PREFADE-S,SPX500_TRAIN,2012-07-25,6.38142738796364
PREFADE-S,SPX500_TRAIN,2012-07-27,-5.713650724313766
PREFADE-S,SPX500_TRAIN,2012-07-31,3.812008203831283
PREFADE-S,SPX500_TRAIN,2012-08-02,-1.957514320700966
PREFADE-S,SPX500_TRAIN,2012-08-03,-10.0
PREFADE-S,SPX500_TRAIN,2012-08-06,2.7200646584251444
PREFADE-S,SPX500_TRAIN,2012-08-07,-5.4603159601608695
PREFADE-S,SPX500_TRAIN,2012-08-08,1.938475309867954
PREFADE-S,SPX500_TRAIN,2012-08-14,2.972895693241753
PREFADE-S,SPX500_TRAIN,2012-08-15,1.0708996426742488
PREFADE-S,SPX500_TRAIN,2012-08-16,1.3375863991034294
PREFADE-S,SPX500_TRAIN,2012-08-17,-0.43532223888678345
PREFADE-S,SPX500_TRAIN,2012-08-20,-2.0362197691028996
PREFADE-S,SPX500_TRAIN,2012-08-21,-3.400000000000091
PREFADE-S,SPX500_TRAIN,2012-08-23,-3.379862368751219
PREFADE-S,SPX500_TRAIN,2012-08-24,1.5
PREFADE-S,SPX500_TRAIN,2012-08-27,1.9406482148658597
PREFADE-S,SPX500_TRAIN,2012-08-28,2.828512891974924
PREFADE-S,SPX500_TRAIN,2012-08-29,2.2000000000000455
PREFADE-S,SPX500_TRAIN,2012-08-31,3.6831394508456015
PREFADE-S,SPX500_TRAIN,2012-09-04,-3.3386644957095086
PREFADE-S,SPX500_TRAIN,2012-09-05,6.758673133885395
PREFADE-S,SPX500_TRAIN,2012-09-07,2.750073718639669
PREFADE-S,SPX500_TRAIN,2012-09-17,1.4377976013299758
PREFADE-S,SPX500_TRAIN,2012-09-21,-1.9933745672794885
PREFADE-S,SPX500_TRAIN,2012-09-24,3.4076758591772887
PREFADE-S,SPX500_TRAIN,2012-09-26,-2.7962073489247814
PREFADE-S,SPX500_TRAIN,2012-10-03,2.005711858876566
PREFADE-S,SPX500_TRAIN,2012-10-05,-0.8291199921477528
PREFADE-S,SPX500_TRAIN,2012-10-11,-0.6000000000001364
PREFADE-S,SPX500_TRAIN,2012-10-12,4.020401470891329
PREFADE-S,SPX500_TRAIN,2012-10-17,2.0680021548359946
PREFADE-S,SPX500_TRAIN,2012-10-18,-2.5
PREFADE-S,SPX500_TRAIN,2012-10-24,3.4431264443232976
PREFADE-S,SPX500_TRAIN,2012-10-26,4.12002438736522
PREFADE-S,SPX500_TRAIN,2012-11-01,-4.3575141660710415
PREFADE-S,SPX500_TRAIN,2012-11-02,1.3896670109986644
PREFADE-S,SPX500_TRAIN,2012-11-05,2.7624481908001144
PREFADE-S,SPX500_TRAIN,2012-11-08,2.1336783050892336
PREFADE-S,SPX500_TRAIN,2012-11-12,2.942265761488443
PREFADE-S,SPX500_TRAIN,2012-11-15,3.5645706794471153
PREFADE-S,SPX500_TRAIN,2012-11-16,2.636345172430765
PREFADE-S,SPX500_TRAIN,2012-11-19,-4.136443291569549
PREFADE-S,SPX500_TRAIN,2012-11-20,1.771861741929115
PREFADE-S,SPX500_TRAIN,2012-11-22,2.0
PREFADE-S,SPX500_TRAIN,2012-11-23,-3.7658200040514203
PREFADE-S,SPX500_TRAIN,2012-11-27,2.5230619696683334
PREFADE-S,SPX500_TRAIN,2012-11-28,-2.507688482878393
PREFADE-S,SPX500_TRAIN,2012-12-03,3.687918840817929
PREFADE-S,SPX500_TRAIN,2012-12-04,3.479515668389695
PREFADE-S,SPX500_TRAIN,2012-12-06,2.524595910676908
PREFADE-S,SPX500_TRAIN,2012-12-07,2.0783873503207815
PREFADE-S,SPX500_TRAIN,2012-12-11,-6.45747099215464
PREFADE-S,SPX500_TRAIN,2012-12-12,2.94804758243572
PREFADE-S,SPX500_TRAIN,2012-12-13,2.7834295173831833
PREFADE-S,SPX500_TRAIN,2012-12-14,-4.168191656814997
PREFADE-S,SPX500_TRAIN,2012-12-18,-3.2692612744895087
PREFADE-S,SPX500_TRAIN,2012-12-19,1.1770566866948684
PREFADE-S,SPX500_TRAIN,2012-12-26,1.585356440020405
PREFADE-S,SPX500_TRAIN,2012-12-31,-3.5871966124720984
PREFADE-S,SPX500_TRAIN,2013-01-03,0.5405033966653718
PREFADE-S,SPX500_TRAIN,2013-01-04,4.094791262918534
PREFADE-S,SPX500_TRAIN,2013-01-07,1.2949967471711261
PREFADE-S,SPX500_TRAIN,2013-01-09,-2.394965692035612
PREFADE-S,SPX500_TRAIN,2013-01-10,1.5490148450030574
PREFADE-S,SPX500_TRAIN,2013-01-14,-3.983636273287857
PREFADE-S,SPX500_TRAIN,2013-01-17,-4.257531871811125
PREFADE-S,SPX500_TRAIN,2013-01-24,-3.3653503642797205
PREFADE-S,SPX500_TRAIN,2013-01-28,1.4993792673899407
PREFADE-S,SPX500_TRAIN,2013-01-30,-1.423926119226735
PREFADE-S,SPX500_TRAIN,2013-01-31,1.4934380352128755
PREFADE-S,SPX500_TRAIN,2013-02-01,-1.1372039844084156
PREFADE-S,SPX500_TRAIN,2013-02-06,-3.0208907291278138
PREFADE-S,SPX500_TRAIN,2013-02-08,-0.6574958065543797
PREFADE-S,SPX500_TRAIN,2013-02-12,-0.40000000000009095
PREFADE-S,SPX500_TRAIN,2013-02-13,-1.673733177150325
PREFADE-S,SPX500_TRAIN,2013-02-15,-2.6554930221691393
PREFADE-S,SPX500_TRAIN,2013-02-18,1.400000000000091
PREFADE-S,SPX500_TRAIN,2013-02-19,-2.8873936057632363
PREFADE-S,SPX500_TRAIN,2013-02-20,1.0957446957675074
PREFADE-S,SPX500_TRAIN,2013-02-22,2.8275870607940305
PREFADE-S,SPX500_TRAIN,2013-02-26,2.6740505777627277
PREFADE-S,SPX500_TRAIN,2013-02-27,1.8255369162284296
PREFADE-S,SPX500_TRAIN,2013-02-28,-0.17738793981880008
PREFADE-S,SPX500_TRAIN,2013-03-01,-5.56914919506562
PREFADE-S,SPX500_TRAIN,2013-03-04,2.1883628809268885
PREFADE-S,SPX500_TRAIN,2013-03-05,-3.361380140767551
PREFADE-S,SPX500_TRAIN,2013-03-07,1.8422698168847091
PREFADE-S,SPX500_TRAIN,2013-03-08,2.3310348414654527
PREFADE-S,SPX500_TRAIN,2013-03-11,2.828712337822253
PREFADE-S,SPX500_TRAIN,2013-03-12,1.8205889720993582
PREFADE-S,SPX500_TRAIN,2013-03-13,2.907497483781299
PREFADE-S,SPX500_TRAIN,2013-03-15,-2.595116388803035
PREFADE-S,SPX500_TRAIN,2013-03-19,1.913262939453034
PREFADE-S,SPX500_TRAIN,2013-03-21,1.801286915290575
PREFADE-S,SPX500_TRAIN,2013-03-22,-4.408850022545948
PREFADE-S,SPX500_TRAIN,2013-03-26,-0.13624221983059215
PREFADE-S,SPX500_TRAIN,2013-04-01,2.100138975905111
PREFADE-S,SPX500_TRAIN,2013-04-05,1.3999999999998636
PREFADE-S,SPX500_TRAIN,2013-04-09,1.2238241491559165
PREFADE-S,SPX500_TRAIN,2013-04-12,1.689815138862059
PREFADE-S,SPX500_TRAIN,2013-04-16,-0.8000000000001819
PREFADE-S,SPX500_TRAIN,2013-04-22,3.075517383780152
PREFADE-S,SPX500_TRAIN,2013-04-24,2.741313297974102
PREFADE-S,SPX500_TRAIN,2013-04-26,1.83176316114168
PREFADE-S,SPX500_TRAIN,2013-05-01,-0.8086321328437407
PREFADE-S,SPX500_TRAIN,2013-05-02,-2.4344120918619865
PREFADE-S,SPX500_TRAIN,2013-05-03,-10.16528895824581
PREFADE-S,SPX500_TRAIN,2013-05-06,1.180423324826961
PREFADE-S,SPX500_TRAIN,2013-05-07,1.8445761890302492
PREFADE-S,SPX500_TRAIN,2013-05-08,3.4062816010521146
PREFADE-S,SPX500_TRAIN,2013-05-09,4.585936036828343
PREFADE-S,SPX500_TRAIN,2013-05-10,2.8498744091089065
PREFADE-S,SPX500_TRAIN,2013-05-13,1.9935939699957999
PREFADE-S,SPX500_TRAIN,2013-05-14,-4.700871663265616
PREFADE-S,SPX500_TRAIN,2013-05-15,1.400000000000091
PREFADE-S,SPX500_TRAIN,2013-05-16,3.8977629832077128
PREFADE-S,SPX500_TRAIN,2013-05-17,-3.0141762673820267
PREFADE-S,SPX500_TRAIN,2013-05-20,1.0489983385682535
PREFADE-S,SPX500_TRAIN,2013-05-21,-2.7536611868583805
PREFADE-S,SPX500_TRAIN,2013-05-22,-2.5281520254902716
PREFADE-S,SPX500_TRAIN,2013-05-24,7.755416480212716
PREFADE-S,SPX500_TRAIN,2013-06-04,-3.9010045058453215
PREFADE-S,SPX500_TRAIN,2013-06-06,-1.6704172929664765
PREFADE-S,SPX500_TRAIN,2013-06-07,-12.545237725967581
PREFADE-S,SPX500_TRAIN,2013-06-10,3.6679306683554387
PREFADE-S,SPX500_TRAIN,2013-06-13,-6.618108434624219
PREFADE-S,SPX500_TRAIN,2013-06-18,3.2114012270224066
PREFADE-S,SPX500_TRAIN,2013-06-25,8.696398070775786
PREFADE-S,SPX500_TRAIN,2013-06-26,-3.199999999999818
PREFADE-S,SPX500_TRAIN,2013-06-27,-3.159330870557369
PREFADE-S,SPX500_TRAIN,2013-06-28,-4.63810143633691
PREFADE-S,SPX500_TRAIN,2013-07-02,2.412085286640149
PREFADE-S,SPX500_TRAIN,2013-07-04,-6.058263962071351
PREFADE-S,SPX500_TRAIN,2013-07-05,-1.6136671342910631
PREFADE-S,SPX500_TRAIN,2013-07-09,3.548483482245274
PREFADE-S,SPX500_TRAIN,2013-07-12,2.0068415677226312
PREFADE-S,SPX500_TRAIN,2013-07-16,3.2325086982687026
PREFADE-S,SPX500_TRAIN,2013-07-17,0.6000000000001364
PREFADE-S,SPX500_TRAIN,2013-07-18,-4.212948609157138
PREFADE-S,SPX500_TRAIN,2013-07-22,1.720120046539705
PREFADE-S,SPX500_TRAIN,2013-07-26,-4.7999999999999545
PREFADE-S,SPX500_TRAIN,2013-07-30,1.143524968429574
PREFADE-S,SPX500_TRAIN,2013-07-31,3.1026558644778106
PREFADE-S,SPX500_TRAIN,2013-08-02,-0.8215280528163476
PREFADE-S,SPX500_TRAIN,2013-08-05,-1.8428226976009228
PREFADE-S,SPX500_TRAIN,2013-08-08,1.9956542270358568
PREFADE-S,SPX500_TRAIN,2013-08-15,-5.578067329985515
PREFADE-S,SPX500_TRAIN,2013-08-19,2.2000000000000455
PREFADE-S,SPX500_TRAIN,2013-08-23,3.654637826434282
PREFADE-S,SPX500_TRAIN,2013-08-27,5.198108980102916
PREFADE-S,SPX500_TRAIN,2013-08-28,3.364458166265649
PREFADE-S,SPX500_TRAIN,2013-08-29,2.8125969316163264
PREFADE-S,SPX500_TRAIN,2013-09-02,0.6000000000001364
PREFADE-S,SPX500_TRAIN,2013-09-04,2.400000000000091
PREFADE-S,SPX500_TRAIN,2013-09-06,1.545782792378759
PREFADE-S,SPX500_TRAIN,2013-09-11,1.8188896496237703
PREFADE-S,SPX500_TRAIN,2013-09-13,1.4103487011109337
PREFADE-S,SPX500_TRAIN,2013-09-17,-5.083657131877089
PREFADE-S,SPX500_TRAIN,2013-09-18,0.7999999999999545
PREFADE-S,SPX500_TRAIN,2013-09-20,4.554815847952341
PREFADE-S,SPX500_TRAIN,2013-09-23,-6.746411481410178
PREFADE-S,SPX500_TRAIN,2013-09-24,3.8420834205826395
PREFADE-S,SPX500_TRAIN,2013-09-25,2.65733776613024
PREFADE-S,SPX500_TRAIN,2013-09-30,-2.618983419520873
PREFADE-S,SPX500_TRAIN,2013-10-01,7.89787618489413
PREFADE-S,SPX500_TRAIN,2013-10-03,3.269196861543378
PREFADE-S,SPX500_TRAIN,2013-10-08,2.145160114055898
PREFADE-S,SPX500_TRAIN,2013-10-09,2.923272608909201
PREFADE-S,SPX500_TRAIN,2013-10-15,0.19497558380589908
PREFADE-S,SPX500_TRAIN,2013-10-18,1.2389198256937561
PREFADE-S,SPX500_TRAIN,2013-10-22,-5.579440872577379
PREFADE-S,SPX500_TRAIN,2013-10-28,1.3342863162670255
PREFADE-S,SPX500_TRAIN,2013-10-31,1.1641446326673304
PREFADE-S,SPX500_TRAIN,2013-11-01,-2.0
PREFADE-S,SPX500_TRAIN,2013-11-04,1.732898612885947
PREFADE-S,SPX500_TRAIN,2013-11-05,1.182202946369216
PREFADE-S,SPX500_TRAIN,2013-11-07,1.8074159906338991
PREFADE-S,SPX500_TRAIN,2013-11-08,7.549575843402636
PREFADE-S,SPX500_TRAIN,2013-11-11,2.625989215331174
PREFADE-S,SPX500_TRAIN,2013-11-13,1.5027817210275316
PREFADE-S,SPX500_TRAIN,2013-11-14,3.714218206113628
PREFADE-S,SPX500_TRAIN,2013-11-18,2.870548946657891
PREFADE-S,SPX500_TRAIN,2013-11-20,1.7839513525582333
PREFADE-S,SPX500_TRAIN,2013-11-21,-6.017921603184277
PREFADE-S,SPX500_TRAIN,2013-11-22,1.598270502852074
PREFADE-S,SPX500_TRAIN,2013-12-03,2.4541130530392365
PREFADE-S,SPX500_TRAIN,2013-12-04,-2.8756333487981465
PREFADE-S,SPX500_TRAIN,2013-12-05,-0.8750268173807854
PREFADE-S,SPX500_TRAIN,2013-12-06,-0.1481319908932619
PREFADE-S,SPX500_TRAIN,2013-12-09,-2.108554415567369
PREFADE-S,SPX500_TRAIN,2013-12-12,3.1417158819926954
PREFADE-S,SPX500_TRAIN,2013-12-17,1.3585460861831962
PREFADE-S,SPX500_TRAIN,2013-12-19,-3.6404332783545215
PREFADE-S,SPX500_TRAIN,2013-12-20,1.5756272578707922
PREFADE-S,SPX500_TRAIN,2013-12-23,2.0
PREFADE-S,SPX500_TRAIN,2013-12-26,0.6782606894926175
PREFADE-S,SPX500_TRAIN,2013-12-27,-1.6843113561981227
PREFADE-S,SPX500_TRAIN,2013-12-31,-3.8997327712727383
PREFADE-S,SPX500_TRAIN,2014-01-03,1.375864201512286
PREFADE-S,SPX500_TRAIN,2014-01-06,2.869889894264361
PREFADE-S,SPX500_TRAIN,2014-01-07,-5.103866033570057
PREFADE-S,SPX500_TRAIN,2014-01-08,1.8623887720059429
PREFADE-S,SPX500_TRAIN,2014-01-10,-1.2618401987731431
PREFADE-S,SPX500_TRAIN,2014-01-14,-2.850198265787185
PREFADE-S,SPX500_TRAIN,2014-01-21,2.313486952868061
PREFADE-S,SPX500_TRAIN,2014-01-22,2.655444520465835
PREFADE-S,SPX500_TRAIN,2014-01-23,-7.366723487349418
PREFADE-S,SPX500_TRAIN,2014-01-27,5.913453014952438
PREFADE-S,SPX500_TRAIN,2014-01-28,4.209869128206947
PREFADE-S,SPX500_TRAIN,2014-01-29,-11.207898687518082
PREFADE-S,SPX500_TRAIN,2014-01-30,-5.0
PREFADE-S,SPX500_TRAIN,2014-01-31,8.741782895621327
PREFADE-S,SPX500_TRAIN,2014-02-04,-3.920299937435175
PREFADE-S,SPX500_TRAIN,2014-02-05,4.907275576197208
PREFADE-S,SPX500_TRAIN,2014-02-06,3.867465411735566
PREFADE-S,SPX500_TRAIN,2014-02-07,-8.0
PREFADE-S,SPX500_TRAIN,2014-02-11,3.662104295418658
PREFADE-S,SPX500_TRAIN,2014-02-13,4.271864891536325
PREFADE-S,SPX500_TRAIN,2014-02-19,3.3943437240257026
PREFADE-S,SPX500_TRAIN,2014-02-20,2.9155887936524323
PREFADE-S,SPX500_TRAIN,2014-02-24,-5.69561464769572
PREFADE-S,SPX500_TRAIN,2014-02-25,2.6000000000001364
PREFADE-S,SPX500_TRAIN,2014-02-26,-3.0234119552396805
PREFADE-S,SPX500_TRAIN,2014-03-05,1.7999999999999545
PREFADE-S,SPX500_TRAIN,2014-03-06,-2.9106953645789417
PREFADE-S,SPX500_TRAIN,2014-03-07,1.4738299972882487
PREFADE-S,SPX500_TRAIN,2014-03-11,-2.1133338762797393
PREFADE-S,SPX500_TRAIN,2014-03-12,2.6467900799013933
PREFADE-S,SPX500_TRAIN,2014-03-14,-3.4886883224173744
PREFADE-S,SPX500_TRAIN,2014-03-18,2.2181215114337647
PREFADE-S,SPX500_TRAIN,2014-03-19,2.2538760397194437
PREFADE-S,SPX500_TRAIN,2014-03-26,2.664653863734884
PREFADE-S,SPX500_TRAIN,2014-03-27,-7.074374579520963
PREFADE-S,SPX500_TRAIN,2014-03-31,-1.6852591806127748
PREFADE-S,SPX500_TRAIN,2014-04-01,-3.619335768466044
PREFADE-S,SPX500_TRAIN,2014-04-02,1.8809685999297017
PREFADE-S,SPX500_TRAIN,2014-04-03,1.5
PREFADE-S,SPX500_TRAIN,2014-04-04,3.7140385180805424
PREFADE-S,SPX500_TRAIN,2014-04-08,5.1020327915175585
PREFADE-S,SPX500_TRAIN,2014-04-09,1.0777075735200015
PREFADE-S,SPX500_TRAIN,2014-04-14,-4.716055608931583
PREFADE-S,SPX500_TRAIN,2014-04-15,-3.4595731540262022
PREFADE-S,SPX500_TRAIN,2014-04-17,-1.7326490123696203
PREFADE-S,SPX500_TRAIN,2014-04-21,1.1922052628981419
PREFADE-S,SPX500_TRAIN,2014-04-22,-2.2125241911001012
PREFADE-S,SPX500_TRAIN,2014-04-23,1.3999999999998636
PREFADE-S,SPX500_TRAIN,2014-04-24,-0.8870763429324597
PREFADE-S,SPX500_TRAIN,2014-04-25,-4.029002012023511
PREFADE-S,SPX500_TRAIN,2014-04-29,1.983530634910494
PREFADE-S,SPX500_TRAIN,2014-05-01,-1.8890883842698258
PREFADE-S,SPX500_TRAIN,2014-05-02,6.2245886605142005
PREFADE-S,SPX500_TRAIN,2014-05-06,-3.400000000000091
PREFADE-S,SPX500_TRAIN,2014-05-07,2.162192176577264
PREFADE-S,SPX500_TRAIN,2014-05-08,1.1028755083541455
PREFADE-S,SPX500_TRAIN,2014-05-09,2.3355583529357773
PREFADE-S,SPX500_TRAIN,2014-05-13,3.146630711215039
PREFADE-S,SPX500_TRAIN,2014-05-14,1.1532526200219309
PREFADE-S,SPX500_TRAIN,2014-05-15,-2.11751625747479
PREFADE-S,SPX500_TRAIN,2014-05-16,5.327694137628896
PREFADE-S,SPX500_TRAIN,2014-05-21,-5.153128131456015
PREFADE-S,SPX500_TRAIN,2014-05-23,1.800000000000182
PREFADE-S,SPX500_TRAIN,2014-05-29,0.6268842612387289
PREFADE-S,SPX500_TRAIN,2014-05-30,1.1933274013335904
PREFADE-S,SPX500_TRAIN,2014-06-02,1.1492944879528295
PREFADE-S,SPX500_TRAIN,2014-06-04,1.9591002600016054
PREFADE-S,SPX500_TRAIN,2014-06-05,-2.4795854077160584
PREFADE-S,SPX500_TRAIN,2014-06-06,-2.121283882819853
PREFADE-S,SPX500_TRAIN,2014-06-12,-2.2000000000000455
PREFADE-S,SPX500_TRAIN,2014-06-17,-3.845820722454846
PREFADE-S,SPX500_TRAIN,2014-06-19,1.236125292573206
PREFADE-S,SPX500_TRAIN,2014-06-20,-2.3999999999998636
PREFADE-S,SPX500_TRAIN,2014-06-25,1.7524763416170117
PREFADE-S,SPX500_TRAIN,2014-06-26,3.972861140784971
PREFADE-S,SPX500_TRAIN,2014-06-30,2.102019288224028
PREFADE-S,SPX500_TRAIN,2014-07-01,-2.021981922570376
PREFADE-S,SPX500_TRAIN,2014-07-02,-0.06940251917444584
PREFADE-S,SPX500_TRAIN,2014-07-03,-2.518284273951849
PREFADE-S,SPX500_TRAIN,2014-07-07,-1.8690361743774702
PREFADE-S,SPX500_TRAIN,2014-07-08,-1.8406583680941822
PREFADE-S,SPX500_TRAIN,2014-07-09,-0.5013325162617548
PREFADE-S,SPX500_TRAIN,2014-07-14,-2.2000000000000455
PREFADE-S,SPX500_TRAIN,2014-07-15,-3.3291300354069335
PREFADE-S,SPX500_TRAIN,2014-07-16,4.312927665669804
PREFADE-S,SPX500_TRAIN,2014-07-21,2.8133730143592857
PREFADE-S,SPX500_TRAIN,2014-07-22,-4.589687610123747
PREFADE-S,SPX500_TRAIN,2014-07-23,2.5819221333035784
PREFADE-S,SPX500_TRAIN,2014-07-25,-3.0284801607499503
PREFADE-S,SPX500_TRAIN,2014-07-28,2.0537016827568095
PREFADE-S,SPX500_TRAIN,2014-07-29,2.7405811267251465
PREFADE-S,SPX500_TRAIN,2014-07-30,4.282079050723041
PREFADE-S,SPX500_TRAIN,2014-08-06,5.280918805642614
PREFADE-S,SPX500_TRAIN,2014-08-07,-4.389935031343612
PREFADE-S,SPX500_TRAIN,2014-08-11,-5.743065331518437
PREFADE-S,SPX500_TRAIN,2014-08-12,-2.5716842046399506
PREFADE-S,SPX500_TRAIN,2014-08-18,2.7826608167056293
PREFADE-S,SPX500_TRAIN,2014-08-19,1.1936786838048192
PREFADE-S,SPX500_TRAIN,2014-08-20,1.615112798016753
PREFADE-S,SPX500_TRAIN,2014-08-27,1.3164845334504207
PREFADE-S,SPX500_TRAIN,2014-09-05,4.642397656356934
PREFADE-S,SPX500_TRAIN,2014-09-09,-1.1223459839909538
PREFADE-S,SPX500_TRAIN,2014-09-11,3.17390130056242
PREFADE-S,SPX500_TRAIN,2014-09-12,-0.05937222792204011
PREFADE-S,SPX500_TRAIN,2014-09-15,2.216462823360189
PREFADE-S,SPX500_TRAIN,2014-09-16,1.7322861922252741
PREFADE-S,SPX500_TRAIN,2014-09-17,-0.8251912969881232
PREFADE-S,SPX500_TRAIN,2014-09-24,2.400000000000091
PREFADE-S,SPX500_TRAIN,2014-09-25,-0.4852102460649803
PREFADE-S,SPX500_TRAIN,2014-09-26,7.191569992339964
PREFADE-S,SPX500_TRAIN,2014-09-29,2.1168665044490353
PREFADE-S,SPX500_TRAIN,2014-10-01,2.3999999999998636
PREFADE-S,SPX500_TRAIN,2014-10-02,10.394421960398404
PREFADE-S,SPX500_TRAIN,2014-10-03,3.5932033987328396
PREFADE-S,SPX500_TRAIN,2014-10-08,3.150852860339455
PREFADE-S,SPX500_TRAIN,2014-10-09,-6.231597545471004
PREFADE-S,SPX500_TRAIN,2014-10-14,4.352324943353096
PREFADE-S,SPX500_TRAIN,2014-10-15,-0.3153313478455857
PREFADE-S,SPX500_TRAIN,2014-10-20,7.247961829825954
PREFADE-S,SPX500_TRAIN,2014-10-22,3.9821506248213154
PREFADE-S,SPX500_TRAIN,2014-10-23,-9.599999999999909
PREFADE-S,SPX500_TRAIN,2014-10-24,5.085407550286163
PREFADE-S,SPX500_TRAIN,2014-10-27,2.6314100173676707
PREFADE-S,SPX500_TRAIN,2014-11-03,-0.40906029433608637
PREFADE-S,SPX500_TRAIN,2014-11-04,3.6393244900755235
PREFADE-S,SPX500_TRAIN,2014-11-05,3.1477542710283615
PREFADE-S,SPX500_TRAIN,2014-11-06,-8.763656773930961
PREFADE-S,SPX500_TRAIN,2014-11-07,-2.1369415121548627
PREFADE-S,SPX500_TRAIN,2014-11-11,2.2000000000000455
PREFADE-S,SPX500_TRAIN,2014-11-12,3.0105920155842796
PREFADE-S,SPX500_TRAIN,2014-11-14,2.6850276372204007
PREFADE-S,SPX500_TRAIN,2014-11-19,2.200000000000273
PREFADE-S,SPX500_TRAIN,2014-11-25,3.399999999999636
PREFADE-S,SPX500_TRAIN,2014-11-26,-0.1773192447785732
PREFADE-S,SPX500_TRAIN,2014-12-03,1.400000000000091
PREFADE-S,SPX500_TRAIN,2014-12-04,-1.0216011098486888
PREFADE-S,SPX500_TRAIN,2014-12-05,2.892328195764094
PREFADE-S,SPX500_TRAIN,2014-12-09,-2.0958028878230834
PREFADE-S,SPX500_TRAIN,2014-12-10,-6.557288618104849
PREFADE-S,SPX500_TRAIN,2014-12-11,-6.080390775997557
PREFADE-S,SPX500_TRAIN,2014-12-19,6.421629158999622
PREFADE-S,SPX500_TRAIN,2014-12-26,-1.7295247081751768
PREFADE-S,SPX500_VAL,2015-01-05,-5.747641582726828
PREFADE-S,SPX500_VAL,2015-01-06,4.568236433328593
PREFADE-S,SPX500_VAL,2015-01-07,3.5695711202738494
PREFADE-S,SPX500_VAL,2015-01-09,7.525426206868815
PREFADE-S,SPX500_VAL,2015-01-13,-8.619830423122949
PREFADE-S,SPX500_VAL,2015-01-14,8.477161589590196
PREFADE-S,SPX500_VAL,2015-01-16,-10.357262192290591
PREFADE-S,SPX500_VAL,2015-01-20,6.984693033505437
PREFADE-S,SPX500_VAL,2015-01-21,4.961804185337087
PREFADE-S,SPX500_VAL,2015-01-22,-0.5403520959403068
PREFADE-S,SPX500_VAL,2015-01-23,-0.5380427585405414
PREFADE-S,SPX500_VAL,2015-01-26,6.042611821962964
PREFADE-S,SPX500_VAL,2015-01-30,6.836363895216209
PREFADE-S,SPX500_VAL,2015-02-02,4.1505888065978525
PREFADE-S,SPX500_VAL,2015-02-04,2.887022412171973
PREFADE-S,SPX500_VAL,2015-02-05,-6.2000000000000455
PREFADE-S,SPX500_VAL,2015-02-06,-0.06793379353302953
PREFADE-S,SPX500_VAL,2015-02-09,4.2508998433063425
PREFADE-S,SPX500_VAL,2015-02-10,5.185247784950661
PREFADE-S,SPX500_VAL,2015-02-11,2.0
PREFADE-S,SPX500_VAL,2015-02-12,-1.0
PREFADE-S,SPX500_VAL,2015-02-18,-2.599999999999909
PREFADE-S,SPX500_VAL,2015-02-20,0.40746599573822095
PREFADE-S,SPX500_VAL,2015-02-26,-2.885049449970211
PREFADE-S,SPX500_VAL,2015-03-02,-2.588590322678101
PREFADE-S,SPX500_VAL,2015-03-03,-2.0
PREFADE-S,SPX500_VAL,2015-03-05,-2.9099221333399328
PREFADE-S,SPX500_VAL,2015-03-06,-3.6710315141385763
PREFADE-S,SPX500_VAL,2015-03-09,-3.191727289894061
PREFADE-S,SPX500_VAL,2015-03-12,-6.0620706790514305
PREFADE-S,SPX500_VAL,2015-03-13,-3.5818399387139834
PREFADE-S,SPX500_VAL,2015-03-19,-5.800000000000182
PREFADE-S,SPX500_VAL,2015-03-20,-5.88744444444319
PREFADE-S,SPX500_VAL,2015-03-24,3.592239729634912
PREFADE-S,SPX500_VAL,2015-03-25,4.608708384117108
PREFADE-S,SPX500_VAL,2015-04-03,-2.9636744343397368
PREFADE-S,SPX500_VAL,2015-04-06,-3.982375001064611
PREFADE-S,SPX500_VAL,2015-04-07,3.199999999999818
PREFADE-S,SPX500_VAL,2015-04-08,-4.599999999999909
PREFADE-S,SPX500_VAL,2015-04-24,4.0127035173059085
PREFADE-S,SPX500_VAL,2015-04-27,3.1754195017078928
PREFADE-S,SPX500_VAL,2015-04-28,4.260233019443149
PREFADE-S,SPX500_VAL,2015-04-29,4.357855450218722
PREFADE-S,SPX500_VAL,2015-04-30,3.737946610689505
PREFADE-S,SPX500_VAL,2015-05-01,-4.172159087969703
PREFADE-S,SPX500_VAL,2015-05-04,-2.400000000000091
PREFADE-S,SPX500_VAL,2015-05-05,2.567941595715183
PREFADE-S,SPX500_VAL,2015-05-08,-7.813807090180035
PREFADE-S,SPX500_VAL,2015-05-11,1.8075168131836108
PREFADE-S,SPX500_VAL,2015-05-13,5.630487600272772
PREFADE-S,SPX500_VAL,2015-05-20,4.737355258969274
PREFADE-S,SPX500_VAL,2015-05-21,-2.3065052400534114
PREFADE-S,SPX500_VAL,2015-05-22,-2.443940393601224
PREFADE-S,SPX500_VAL,2015-05-27,2.7801773592232166
PREFADE-S,SPX500_VAL,2015-05-28,2.895975105000616
PREFADE-S,SPX500_VAL,2015-06-01,4.377888867662477
PREFADE-S,SPX500_VAL,2015-06-05,7.404260200498811
PREFADE-S,SPX500_VAL,2015-06-08,1.642185157464155
PREFADE-S,SPX500_VAL,2015-06-11,-4.719994827314622
PREFADE-S,SPX500_VAL,2015-06-12,-4.945584092311492
PREFADE-S,SPX500_VAL,2015-06-15,-4.123949097318473
PREFADE-S,SPX500_VAL,2015-06-16,-7.674415837909692
PREFADE-S,SPX500_VAL,2015-06-18,-8.18915113311732
PREFADE-S,SPX500_VAL,2015-06-19,-4.221435942993594
PREFADE-S,SPX500_VAL,2015-06-23,2.088398019125634
PREFADE-S,SPX500_VAL,2015-06-26,3.0862631607055846
PREFADE-S,SPX500_VAL,2015-07-02,2.099999999999909
PREFADE-S,SPX500_VAL,2015-07-03,2.200000000000273
PREFADE-S,SPX500_VAL,2015-07-07,-7.051037964678017
PREFADE-S,SPX500_VAL,2015-07-09,5.398535904338132
PREFADE-S,SPX500_VAL,2015-07-14,1.6009975281140214
PREFADE-S,SPX500_VAL,2015-07-17,1.9417972126457244
PREFADE-S,SPX500_VAL,2015-07-21,2.2246777501113684
PREFADE-S,SPX500_VAL,2015-07-22,1.2374664145822862
PREFADE-S,SPX500_VAL,2015-07-23,-2.800000000000182
PREFADE-S,SPX500_VAL,2015-07-24,-4.504001549891655
PREFADE-S,SPX500_VAL,2015-07-27,4.540002589186315
PREFADE-S,SPX500_VAL,2015-07-30,2.1784117430420338
PREFADE-S,SPX500_VAL,2015-07-31,10.393838026428512
PREFADE-S,SPX500_VAL,2015-08-06,1.913481592428525
PREFADE-S,SPX500_VAL,2015-08-07,6.053825974048777
PREFADE-S,SPX500_VAL,2015-08-10,-6.5
PREFADE-S,SPX500_VAL,2015-08-11,-6.100000000000364
PREFADE-S,SPX500_VAL,2015-08-17,-5.765522313104157
PREFADE-S,SPX500_VAL,2015-08-21,6.536020606993134
PREFADE-S,SPX500_VAL,2015-08-24,-37.44082656554565
PREFADE-S,SPX500_VAL,2015-08-26,26.484618974060368
PREFADE-S,SPX500_VAL,2015-09-01,14.005506546393235
PREFADE-S,SPX500_VAL,2015-09-02,9.00214554911372
PREFADE-S,SPX500_VAL,2015-09-03,8.26490035926372
PREFADE-S,SPX500_VAL,2015-09-04,5.951038712448508
PREFADE-S,SPX500_VAL,2015-09-10,12.165202972096722
PREFADE-S,SPX500_VAL,2015-09-14,-8.779197790172248
PREFADE-S,SPX500_VAL,2015-09-15,6.495157685122422
PREFADE-S,SPX500_VAL,2015-09-16,2.211061537573414
PREFADE-S,SPX500_VAL,2015-09-17,2.0181601404453886
PREFADE-S,SPX500_VAL,2015-09-24,-5.600000000000136
PREFADE-S,SPX500_VAL,2015-10-02,5.092954868733614
PREFADE-S,SPX500_VAL,2015-10-05,-6.600000000000136
PREFADE-S,SPX500_VAL,2015-10-06,-5.694609745700745
PREFADE-S,SPX500_VAL,2015-10-09,4.709259418202919
PREFADE-S,SPX500_VAL,2015-10-14,5.325436264974087
PREFADE-S,SPX500_VAL,2015-10-16,3.2571163661930314
PREFADE-S,SPX500_VAL,2015-10-19,3.77133743008244
PREFADE-S,SPX500_VAL,2015-10-22,-7.322691651918831
PREFADE-S,SPX500_VAL,2015-10-26,2.3701711336402695
PREFADE-S,SPX500_VAL,2015-10-27,2.4147677997502797
PREFADE-S,SPX500_VAL,2015-11-02,-9.463154373722773
PREFADE-S,SPX500_VAL,2015-11-03,3.0871732179102764
PREFADE-S,SPX500_VAL,2015-11-04,3.020084215843326
PREFADE-S,SPX500_VAL,2015-11-06,8.499009133394793
PREFADE-S,SPX500_VAL,2015-11-11,5.725164974234758
PREFADE-S,SPX500_VAL,2015-11-12,-7.243597009455243
PREFADE-S,SPX500_VAL,2015-11-13,-6.8189801934549905
PREFADE-S,SPX500_VAL,2015-11-18,-5.630496634505562
PREFADE-S,SPX500_VAL,2015-11-19,4.319074713912414
PREFADE-S,SPX500_VAL,2015-11-20,-6.2067550217880125
PREFADE-S,SPX500_VAL,2015-12-02,3.2383300613610118
PREFADE-S,SPX500_VAL,2015-12-03,8.200000000000273
PREFADE-S,SPX500_VAL,2015-12-04,-1.834233058526479
PREFADE-S,SPX500_VAL,2015-12-08,8.40929366401997
PREFADE-S,SPX500_VAL,2015-12-09,9.805345231563479
PREFADE-S,SPX500_VAL,2015-12-10,7.120132449263565
PREFADE-S,SPX500_VAL,2015-12-11,-6.5
PREFADE-S,SPX500_VAL,2015-12-14,13.028646186125343
PREFADE-S,SPX500_VAL,2015-12-15,-2.599999999999909
PREFADE-S,SPX500_VAL,2015-12-16,3.2703326550390557
PREFADE-S,SPX500_VAL,2015-12-18,6.918659084668434
PREFADE-S,SPX500_VAL,2015-12-22,6.827670084118836
PREFADE-S,SPX500_VAL,2015-12-29,-5.200000000000273
PREFADE-S,SPX500_VAL,2015-12-30,-4.158516554276957
PREFADE-S,SPX500_VAL,2016-01-06,14.73921542942162
PREFADE-S,SPX500_VAL,2016-01-08,12.208468365774252
PREFADE-S,SPX500_VAL,2016-01-15,3.599999999999909
PREFADE-S,SPX500_VAL,2016-01-21,15.301639904152353
PREFADE-S,SPX500_VAL,2016-01-25,5.2351324962226045
PREFADE-S,SPX500_VAL,2016-01-26,-10.799999999999955
PREFADE-S,SPX500_VAL,2016-01-27,3.807680169151581
PREFADE-S,SPX500_VAL,2016-01-28,12.516004791442583
PREFADE-S,SPX500_VAL,2016-02-01,6.8984043674749955
PREFADE-S,SPX500_VAL,2016-02-02,-6.600000000000136
PREFADE-S,SPX500_VAL,2016-02-03,10.52133414797322
PREFADE-S,SPX500_VAL,2016-02-04,-8.962782322206067
PREFADE-S,SPX500_VAL,2016-02-05,8.89250478864551
PREFADE-S,SPX500_VAL,2016-02-09,9.485303858227553
PREFADE-S,SPX500_VAL,2016-02-12,9.67954597954963
PREFADE-S,SPX500_VAL,2016-02-16,-6.399999999999864
PREFADE-S,SPX500_VAL,2016-02-17,-14.589062170342004
PREFADE-S,SPX500_VAL,2016-02-19,5.055370368394961
PREFADE-S,SPX500_VAL,2016-02-23,4.312095251597611
PREFADE-S,SPX500_VAL,2016-02-24,-1.3999999999998636
PREFADE-S,SPX500_VAL,2016-02-29,-8.599999999999909
PREFADE-S,SPX500_VAL,2016-03-04,-3.8433142392689206
PREFADE-S,SPX500_VAL,2016-03-07,4.937300807313932
PREFADE-S,SPX500_VAL,2016-03-10,-7.184151601504709
PREFADE-S,SPX500_VAL,2016-03-14,1.9720708921536243
PREFADE-S,SPX500_VAL,2016-03-16,-3.187801651480868
PREFADE-S,SPX500_VAL,2016-03-18,-5.600000000000136
PREFADE-S,SPX500_VAL,2016-03-23,-3.3424404930551646
PREFADE-S,SPX500_VAL,2016-03-24,4.095992811967335
PREFADE-S,SPX500_VAL,2016-03-29,3.0
PREFADE-S,SPX500_VAL,2016-03-31,-1.400000000000091
PREFADE-S,SPX500_VAL,2016-04-01,4.3704490327536405
PREFADE-S,SPX500_VAL,2016-04-06,-4.935553822321026
PREFADE-S,SPX500_VAL,2016-04-07,-8.495180266561874
PREFADE-S,SPX500_VAL,2016-04-14,3.399999999999636
PREFADE-S,SPX500_VAL,2016-04-21,-4.125512779144628
PREFADE-S,SPX500_VAL,2016-04-27,2.7120366583858413
PREFADE-S,SPX500_VAL,2016-04-29,-4.2152038814283515
PREFADE-S,SPX500_VAL,2016-05-02,3.4201616032578386
PREFADE-S,SPX500_VAL,2016-05-06,-4.662825851464504
PREFADE-S,SPX500_VAL,2016-05-12,6.463041758555846
PREFADE-S,SPX500_VAL,2016-05-13,-7.241869955224956
PREFADE-S,SPX500_VAL,2016-05-17,-6.036758631605153
PREFADE-S,SPX500_VAL,2016-05-18,-3.800000000000182
PREFADE-S,SPX500_VAL,2016-05-24,-9.301288353219206
PREFADE-S,SPX500_VAL,2016-05-26,2.8368658189651796
PREFADE-S,SPX500_VAL,2016-06-01,4.186725585263048
PREFADE-S,SPX500_VAL,2016-06-02,-3.2644134960282827
PREFADE-S,SPX500_VAL,2016-06-03,-4.202132004801115
PREFADE-S,SPX500_VAL,2016-06-06,-4.388403376483893
PREFADE-S,SPX500_VAL,2016-06-08,-4.504557203441436
PREFADE-S,SPX500_VAL,2016-06-13,3.130187564922835
PREFADE-S,SPX500_VAL,2016-06-14,4.307176405896826
PREFADE-S,SPX500_VAL,2016-06-27,10.46186952285143
PREFADE-S,SPX500_VAL,2016-06-29,-11.201254334890564
PREFADE-S,SPX500_VAL,2016-07-01,-4.20704231879472
PREFADE-S,SPX500_VAL,2016-07-08,-16.781864449252225
PREFADE-S,SPX500_VAL,2016-07-13,3.199999999999818
PREFADE-S,SPX500_VAL,2016-07-15,-5.0
PREFADE-S,SPX500_VAL,2016-07-21,2.199999999999818
PREFADE-S,SPX500_VAL,2016-08-01,2.2306541897673924
PREFADE-S,SPX500_VAL,2016-08-04,3.7292561366461996
PREFADE-S,SPX500_VAL,2016-08-05,-7.399448506451336
PREFADE-S,SPX500_VAL,2016-08-09,1.5885877741620789
PREFADE-S,SPX500_VAL,2016-08-10,2.9195958969166895
PREFADE-S,SPX500_VAL,2016-08-12,-2.2124901538695667
PREFADE-S,SPX500_VAL,2016-08-15,-1.9066370498803735
PREFADE-S,SPX500_VAL,2016-08-16,-2.788953834984568
PREFADE-S,SPX500_VAL,2016-08-19,2.3307422814109486
PREFADE-S,SPX500_VAL,2016-08-23,1.199999999999818
PREFADE-S,SPX500_VAL,2016-08-25,2.3879119654789065
PREFADE-S,SPX500_VAL,2016-08-26,1.6036979125533435
PREFADE-S,SPX500_VAL,2016-08-31,-2.199999999999818
PREFADE-S,SPX500_VAL,2016-09-01,-5.8329836939938104
PREFADE-S,SPX500_VAL,2016-09-02,-3.3737057265343537
PREFADE-S,SPX500_VAL,2016-09-05,-1.4180251242005397
PREFADE-S,SPX500_VAL,2016-09-06,1.3451961527498497
PREFADE-S,SPX500_VAL,2016-09-07,1.6000000000003638
PREFADE-S,SPX500_VAL,2016-09-08,-4.146671013325431
PREFADE-S,SPX500_VAL,2016-09-14,-4.703507693007396
PREFADE-S,SPX500_VAL,2016-09-15,4.43212495013222
PREFADE-S,SPX500_VAL,2016-09-20,3.249077643513374
PREFADE-S,SPX500_VAL,2016-09-22,-2.0
PREFADE-S,SPX500_VAL,2016-09-27,9.658393924355096
PREFADE-S,SPX500_VAL,2016-09-29,-3.2940921999856982
PREFADE-S,SPX500_VAL,2016-09-30,-7.050338687308795
PREFADE-S,SPX500_VAL,2016-10-03,-3.800000000000182
PREFADE-S,SPX500_VAL,2016-10-04,2.3393218513201646
PREFADE-S,SPX500_VAL,2016-10-05,-8.719245656613111
PREFADE-S,SPX500_VAL,2016-10-07,-0.0732934140874022
PREFADE-S,SPX500_VAL,2016-10-10,-4.415650979940892
PREFADE-S,SPX500_VAL,2016-10-11,-4.736143641344825
PREFADE-S,SPX500_VAL,2016-10-12,3.266336465304448
PREFADE-S,SPX500_VAL,2016-10-14,4.800000000000182
PREFADE-S,SPX500_VAL,2016-10-17,-4.381114586231433
PREFADE-S,SPX500_VAL,2016-10-18,5.335755184129084
PREFADE-S,SPX500_VAL,2016-10-19,2.754857499517584
PREFADE-S,SPX500_VAL,2016-10-20,-0.4926890177112
PREFADE-S,SPX500_VAL,2016-10-21,-4.622525535977729
PREFADE-S,SPX500_VAL,2016-10-25,-2.482839676420099
PREFADE-S,SPX500_VAL,2016-10-27,4.725773662424672
PREFADE-S,SPX500_VAL,2016-11-01,-4.0
PREFADE-S,SPX500_VAL,2016-11-02,4.799999999999727
PREFADE-S,SPX500_VAL,2016-11-03,6.070687236690446
PREFADE-S,SPX500_VAL,2016-11-04,2.2463591156410985
PREFADE-S,SPX500_VAL,2016-11-08,2.599999999999909
PREFADE-S,SPX500_VAL,2016-11-17,2.0
PREFADE-S,SPX500_VAL,2016-11-18,3.2584312398521433
PREFADE-S,SPX500_VAL,2016-11-21,-4.399582878005731
PREFADE-S,SPX500_VAL,2016-11-23,-2.71749888913655
PREFADE-S,SPX500_VAL,2016-11-24,-2.400000000000091
PREFADE-S,SPX500_VAL,2016-11-29,3.017946276146631
PREFADE-S,SPX500_VAL,2016-11-30,2.477371643928109
PREFADE-S,SPX500_VAL,2016-12-01,3.846152920132681
PREFADE-S,SPX500_VAL,2016-12-02,-1.0757157464095144
PREFADE-S,SPX500_VAL,2016-12-06,2.6355961702511195
PREFADE-S,SPX500_VAL,2016-12-07,-1.199999999999818
PREFADE-S,SPX500_VAL,2016-12-08,8.1002096668376
PREFADE-S,SPX500_VAL,2016-12-09,-2.040174140528052
PREFADE-S,SPX500_VAL,2016-12-13,-6.136285698040865
PREFADE-S,SPX500_VAL,2016-12-14,-1.7912809856952663
PREFADE-S,SPX500_VAL,2016-12-15,3.0
PREFADE-S,SPX500_VAL,2016-12-19,-2.0
PREFADE-S,SPX500_VAL,2016-12-21,1.7999999999997272
PREFADE-S,SPX500_VAL,2016-12-22,1.599999999999909
PREFADE-S,SPX500_VAL,2016-12-23,1.7361006250921491
PREFADE-S,SPX500_VAL,2016-12-27,-1.8027973568300695
PREFADE-S,SPX500_VAL,2017-01-04,-3.599999999999909
PREFADE-S,SPX500_VAL,2017-01-06,-0.5395449135858144
PREFADE-S,SPX500_VAL,2017-01-09,-3.599721625451366
PREFADE-S,SPX500_VAL,2017-01-13,1.5860747904666823
PREFADE-S,SPX500_VAL,2017-01-20,1.973492228392388
PREFADE-S,SPX500_VAL,2017-01-23,1.8649441051238682
PREFADE-S,SPX500_VAL,2017-01-24,-2.170641123022051
PREFADE-S,SPX500_VAL,2017-01-25,-5.071297819451047
PREFADE-S,SPX500_VAL,2017-01-26,2.3054309040976477
PREFADE-S,SPX500_VAL,2017-01-30,-2.201016304500172
PREFADE-S,SPX500_VAL,2017-02-01,0.968535661255828
PREFADE-S,SPX500_VAL,2017-02-03,-5.800000000000182
PREFADE-S,SPX500_VAL,2017-02-06,-3.300393443455505
PREFADE-S,SPX500_VAL,2017-02-08,2.5212409579689847
PREFADE-S,SPX500_VAL,2017-02-13,-2.32306910529951
PREFADE-S,SPX500_VAL,2017-02-15,2.399999999999636
PREFADE-S,SPX500_VAL,2017-02-16,2.2091923664524984
PREFADE-S,SPX500_VAL,2017-02-17,3.6938937399713723
PREFADE-S,SPX500_VAL,2017-02-21,-3.2878370474786607
PREFADE-S,SPX500_VAL,2017-02-23,-3.400000000000091
PREFADE-S,SPX500_VAL,2017-02-27,2.3402431202052867
PREFADE-S,SPX500_VAL,2017-02-28,-1.6505628928307488
PREFADE-S,SPX500_VAL,2017-03-01,-6.756926533006663
PREFADE-S,SPX500_VAL,2017-03-02,2.145444348638648
PREFADE-S,SPX500_VAL,2017-03-07,1.8426961314658001
PREFADE-S,SPX500_VAL,2017-03-08,-4.235977687983905
PREFADE-S,SPX500_VAL,2017-03-09,3.5553918854707263
PREFADE-S,SPX500_VAL,2017-03-13,-0.46441501493791293
PREFADE-S,SPX500_VAL,2017-03-14,-3.240960969757907
PREFADE-S,SPX500_VAL,2017-03-17,2.7448344452154743
PREFADE-S,SPX500_VAL,2017-03-22,3.7864281898937406
PREFADE-S,SPX500_VAL,2017-03-23,2.337793841406892
PREFADE-S,SPX500_VAL,2017-03-28,4.544427421480123
PREFADE-S,SPX500_VAL,2017-04-04,3.632255703827468
PREFADE-S,SPX500_VAL,2017-04-05,-5.113269299664353
PREFADE-S,SPX500_VAL,2017-04-06,-6.868480688770433
PREFADE-S,SPX500_VAL,2017-04-17,-2.199999999999818
PREFADE-S,SPX500_VAL,2017-04-19,-3.8842308915609465
PREFADE-S,SPX500_VAL,2017-04-21,-2.360170317766915
PREFADE-S,SPX500_VAL,2017-04-24,3.8877338574857276
PREFADE-S,SPX500_VAL,2017-04-25,-4.599999999999909
PREFADE-S,SPX500_VAL,2017-04-26,2.8957131186384686
PREFADE-S,SPX500_VAL,2017-04-27,4.3913438087984105
PREFADE-S,SPX500_VAL,2017-04-28,1.7439103850410902
PREFADE-S,SPX500_VAL,2017-05-01,3.2087631581034657
PREFADE-S,SPX500_VAL,2017-05-02,1.032886450746446
PREFADE-S,SPX500_VAL,2017-05-05,4.037466525946456
PREFADE-S,SPX500_VAL,2017-05-09,1.2039772241878381
PREFADE-S,SPX500_VAL,2017-05-10,0.7735579486279676
PREFADE-S,SPX500_VAL,2017-05-11,-2.694519681574093
PREFADE-S,SPX500_VAL,2017-05-12,3.8088788312516044
PREFADE-S,SPX500_VAL,2017-05-17,4.263293840816914
PREFADE-S,SPX500_VAL,2017-05-19,-6.089085843715111
PREFADE-S,SPX500_VAL,2017-05-22,-3.512992813114124
PREFADE-S,SPX500_VAL,2017-05-24,1.9245533676594277
PREFADE-S,SPX500_VAL,2017-05-26,2.5160287176145175
PREFADE-S,SPX500_VAL,2017-05-29,1.400000000000091
PREFADE-S,SPX500_VAL,2017-05-30,2.0967396757027927
PREFADE-S,SPX500_VAL,2017-06-01,-0.4800365039918688
PREFADE-S,SPX500_VAL,2017-06-02,3.909126811666283
PREFADE-S,SPX500_VAL,2017-06-07,1.2000000000002728
PREFADE-S,SPX500_VAL,2017-06-14,2.5428227204770337
PREFADE-S,SPX500_VAL,2017-06-16,-4.068358097320015
PREFADE-S,SPX500_VAL,2017-06-20,-1.800000000000182
PREFADE-S,SPX500_VAL,2017-06-21,3.2380604624418083
PREFADE-S,SPX500_VAL,2017-06-22,2.43912873701629
PREFADE-S,SPX500_VAL,2017-06-29,-3.477212907494504
PREFADE-S,SPX500_VAL,2017-07-03,-4.397724209569333
PREFADE-S,SPX500_VAL,2017-07-05,1.599999999999909
PREFADE-S,SPX500_VAL,2017-07-07,-5.153839047567999
PREFADE-S,SPX500_VAL,2017-07-10,-3.400000000000091
PREFADE-S,SPX500_VAL,2017-07-11,2.599999999999909
PREFADE-S,SPX500_VAL,2017-07-12,-5.1412776285046675
PREFADE-S,SPX500_VAL,2017-07-14,2.2884709468830806
PREFADE-S,SPX500_VAL,2017-07-18,-3.284922160859878
PREFADE-S,SPX500_VAL,2017-07-19,-0.17830282622799132
PREFADE-S,SPX500_VAL,2017-07-20,1.5917787333251
PREFADE-S,SPX500_VAL,2017-07-21,-3.2122759743801907
PREFADE-S,SPX500_VAL,2017-07-24,2.400000000000091
PREFADE-S,SPX500_VAL,2017-07-26,2.249916845947155
PREFADE-S,SPX500_VAL,2017-07-27,1.7999999999997272
PREFADE-S,SPX500_VAL,2017-08-02,1.400000000000091
PREFADE-S,SPX500_VAL,2017-08-03,2.5735080369172465
PREFADE-S,SPX500_VAL,2017-08-04,1.830732275020182
PREFADE-S,SPX500_VAL,2017-08-08,1.2000000000002728
PREFADE-S,SPX500_VAL,2017-08-09,3.698982322950542
PREFADE-S,SPX500_VAL,2017-08-11,-1.0474435984424417
PREFADE-S,SPX500_VAL,2017-08-17,1.7027356488847545
PREFADE-S,SPX500_VAL,2017-08-23,-4.91086488448218
PREFADE-S,SPX500_VAL,2017-08-24,4.371714453807726
PREFADE-S,SPX500_VAL,2017-08-30,3.502572770086772
PREFADE-S,SPX500_VAL,2017-09-01,1.980882650442254
PREFADE-S,SPX500_VAL,2017-09-04,2.782088230811496
PREFADE-S,SPX500_VAL,2017-09-06,-3.0569192383086374
PREFADE-S,SPX500_VAL,2017-09-07,2.3533580469202207
PREFADE-S,SPX500_VAL,2017-09-14,1.2941082752836337
PREFADE-S,SPX500_VAL,2017-09-19,1.6390077386899975
PREFADE-S,SPX500_VAL,2017-09-26,-2.372994125529658
PREFADE-S,SPX500_VAL,2017-09-27,-4.197709974796908
PREFADE-S,SPX500_VAL,2017-09-28,1.8007620961243447
PREFADE-S,SPX500_VAL,2017-09-29,2.711141402580324
PREFADE-S,SPX500_VAL,2017-10-04,1.199999999999818
PREFADE-S,SPX500_VAL,2017-10-05,-2.4512309386918787
PREFADE-S,SPX500_VAL,2017-10-06,-2.8454452540677266
PREFADE-S,SPX500_VAL,2017-10-10,-2.6650171224400765
PREFADE-S,SPX500_VAL,2017-10-11,2.599999999999909
PREFADE-S,SPX500_VAL,2017-10-12,1.3312634703720505
PREFADE-S,SPX500_VAL,2017-10-17,1.199999999999818
PREFADE-S,SPX500_VAL,2017-10-24,-2.0211805340454703
PREFADE-S,SPX500_VAL,2017-10-31,2.800000000000182
PREFADE-S,SPX500_VAL,2017-11-02,4.148639570044907
PREFADE-S,SPX500_VAL,2017-11-03,-1.7651340328288825
PREFADE-S,SPX500_VAL,2017-11-09,1.199999999999818
PREFADE-S,SPX500_VAL,2017-11-13,6.003326330830532
PREFADE-S,SPX500_VAL,2017-11-14,-3.399999999999636
PREFADE-S,SPX500_VAL,2017-11-17,2.451655204083636
PREFADE-S,SPX500_VAL,2017-11-20,-3.799999999999727
PREFADE-S,SPX500_VAL,2017-11-24,0.0
PREFADE-S,SPX500_VAL,2017-11-28,-5.14961958796448
PREFADE-S,SPX500_VAL,2017-11-29,-3.540630486018017
PREFADE-S,SPX500_VAL,2017-11-30,-7.402920052189529
PREFADE-S,SPX500_VAL,2017-12-01,3.784162383086823
PREFADE-S,SPX500_VAL,2017-12-05,3.1623875420227705
PREFADE-S,SPX500_VAL,2017-12-07,2.91083919056382
PREFADE-S,SPX500_VAL,2017-12-08,4.652727968753425
PREFADE-S,SPX500_VAL,2017-12-11,-2.120531358912558
PREFADE-S,SPX500_VAL,2017-12-12,1.7787105134043486
PREFADE-S,SPX500_VAL,2017-12-13,-1.400000000000091
PREFADE-S,SPX500_VAL,2017-12-15,-5.820403246364094
PREFADE-S,SPX500_VAL,2017-12-20,3.769214985173676
PREFADE-S,SPX500_VAL,2017-12-22,-2.0
PREFADE-S,SPX500_VAL,2017-12-27,2.200000000000273
PREFADE-S,SPX500_VAL,2018-01-04,-5.3317248558560095
PREFADE-S,SPX500_VAL,2018-01-05,5.132991076800863
PREFADE-S,SPX500_VAL,2018-01-09,-3.828730544420523
PREFADE-S,SPX500_VAL,2018-01-17,6.043411496823865
PREFADE-S,SPX500_VAL,2018-01-18,3.0357998763442993
PREFADE-S,SPX500_VAL,2018-01-19,5.610098359858512
PREFADE-S,SPX500_VAL,2018-01-22,-3.400000000000091
PREFADE-S,SPX500_VAL,2018-01-24,-6.264439203119764
PREFADE-S,SPX500_VAL,2018-01-25,5.998689956271846
PREFADE-S,SPX500_VAL,2018-01-26,2.5279588130483717
PREFADE-S,SPX500_VAL,2018-01-30,-12.724574104600379
PREFADE-S,SPX500_VAL,2018-01-31,5.9846539578197735
PREFADE-S,SPX500_VAL,2018-02-01,4.830046901930018
PREFADE-S,SPX500_VAL,2018-02-08,14.821939000381462
PREFADE-S,SPX500_VAL,2018-02-09,13.355949710812183
PREFADE-S,SPX500_VAL,2018-02-14,-16.2621445580171
PREFADE-S,SPX500_VAL,2018-02-16,-8.195152763123133
PREFADE-S,SPX500_VAL,2018-02-19,-6.680036149316493
PREFADE-S,SPX500_VAL,2018-02-22,-15.68037407393058
PREFADE-S,SPX500_VAL,2018-02-28,4.774921709609771
PREFADE-S,SPX500_VAL,2018-03-02,3.3584353693686353
PREFADE-S,SPX500_VAL,2018-03-07,-12.74492448578394
PREFADE-S,SPX500_VAL,2018-03-08,4.689600894242176
PREFADE-S,SPX500_VAL,2018-03-09,-10.406296810786444
PREFADE-S,SPX500_VAL,2018-03-13,5.450018539428584
PREFADE-S,SPX500_VAL,2018-03-16,3.435610601064127
PREFADE-S,SPX500_VAL,2018-03-20,5.583224466277898
PREFADE-S,SPX500_VAL,2018-03-21,1.7852820517082364
PREFADE-S,SPX500_VAL,2018-03-22,-24.49790589394661
PREFADE-S,SPX500_VAL,2018-03-23,-13.818573055367324
PREFADE-S,SPX500_VAL,2018-03-28,9.885527620152061
PREFADE-S,SPX500_VAL,2018-03-29,5.788028391358694
PREFADE-S,SPX500_VAL,2018-04-03,-6.119087597449379
PREFADE-S,SPX500_VAL,2018-04-12,-8.875509149298068
PREFADE-S,SPX500_VAL,2018-04-13,7.779159301997424
PREFADE-S,SPX500_VAL,2018-04-16,7.035963816534149
PREFADE-S,SPX500_VAL,2018-04-19,-6.050516715687081
PREFADE-S,SPX500_VAL,2018-04-24,7.604330431009203
PREFADE-S,SPX500_VAL,2018-04-27,3.915008441693317
PREFADE-S,SPX500_VAL,2018-05-01,-7.032152534797206
PREFADE-S,SPX500_VAL,2018-05-03,-6.624766616538636
PREFADE-S,SPX500_VAL,2018-05-04,-2.8784718797519417
PREFADE-S,SPX500_VAL,2018-05-07,5.200000000000273
PREFADE-S,SPX500_VAL,2018-05-10,-5.134412246306965
PREFADE-S,SPX500_VAL,2018-05-11,3.4240702734514343
PREFADE-S,SPX500_VAL,2018-05-14,3.2246186758798103
PREFADE-S,SPX500_VAL,2018-05-15,-6.097318089154669
PREFADE-S,SPX500_VAL,2018-05-16,3.589915677349836
PREFADE-S,SPX500_VAL,2018-05-18,-4.529339189242364
PREFADE-S,SPX500_VAL,2018-05-28,-0.599999999999909
PREFADE-S,SPX500_VAL,2018-05-31,-4.98286925637376
PREFADE-S,SPX500_VAL,2018-06-01,-9.504552562319986
PREFADE-S,SPX500_VAL,2018-06-14,-7.3597385929397205
PREFADE-S,SPX500_VAL,2018-06-28,-6.1001678641155195
PREFADE-S,SPX500_VAL,2018-07-06,6.575732712163244
PREFADE-S,SPX500_VAL,2018-07-11,6.3356538302286936
PREFADE-S,SPX500_VAL,2018-07-12,6.831931986897871
PREFADE-S,SPX500_VAL,2018-07-16,-4.031739723513056
PREFADE-S,SPX500_VAL,2018-07-17,4.599999999999909
PREFADE-S,SPX500_VAL,2018-07-18,2.1559165176281567
PREFADE-S,SPX500_VAL,2018-07-19,5.665978423178785
PREFADE-S,SPX500_VAL,2018-07-23,2.9179874827400454
PREFADE-S,SPX500_VAL,2018-07-24,-5.183213716729824
PREFADE-S,SPX500_VAL,2018-07-25,2.400000000000091
PREFADE-S,SPX500_VAL,2018-07-27,3.1532366731544244
PREFADE-S,SPX500_VAL,2018-07-30,4.012021858392927
PREFADE-S,SPX500_VAL,2018-07-31,6.0
PREFADE-S,SPX500_VAL,2018-08-08,-2.3602355540660938
PREFADE-S,SPX500_VAL,2018-08-09,3.659492538587074
PREFADE-S,SPX500_VAL,2018-08-13,-6.564415495332469
PREFADE-S,SPX500_VAL,2018-08-17,6.299054929747399
PREFADE-S,SPX500_VAL,2018-08-27,-3.0
PREFADE-S,SPX500_VAL,2018-08-28,3.3691583293052645
PREFADE-S,SPX500_VAL,2018-08-29,2.9215077938729337
PREFADE-S,SPX500_VAL,2018-08-31,3.400000000000091
PREFADE-S,SPX500_VAL,2018-09-06,3.5992929788144465
PREFADE-S,SPX500_VAL,2018-09-07,-5.43946166279693
PREFADE-S,SPX500_VAL,2018-09-10,5.827876836603082
PREFADE-S,SPX500_VAL,2018-09-11,7.799999999999727
PREFADE-S,SPX500_VAL,2018-09-13,-8.079573195122066
PREFADE-S,SPX500_VAL,2018-09-19,2.599999999999909
PREFADE-S,SPX500_VAL,2018-09-21,4.37656965260976
PREFADE-S,SPX500_VAL,2018-09-24,1.9245728581972799
PREFADE-S,SPX500_VAL,2018-09-26,2.4050841776042944
PREFADE-S,SPX500_VAL,2018-09-27,-4.818079095129178
PREFADE-S,SPX500_VAL,2018-10-03,-1.0
PREFADE-S,SPX500_VAL,2018-10-05,7.733452248183767
PREFADE-S,SPX500_VAL,2018-10-08,6.197877018174495
PREFADE-S,SPX500_VAL,2018-10-10,-5.676984119555527
PREFADE-S,SPX500_VAL,2018-10-11,14.191940393069672
PREFADE-S,SPX500_VAL,2018-10-16,-9.137382594198698
PREFADE-S,SPX500_VAL,2018-10-17,-10.011639854534678
PREFADE-S,SPX500_VAL,2018-10-18,-6.641365852735362
PREFADE-S,SPX500_VAL,2018-10-19,6.771006463757203
PREFADE-S,SPX500_VAL,2018-10-25,11.939648903442503
PREFADE-S,SPX500_VAL,2018-10-30,10.314683974891977
PREFADE-S,SPX500_VAL,2018-10-31,-15.844152712385949
PREFADE-S,SPX500_VAL,2018-11-01,8.642757232679742
PREFADE-S,SPX500_VAL,2018-11-05,-8.16848755916044
PREFADE-S,SPX500_VAL,2018-11-12,-13.547223122281139
PREFADE-S,SPX500_VAL,2018-11-14,8.753579223721317
PREFADE-S,SPX500_VAL,2018-11-15,-14.806272762050412
PREFADE-S,SPX500_VAL,2018-11-16,6.961709203454575
PREFADE-S,SPX500_VAL,2018-11-21,9.295685646039146
PREFADE-S,SPX500_VAL,2018-11-23,-7.043652121884861
PREFADE-S,SPX500_VAL,2018-11-30,6.026222034054626
PREFADE-S,SPX500_VAL,2018-12-05,2.399999999999636
PREFADE-S,SPX500_VAL,2018-12-07,10.605849271946227
PREFADE-S,SPX500_VAL,2018-12-10,8.360544973807464
PREFADE-S,SPX500_VAL,2018-12-12,0.8000000000001819
PREFADE-S,SPX500_VAL,2018-12-17,-11.422618578791116
PREFADE-S,SPX500_VAL,2018-12-18,-5.0
PREFADE-S,SPX500_VAL,2018-12-21,10.802212685143786
PREFADE-S,SPX500_VAL,2018-12-24,3.4656048961373926
PREFADE-S,SPX500_VAL,2018-12-26,14.665351964984893
PREFADE-S,SPX500_VAL,2018-12-31,5.531557365459321
PREFADE-S,SPX500_vault_2019_20,2019-01-03,-9.786950430698198
PREFADE-S,SPX500_vault_2019_20,2019-01-08,-12.824881317314976
PREFADE-S,SPX500_vault_2019_20,2019-01-11,-5.403822130164826
PREFADE-S,SPX500_vault_2019_20,2019-01-18,-8.68567391250508
PREFADE-S,SPX500_vault_2019_20,2019-01-23,6.8838735283316055
PREFADE-S,SPX500_vault_2019_20,2019-01-25,-8.799999999999727
PREFADE-S,SPX500_vault_2019_20,2019-01-28,-9.5147468962532
PREFADE-S,SPX500_vault_2019_20,2019-01-29,6.017322674478237
PREFADE-S,SPX500_vault_2019_20,2019-01-30,-8.400000000000091
PREFADE-S,SPX500_vault_2019_20,2019-01-31,-4.7506928028374205
PREFADE-S,SPX500_vault_2019_20,2019-02-01,7.872967263219834
PREFADE-S,SPX500_vault_2019_20,2019-02-07,6.825105155249275
PREFADE-S,SPX500_vault_2019_20,2019-02-14,-10.855862793562665
PREFADE-S,SPX500_vault_2019_20,2019-02-15,-12.605412907518257
PREFADE-S,SPX500_vault_2019_20,2019-02-19,4.608186300035413
PREFADE-S,SPX500_vault_2019_20,2019-02-21,-9.629530005099241
PREFADE-S,SPX500_vault_2019_20,2019-02-25,-5.4497668581770995
PREFADE-S,SPX500_vault_2019_20,2019-03-06,-3.053541124959338
PREFADE-S,SPX500_vault_2019_20,2019-03-07,4.9421846665973135
PREFADE-S,SPX500_vault_2019_20,2019-03-08,4.5
PREFADE-S,SPX500_vault_2019_20,2019-03-11,-9.46038044566103
PREFADE-S,SPX500_vault_2019_20,2019-03-15,5.340271169164225
PREFADE-S,SPX500_vault_2019_20,2019-03-19,5.0
PREFADE-S,SPX500_vault_2019_20,2019-03-21,8.29120977776256
PREFADE-S,SPX500_vault_2019_20,2019-03-22,-13.264227224635306
PREFADE-S,SPX500_vault_2019_20,2019-03-26,-8.748405770452337
PREFADE-S,SPX500_vault_2019_20,2019-03-28,6.205100455826596
PREFADE-S,SPX500_vault_2019_20,2019-03-29,4.620685920860524
PREFADE-S,SPX500_vault_2019_20,2019-04-02,2.58435232970578
PREFADE-S,SPX500_vault_2019_20,2019-04-05,-2.0
PREFADE-S,SPX500_vault_2019_20,2019-04-09,-3.799999999999727
PREFADE-S,SPX500_vault_2019_20,2019-04-10,2.3584789746532806
PREFADE-S,SPX500_vault_2019_20,2019-04-15,1.696747991277789
PREFADE-S,SPX500_vault_2019_20,2019-04-17,4.183369754312025
PREFADE-S,SPX500_vault_2019_20,2019-04-18,-7.145143724189438
PREFADE-S,SPX500_vault_2019_20,2019-04-23,-3.5434328911305784
PREFADE-S,SPX500_vault_2019_20,2019-04-26,6.849994779437111
PREFADE-S,SPX500_vault_2019_20,2019-04-30,3.0
PREFADE-S,SPX500_vault_2019_20,2019-05-03,-5.631631053884121
PREFADE-S,SPX500_vault_2019_20,2019-05-07,-12.776666327113162
PREFADE-S,SPX500_vault_2019_20,2019-05-08,12.141379649843202
PREFADE-S,SPX500_vault_2019_20,2019-05-09,-16.620628365862103
PREFADE-S,SPX500_vault_2019_20,2019-05-10,-19.421585300030983
PREFADE-S,SPX500_vault_2019_20,2019-05-13,-14.879224727587825
PREFADE-S,SPX500_vault_2019_20,2019-05-15,-12.418038423621965
PREFADE-S,SPX500_vault_2019_20,2019-05-17,6.466004612134839
PREFADE-S,SPX500_vault_2019_20,2019-05-20,11.668245819099411
PREFADE-S,SPX500_vault_2019_20,2019-05-21,-2.200000000000273
PREFADE-S,SPX500_vault_2019_20,2019-05-22,-6.852045062701563
PREFADE-S,SPX500_vault_2019_20,2019-06-04,-13.204346023161634
PREFADE-S,SPX500_vault_2019_20,2019-06-07,-10.983075236519198
PREFADE-S,SPX500_vault_2019_20,2019-06-11,7.3426776409751255
PREFADE-S,SPX500_vault_2019_20,2019-06-17,3.463265300753392
PREFADE-S,SPX500_vault_2019_20,2019-06-18,-15.468169751634832
PREFADE-S,SPX500_vault_2019_20,2019-06-20,8.60179499314063
PREFADE-S,SPX500_vault_2019_20,2019-07-04,-2.199999999999818
PREFADE-S,SPX500_vault_2019_20,2019-07-05,-11.451208983777178
PREFADE-S,SPX500_vault_2019_20,2019-07-10,-10.173221026839656
PREFADE-S,SPX500_vault_2019_20,2019-07-16,3.4453972141800477
PREFADE-S,SPX500_vault_2019_20,2019-07-18,3.9188143582950943
PREFADE-S,SPX500_vault_2019_20,2019-07-22,2.229805875424063
PREFADE-S,SPX500_vault_2019_20,2019-07-23,4.31637996778818
PREFADE-S,SPX500_vault_2019_20,2019-07-25,-4.59937406865356
PREFADE-S,SPX500_vault_2019_20,2019-07-29,2.2038475011217997
PREFADE-S,SPX500_vault_2019_20,2019-07-30,3.0
PREFADE-S,SPX500_vault_2019_20,2019-08-02,24.058876008108655
PREFADE-S,SPX500_vault_2019_20,2019-08-07,-20.74904300255912
PREFADE-S,SPX500_vault_2019_20,2019-08-08,-15.242488580915051
PREFADE-S,SPX500_vault_2019_20,2019-08-15,20.08333600451124
PREFADE-S,SPX500_vault_2019_20,2019-08-20,-8.734107082129412
PREFADE-S,SPX500_vault_2019_20,2019-08-22,7.199999999999818
PREFADE-S,SPX500_vault_2019_20,2019-08-23,2.976865048288346
PREFADE-S,SPX500_vault_2019_20,2019-08-27,4.760485458933999
PREFADE-S,SPX500_vault_2019_20,2019-09-06,8.73249536167259
PREFADE-S,SPX500_vault_2019_20,2019-09-09,3.490629052863369
PREFADE-S,SPX500_vault_2019_20,2019-09-16,-1.800000000000182
PREFADE-S,SPX500_vault_2019_20,2019-09-17,5.756421287440844
PREFADE-S,SPX500_vault_2019_20,2019-09-18,1.654218981978829
PREFADE-S,SPX500_vault_2019_20,2019-09-19,-10.870072024681576
PREFADE-S,SPX500_vault_2019_20,2019-09-20,4.022385914022379
PREFADE-S,SPX500_vault_2019_20,2019-09-26,6.134733254635194
PREFADE-S,SPX500_vault_2019_20,2019-09-30,3.908691096281018
PREFADE-S,SPX500_vault_2019_20,2019-10-03,5.1888839624866705
PREFADE-S,SPX500_vault_2019_20,2019-10-04,-8.869778042281723
PREFADE-S,SPX500_vault_2019_20,2019-10-07,4.487215418685082
PREFADE-S,SPX500_vault_2019_20,2019-10-16,5.5915429316282825
PREFADE-S,SPX500_vault_2019_20,2019-10-18,4.885417061410408
PREFADE-S,SPX500_vault_2019_20,2019-10-21,-4.0
PREFADE-S,SPX500_vault_2019_20,2019-10-24,3.0
PREFADE-S,SPX500_vault_2019_20,2019-10-25,3.066343696923923
PREFADE-S,SPX500_vault_2019_20,2019-10-29,4.926475543474226
PREFADE-S,SPX500_vault_2019_20,2019-10-30,1.800000000000182
PREFADE-S,SPX500_vault_2019_20,2019-11-01,-6.271217468890882
PREFADE-S,SPX500_vault_2019_20,2019-11-04,2.600000000000364
PREFADE-S,SPX500_vault_2019_20,2019-11-06,2.6539380396934575
PREFADE-S,SPX500_vault_2019_20,2019-11-14,4.6418800704018395
PREFADE-S,SPX500_vault_2019_20,2019-11-21,9.734107516149379
PREFADE-S,SPX500_vault_2019_20,2019-11-25,1.4797148707125416
PREFADE-S,SPX500_vault_2019_20,2019-12-02,-8.400000000000091
PREFADE-S,SPX500_vault_2019_20,2019-12-03,-16.40000000000009
PREFADE-S,SPX500_vault_2019_20,2019-12-06,-4.878316635768442
PREFADE-S,SPX500_vault_2019_20,2019-12-11,5.600649994293235
PREFADE-S,SPX500_vault_2019_20,2019-12-12,1.0507737476218608
PREFADE-S,SPX500_vault_2019_20,2019-12-13,-12.128799160164363
PREFADE-S,SPX500_vault_2019_20,2019-12-16,-6.974303351697472
PREFADE-S,SPX500_vault_2019_20,2019-12-17,4.542929518211622
PREFADE-S,SPX500_vault_2019_20,2019-12-18,2.400000000000091
PREFADE-S,SPX500_vault_2019_20,2019-12-19,2.284067691627115
PREFADE-S,SPX500_vault_2019_20,2019-12-20,-2.600000000000364
PREFADE-S,SPX500_vault_2019_20,2019-12-26,2.5652706719029084
PREFADE-S,SPX500_vault_2019_20,2019-12-31,-4.727329055786413
PREFADE-S,SPX500_vault_2019_20,2020-01-07,-6.4552815197152995
PREFADE-S,SPX500_vault_2019_20,2020-01-10,3.679433103807696
PREFADE-S,SPX500_vault_2019_20,2020-01-15,4.586248019938921
PREFADE-S,SPX500_vault_2019_20,2020-01-17,5.194193237495256
PREFADE-S,SPX500_vault_2019_20,2020-01-23,-0.9993658482180763
PREFADE-S,SPX500_vault_2019_20,2020-01-27,13.84592814200687
PREFADE-S,SPX500_vault_2019_20,2020-02-07,6.199999999999818
PREFADE-S,SPX500_vault_2019_20,2020-02-11,6.837597788061885
PREFADE-S,SPX500_vault_2019_20,2020-02-12,-0.599999999999909
PREFADE-S,SPX500_vault_2019_20,2020-02-19,-5.0
PREFADE-S,SPX500_vault_2019_20,2020-02-24,-2.599999999999909
PREFADE-S,SPX500_vault_2019_20,2020-02-27,-30.89405020208187
PREFADE-S,SPX500_vault_2019_20,2020-02-28,36.58234450450982
PREFADE-S,SPX500_vault_2019_20,2020-03-03,23.60849222374145
PREFADE-S,SPX500_vault_2019_20,2020-03-05,25.707697596793423
PREFADE-S,SPX500_vault_2019_20,2020-03-06,38.54354571141266
PREFADE-S,SPX500_vault_2019_20,2020-03-11,32.98109552209007
PREFADE-S,SPX500_vault_2019_20,2020-03-23,55.58679662849545
PREFADE-S,SPX500_vault_2019_20,2020-03-26,-41.41244956428545
PREFADE-S,SPX500_vault_2019_20,2020-03-27,-1.300000000000182
PREFADE-S,SPX500_vault_2019_20,2020-03-30,-26.199999999999818
PREFADE-S,SPX500_vault_2019_20,2020-03-31,-23.922006946761485
PREFADE-S,SPX500_vault_2019_20,2020-04-02,-25.584852274100285
PREFADE-S,SPX500_vault_2019_20,2020-04-03,28.081922430928444
PREFADE-S,SPX500_vault_2019_20,2020-04-08,-15.0
PREFADE-S,SPX500_vault_2019_20,2020-04-09,-9.687476538558712
PREFADE-S,SPX500_vault_2019_20,2020-04-13,21.787386284973763
PREFADE-S,SPX500_vault_2019_20,2020-04-15,-17.0
PREFADE-S,SPX500_vault_2019_20,2020-04-17,-19.246020774885892
PREFADE-S,SPX500_vault_2019_20,2020-04-21,-1.800000000000182
PREFADE-S,SPX500_vault_2019_20,2020-04-22,-12.400000000000091
PREFADE-S,SPX500_vault_2019_20,2020-04-23,-16.825239605891966
PREFADE-S,SPX500_vault_2019_20,2020-04-29,-15.200000000000273
PREFADE-S,SPX500_vault_2019_20,2020-04-30,-19.32265321508521
PREFADE-S,SPX500_vault_2019_20,2020-05-12,18.385255956810852
PREFADE-S,SPX500_vault_2019_20,2020-05-13,22.377743887774614
