session_day,equity_sg,drawdown_sg
2005-01-05,-2.5000000000002114,0.0
2005-01-07,2.605926598046424,0.0
2005-01-10,3.5088749013556964,0.0
2005-01-12,6.280737824535324,0.0
2005-01-14,7.527188743775827,0.0
2005-01-19,8.876313271432387,0.0
2005-01-24,9.306948867101104,0.0
2005-01-26,10.497464429173819,0.0
2005-01-27,12.233129743990553,0.0
2005-01-28,14.74280511107777,0.0
2005-02-01,13.540213494265972,-1.202591616811798
2005-02-02,15.24722620004475,0.0
2005-02-03,13.851956341087954,-1.3952698589567962
2005-02-04,17.214825551627627,0.0
2005-02-09,17.55762326874574,0.0
2005-02-10,17.69624706259419,0.0
2005-02-11,21.537172504955812,0.0
2005-02-14,21.91606813595236,0.0
2005-02-15,23.243356159628622,0.0
2005-02-16,20.743356159628544,-2.500000000000078
2005-02-17,21.833356660091635,-1.4099994995369869
2005-02-18,19.333356660091702,-3.9099994995369194
2005-02-23,21.452631839186985,-1.7907243204416368
2005-02-28,18.95263183918699,-4.290724320441633
2005-03-02,16.452631839186985,-6.790724320441637
2005-03-04,14.48642172764714,-8.756934431981481
2005-03-08,16.145050035144116,-7.098306124484505
2005-03-09,14.951169548483035,-8.292186611145587
2005-03-10,17.6603062357457,-5.583049923882921
2005-03-11,20.84729016052074,-2.3960659991078828
2005-03-14,21.98498623106521,-1.2583699285634111
2005-03-15,19.484986231065342,-3.7583699285632797
2005-03-16,16.881507760923586,-6.361848398705035
2005-03-22,14.3815077609235,-8.861848398705122
2005-03-23,16.899889965023274,-6.343466194605348
2005-03-28,18.817336374709587,-4.426019784919035
2005-03-31,13.817336374709301,-9.42601978491932
2005-04-01,13.706047393212454,-9.537308766416167
2005-04-04,15.33728825718675,-7.9060679024418725
2005-04-05,16.817374060564646,-6.425982099063976
2005-04-07,18.134295248665893,-5.109060910962729
2005-04-08,21.671880383783417,-1.5714757758452045
2005-04-12,16.67188038378324,-6.571475775845382
2005-04-13,17.403560255413577,-5.839795904215045
2005-04-15,21.754397837168774,-1.4889583224598475
2005-04-18,22.6826110800985,-0.5607450795301219
2005-04-19,24.728893936159817,0.0
2005-04-20,27.10901907059159,0.0
2005-04-25,25.7485245702887,-1.360494500302888
2005-04-27,23.2485245702887,-3.860494500302888
2005-04-28,24.511762157183615,-2.597256913407975
2005-05-04,26.441354095853974,-0.6676649747376153
2005-05-05,27.37383954711487,0.0
2005-05-06,24.873839547114926,-2.499999999999943
2005-05-10,22.37383954711498,-4.99999999999989
2005-05-12,24.84752203908588,-2.5263175080289884
2005-05-13,26.072929706994472,-1.3009098401203971
2005-05-16,27.869915224514237,0.0
2005-05-18,25.369915224514116,-2.500000000000121
2005-05-19,22.66811462370325,-5.201800600810987
2005-05-20,24.341011918955896,-3.528903305558341
2005-05-25,26.54644858207461,-1.3234666424396266
2005-05-27,27.64742509101474,-0.2224901334994982
2005-06-01,28.54007344176392,0.0
2005-06-02,29.325949853593404,0.0
2005-06-03,31.901309855120314,0.0
2005-06-06,33.263526570329866,0.0
2005-06-13,30.763526570329997,-2.4999999999998685
2005-06-14,35.987690661369435,0.0
2005-06-15,37.10219701241009,0.0
2005-06-16,37.969185705671705,0.0
2005-06-17,35.469185705671734,-2.4999999999999716
2005-06-23,34.23143594626651,-3.7377497594051974
2005-06-24,33.56942761280752,-4.399758092864182
2005-06-28,35.91387724292806,-2.055308462743646
2005-06-29,36.761923671319195,-1.2072620343525102
2005-06-30,34.261923671319195,-3.7072620343525102
2005-07-05,35.429045397760646,-2.5401403079110594
2005-07-06,37.02714695752259,-0.9420387481491161
2005-07-08,38.707921463233944,0.0
2005-07-13,41.23643185305858,0.0
2005-07-14,38.73643185305866,-2.499999999999922
2005-07-15,40.457163602655605,-0.7792682504029784
2005-07-18,42.12137432635859,0.0
2005-07-19,39.621374326358435,-2.5000000000001563
2005-07-20,40.685008049495224,-1.4363662768633674
2005-07-22,38.185008049495245,-3.936366276863346
2005-07-27,38.45616813909262,-3.665206187265973
2005-07-28,35.95616813909252,-6.165206187266072
2005-07-29,33.39352235198307,-8.727851974375518
2005-08-02,34.5343320844912,-7.587042241867394
2005-08-03,36.386123791128746,-5.735250535229845
2005-08-05,31.38612379112856,-10.73525053523003
2005-08-09,29.208388858566465,-12.912985467792126
2005-08-11,30.09155504932738,-12.029819277031212
2005-08-12,31.40861311855508,-10.71276120780351
2005-08-16,30.004981382955243,-12.116392943403348
2005-08-17,27.504981382955233,-14.616392943403358
2005-08-24,28.83686515284447,-13.28450917351412
2005-08-25,30.946826211064074,-11.174548115294517
2005-08-26,28.446826211064124,-13.674548115294467
2005-08-29,25.94682621106409,-16.174548115294503
2005-09-01,28.08221346276513,-14.039160863593462
2005-09-02,29.132895149366146,-12.988479176992445
2005-09-07,30.928808737636682,-11.192565588721909
2005-09-08,32.41351624489773,-9.707858081460863
2005-09-13,34.05829367969581,-8.063080646662783
2005-09-15,36.973764810134874,-5.147609516223717
2005-09-16,37.14593861654988,-4.975435709808714
2005-09-19,34.4072071410206,-7.714167185337992
2005-09-21,31.907207141020514,-10.214167185338077
2005-09-22,33.80823265855939,-8.3131416677992
2005-09-29,31.3082326585595,-10.81314166779909
2005-10-03,32.77333727790256,-9.348037048456028
2005-10-05,34.17652679095697,-7.944847535401621
2005-10-06,31.67652679095682,-10.44484753540177
2005-10-07,29.17652679095679,-12.944847535401802
2005-10-12,28.376336042341663,-13.745038284016928
2005-10-13,25.8763360423416,-16.245038284016992
2005-10-14,24.959681332026936,-17.161692994331656
2005-10-18,22.45968133202703,-19.66169299433156
2005-10-24,19.959681332027028,-22.161692994331563
2005-10-26,17.459681332027046,-24.661692994331545
2005-10-28,14.959681332027035,-27.161692994331556
2005-11-02,15.462185065742606,-26.659189260615985
2005-11-03,12.589043198243925,-29.532331128114667
2005-11-04,14.952109153700615,-27.169265172657976
2005-11-07,15.34685813212633,-26.774516194232262
2005-11-08,15.97431612854394,-26.14705819781465
2005-11-09,16.508114702569877,-25.613259623788714
2005-11-10,22.9382713081477,-19.18310301821089
2005-11-15,24.81751849583428,-17.303855830524313
2005-11-16,26.002288187462092,-16.1190861388965
2005-11-18,26.47589327333924,-15.645481053019353
2005-11-21,28.417098024450794,-13.704276301907797
2005-11-22,29.157483348947938,-12.963890977410653
2005-11-23,33.62785634145865,-8.493517984899938
2005-11-25,31.012340257719448,-11.109034068639144
2005-11-29,28.512340257719558,-13.609034068639033
2005-12-02,30.01284620789468,-12.108528118463912
2005-12-05,27.51284620789456,-14.60852811846403
2005-12-06,25.012846207894587,-17.108528118464005
2005-12-07,26.21670276147109,-15.9046715648875
2005-12-08,27.368534531395483,-14.752839794963108
2005-12-09,28.627537979896758,-13.493836346461833
2005-12-13,30.840515905012793,-11.280858421345798
2005-12-15,33.270164991024124,-8.851209335334467
2005-12-20,35.08842992396519,-7.0329444023934045
2005-12-22,32.58842992396511,-9.532944402393483
2005-12-23,32.495724720609765,-9.625649605748826
2005-12-29,33.61698303778177,-8.50439128857682
2006-01-04,34.98434845748996,-7.137025868868633
2006-01-06,37.41877271578913,-4.7026016105694595
2006-01-10,38.88158853698033,-3.23978578937826
2006-01-12,43.58409508756963,0.0
2006-01-13,44.7906300644567,0.0
2006-01-19,46.301683030982446,0.0
2006-01-27,49.806821132516454,0.0
2006-01-30,51.544571382221406,0.0
2006-01-31,49.04457138222145,-2.4999999999999574
2006-02-01,49.02957129881067,-2.515000083410733
2006-02-03,47.73647766074754,-3.808093721473867
2006-02-15,50.77578809049266,-0.7687832917287452
2006-02-16,51.10216120073062,-0.4424101814907857
2006-02-17,53.12037841612599,0.0
2006-02-22,56.405999427748256,0.0
2006-02-24,55.59718536459951,-0.8088140631487448
2006-02-27,57.4560010958083,0.0
2006-02-28,54.95600109580844,-2.499999999999858
2006-03-02,55.36126469317469,-2.0947364026336075
2006-03-03,50.36126469317472,-7.094736402633579
2006-03-07,51.939301919903464,-5.516699175904833
2006-03-10,56.552769414039005,-0.9032316817692916
2006-03-14,58.0774536903105,0.0
2006-03-15,63.9213988275439,0.0
2006-03-16,62.93795915048783,-0.9834396770560687
2006-03-17,65.72731255392881,0.0
2006-03-21,67.63873005876488,0.0
2006-03-24,70.48140127531725,0.0
2006-03-27,71.84289239672839,0.0
2006-03-30,75.94969658908857,0.0
2006-03-31,76.70105394840206,0.0
2006-04-04,81.0368153460001,0.0
2006-04-05,78.5368153460001,-2.5
2006-04-06,80.96905780811782,-0.06775753788227235
2006-04-07,80.79893101649105,-0.23788432950904337
2006-04-10,81.68305205037312,0.0
2006-04-12,83.3329189113569,0.0
2006-04-13,81.9971873027296,-1.3357316086272988
2006-04-18,76.99718730272954,-6.335731608627356
2006-04-19,79.8198409361539,-3.5130779752030037
2006-04-20,80.82712655616962,-2.505792355187282
2006-04-21,78.71078846690845,-4.622130444448445
2006-04-26,79.59875205262657,-3.734166858730333
2006-04-28,81.24923915347946,-2.0836797578774338
2006-05-01,82.35764499239963,-0.9752739189572708
2006-05-05,79.85764499239968,-3.475273918957214
2006-05-08,82.0458981490791,-1.2870207622778054
2006-05-10,81.86253264076265,-1.470386270594247
2006-05-16,79.36253264076258,-3.970386270594318
2006-05-17,76.8625326407626,-6.470386270594304
2006-05-23,74.36253264076255,-8.970386270594346
2006-05-25,74.34293824502105,-8.989980666335853
2006-05-26,77.72080033485163,-5.612118576505267
2006-06-02,75.22080033485172,-8.112118576505182
2006-06-07,77.06552850685911,-6.267390404497789
2006-06-08,78.6661557763688,-4.666763134988102
2006-06-09,80.85093397259342,-2.4819849387634747
2006-06-14,81.54711034328554,-1.78580856807136
2006-06-16,81.82443516956073,-1.5084837417961694
2006-06-19,82.56929375050424,-0.763625160852655
2006-06-20,85.01135372721355,0.0
2006-06-22,82.51135372721353,-2.500000000000014
2006-06-23,80.01135372721347,-5.000000000000071
2006-06-27,82.0135726812291,-2.997781045984439
2006-06-28,83.0549568337027,-1.956396893510842
2006-06-30,80.55495683370276,-4.456396893510785
2006-07-03,82.26164763688321,-2.749706090330335
2006-07-05,79.76164763688325,-5.249706090330292
2006-07-07,77.39395679661844,-7.617396930595106
2006-07-10,78.48714637680186,-6.524207350411686
2006-07-11,80.79145559040796,-4.219898136805583
2006-07-12,81.69213437859581,-3.319219348617736
2006-07-13,79.19213437859587,-5.819219348617679
2006-07-18,78.77963272234237,-6.231721004871176
2006-07-19,76.27963272234238,-8.731721004871162
2006-07-20,73.77963272234236,-11.23172100487119
2006-07-21,74.43001323158477,-10.58134049562878
2006-07-25,71.93001323158477,-13.08134049562878
2006-07-26,75.61662919795339,-9.39472452926016
2006-07-28,75.44356990516462,-9.567783822048924
2006-07-31,75.78432037407894,-9.227033353134601
2006-08-01,73.28432037407902,-11.72703335313453
2006-08-03,73.47803099846047,-11.533322728753078
2006-08-04,70.97803099846044,-14.033322728753106
2006-08-08,72.30484731885983,-12.706506408353718
2006-08-09,69.8048473188599,-15.206506408353647
2006-08-11,68.82864176788836,-16.18271195932519
2006-08-15,63.82864176788857,-21.182711959324976
2006-08-16,63.84061386233244,-21.170739864881106
2006-08-17,67.88539466617046,-17.12595906104309
2006-08-18,65.38539466617043,-19.62595906104312
2006-08-24,65.74578547651602,-19.265568250697527
2006-08-25,66.82145961666889,-18.189894110544657
2006-08-30,68.0430254724207,-16.96832825479285
2006-08-31,69.56183973860463,-15.449513988608913
2006-09-01,65.8011105887161,-19.210243138497447
2006-09-06,63.30111058871615,-21.710243138497397
2006-09-12,60.80111058871604,-24.210243138497503
2006-09-13,64.16106944842784,-20.850284278785708
2006-09-14,65.09260290053778,-19.918750826675762
2006-09-15,59.99881066187479,-25.012543065338754
2006-09-18,57.49881066187472,-27.512543065338825
2006-09-19,58.599458464484734,-26.411895262728812
2006-09-26,59.67581470022399,-25.335539026989558
2006-09-27,63.07065896834514,-21.940694758868403
2006-10-02,63.292274381107504,-21.719079346106042
2006-10-04,63.977531013360206,-21.03382271385334
2006-10-05,64.9411572437658,-20.070196483447745
2006-10-06,63.785543379765784,-21.225810347447762
2006-10-10,65.36839089654309,-19.642962830670456
2006-10-11,66.16744796461673,-18.84390576259682
2006-10-12,63.667447964616855,-21.34390576259669
2006-10-13,65.01554778459708,-19.99580594261647
2006-10-16,66.80050387270407,-18.210849854509476
2006-10-17,68.7460878896601,-16.265265837553443
2006-10-18,66.55464366421074,-18.456710063002802
2006-10-19,68.07786062979206,-16.93349309742149
2006-10-20,65.5778606297922,-19.433493097421348
2006-10-24,67.11408289058832,-17.897270836625225
2006-10-27,68.71288197960004,-16.298471747613505
2006-10-31,69.32522087794831,-15.686132849265235
2006-11-01,66.82522087794821,-18.186132849265334
2006-11-02,64.32522087794833,-20.68613284926522
2006-11-03,62.110076117335545,-22.901277609878
2006-11-07,63.053253005044795,-21.95810072216875
2006-11-09,64.3753719108637,-20.63598181634984
2006-11-14,65.15747017994501,-19.853883547268538
2006-11-15,69.29427418782221,-15.717079539391335
2006-11-16,73.2781968168128,-11.733156910400751
2006-11-17,73.01655331475688,-11.99480041245667
2006-11-22,74.87161337733859,-10.139740349874955
2006-11-28,72.3716133773385,-12.63974034987504
2006-12-05,72.76199960793055,-12.249354119282998
2006-12-06,76.67559545236645,-8.335758274847095
2006-12-07,74.17559545236635,-10.835758274847194
2006-12-08,72.84722992445415,-12.164123802759391
2006-12-11,74.14322669416242,-10.868127033051124
2006-12-12,75.63602449860284,-9.37532922861071
2006-12-14,77.66037418423585,-7.350979542977697
2006-12-15,79.53687215522135,-5.4744815719922
2006-12-19,80.90783227645065,-4.103521450762898
2006-12-22,80.56266337646514,-4.448690350748407
2006-12-26,79.44837104636565,-5.562982680847895
2006-12-28,81.53062097316511,-3.4807327540484323
2006-12-29,83.20627764255676,-1.8050760846567897
2007-01-03,82.49448713147042,-2.5168665957431244
2007-01-08,83.78745258184352,-1.2239011453700215
2007-01-11,85.29323613319734,0.0
2007-01-12,88.29869031039388,0.0
2007-01-15,85.79869031039401,-2.499999999999872
2007-01-16,84.10080638925658,-4.197883921137304
2007-01-17,84.6204384980954,-3.678251812298484
2007-01-18,86.73944263830539,-1.559247672088489
2007-01-19,90.1361332167456,0.0
2007-01-22,91.36912669726256,0.0
2007-01-24,93.3933799092529,0.0
2007-01-25,95.34024194501369,0.0
2007-01-26,97.04825091880997,0.0
2007-01-30,98.58437830613761,0.0
2007-02-01,100.02693934913765,0.0
2007-02-02,98.85307584464175,-1.1738635044958983
2007-02-06,99.90919217596763,-0.1177471731700166
2007-02-07,94.76688807239971,-5.26005127673794
2007-02-08,92.26688807239972,-7.760051276737926
2007-02-09,93.57827362110332,-6.448665728034328
2007-02-14,95.3600649535402,-4.666874395597446
2007-02-15,96.73328159438017,-3.2936577547574757
2007-02-16,97.44579895178524,-2.5811403973524136
2007-02-20,94.94579895178536,-5.081140397352286
2007-02-21,92.44579895178532,-7.581140397352328
2007-02-22,93.56702106057134,-6.459918288566314
2007-02-23,95.29309321876083,-4.7338461303768185
2007-02-27,93.16809406843632,-6.858845280701331
2007-03-01,90.66809406843629,-9.35884528070136
2007-03-02,92.33687528415541,-7.690064064982238
2007-03-09,95.4025231813724,-4.624416167765247
2007-03-12,92.90252318137236,-7.12441616776529
2007-03-13,94.25374696334613,-5.773192385791518
2007-03-14,93.52348112021448,-6.503458228923165
2007-03-15,97.02682592803822,-3.000113421099428
2007-03-16,92.02682592803828,-8.000113421099371
2007-03-21,89.52682592803849,-10.500113421099158
2007-03-22,87.02682592803824,-13.000113421099414
2007-03-26,88.4348849273426,-11.592054421795055
2007-03-27,85.93488492734274,-14.092054421794913
2007-03-28,90.02759443161187,-9.999344917525775
2007-03-29,91.23275622966946,-8.794183119468187
2007-03-30,95.3199414232783,-4.706997925859355
2007-04-04,94.85108900089385,-5.175850348243799
2007-04-05,93.19516582080487,-6.831773528332775
2007-04-06,90.69516582080492,-9.331773528332732
2007-04-09,88.1951658208048,-11.831773528332846
2007-04-11,88.75489643466997,-11.272042914467676
2007-04-12,90.00995773287148,-10.016981616266165
2007-04-13,93.29252939989686,-6.734409949240785
2007-04-16,90.79252939989694,-9.234409949240714
2007-04-17,88.29252939989686,-11.734409949240785
2007-04-18,87.44735397272083,-12.579585376416816
2007-04-25,88.4791317740673,-11.547807575070351
2007-04-26,89.1904085608608,-10.836530788276846
2007-04-27,91.18041283425913,-8.84652651487852
2007-04-30,92.50598893139289,-7.520950417744757
2007-05-03,93.29599424964987,-6.7309450994877835
2007-05-04,93.70023578148438,-6.326703567653269
2007-05-07,94.99350712580932,-5.033432223328333
2007-05-09,95.76632657122555,-4.260612777912101
2007-05-10,97.14791699758815,-2.8790223515494944
2007-05-11,98.37123060811385,-1.6557087410238012
2007-05-14,99.94079904302873,-0.08614030610891632
2007-05-15,98.5843314092165,-1.442607939921146
2007-05-16,96.67863790338596,-3.3483014457516873
2007-05-17,100.25360487402331,0.0
2007-05-18,100.98048970805439,0.0
2007-05-21,102.59568887932457,0.0
2007-05-22,104.22879510688342,0.0
2007-05-24,105.61599083114854,0.0
2007-05-31,106.7652169083375,0.0
2007-06-01,104.26521690833742,-2.500000000000071
2007-06-04,105.68730410738387,-1.0779128009536265
2007-06-05,103.18730410738394,-3.5779128009535555
2007-06-07,103.50490133887995,-3.2603155694575463
2007-06-11,106.60042669944136,-0.16479020889613594
2007-06-12,107.86743257891199,0.0
2007-06-13,107.33783133527574,-0.5296012436362503
2007-06-14,106.35999476452177,-1.5074378143902152
2007-06-15,102.33145410951484,-5.5359784693971505
2007-06-19,103.40078592345291,-4.466646655459073
2007-06-21,104.97897156283783,-2.88846101607416
2007-06-25,102.47897156283791,-5.388461016074075
2007-06-27,105.07090126269013,-2.7965313162218592
2007-06-28,106.2805904343098,-1.586842144602187
2007-07-04,105.94108557771423,-1.9263470011977546
2007-07-05,106.54722164442462,-1.3202109344873634
2007-07-06,106.2627485689925,-1.604684009919481
2007-07-10,103.76274856899249,-4.104684009919495
2007-07-12,101.26274856899244,-6.604684009919552
2007-07-13,98.7627485689923,-9.104684009919694
2007-07-17,100.50172526298246,-7.3657073159295265
2007-07-18,102.25428243993098,-5.613150138981013
2007-07-20,103.46636121155652,-4.40107136735547
2007-07-23,104.59555958744244,-3.27187299146955
2007-07-24,102.58470757038546,-5.282725008526526
2007-07-25,103.59738483169083,-4.270047747221156
2007-07-27,105.03320756406939,-2.834225014842602
2007-08-01,106.6968587422393,-1.1705738366726877
2007-08-02,107.27719157651168,-0.5902410024003046
2007-08-03,110.78021857977784,0.0
2007-08-07,110.5077411528008,-0.2724774269770336
2007-08-09,111.40390361695631,0.0
2007-08-10,112.90892762764636,0.0
2007-08-13,114.18094920352905,0.0
2007-08-14,114.79187061192607,0.0
2007-08-15,116.81558933395253,0.0
2007-08-17,121.23412632091303,0.0
2007-08-21,122.83394366441334,0.0
2007-08-23,120.33394366441335,-2.499999999999986
2007-08-24,121.1191675879669,-1.7147760764464408
2007-08-28,118.61916758796696,-4.214776076446384
2007-08-29,119.8578814084786,-2.9760622559347354
2007-08-30,121.53977106150045,-1.2941726029128944
2007-09-03,121.72636670482616,-1.1075769595871776
2007-09-05,123.12143387154671,0.0
2007-09-07,120.62143387154676,-2.4999999999999574
2007-09-10,122.3243068552283,-0.797127016318413
2007-09-11,119.82430685522829,-3.297127016318427
2007-09-12,121.62041630709132,-1.5010175644553954
2007-09-14,122.01146108574042,-1.109972785806292
2007-09-18,122.62196569094046,-0.4994681806062573
2007-09-19,120.12196569094047,-2.999468180606243
2007-09-20,125.8456946528705,0.0
2007-09-25,123.34569465287052,-2.499999999999986
2007-10-02,125.34222403818625,-0.5034706146842609
2007-10-05,125.58468788944579,-0.2610067634247173
2007-10-09,126.03270657001134,0.0
2007-10-10,123.53270657001129,-2.500000000000057
2007-10-12,124.43722438096624,-1.5954821890451
2007-10-15,126.44803864887298,0.0
2007-10-17,127.41593182538253,0.0
2007-10-18,128.39719159426483,0.0
2007-10-23,129.90305382190604,0.0
2007-10-26,130.68843591488223,0.0
2007-10-30,132.1974868103802,0.0
2007-10-31,133.81484340995664,0.0
2007-11-01,131.31484340995664,-2.5
2007-11-02,133.97652108219998,0.0
2007-11-14,135.8260249106344,0.0
2007-11-15,137.53417206184753,0.0
2007-11-16,138.989066577761,0.0
2007-11-20,140.43098645615572,0.0
2007-11-26,141.9971102897356,0.0
2007-11-29,143.85165771128302,0.0
2007-12-03,145.35044383194526,0.0
2007-12-04,146.71013178210464,0.0
2007-12-05,144.21013178210467,-2.4999999999999716
2007-12-06,141.71013178210475,-4.999999999999886
2007-12-07,139.2101317821048,-7.4999999999998295
2007-12-10,140.58937010836607,-6.120761673738571
2007-12-12,138.08937010836607,-8.62076167373857
2007-12-13,139.06573673091282,-7.644395051191822
2007-12-14,139.959901960694,-6.750229821410642
2007-12-20,137.459901960694,-9.250229821410642
2007-12-24,134.95990196069394,-11.750229821410699
2007-12-26,132.45990196069405,-14.250229821410585
2007-12-27,127.45990196069401,-19.250229821410628
2007-12-31,124.69010879544219,-22.020022986662454
2008-01-02,123.41426920377299,-23.29586257833165
2008-01-04,120.914269203773,-25.795862578331636
2008-01-08,122.34077272574648,-24.369359056358164
2008-01-09,123.54162457836468,-23.168507203739964
2008-01-10,124.50595831055553,-22.20417347154911
2008-01-15,122.00595831055554,-24.704173471549097
2008-01-16,123.36026815676793,-23.34986362533671
2008-01-18,125.26852637743627,-21.441605404668366
2008-01-22,128.97020112835853,-17.739930653746114
2008-01-23,130.2325472472714,-16.477584534833227
2008-01-25,131.9159600652826,-14.794171716822035
2008-01-29,132.7850621508519,-13.92506963125274
2008-01-30,134.17667640069476,-12.53345538140988
2008-01-31,135.6058722126708,-11.10425956943385
2008-02-04,133.10587221267082,-13.604259569433822
2008-02-05,129.93970123200305,-16.770430550101594
2008-02-07,130.94969107986861,-15.760440702236025
2008-02-08,132.6825989543073,-14.02753282779733
2008-02-11,134.2124765222968,-12.497655259807829
2008-02-12,131.71247652229678,-14.997655259807857
2008-02-13,133.515637228198,-13.194494553906651
2008-02-15,134.0725005293791,-12.637631252725527
2008-02-19,135.5373201358494,-11.17281164625524
2008-02-20,136.51947151101805,-10.190660271086585
2008-02-22,135.96531763488156,-10.744814147223082
2008-02-25,133.46531763488153,-13.24481414722311
2008-02-26,134.88092900245036,-11.829202779654281
2008-02-27,134.13782499716564,-12.572306784939002
2008-02-28,134.88605663250576,-11.824075149598883
2008-02-29,132.38605663250576,-14.324075149598883
2008-03-03,133.54505785996255,-13.165073922142085
2008-03-05,135.44036727639033,-11.269764505714306
2008-03-06,134.37360815825207,-12.336523623852571
2008-03-07,138.53466599602694,-8.175465786077694
2008-03-11,136.03466599602694,-10.675465786077694
2008-03-14,133.53466599602694,-13.175465786077694
2008-03-18,131.03466599602694,-15.675465786077694
2008-03-19,132.16617855203526,-14.543953230069377
2008-03-24,129.66617855203526,-17.043953230069377
2008-03-26,132.99186126955416,-13.718270512550475
2008-03-27,134.48261337091486,-12.227518411189777
2008-03-28,135.9979917959678,-10.712139986136833
2008-04-02,136.84993452425763,-9.860197257847005
2008-04-03,138.00564813340245,-8.704483648702194
2008-04-04,141.31173913029045,-5.398392651814191
2008-04-14,142.89975643586098,-3.81037534624366
2008-04-15,145.10788062126343,-1.602251160841206
2008-04-16,144.05831534676975,-2.6518164353348936
2008-04-17,144.5277004799742,-2.1824313021304533
2008-04-21,145.84772829782568,-0.862403484278957
2008-04-24,143.34772829782563,-3.362403484279014
2008-04-25,145.06268164337078,-1.6474501387338591
2008-04-30,146.5302636518142,-0.17986813029042992
2008-05-01,149.81680200624987,0.0
2008-05-02,154.38118949662675,0.0
2008-05-08,156.04321102043815,0.0
2008-05-13,157.6948149290896,0.0
2008-05-14,155.19481492908963,-2.4999999999999716
2008-05-15,156.16459370250428,-1.5302212265853257
2008-05-19,156.61273525965183,-1.0820796694377748
2008-05-20,154.11273525965183,-3.582079669437775
2008-05-22,155.65182711854015,-2.042987810549448
2008-05-28,156.88928336125588,-0.8055315678337251
2008-05-29,158.4727613480655,0.0
2008-05-30,159.98436596622867,0.0
2008-06-03,161.25473366856664,0.0
2008-06-05,162.27107418981026,0.0
2008-06-06,161.33537705435054,-0.9356971354597192
2008-06-12,163.56514334310143,0.0
2008-06-13,166.68012564704767,0.0
2008-06-16,164.18012564704765,-2.5000000000000284
2008-06-17,164.69637280823682,-1.983752838810858
2008-06-18,166.0183298080164,-0.6617958390312708
2008-06-19,167.4030589373853,0.0
2008-06-20,167.05595488216778,-0.3471040552175282
2008-06-23,168.88218030473263,0.0
2008-06-26,163.88218030473269,-4.999999999999943
2008-07-03,164.8727502483692,-4.009430056363442
2008-07-07,162.3727502483692,-6.509430056363442
2008-07-08,163.46352509737747,-5.418655207355158
2008-07-09,164.23469208800333,-4.6474882167293
2008-07-10,165.74988359344113,-3.1322967112915023
2008-07-11,166.851683952236,-2.030496352496641
2008-07-18,168.11686734445024,-0.7653129602823867
2008-07-25,169.62970573679337,0.0
2008-07-29,170.82798379870877,0.0
2008-07-30,168.3279837987087,-2.5000000000000853
2008-07-31,167.3450120828966,-3.4829717158121696
2008-08-01,169.11712136354652,-1.7108624351622552
2008-08-07,166.61712136354657,-4.210862435162198
2008-08-08,164.1171213635466,-6.71086243516217
2008-08-11,165.74958877707454,-5.078395021634236
2008-08-13,160.74958877707445,-10.078395021634321
2008-08-14,159.49851460187224,-11.329469196836527
2008-08-15,161.0575358399061,-9.770447958802663
2008-08-19,157.9019691017239,-12.926014696984879
2008-08-20,159.85536119462236,-10.97262260408641
2008-08-22,157.35536119462233,-13.472622604086439
2008-08-25,156.4482537569645,-14.379730041744267
2008-08-26,158.3615479717137,-12.466435826995081
2008-08-27,159.6155124389251,-11.212471359783677
2008-08-28,157.11551243892507,-13.712471359783706
2008-08-29,158.79337481623352,-12.034608982475248
2008-09-04,153.79337481623358,-17.03460898247519
2008-09-05,156.21379579331852,-14.614188005390247
2008-09-08,157.97025001276083,-12.857733785947943
2008-09-10,155.47025001276083,-15.357733785947943
2008-09-11,156.50196968309243,-14.326014115616346
2008-09-12,151.50196968309248,-19.32601411561629
2008-09-15,153.33788012818422,-17.490103670524547
2008-09-16,154.8538270543105,-15.974156744398272
2008-09-17,152.3538270543105,-18.47415674439827
2008-09-19,149.8538270543105,-20.97415674439827
2008-09-22,151.37502309465864,-19.452960704050128
2008-09-23,153.2405909956299,-17.58739280307887
2008-09-24,152.23183265808186,-18.596151140626915
2008-09-25,153.7987809581007,-17.029202840608065
2008-09-26,155.34619140409524,-15.481792394613535
2008-10-03,154.23167300031352,-16.59631079839525
2008-10-07,156.07774966742429,-14.750234131284486
2008-10-08,157.86237854208449,-12.965605256624286
2008-10-10,155.36237854208449,-15.465605256624286
2008-10-14,156.64307088788306,-14.184912910825716
2008-10-15,154.14307088788306,-16.684912910825716
2008-10-16,155.8456328594094,-14.98235093929938
2008-10-21,153.3456328594094,-17.48235093929938
2008-10-23,154.75944492473477,-16.068538873974006
2008-10-29,152.21953186010117,-18.6084519386076
2008-11-03,153.8346381955388,-16.993345603169985
2008-11-06,157.28653169274074,-13.541452105968034
2008-11-07,158.71207494285355,-12.115908855855224
2008-11-12,156.21207494285355,-14.615908855855224
2008-11-14,157.63733784658174,-13.190645952127028
2008-11-19,159.21303566046012,-11.61494813824865
2008-11-20,160.85712986736368,-9.97085393134509
2008-11-24,158.8611102447665,-11.966873553942264
2008-11-25,156.3611102447665,-14.466873553942264
2008-11-26,153.8611102447665,-16.966873553942264
2008-11-28,155.3880968465663,-15.439886952142473
2008-12-03,156.85465609605038,-13.973327702658395
2008-12-04,158.076554391464,-12.751429407244785
2008-12-05,155.576554391464,-15.251429407244785
2008-12-12,153.99706154488584,-16.830922253822933
2008-12-16,155.4960050659098,-15.331978732798973
2008-12-18,156.66055039991247,-14.167433398796305
2008-12-19,154.1605503999125,-16.667433398796277
2008-12-23,155.8745188349717,-14.953464963737076
2008-12-24,159.12486970864404,-11.70311409006473
2008-12-26,159.85322855819624,-10.974755240512536
2009-01-02,161.16183342081968,-9.666150377889096
2009-01-05,162.54253431621848,-8.285449482490293
2009-01-06,163.5440845163775,-7.2838992823312765
2009-01-07,161.0440845163775,-9.783899282331276
2009-01-08,160.3439966130444,-10.483987185664375
2009-01-09,161.82951015098166,-8.99847364772711
2009-01-14,159.32951015098166,-11.49847364772711
2009-01-15,161.21160630419237,-9.6163774945164
2009-01-19,158.7116063041924,-12.116377494516371
2009-01-21,160.10742654333097,-10.720557255377798
2009-01-22,157.60742654333097,-13.220557255377798
2009-01-26,155.10742654333097,-15.720557255377798
2009-01-28,156.7943319796113,-14.033651819097486
2009-02-04,154.29433197961131,-16.533651819097457
2009-02-05,158.2604051783105,-12.56757862039828
2009-02-06,157.66653646168234,-13.16144733702643
2009-02-09,159.32143604364438,-11.506547755064389
2009-02-10,160.96963706003564,-9.858346738673134
2009-02-11,162.60255476353254,-8.225429035176234
2009-02-12,160.10255476353254,-10.725429035176234
2009-02-13,158.71026054851066,-12.117723250198111
2009-02-17,156.21026054851066,-14.617723250198111
2009-02-18,158.0090454191733,-12.818938379535467
2009-02-19,159.24459137691827,-11.583392421790506
2009-02-20,160.7537305556017,-10.07425324310708
2009-02-26,162.20835396921996,-8.619629829488815
2009-02-27,159.70835396921996,-11.119629829488815
2009-03-06,162.50951613808618,-8.318467660622588
2009-03-12,165.6968694338901,-5.1311143648186714
2009-03-17,167.7934704504713,-3.034513348237482
2009-03-18,165.2934704504713,-5.534513348237482
2009-03-19,166.19476644925587,-4.633217349452906
2009-03-20,163.6133849698193,-7.2145988288894785
2009-03-27,163.99882417225507,-6.829159626453702
2009-04-01,165.90093692563295,-4.927046873075824
2009-04-03,167.62511948630575,-3.2028643124030225
2009-04-07,168.7664643092434,-2.0615194894653825
2009-04-08,169.33960547066854,-1.488378328040227
2009-04-09,166.83960547066854,-3.988378328040227
2009-04-13,166.34172943775158,-4.48625436095719
2009-04-14,168.3043221967347,-2.5236616019740836
2009-04-16,169.95369654446864,-0.8742872542401301
2009-04-17,171.76437539450913,0.0
2009-04-20,169.26437539450913,-2.5
2009-04-21,170.34966579943307,-1.4147095950760615
2009-04-22,171.77736357398553,0.0
2009-04-24,170.24192451564645,-1.5354390583390796
2009-05-06,171.5462294122851,-0.23113416170042456
2009-05-07,172.4362528738356,0.0
2009-05-08,174.17083725974794,0.0
2009-05-13,172.57023934735957,-1.6005979123883662
2009-05-14,174.81096884642974,0.0
2009-05-15,176.3646386404002,0.0
2009-05-18,175.74429043722114,-0.6203482031790486
2009-05-21,173.24429043722117,-3.12034820317902
2009-05-28,174.54450579922477,-1.8201328411754218
2009-06-02,175.96264820231437,-0.4019904380858179
2009-06-05,173.46264820231437,-2.901990438085818
2009-06-09,174.4054766248445,-1.9591620155556768
2009-06-11,175.66863328175683,-0.6960053586433617
2009-06-12,176.65388442140207,0.0
2009-06-16,177.71363170762586,0.0
2009-06-17,179.34724506673695,0.0
2009-06-18,181.21596670534993,0.0
2009-06-19,181.3183900899766,0.0
2009-06-24,178.81839008997662,-2.4999999999999716
2009-06-25,180.16345516727662,-1.1549349226999652
2009-06-26,182.8178812440481,0.0
2009-07-02,177.8178812440481,-5.0
2009-07-09,178.49995972554103,-4.317921518507063
2009-07-10,179.97408095936825,-2.843800284679844
2009-07-13,181.20632048635923,-1.6115607576888635
2009-07-14,178.7063204863592,-4.111560757688892
2009-07-15,176.04999520016793,-6.767886043880168
2009-07-16,177.71637790244682,-5.101503341601273
2009-07-17,178.80617520133055,-4.011706042717549
2009-07-21,178.06845062891415,-4.749430615133946
2009-07-22,179.53319662047343,-3.2846846235746625
2009-07-23,180.8525536346731,-1.9653276093750094
2009-07-28,178.3525536346731,-4.465327609375009
2009-07-30,175.8525536346731,-6.965327609375009
2009-07-31,177.67113479841484,-5.146746445633255
2009-08-05,179.38959475302894,-3.4282864910191506
2009-08-06,180.25840476965152,-2.5594764743965754
2009-08-07,177.7584047696515,-5.059476474396604
2009-08-10,180.38683537064026,-2.4310458734078395
2009-08-11,179.33932370506943,-3.478557538978663
2009-08-14,178.74979038808976,-4.0680908559583315
2009-08-20,180.48229533771647,-2.33558590633163
2009-08-25,177.9822953377165,-4.835585906331602
2009-08-27,179.82492644929704,-2.992954794751057
2009-08-28,181.455955614254,-1.3619256297940865
2009-09-02,182.8286641468667,0.0
2009-09-03,184.69124390211505,0.0
2009-09-04,186.43914191046412,0.0
2009-09-09,187.6527660471534,0.0
2009-09-11,185.15276604715348,-2.4999999999999147
2009-09-15,184.47005687578596,-3.182709171367435
2009-09-16,186.32107918290046,-1.33168686425293
2009-09-17,187.40032468993655,-0.25244135721683847
2009-09-18,187.4638016278515,-0.18896441930189667
2009-09-24,188.45948762363756,0.0
2009-09-25,189.8114171784849,0.0
2009-09-28,187.31141717848493,-2.4999999999999716
2009-09-29,184.81141717848493,-4.999999999999972
2009-09-30,187.14658761815585,-2.6648295603290535
2009-10-01,188.0183641583875,-1.7930530200974033
2009-10-02,185.51836415838756,-4.2930530200973465
2009-10-07,187.2401228363934,-2.5712943420915053
2009-10-09,188.93633603277937,-0.8750811457055363
2009-10-13,190.87719810847884,0.0
2009-10-16,189.6495494459411,-1.2276486625377458
2009-10-20,191.31978162025578,0.0
2009-10-21,193.17620542029675,0.0
2009-10-22,195.80577470331116,0.0
2009-10-29,193.30577470331122,-2.499999999999943
2009-10-30,194.98952504424804,-0.8162496590631179
2009-11-04,196.7129733719453,0.0
2009-11-05,194.2129733719453,-2.5
2009-11-06,189.21297337194534,-7.499999999999972
2009-11-18,191.18742988349234,-5.525543488452968
2009-11-25,192.97087172757836,-3.7421016443669544
2009-12-02,195.1987064189891,-1.5142669529562056
2009-12-04,192.69870641898908,-4.014266952956234
2009-12-08,192.61788631915945,-4.095087052785857
2009-12-10,193.41783884503684,-3.2951345269084698
2009-12-15,195.13284914111628,-1.5801242308290284
2009-12-17,195.80911280345316,-0.9038605684921492
2009-12-21,193.30911280345313,-3.4038605684921777
2010-01-04,190.80911280345308,-5.9038605684922345
2010-01-06,192.26117519625404,-4.451798175691266
2010-01-08,196.3214457995412,-0.39152757240410097
2010-01-13,198.29616934710714,0.0
2010-01-14,197.61411208246724,-0.6820572646398944
2010-01-15,198.82849004085224,0.0
2010-01-19,200.66476996753158,0.0
2010-01-20,198.16476996753158,-2.5
2010-01-21,200.32463476036713,-0.340135207164451
2010-01-29,197.82463476036713,-2.840135207164451
2010-02-01,195.32463476036713,-5.340135207164451
2010-02-03,194.84000221124683,-5.824767756284757
2010-02-04,192.3400022112468,-8.324767756284785
2010-02-08,194.24181607603023,-6.422953891501351
2010-02-10,196.18484237314394,-4.479927594387647
2010-02-11,193.68484237314394,-6.979927594387647
2010-02-12,194.42402237421825,-6.24074759331333
2010-02-17,196.22412633181932,-4.440643635712263
2010-02-18,197.56270924041726,-3.1020607271143206
2010-02-19,195.06270924041723,-5.602060727114349
2010-02-22,197.22621262613032,-3.438557341401264
2010-02-25,194.72621262613032,-5.938557341401264
2010-02-26,196.35286818101062,-4.311901786520963
2010-03-01,198.27123379651968,-2.3935361710119025
2010-03-03,195.05070807936994,-5.614061888161643
2010-03-04,195.45783007910086,-5.206939888430725
2010-03-05,197.11766337861678,-3.547106588914801
2010-03-12,198.28449310637833,-2.3802768611532485
2010-03-16,199.9780022573368,-0.686767710194772
2010-03-19,199.33821473215937,-1.3265552353722114
2010-03-23,200.79089728872327,0.0
2010-03-25,201.4302623731564,0.0
2010-03-31,198.9302623731564,-2.5
2010-04-01,196.4302623731564,-5.0
2010-04-02,194.9371889576978,-6.4930734154586105
2010-04-06,196.4440058725389,-4.986256500617515
2010-04-07,197.59436943336095,-3.835892939795457
2010-04-08,199.2590912430483,-2.171171130108121
2010-04-12,201.1249363972719,-0.30532597588450017
2010-04-13,202.8046603783967,0.0
2010-04-14,200.30466037839662,-2.5000000000000853
2010-04-21,202.07249452348645,-0.7321658549102494
2010-04-27,203.47490961529917,0.0
2010-04-28,205.18346570438058,0.0
2010-04-29,204.0139051557492,-1.169560548631381
2010-05-03,201.51390515574917,-3.6695605486314093
2010-05-04,199.01390515574914,-6.169560548631438
2010-05-05,196.51390515574911,-8.669560548631466
2010-05-06,197.85341694996677,-7.330048754413809
2010-05-07,199.61186541463343,-5.571600289747153
2010-05-12,198.59383481058285,-6.589630893797732
2010-05-18,199.62457871507007,-5.558886989310508
2010-05-20,199.33219008091697,-5.851275623463607
2010-05-21,200.9321019897107,-4.251363714669878
2010-05-26,201.52618937521197,-3.65727632916861
2010-05-28,203.96733409090737,-1.216131613473209
2010-06-04,201.46733409090737,-3.716131613473209
2010-06-07,203.32925142002725,-1.8542142843533327
2010-06-09,201.64003564788013,-3.543430056500455
2010-06-10,201.05343712664498,-4.130028577735601
2010-06-11,198.553437126645,-6.6300285777355725
2010-06-16,197.80677925038302,-7.376686453997564
2010-06-18,199.34302469711045,-5.84044100727013
2010-06-23,196.84302469711042,-8.340441007270158
2010-06-28,198.17670595303568,-7.006759751344902
2010-06-30,199.67834704685092,-5.505118657529664
2010-07-01,201.16198356240974,-4.021482141970836
2010-07-02,204.59692274613946,-0.5865429582411252
2010-07-05,203.06459769212927,-2.118868012251312
2010-07-07,200.5645976921293,-4.6188680122512835
2010-07-08,198.06459769212935,-7.118868012251227
2010-07-09,201.1554224817301,-4.028043222650467
2010-07-14,198.65542248173006,-6.528043222650524
2010-07-15,200.41702713471668,-4.7664385696639044
2010-07-16,197.91702713471668,-7.2664385696639044
2010-07-21,199.61621236344646,-5.567253340934116
2010-07-23,201.35952311047203,-3.823942593908555
2010-07-26,202.9603747552716,-2.223090949108979
2010-07-28,204.64367237024345,-0.5397933341371299
2010-07-30,202.1436723702435,-3.039793334137073
2010-08-02,199.64367237024354,-5.539793334137045
2010-08-04,197.14367237024348,-8.039793334137102
2010-08-05,194.64367237024342,-10.539793334137158
2010-08-06,196.13001603387085,-9.053449670509735
2010-08-10,193.63001603387087,-11.553449670509707
2010-08-12,195.34898190448445,-9.834483799896134
2010-08-13,196.66623312163816,-8.517232582742423
2010-08-18,198.15011746368077,-7.033348240699809
2010-08-19,201.3802803678136,-3.803185336566969
2010-08-23,203.28792194949517,-1.8955437548854093
2010-08-24,200.78792194949514,-4.395543754885438
2010-08-25,198.2879219494952,-6.895543754885381
2010-08-26,202.69308180517942,-2.490383899201163
2010-08-27,204.84032354292452,-0.3431421614560577
2010-08-30,202.87551567149828,-2.307950032882303
2010-09-02,204.44217580430555,-0.7412899000750315
2010-09-03,201.94217580430563,-3.241289900074946
2010-09-08,199.44217580430566,-5.741289900074918
2010-09-09,199.31005781147493,-5.873407892905647
2010-09-15,200.95640001749325,-4.227065686887329
2010-09-16,202.49956041319834,-2.683905291182242
2010-09-21,204.30723606725007,-0.8762296371305069
2010-09-24,201.80723606725013,-3.37622963713045
2010-09-30,199.30723606725013,-5.87622963713045
2010-10-05,196.8072360672501,-8.376229637130479
2010-10-06,199.62683567461653,-5.556630029764051
2010-10-07,198.65275290457765,-6.530712799802927
2010-10-08,199.6209343074443,-5.5625313969362935
2010-10-14,197.12093430744432,-8.062531396936265
2010-10-15,196.38964981131747,-8.793815893063112
2010-10-19,193.88964981131753,-11.293815893063055
2010-10-22,195.32033692173425,-9.863128782646328
2010-10-26,192.82033692173428,-12.3631287826463
2010-10-28,190.32033692173434,-14.863128782646243
2010-10-29,187.8203369217344,-17.363128782646186
2010-11-02,188.69044082910418,-16.493024875276404
2010-11-05,190.56818001756778,-14.615285686812797
2010-11-10,193.6604158197862,-11.523049884594371
2010-11-11,191.16041581978627,-14.023049884594315
2010-11-15,191.77811857813936,-13.405347126241224
2010-11-16,193.16728044791955,-12.016185256461029
2010-11-19,193.82976012879766,-11.353705575582921
2010-11-22,192.80688816253058,-12.376577541849997
2010-11-23,191.79796438220455,-13.385501322176026
2010-11-24,189.29796438220453,-15.885501322176054
2010-11-29,186.79796438220453,-18.385501322176054
2010-11-30,184.29796438220453,-20.885501322176054
2010-12-02,186.43541675143962,-18.748048952940962
2010-12-03,185.0981731151687,-20.08529258921189
2010-12-08,182.59817311516872,-22.58529258921186
2010-12-10,184.46132343991272,-20.722142264467863
2010-12-14,186.28689609593908,-18.896569608441496
2010-12-16,187.97468598600616,-17.208779718374416
2010-12-22,185.47468598600614,-19.708779718374444
2010-12-23,184.8967261863344,-20.286739518046176
2010-12-30,186.6333944861675,-18.550071218213077
2010-12-31,184.13339448616756,-21.05007121821302
2011-01-03,181.63339448616756,-23.55007121821302
2011-01-07,185.4428463621653,-19.74061934221527
2011-01-13,189.03425118176912,-16.14921452261146
2011-01-14,190.54125060972393,-14.642215094656649
2011-01-17,191.8759653883182,-13.307500316062374
2011-01-19,191.24794812355557,-13.935517580825007
2011-01-20,193.16506429956453,-12.018401404816046
2011-01-21,193.8074307389678,-11.37603496541277
2011-01-27,195.67119080945193,-9.512274894928652
2011-01-28,196.51573343910206,-8.667732265278516
2011-02-01,194.015733439102,-11.167732265278573
2011-02-02,193.17197157818563,-12.011494126194947
2011-02-03,194.7787757355386,-10.404689968841978
2011-02-04,194.23411551126534,-10.949350193115237
2011-02-08,195.7737689721699,-9.409696732210676
2011-02-09,197.22497871065335,-7.9584869937272344
2011-02-14,198.70429044485368,-6.479175259526897
2011-02-15,200.48067792639563,-4.702787777984952
2011-02-17,200.7121241365567,-4.471341567823885
2011-02-18,202.01965176196666,-3.163813942413924
2011-02-23,199.51965176196663,-5.663813942413952
2011-03-03,198.08517775711348,-7.098287947267096
2011-03-04,202.23431364483844,-2.9491520595421434
2011-03-08,203.36755416668336,-1.8159115376972181
2011-03-14,205.11998248315655,-0.0634832212240326
2011-03-18,206.5358999869944,0.0
2011-03-24,207.93601809947617,0.0
2011-03-25,209.3266315346674,0.0
2011-03-31,212.21081756027405,0.0
2011-04-01,211.08493002023036,-1.125887540043692
2011-04-06,212.65253690218887,0.0
2011-04-07,212.0611610298059,-0.5913758723829687
2011-04-08,213.5555786950421,0.0
2011-04-11,215.34020309144302,0.0
2011-04-13,216.8687174336322,0.0
2011-04-14,217.9962961904657,0.0
2011-04-15,219.86903391865647,0.0
2011-04-18,217.3690339186565,-2.4999999999999716
2011-04-19,217.27013249044802,-2.5989014282084497
2011-04-21,218.78268608548862,-1.0863478331678493
2011-04-27,220.31310449430373,0.0
2011-04-28,221.38173852732444,0.0
2011-04-29,218.88173852732433,-2.5000000000001137
2011-05-03,220.775904871818,-0.6058336555064443
2011-05-05,222.44125251625488,0.0
2011-05-06,219.94125251625482,-2.500000000000057
2011-05-09,221.07516915390337,-1.3660833623515032
2011-05-11,218.5751691539034,-3.8660833623514748
2011-05-16,223.3856503278055,0.0
2011-05-17,224.99820511346962,0.0
2011-05-18,225.83990909908792,0.0
2011-05-19,227.43509574618304,0.0
2011-05-26,228.69102516402484,0.0
2011-05-27,230.37459034514745,0.0
2011-06-01,227.8745903451474,-2.500000000000057
2011-06-03,225.37459034514737,-5.000000000000085
2011-06-06,227.53144000230463,-2.8431503428428186
2011-06-10,225.03144000230463,-5.343150342842819
2011-06-13,226.0031980225972,-4.371392322550264
2011-06-15,221.00319802259713,-9.37139232255032
2011-06-16,222.53575942068287,-7.838830924464588
2011-06-17,223.6432357632569,-6.7313545818905425
2011-06-23,221.1432357632569,-9.231354581890542
2011-06-24,222.90406364612556,-7.470526699021889
2011-06-28,220.40406364612554,-9.970526699021917
2011-07-01,221.99310784308054,-8.381482502066916
2011-07-05,223.24096879565644,-7.133621549491011
2011-07-07,222.86823425302254,-7.506356092124918
2011-07-08,222.57496168095955,-7.799628664187907
2011-07-11,220.07496168095958,-10.299628664187878
2011-07-15,221.0824220950603,-9.292168250087144
2011-07-21,218.5824220950603,-11.792168250087144
2011-07-22,216.08242209506037,-14.292168250087087
2011-07-25,217.89845279544167,-12.476137549705783
2011-07-27,212.89845279544173,-17.476137549705726
2011-07-28,214.79392873596763,-15.580661609179828
2011-07-29,215.940903565592,-14.433686779555444
2011-08-01,213.44090356559204,-16.933686779555416
2011-08-02,215.00849382401185,-15.366096521135603
2011-08-04,213.06980466311992,-17.30478568202753
2011-08-05,215.47221965923052,-14.902370685916935
2011-08-10,212.9722196592305,-17.402370685916964
2011-08-11,214.1354908118412,-16.239099533306245
2011-08-12,214.8441143169117,-15.53047602823574
2011-08-17,212.34411431691169,-18.030476028235768
2011-08-24,209.8441143169117,-20.53047602823574
2011-08-25,208.94147798227544,-21.43311236287201
2011-08-26,206.44147798227544,-23.93311236287201
2011-08-30,207.85358348863645,-22.521006856511008
2011-09-02,207.43427743143903,-22.940312913708425
2011-09-07,205.62382635710293,-24.750763988044525
2011-09-08,207.04497912644933,-23.32961121869812
2011-09-09,204.54497912644933,-25.82961121869812
2011-09-12,206.09975319196334,-24.27483715318411
2011-09-15,207.31091036741643,-23.063679977731027
2011-09-16,204.81091036741643,-25.563679977731027
2011-09-21,206.46233440376562,-23.91225594138183
2011-09-27,205.77322711123833,-24.601363233909126
2011-10-04,207.4364482596931,-22.93814208545436
2011-10-07,206.59914728380417,-23.77544306134328
2011-10-11,208.1787412865099,-22.19584905863755
2011-10-14,208.90819199791994,-21.46639834722751
2011-10-17,206.40819199791994,-23.96639834722751
2011-10-18,208.89647631126167,-21.478114033885788
2011-10-21,206.39647631126164,-23.978114033885817
2011-10-25,203.8964763112616,-26.478114033885845
2011-10-26,204.13793855889986,-26.23665178624759
2011-11-01,204.8776142939903,-25.496976051157162
2011-11-03,206.56489377335313,-23.80969657179432
2011-11-04,201.56489377335305,-28.809696571794404
2011-11-08,202.6160671584705,-27.75852318667694
2011-11-11,200.11606715847054,-30.25852318667691
2011-11-22,201.10389755519125,-29.2706927899562
2011-11-25,198.60389755519128,-31.770692789956172
2011-11-30,196.5830149086755,-33.79157543647196
2011-12-01,197.96882414499694,-32.40576620015051
2011-12-05,195.46882414499694,-34.90576620015051
2011-12-07,192.96882414499694,-37.40576620015051
2011-12-08,187.96882414499692,-42.40576620015054
2011-12-12,185.46882414499692,-44.90576620015054
2011-12-13,182.9688241449969,-47.405766200150566
2011-12-14,180.46882414499686,-49.905766200150595
2011-12-15,182.18124819479593,-48.193342150351526
2011-12-20,179.68124819479593,-50.693342150351526
2011-12-21,178.89197304518746,-51.48261729996
2011-12-27,181.6764654603677,-48.69812488477976
2011-12-30,183.18827971976566,-47.18631062538179
2012-01-03,184.2971571890878,-46.07743315605964
2012-01-04,185.366490186406,-45.008100158741456
2012-01-06,186.1466484874624,-44.22794185768507
2012-01-09,187.53824388998657,-42.83634645516088
2012-01-13,185.03824388998657,-45.33634645516088
2012-01-18,186.37129688121996,-44.00329346392749
2012-01-19,187.70590672427937,-42.66868362086808
2012-01-26,188.24689110946306,-42.12769923568439
2012-01-27,189.17204816337775,-41.2025421817697
2012-01-30,189.66327559402447,-40.711314751122984
2012-02-02,191.5689573440667,-38.805633001080764
2012-02-03,189.5998343963106,-40.774755948836855
2012-02-09,187.09983439631054,-43.27475594883691
2012-02-16,184.59983439631054,-45.77475594883691
2012-02-17,182.09983439631054,-48.27475594883691
2012-02-21,184.06744762238247,-46.30714272276498
2012-02-24,185.47772210851218,-44.89686823663527
2012-02-28,186.799799176491,-43.574791168656446
2012-02-29,187.49452903621614,-42.88006130893132
2012-03-05,184.9599763540462,-45.41461399110125
2012-03-06,182.4599763540462,-47.91461399110125
2012-03-09,179.9599763540461,-50.41461399110136
2012-03-12,178.8753728431155,-51.49921750203194
2012-03-16,180.4533086223019,-49.92128172284555
2012-03-21,177.7642888424364,-52.61030150271105
2012-03-23,175.26428884243637,-55.11030150271108
2012-03-26,172.76428884243643,-57.610301502711025
2012-03-27,171.1392220945792,-59.23536825056826
2012-03-28,173.38879277396947,-56.98579757117798
2012-03-29,171.9542022931955,-58.42038805195196
2012-04-03,173.7383198262454,-56.63627051890205
2012-04-06,172.92245892738745,-57.45213141776
2012-04-10,175.00669730483892,-55.36789304030853
2012-04-12,177.08384803006766,-53.2907423150798
2012-04-16,179.04434883975065,-51.3302415053968
2012-04-18,180.5446178869283,-49.829972458219146
2012-04-19,184.36395674058204,-46.01063360456541
2012-04-20,183.54677932173038,-46.82781102341707
2012-04-24,184.8933822151356,-45.48120813001185
2012-04-26,186.96222101830892,-43.41236932683853
2012-04-27,188.48281270149812,-41.891777643649334
2012-04-30,185.9751851026736,-44.39940524247385
2012-05-02,186.46048284153727,-43.91410750361018
2012-05-03,187.72311553789913,-42.65147480724832
2012-05-04,182.72311553789916,-47.65147480724829
2012-05-07,180.22311553789916,-50.15147480724829
2012-05-09,181.25203267285502,-49.12255767229243
2012-05-10,182.14951223002487,-48.225078115122585
2012-05-11,183.73552500248147,-46.63906534266599
2012-05-15,185.6860693217111,-44.68852102343635
2012-05-16,183.13347736317056,-47.2411129819769
2012-05-22,184.89319086206547,-45.48139948308199
2012-05-23,186.55394898919843,-43.82064135594902
2012-05-28,188.03219852915305,-42.342391815994404
2012-05-30,185.53219852915305,-44.842391815994404
2012-06-01,185.86564853042748,-44.508941814719975
2012-06-04,187.29564315090187,-43.078947194245586
2012-06-07,189.29238741686856,-41.08220292827889
2012-06-13,184.29238741686848,-46.082202928278974
2012-06-14,185.95474288878972,-44.41984745635773
2012-06-15,187.90925571260598,-42.46533463254147
2012-06-18,189.59696601456616,-40.77762433058129
2012-06-19,187.09696601456616,-43.27762433058129
2012-06-20,188.95161127327356,-41.4229790718739
2012-06-21,190.93903400871457,-39.43555633643288
2012-06-22,196.08903954658732,-34.28555079856014
2012-06-25,193.58903954658732,-36.78555079856014
2012-06-26,195.17848893911943,-35.19610140602802
2012-06-27,196.82929049439377,-33.54529985075368
2012-07-05,197.3741790287045,-33.00041131644295
2012-07-06,194.87417902870456,-35.50041131644289
2012-07-16,196.22520584270532,-34.14938450244213
2012-07-19,198.17463062191888,-32.199959723228574
2012-07-20,195.6746306219188,-34.69995972322866
2012-07-23,193.1746306219188,-37.19995972322866
2012-07-24,195.37384711451247,-35.00074323063498
2012-07-25,197.05584012634074,-33.31875021880671
2012-07-27,194.55584012634074,-35.81875021880671
2012-07-31,197.06449835569347,-33.31009198945398
2012-08-02,193.66814196219556,-36.70644838295189
2012-08-03,191.45002441090995,-38.924565934237506
2012-08-06,193.48375274293159,-36.89083760221587
2012-08-07,190.98375274293153,-39.390837602215925
2012-08-08,192.81379914741692,-37.56079119773054
2012-08-14,195.18878243122677,-35.185807913920684
2012-08-15,196.7882674636975,-33.586322881449945
2012-08-16,198.11436172853394,-32.26022861661352
2012-08-17,197.50285187921637,-32.87173846593109
2012-08-20,195.00285187921648,-35.371738465930974
2012-08-21,192.36770120630825,-38.0068891388392
2012-08-23,189.86770120630817,-40.506889138839284
2012-08-24,191.07759803549254,-39.29699230965491
2012-08-27,192.68697032732223,-37.687620017825225
2012-08-28,194.43499957016846,-35.939590774978996
2012-08-29,196.18604902569822,-34.18854131944923
2012-08-31,197.503069203425,-32.87152114172244
2012-09-04,195.00306920342499,-35.37152114172247
2012-09-05,198.79672594872858,-31.577864396418875
2012-09-07,200.42298906279376,-29.951601282353693
2012-09-17,202.13531743927496,-28.239272905872497
2012-09-21,199.635317439275,-30.73927290587244
2012-09-24,201.50535433482415,-28.869236010323306
2012-09-26,199.00535433482406,-31.36923601032339
2012-10-03,200.22953034424424,-30.145060000903214
2012-10-05,200.24069276408423,-30.133897581063223
2012-10-11,200.03635427521874,-30.338236069928712
2012-10-12,204.12890319894603,-26.24568714620142
2012-10-17,205.44119449642307,-24.933395848724388
2012-10-18,202.74253227657854,-27.63205806856891
2012-10-24,204.39937103700944,-25.97521930813801
2012-10-26,205.78946078161374,-24.585129563533712
2012-11-01,203.2894607816137,-27.08512956353374
2012-11-02,202.3534517933889,-28.021138551758554
2012-11-05,204.1844651837148,-26.19012516143266
2012-11-08,205.9388292069118,-24.435761138235648
2012-11-12,207.73654622113312,-22.63804412401433
2012-11-15,209.92386356733516,-20.450726777812292
2012-11-16,211.4326680992588,-18.941922245888662
2012-11-19,208.93266809925882,-21.441922245888634
2012-11-20,210.33611446137,-20.038475883777465
2012-11-22,213.03054153073458,-17.344048814412872
2012-11-23,210.53054153073458,-19.844048814412872
2012-11-27,212.26430858004161,-18.11028176510584
2012-11-28,209.7643085800415,-20.610281765105952
2012-12-03,211.29917418052094,-19.075416164626517
2012-12-04,213.28598694217104,-17.088603402976418
2012-12-06,214.96492585597386,-15.409664489173593
2012-12-07,216.93729063147228,-13.437299713675174
2012-12-11,214.43729063147228,-15.937299713675174
2012-12-12,216.41038607915385,-13.964204265993601
2012-12-13,218.28485344399675,-12.089736901150701
2012-12-14,215.7848534439968,-14.589736901150644
2012-12-18,213.28485344399687,-17.089736901150587
2012-12-19,214.29685158914944,-16.077738755998013
2012-12-26,216.68861595267117,-13.685974392476282
2012-12-31,214.1886159526712,-16.185974392476254
2013-01-03,213.6784950103501,-16.69609533479735
2013-01-04,217.97606047844346,-12.398529866703996
2013-01-07,219.15187396300686,-11.22271638214059
2013-01-09,216.6518739630068,-13.722716382140646
2013-01-10,217.64843425995582,-12.726156085191633
2013-01-14,215.14843425995576,-15.22615608519169
2013-01-17,212.6484342599557,-17.726156085191747
2013-01-24,210.14843425995576,-20.22615608519169
2013-01-28,211.41503273304562,-18.959557612101833
2013-01-30,208.91503273304576,-21.45955761210169
2013-01-31,211.15698687811505,-19.217603467032404
2013-02-01,210.57630023987164,-19.79829010527581
2013-02-06,208.07630023987167,-22.298290105275782
2013-02-08,207.37203825362158,-23.00255209152587
2013-02-12,207.0520042889214,-23.322586056226044
2013-02-13,204.5520042889214,-25.822586056226044
2013-02-15,202.0520042889214,-28.322586056226044
2013-02-18,204.47442044791833,-25.90016989722912
2013-02-19,201.97442044791828,-28.400169897229176
2013-02-20,203.44271742881128,-26.931872916336175
2013-02-22,205.56552842727578,-24.809061917871674
2013-02-26,207.07229075896342,-23.302299586184034
2013-02-27,208.1625473056108,-22.212043039536667
2013-02-28,207.91672454680406,-22.45786579834339
2013-03-01,205.41672454680406,-24.95786579834339
2013-03-04,206.72406386688678,-23.650526478260673
2013-03-05,204.22406386688675,-26.1505264782607
2013-03-07,206.04496968759952,-24.329620657547935
2013-03-08,207.00437423193014,-23.37021611321731
2013-03-11,210.9119908680271,-19.462599477120364
2013-03-12,212.92314294020332,-17.451447404944133
2013-03-13,214.85716352627355,-15.5174268188739
2013-03-15,212.35716352627355,-18.0174268188739
2013-03-19,214.09478430638015,-16.279806038767305
2013-03-21,215.6263275730142,-14.748262772133245
2013-03-22,213.12632757301418,-17.248262772133273
2013-03-26,212.83816419219,-17.53642615295746
2013-04-01,214.77855622305904,-15.596034122088412
2013-04-05,215.18400533083712,-15.19058501431033
2013-04-09,216.62911493192442,-13.745475413223033
2013-04-12,217.85211765569898,-12.522472689448477
2013-04-16,217.52073821196424,-12.85385213318321
2013-04-22,219.47063751603642,-10.903952829111034
2013-04-24,220.99228840745067,-9.38230193769678
2013-04-26,222.2270431596307,-8.147547185516743
2013-05-01,221.3468870695342,-9.027703275613248
2013-05-02,218.84688706953415,-11.527703275613305
2013-05-03,215.32621086172267,-15.048379483424782
2013-05-06,216.89483729564637,-13.479753049501085
2013-05-07,218.0048480135193,-12.369742331628146
2013-05-08,222.15935405473041,-8.215236290417039
2013-05-09,226.76240012980304,-3.6121902153444125
2013-05-10,228.62384688325673,-1.7507434618907212
2013-05-13,230.59789656360513,0.0
2013-05-14,228.09789656360513,-2.5
2013-05-15,229.7564751265407,-0.8414214370644402
2013-05-16,233.22527907167873,0.0
2013-05-17,230.72527907167873,-2.5
2013-05-20,232.2635323991006,-0.9617466725781298
2013-05-21,229.76353239910057,-3.4617466725781583
2013-05-22,227.2635323991005,-5.961746672578215
2013-05-24,229.09018284524808,-4.1350962264306474
2013-06-04,226.59018284524802,-6.635096226430704
2013-06-06,225.68954548125492,-7.535733590423803
2013-06-07,220.68954548125495,-12.535733590423774
2013-06-10,222.21715488088753,-11.008124190791193
2013-06-13,219.7171548808875,-13.508124190791222
2013-06-18,221.8266159100792,-11.39866316159953
2013-06-25,223.66661743891424,-9.558661632764483
2013-06-26,222.96634788017775,-10.258931191500977
2013-06-27,220.46634788017772,-12.758931191501006
2013-06-28,217.96634788017766,-15.258931191501063
2013-07-02,219.52309933615277,-13.70217973552596
2013-07-04,217.02309933615274,-16.202179735525988
2013-07-05,217.19438932428451,-16.030889747394212
2013-07-09,218.96282954254877,-14.262449529129952
2013-07-12,220.46764680921106,-12.757632262467666
2013-07-16,224.0302458234703,-9.195033248208432
2013-07-17,224.32558853942206,-8.89969053225667
2013-07-18,221.8255885394221,-11.399690532256614
2013-07-22,223.02761187882882,-10.197667192849906
2013-07-26,221.37487108817353,-11.850407983505193
2013-07-30,222.39837292815054,-10.826906143528191
2013-07-31,224.8989472490872,-8.326331822591527
2013-08-02,224.8204349294337,-8.404844142245025
2013-08-05,222.3204349294337,-10.904844142245025
2013-08-08,223.75775115694498,-9.46752791473375
2013-08-15,221.25775115694492,-11.967527914733807
2013-08-19,223.45881642633364,-9.766462645345086
2013-08-23,225.44736175059057,-7.777917321088154
2013-08-27,226.8212087593227,-6.404070312356026
2013-08-28,228.63730245251085,-4.5879766191678755
2013-08-29,229.86310946448103,-3.3621696071977
2013-09-02,230.16420976080352,-3.0610693108752116
2013-09-04,232.01809302900662,-1.207186042672106
2013-09-06,230.888506570409,-2.336772501269735
2013-09-11,233.14905042072553,-0.07622865095319753
2013-09-13,234.184767539884,0.0
2013-09-17,229.18476753988406,-4.999999999999943
2013-09-18,230.34354242130684,-3.841225118577171
2013-09-20,235.55379941603456,0.0
2013-09-23,233.05379941603454,-2.5000000000000284
2013-09-24,237.4549044478527,0.0
2013-09-25,239.35565819089382,0.0
2013-09-30,236.85565819089388,-2.499999999999943
2013-10-01,240.82409924507144,0.0
2013-10-03,242.6582212480637,0.0
2013-10-08,244.12621244376749,0.0
2013-10-09,246.18557732083988,0.0
2013-10-15,245.1978090983107,-0.9877682225291835
2013-10-18,246.43155049465906,0.0
2013-10-22,241.43155049465884,-5.000000000000227
2013-10-28,242.13127669561945,-4.300273799039616
2013-10-31,243.1590509512531,-3.2724995434059565
2013-11-01,240.43948416380047,-5.9920663308585915
2013-11-04,241.71061343309714,-4.720937061561926
2013-11-05,242.2716570562086,-4.159893438450467
2013-11-07,243.2239220613794,-3.207628433279666
2013-11-08,247.8726617403266,0.0
2013-11-11,249.96251608415977,0.0
2013-11-13,250.8164990670307,0.0
2013-11-14,254.18205264614477,0.0
2013-11-18,255.66421211720447,0.0
2013-11-20,256.9394602868696,0.0
2013-11-21,254.4394602868696,-2.4999999999999716
2013-11-22,256.3289685573166,-0.6104917295529617
2013-12-03,257.31624523527717,0.0
2013-12-04,254.8162452352772,-2.4999999999999716
2013-12-05,254.20721870258362,-3.109026532693548
2013-12-06,253.97978674482138,-3.336458490455783
2013-12-09,251.4797867448214,-5.836458490455755
2013-12-12,253.2465132281237,-4.069732007153476
2013-12-17,254.85530663522852,-2.4609386000486495
2013-12-19,252.35530663522857,-4.960938600048593
2013-12-20,254.08276374207273,-3.2334814932044367
2013-12-23,255.6031736094892,-1.7130716257879612
2013-12-26,256.7606876117571,-0.5555576235200874
2013-12-27,254.26068761175694,-3.0555576235202295
2013-12-31,249.26068761175702,-8.055557623520144
2014-01-03,249.93992713858128,-7.376318096695883
2014-01-06,251.68818629060115,-5.628058944676013
2014-01-07,249.18818629060112,-8.128058944676042
2014-01-08,250.7380425065108,-6.578202728766371
2014-01-10,250.05454412209502,-7.261701113182141
2014-01-14,247.55454412209497,-9.761701113182198
2014-01-21,249.22988732779672,-8.086357907480448
2014-01-22,250.70467338673353,-6.611571848543633
2014-01-23,248.2046733867335,-9.111571848543662
2014-01-27,250.0533953015455,-7.2628499337316725
2014-01-28,251.6415735233801,-5.674671711897076
2014-01-29,249.14157352338012,-8.174671711897048
2014-01-30,246.6305775808418,-10.685667654435377
2014-01-31,248.24125817692882,-9.074987058348341
2014-02-04,245.74125817692877,-11.574987058348398
2014-02-05,248.0397039013539,-9.276541333923262
2014-02-06,249.5808643164988,-7.735380918778361
2014-02-07,247.7777525943554,-9.53849264092176
2014-02-11,249.65778366537052,-7.658461569906649
2014-02-13,251.1927239695851,-6.123521265692062
2014-02-19,252.91015324853524,-4.406091986741927
2014-02-20,254.13252068209883,-3.1837245531783367
2014-02-24,251.63252068209877,-5.6837245531783935
2014-02-25,253.95409865254155,-3.362146582735619
2014-02-26,251.4540986525415,-5.862146582735676
2014-03-05,253.15445806216368,-4.161787173113481
2014-03-06,250.65445806216366,-6.66178717311351
2014-03-07,251.2250697400676,-6.091175495209569
2014-03-11,248.72506974006762,-8.59117549520954
2014-03-12,250.1028416917666,-7.213403543510566
2014-03-14,247.60284169176666,-9.713403543510509
2014-03-18,248.58109358999812,-8.735151645279046
2014-03-19,250.4814099839937,-6.834835251283465
2014-03-26,251.76254235848793,-5.553702876789231
2014-03-27,246.762542358488,-10.553702876789174
2014-03-31,244.26254235848802,-13.053702876789146
2014-04-01,241.76254235848805,-15.553702876789117
2014-04-02,243.48438643192475,-13.831858803352418
2014-04-03,245.0083242776542,-12.307920957622969
2014-04-04,249.66928715170718,-7.646958083569984
2014-04-08,251.8166577849317,-5.499587450345473
2014-04-09,252.7329340139905,-4.583311221286664
2014-04-14,250.2329340139905,-7.083311221286664
2014-04-15,247.7329340139905,-9.583311221286664
2014-04-17,245.23293401399064,-12.083311221286522
2014-04-21,246.52584221120122,-10.790403024075943
2014-04-22,244.0258422112011,-13.290403024076056
2014-04-23,245.59503983728118,-11.721205397995988
2014-04-24,244.79019255738484,-12.526052677892324
2014-04-25,242.29019255738487,-15.026052677892295
2014-04-29,243.8216942557738,-13.494550979503373
2014-05-01,241.32169425577385,-15.994550979503316
2014-05-02,244.504709246462,-12.811535988815166
2014-05-06,242.00291094980017,-15.313334285476998
2014-05-07,243.09971323935468,-14.21653199592248
2014-05-08,242.52436352383572,-14.791881711441448
2014-05-09,244.5392567414972,-12.776988493779953
2014-05-13,248.59932294175567,-8.716922293521492
2014-05-14,249.3899779681549,-7.926267267122256
2014-05-15,248.34719143416513,-8.96905380111204
2014-05-16,252.338417827988,-4.977827407289169
2014-05-21,249.83841782798797,-7.4778274072891975
2014-05-23,253.41682614001118,-3.8994190952659835
2014-05-29,254.21022973783536,-3.1060154974418026
2014-05-30,256.29415029467424,-1.0220949406029263
2014-06-02,257.96350886259177,0.0
2014-06-04,259.4385161689129,0.0
2014-06-05,259.0279812011221,-0.41053496779079524
2014-06-06,256.5279812011221,-2.9105349677907952
2014-06-12,253.83859836156083,-5.599917807352057
2014-06-17,251.33859836156077,-8.099917807352114
2014-06-19,253.3618378910919,-6.0766782778209745
2014-06-20,250.73338999026893,-8.705126178643951
2014-06-25,252.33107084769395,-7.107445321218933
2014-06-26,257.5712144046569,-1.8673017642559557
2014-06-30,259.5903814237076,0.0
2014-07-01,257.0903814237076,-2.5
2014-07-02,256.19059519251203,-3.3997862311955487
2014-07-03,253.7317203802999,-5.858661043407693
2014-07-07,251.23172038029986,-8.358661043407722
2014-07-08,248.73172038029992,-10.858661043407665
2014-07-09,247.1799328026744,-12.410448621033197
2014-07-14,245.9233204453142,-13.66706097839338
2014-07-15,243.42332044531418,-16.16706097839341
2014-07-16,245.2052671192229,-14.385114304484688
2014-07-21,247.33154675261602,-12.258834671091563
2014-07-22,244.83154675261602,-14.758834671091563
2014-07-23,246.8328063584308,-12.757575065276797
2014-07-25,244.3328063584307,-15.257575065276882
2014-07-28,246.1352225988369,-13.455158824870693
2014-07-29,247.40910689189386,-12.181274531813727
2014-07-30,250.63030675610312,-8.96007466760446
2014-08-06,252.15781279168368,-7.4325686320239015
2014-08-07,249.65781279168374,-9.932568632023845
2014-08-11,247.15781279168374,-12.432568632023845
2014-08-12,244.65781279168374,-14.932568632023845
2014-08-18,246.56825673349215,-13.022124690215435
2014-08-19,247.66719412466193,-11.923187299045651
2014-08-20,249.4223932361646,-10.167988187542988
2014-08-27,252.18958314833012,-7.400798275377468
2014-09-05,253.9753778030759,-5.615003620631683
2014-09-09,253.13284924160826,-6.457532182099328
2014-09-11,254.90712662980116,-4.683254793906428
2014-09-12,254.82808685068824,-4.7622945730193464
2014-09-15,255.87724518620934,-3.7131362374982473
2014-09-16,257.5502947737685,-2.0400866499390986
2014-09-17,256.64855034712775,-2.941831076579831
2014-09-24,258.4038171952082,-1.1865642284993783
2014-09-25,257.7540975830729,-1.8362838406346782
2014-09-26,261.7597291034812,0.0
2014-09-29,262.39879639011684,0.0
2014-10-01,263.87183090454204,0.0
2014-10-02,269.1740516018373,0.0
2014-10-03,270.45085693279964,0.0
2014-10-08,272.1445878347705,0.0
2014-10-09,269.6445878347705,-2.5
2014-10-14,270.9392382854348,-1.2053495493357218
2014-10-15,269.7944765807045,-2.3501112540660074
2014-10-20,271.45415618708785,-0.690431647682658
2014-10-22,273.23561752777,0.0
2014-10-23,271.2970039408209,-1.9386135869490886
2014-10-24,273.2058983301039,-0.029719197666111086
2014-10-27,274.08046892337956,0.0
2014-11-03,273.64232406816507,-0.43814485521448887
2014-11-04,275.39996929667694,0.0
2014-11-05,276.6446099957603,0.0
2014-11-06,271.6446099957603,-5.0
2014-11-07,270.2864469168913,-6.358163078868984
2014-11-11,271.98932769560656,-4.655282300153715
2014-11-12,273.69594799343184,-2.948662002328433
2014-11-14,275.5317985272331,-1.112811468527184
2014-11-19,277.6976982971539,0.0
2014-11-25,279.32607341906396,0.0
2014-11-26,278.0469667461783,-1.2791066728856322
2014-12-03,279.6273820002028,0.0
2014-12-04,276.98717361254273,-2.6402083876600386
2014-12-05,278.58938574477963,-1.0379962554231383
2014-12-09,276.9885639519822,-2.638818048220571
2014-12-10,271.89181296034525,-7.735569039857523
2014-12-11,269.39181296034525,-10.235569039857523
2014-12-19,271.44386765978203,-8.183514340420743
2014-12-26,268.9438676597818,-10.68351434042097
2015-01-05,266.4438676597818,-13.18351434042097
2015-01-06,268.34324844096665,-11.284133559236125
2015-01-07,269.24735110509556,-10.380030895107211
2015-01-09,273.53157147776784,-6.095810522434931
2015-01-13,271.03157147776784,-8.595810522434931
2015-01-14,272.7168323269877,-6.910549673215087
2015-01-16,270.2168323269877,-9.410549673215087
2015-01-20,272.1210068390491,-7.506375161153699
2015-01-21,273.83125576378694,-5.79612623641583
2015-01-22,272.1716383174243,-7.455743682778461
2015-01-23,272.0504099355527,-7.576972064650079
2015-01-26,273.6706481391555,-5.956733861047269
2015-01-30,274.9073211710079,-4.7200608291948924
2015-02-02,276.5867443712796,-3.0406376289231503
2015-02-04,278.23418586946957,-1.3931961307332017
2015-02-05,277.2800623425053,-2.347319657697483
2015-02-06,276.24182277012767,-3.3855592300751027
2015-02-09,278.2276302421065,-1.3997517580962722
2015-02-10,279.36528003834337,-0.2621019618594005
2015-02-11,281.3682045076391,0.0
2015-02-12,281.14988291929285,-0.2183215883462708
2015-02-18,278.40476470665686,-2.9634398009822576
2015-02-20,277.4890399951893,-3.8791645124498473
2015-02-26,274.9890399951893,-6.379164512449847
2015-03-02,272.4890399951894,-8.879164512449734
2015-03-03,269.77154942995054,-11.596655077688581
2015-03-05,267.27154942995037,-14.096655077688752
2015-03-06,262.2629760262989,-19.105228481340248
2015-03-09,259.762976026299,-21.605228481340134
2015-03-12,257.262976026299,-24.105228481340134
2015-03-13,254.76297602629884,-26.605228481340276
2015-03-19,253.16532247140134,-28.20288203623778
2015-03-20,250.6653224714014,-30.702882036237725
2015-03-24,252.71421787035143,-28.653986637287687
2015-03-25,257.18291088814715,-24.185293619491972
2015-04-03,257.0566398278263,-24.311564679812818
2015-04-06,254.55663982782616,-26.81156467981296
2015-04-07,256.2193905724623,-25.148813935176804
2015-04-08,253.68885338944926,-27.679351118189857
2015-04-24,255.5417075426689,-25.826496964970232
2015-04-27,257.0746693267368,-24.293535180902325
2015-04-28,259.0338077313408,-22.33439677629832
2015-04-29,258.44099032143276,-22.927214186206356
2015-04-30,260.0617521079066,-21.306452399732507
2015-05-01,257.56175210790656,-23.806452399732564
2015-05-04,256.7168553982939,-24.651349109345233
2015-05-05,258.3241560542799,-23.04404845335921
2015-05-08,255.82415605427985,-25.544048453359267
2015-05-11,257.60238484609073,-23.76581966154839
2015-05-13,260.35842806700276,-21.009776440636358
2015-05-20,265.05624936734023,-16.311955140298892
2015-05-21,262.55624936734023,-18.811955140298892
2015-05-22,260.0562493673404,-21.31195514029872
2015-05-27,262.07176467017104,-19.296439837468085
2015-05-28,264.0314531397557,-17.336751367883437
2015-06-01,265.9711049717892,-15.397099535849918
2015-06-05,268.0772688944078,-13.29093561323134
2015-06-08,269.53739450990076,-11.830809997738356
2015-06-11,264.53739450990093,-16.830809997738186
2015-06-12,262.0373945099009,-19.330809997738243
2015-06-15,259.53739450990093,-21.830809997738186
2015-06-16,257.03739450990093,-24.330809997738186
2015-06-18,254.537394509901,-26.83080999773813
2015-06-19,252.03739450990105,-29.330809997738072
2015-06-23,253.8592110518336,-27.508993455805523
2015-06-26,255.49214095303407,-25.876063554605054
2015-07-02,256.4858125399179,-24.88239196772122
2015-07-03,258.5933352521929,-22.77486925544622
2015-07-07,256.0933352521929,-25.27486925544622
2015-07-09,257.09519876643037,-24.27300574120875
2015-07-14,259.7418230792505,-21.62638142838864
2015-07-17,262.03452297791074,-19.33368152972838
2015-07-21,263.98414913901996,-17.38405536861916
2015-07-22,265.36829405500185,-15.999910452637266
2015-07-23,262.80952450899076,-18.55867999864836
2015-07-24,260.3095245089907,-21.058679998648415
2015-07-27,261.2939483975695,-20.074256110069598
2015-07-30,262.8257095236201,-18.542494984019015
2015-07-31,268.93469619036125,-12.43350831727787
2015-08-06,270.7503688090015,-10.617835698637634
2015-08-07,273.613597388663,-7.754607118976139
2015-08-10,270.93307348689575,-10.43513102074337
2015-08-11,269.3767827959024,-11.991421711736734
2015-08-17,266.87678279590233,-14.491421711736791
2015-08-21,268.3686124935022,-12.999592014136908
2015-08-24,265.8686124935022,-15.499592014136908
2015-08-26,267.439964701345,-13.92823980629413
2015-09-01,268.9873107283979,-12.380893779241205
2015-09-02,270.6985394101177,-10.669665097521431
2015-09-03,272.8614510442763,-8.506753463362827
2015-09-04,273.98940270122546,-7.378801806413662
2015-09-10,275.739559866416,-5.628644641223104
2015-09-14,273.239559866416,-8.128644641223104
2015-09-15,275.1903451468909,-6.1778593607482435
2015-09-16,276.5889116003121,-4.779292907327033
2015-09-17,278.17078833714316,-3.1974161704959556
2015-09-24,277.33758089384395,-4.030623613795171
2015-10-02,279.40979330481025,-1.95841120282887
2015-10-05,278.22094287213923,-3.1472616354998877
2015-10-06,275.7209428721392,-5.6472616354999445
2015-10-09,277.3504244571821,-4.01778005045702
2015-10-14,280.87401487423375,-0.4941896334053695
2015-10-16,282.683191259801,0.0
2015-10-19,284.4172356292322,0.0
2015-10-22,280.89429366582874,-3.5229419634034684
2015-10-26,282.3883936020098,-2.0288420272224243
2015-10-27,284.11230322893664,-0.30493240029557
2015-11-02,281.6123032289367,-2.804932400295513
2015-11-03,283.5115426976824,-0.9056929315498223
2015-11-04,285.0683927203386,0.0
2015-11-06,287.7625868554065,0.0
2015-11-11,289.91309586536875,0.0
2015-11-12,287.41309586536875,-2.5
2015-11-13,284.9130958653687,-5.000000000000057
2015-11-18,282.4130958653687,-7.500000000000057
2015-11-19,284.1467519075204,-5.766343957848335
2015-11-20,281.64675190752047,-8.266343957848278
2015-12-02,283.508001136558,-6.405094728810752
2015-12-03,285.80882515652206,-4.104270708846684
2015-12-04,285.0473494318756,-4.865746433493143
2015-12-08,286.50616573337965,-3.4069301319890997
2015-12-09,288.6496692380948,-1.2634266272739296
2015-12-10,292.3000973831841,0.0
2015-12-11,291.6020644861809,-0.6980328970032019
2015-12-14,293.5319627509543,0.0
2015-12-15,293.0613860032006,-0.4705767477536824
2015-12-16,294.12632822895273,0.0
2015-12-18,296.2574585221435,0.0
2015-12-22,298.2830813324299,0.0
2015-12-29,296.75818252499437,-1.5248988074355339
2015-12-30,294.25818252499425,-4.0248988074356475
2016-01-06,295.9478907407882,-2.3351905916417195
2016-01-08,297.8270439849733,-0.45603734745662905
2016-01-15,298.13158284431086,-0.15149848811904576
2016-01-21,299.8517296291094,0.0
2016-01-25,301.3554628268331,0.0
2016-01-26,299.69802867678095,-1.657434150052154
2016-01-27,301.33170450835854,-0.02375831847456311
2016-01-28,303.30890028637566,0.0
2016-02-01,305.1294712131387,0.0
2016-02-02,303.50090422743153,-1.6285669857071525
2016-02-03,305.3177669985728,0.0
2016-02-04,302.8177669985728,-2.5
2016-02-05,305.52548953658146,0.0
2016-02-09,307.2015749798089,0.0
2016-02-12,309.1034339287421,0.0
2016-02-16,307.47289290453796,-1.630541024204149
2016-02-17,304.97289290453796,-4.130541024204149
2016-02-19,306.2799865437938,-2.823447384948281
2016-02-23,308.0060023219926,-1.0974316067495238
2016-02-24,307.78520283441503,-1.318231094327075
2016-02-29,305.9108982050888,-3.192535723653293
2016-03-04,303.41089820508876,-5.69253572365335
2016-03-07,305.28009570705836,-3.8233382216837413
2016-03-10,302.78009570705836,-6.323338221683741
2016-03-14,304.4516710237764,-4.651762904965722
2016-03-16,301.9516710237763,-7.1517629049657785
2016-03-18,299.3765444031824,-9.726889525559727
2016-03-23,296.8765444031823,-12.226889525559784
2016-03-24,298.2161953019675,-10.887238626774604
2016-03-29,299.0379570349407,-10.065476893801417
2016-03-31,298.1977284887969,-10.905705439945223
2016-04-01,299.5411095366119,-9.562324392130222
2016-04-06,297.0411095366119,-12.062324392130222
2016-04-07,294.5411095366119,-14.562324392130222
2016-04-14,296.27297034185875,-12.830463586883354
2016-04-21,293.77297034185887,-15.33046358688324
2016-04-27,296.1501024195716,-12.953331509170482
2016-04-29,293.65010241957174,-15.453331509170368
2016-05-02,295.36316875327094,-13.740265175471166
2016-05-06,292.863168753271,-16.24026517547111
2016-05-12,294.4920600210222,-14.611373907719894
2016-05-13,291.99206002102216,-17.11137390771995
2016-05-17,289.4920600210222,-19.611373907719894
2016-05-18,286.89417074364405,-22.209263185098052
2016-05-24,284.3941707436441,-24.709263185097996
2016-05-26,285.90152218167225,-23.201911747069857
2016-06-01,287.36214925205155,-21.741284676690555
2016-06-02,284.86214925205155,-24.241284676690555
2016-06-03,285.37224154062136,-23.731192388120746
2016-06-06,282.8722415406213,-26.231192388120803
2016-06-08,280.37224154062125,-28.73119238812086
2016-06-13,282.4315032406477,-26.671930688094392
2016-06-14,284.2497733592286,-24.853660569513522
2016-06-27,286.1743223489511,-22.929111579791027
2016-06-29,283.674322348951,-25.429111579791083
2016-07-01,281.17432234895114,-27.92911157979097
2016-07-08,276.7436460521434,-32.359787876598716
2016-07-13,278.866878474039,-30.23655545470308
2016-07-15,276.0382924047663,-33.0651415239758
2016-07-21,277.55766622353985,-31.545767705202252
2016-08-01,278.44308220633616,-30.66035172240595
2016-08-04,280.3571567595021,-28.74627716923999
2016-08-05,275.3380291025006,-33.76540482624148
2016-08-09,278.09855396540377,-31.00487996333834
2016-08-10,279.8422261792166,-29.26120774952551
2016-08-12,277.3422261792166,-31.76120774952551
2016-08-15,274.84222617921677,-34.26120774952534
2016-08-16,272.34222617921654,-36.76120774952557
2016-08-19,273.32498392345923,-35.77845000528288
2016-08-23,273.83028637305,-35.273147555692105
2016-08-25,275.19250259148606,-33.910931337256045
2016-08-26,277.69950764687036,-31.403926281871748
2016-08-31,274.8536391971312,-34.249794731610905
2016-09-01,272.35363919713126,-36.74979473161085
2016-09-02,272.5380035431121,-36.56543038563001
2016-09-05,270.0380035431117,-39.06543038563041
2016-09-06,271.597523874877,-37.50591005386508
2016-09-07,273.7457578152375,-35.357676113504624
2016-09-08,271.2457578152374,-37.85767611350468
2016-09-14,268.74575781523754,-40.35767611350457
2016-09-15,270.39272526629753,-38.710708662444574
2016-09-20,272.0760877982991,-37.02734613044299
2016-09-22,271.5014118791636,-37.60202204957852
2016-09-27,273.33507283872024,-35.76836109002187
2016-09-29,270.8350728387204,-38.2683610900217
2016-09-30,268.33507283872035,-40.768361090021756
2016-10-03,265.8231505975045,-43.28028333123763
2016-10-04,267.5336811025825,-41.56975282615963
2016-10-05,262.53368110258265,-46.56975282615946
2016-10-07,261.90448748791107,-47.19894644083104
2016-10-10,259.4044874879111,-49.69894644083098
2016-10-11,256.904487487911,-52.198946440831094
2016-10-12,258.19679381949715,-50.90664010924496
2016-10-14,259.504938134532,-49.59849579421012
2016-10-17,257.0049381345319,-52.09849579421018
2016-10-18,258.5723054927754,-50.53112843596671
2016-10-19,259.9152544081031,-49.18817952063898
2016-10-20,258.6163319122087,-50.48710201653341
2016-10-21,256.11633191220875,-52.987102016533356
2016-10-25,253.6163319122089,-55.487102016533214
2016-10-27,255.42364137662196,-53.67979255212015
2016-11-01,252.9145724039512,-56.188861524790894
2016-11-02,254.9735337667576,-54.129900161984494
2016-11-03,256.7247139612776,-52.37871996746452
2016-11-04,258.58891211291655,-50.51452181582556
2016-11-08,260.0510401828193,-49.052393745922814
2016-11-17,261.73196119521884,-47.37147273352326
2016-11-18,263.63471536064634,-45.46871856809577
2016-11-21,261.1347153606464,-47.96871856809571
2016-11-23,258.6347153606463,-50.468718568095824
2016-11-24,255.94331497272543,-53.160118956016674
2016-11-29,257.6846806234722,-51.41875330526989
2016-11-30,258.9492998962472,-50.15413403249488
2016-12-01,261.39731095868143,-47.706122970060676
2016-12-02,260.72117514366073,-48.382258785081376
2016-12-06,262.5382087158274,-46.5652252129147
2016-12-07,260.79391970693064,-48.30951422181147
2016-12-08,267.0190035413174,-42.08443038742473
2016-12-09,264.51900354131743,-44.584430387424675
2016-12-13,262.0190035413175,-47.08443038742462
2016-12-14,259.51900354131743,-49.584430387424675
2016-12-15,261.3581821835613,-47.74525174518078
2016-12-19,258.3390209451519,-50.764412983590205
2016-12-21,260.8405359169413,-48.262898011800814
2016-12-22,262.59499132612615,-46.50844260261596
2016-12-23,264.12162289827467,-44.98181103046744
2016-12-27,261.6216228982745,-47.48181103046761
2017-01-04,258.9974319905088,-50.106001938233305
2017-01-06,257.97553465268004,-51.12789927606207
2017-01-09,255.47553465268018,-53.627899276061925
2017-01-13,258.14485170735804,-50.95858222138406
2017-01-20,259.8855829291379,-49.217850999604195
2017-01-23,261.129237231386,-47.97419669735609
2017-01-24,258.6292372313859,-50.474196697356206
2017-01-25,256.12923723138596,-52.97419669735615
2017-01-26,257.69359930872247,-51.40983462001964
2017-01-30,255.1935993087222,-53.90983462001989
2017-02-01,255.8508668975553,-53.2525670311868
2017-02-03,254.32283694728855,-54.780596981453556
2017-02-06,251.82283694728852,-57.280596981453584
2017-02-08,253.08322613482548,-56.020207793916626
2017-02-13,250.58322613482528,-58.520207793916825
2017-02-15,252.43791965631777,-56.66551427242433
2017-02-16,254.3434711467038,-54.759962782038315
2017-02-17,255.8663807408143,-53.23705318792781
2017-02-21,253.36638074081424,-55.73705318792787
2017-02-23,250.63316258317636,-58.47027134556575
2017-02-27,252.02895027744748,-57.07448365129463
2017-02-28,249.5289502774474,-59.57448365129471
2017-03-01,247.02895027744734,-62.07448365129477
2017-03-02,249.0757249274489,-60.0277090012932
2017-03-07,251.1192235977995,-57.9842103309426
2017-03-08,248.61922359779948,-60.48421033094263
2017-03-09,250.78793382035227,-58.31550010838984
2017-03-13,249.72571740015906,-59.37771652858305
2017-03-14,247.22571740015917,-61.87771652858294
2017-03-17,249.32013894137762,-59.783294987364485
2017-03-22,251.0632190987495,-58.04021482999261
2017-03-23,252.58239575603793,-56.52103817270418
2017-03-28,254.405345325805,-54.698088602937105
2017-04-04,256.173164530515,-52.9302693982271
2017-04-05,253.67316453051512,-55.43026939822698
2017-04-06,251.17316453051507,-57.93026939822704
2017-04-17,248.4281885889566,-60.675245339785505
2017-04-19,245.9281885889565,-63.17524533978562
2017-04-21,243.4281885889566,-65.6752453397855
2017-04-24,245.1301275430928,-63.973306385649295
2017-04-25,242.57506986940695,-66.52836405933516
2017-04-26,246.04438433460538,-63.059049594136724
2017-04-27,250.1319382860406,-58.97149564270151
2017-04-28,251.70824280230383,-57.39519112643828
2017-05-01,253.0689258058548,-56.0345081228873
2017-05-02,254.47453451525456,-54.628899413487545
2017-05-05,256.18172493505244,-52.92170899368966
2017-05-09,257.1204658885656,-51.9829680401765
2017-05-10,258.00675547604357,-51.09667845269854
2017-05-11,255.5067554760437,-53.5966784526984
2017-05-12,257.7045797331604,-51.39885419558169
2017-05-17,259.2005465505464,-49.902887378195715
2017-05-19,256.7005465505464,-52.402887378195715
2017-05-22,254.20054655054642,-54.902887378195686
2017-05-24,255.94981738642667,-53.15361654231543
2017-05-26,257.7611425281279,-51.342291400614215
2017-05-29,259.8440503061083,-49.259383622633834
2017-05-30,261.3868452001036,-47.7165887286385
2017-06-01,260.5950791062763,-48.50835482246583
2017-06-02,262.77483798800995,-46.32859594073216
2017-06-07,263.99967443278445,-45.10375949595766
2017-06-14,265.3927117118119,-43.71072221693021
2017-06-16,262.8927117118119,-46.21072221693021
2017-06-20,260.1254818593242,-48.97795206941788
2017-06-21,261.6881554379146,-47.41527849082752
2017-06-22,263.6844990951846,-45.4189348335575
2017-06-29,261.1844990951846,-47.9189348335575
2017-07-03,258.6844990951847,-50.41893483355739
2017-07-05,259.8717848336059,-49.23164909513622
2017-07-07,256.5949111848628,-52.508522743879325
2017-07-10,253.9417337475312,-55.161700181210904
2017-07-11,255.57116512411184,-53.53226880463026
2017-07-12,253.0711651241118,-56.03226880463032
2017-07-14,254.83323211899364,-54.27020180974847
2017-07-18,252.3332321189938,-56.7702018097483
2017-07-19,252.36873495865666,-56.73469897008545
2017-07-20,253.778144214994,-55.325289713748106
2017-07-21,251.27814421499406,-57.82528971374805
2017-07-24,253.42150106873513,-55.68193286000698
2017-07-26,255.33032246590165,-53.77311146284046
2017-07-27,257.40294726544005,-51.70048666330206
2017-08-02,259.6241043599195,-49.47932956882261
2017-08-03,261.6070322259837,-47.49640170275842
2017-08-04,262.76671592590515,-46.33671800283696
2017-08-08,264.3150060373909,-44.788427891351205
2017-08-09,266.00966151339503,-43.093772415347075
2017-08-11,265.43802331476377,-43.66541061397834
2017-08-17,266.7568830268481,-42.346550901894034
2017-08-23,264.25688302684813,-44.84655090189398
2017-08-24,265.85642013411484,-43.247013794627264
2017-08-30,267.40896604568235,-41.69446788305976
2017-09-01,268.67436493140457,-40.42906899733754
2017-09-04,270.825022081739,-38.2784118470031
2017-09-06,268.32502208173884,-40.77841184700327
2017-09-07,269.7303226893176,-39.37311123942453
2017-09-14,269.0878105420409,-40.01562338670118
2017-09-19,270.8124814546958,-38.29095247404632
2017-09-26,268.31248145469567,-40.790952474046435
2017-09-27,265.8124814546957,-43.29095247404638
2017-09-28,267.9668828387155,-41.136551090026614
2017-09-29,276.89630260692746,-32.20713132181464
2017-10-04,280.3976934599834,-28.705740468758734
2017-10-05,277.8976934599834,-31.205740468758734
2017-10-06,272.89769345998405,-36.20574046875805
2017-10-10,270.3976934599841,-38.705740468757995
2017-10-11,272.5662067898624,-36.5372271388797
2017-10-12,273.76023803872414,-35.34319589001797
2017-10-17,276.5557474003438,-32.54768652839829
2017-10-24,274.05574740034393,-35.047686528398174
2017-10-31,275.72398961499744,-33.37944431374467
2017-11-02,277.5562256693826,-31.54720825935948
2017-11-03,275.05622566938297,-34.04720825935914
2017-11-09,275.402656898857,-33.7007770298851
2017-11-13,277.148418590611,-31.95501533813109
2017-11-14,274.5855832995843,-34.517850629157806
2017-11-17,276.563469554756,-32.539964373986095
2017-11-20,274.99662671436846,-34.106807214373646
2017-11-24,274.99662671436846,-34.106807214373646
2017-11-28,272.49662671436835,-36.60680721437376
2017-11-29,269.99662671436835,-39.10680721437376
2017-11-30,267.49662671436835,-41.60680721437376
2017-12-01,268.81974029514316,-40.28369363359894
2017-12-05,270.3245208579366,-38.778913070805515
2017-12-07,271.84491409063344,-37.25851983810867
2017-12-08,273.5989972828165,-35.50443664592558
2017-12-11,271.0989972828167,-38.00443664592541
2017-12-12,273.178253865388,-35.925180063354105
2017-12-13,272.6155254266371,-36.48790850210503
2017-12-15,270.11552542663713,-38.98790850210497
2017-12-20,272.29997301928864,-36.80346090945346
2017-12-22,269.4196357668519,-39.683798161890195
2017-12-27,273.2540536691537,-35.84938025958843
2018-01-04,270.75405366915373,-38.34938025958837
2018-01-05,272.6734569273042,-36.42997700143792
2018-01-09,270.17345692730424,-38.92997700143786
2018-01-17,271.8873571617777,-37.21607676696442
2018-01-18,273.5717735441903,-35.5316603845518
2018-01-19,275.0720391736893,-34.031394755052816
2018-01-22,272.56923934788426,-36.53419458085784
2018-01-24,270.06923934788426,-39.03419458085784
2018-01-25,271.58528353006454,-37.51815039867756
2018-01-26,272.9006039625612,-36.2028299661809
2018-01-30,270.40060396256115,-38.70282996618096
2018-01-31,272.24783828328805,-36.85559564545406
2018-02-01,271.6464947673979,-37.45693916134422
2018-02-08,273.80887737397677,-35.294556554765336
2018-02-09,275.5455661485469,-33.55786778019518
2018-02-14,273.045566148547,-36.057867780195124
2018-02-16,270.54556614854704,-38.55786778019507
2018-02-19,268.045566148547,-41.057867780195124
2018-02-22,265.545566148547,-43.557867780195124
2018-02-28,266.65608348342295,-42.44735044531916
2018-03-02,267.19788391348476,-41.90555001525735
2018-03-07,264.69788391348476,-44.40555001525735
2018-03-08,266.09138640502147,-43.01204752372064
2018-03-09,261.0913864050214,-48.012047523720696
2018-03-13,262.56639631996626,-46.53703760877585
2018-03-16,264.13061589609663,-44.97281803264548
2018-03-20,265.9313206797276,-43.1721132490145
2018-03-21,266.7906507564344,-42.31278317230772
2018-03-22,264.2906507564344,-44.81278317230772
2018-03-23,261.79065075643445,-47.31278317230766
2018-03-28,263.6294264035629,-45.47400752517922
2018-03-29,265.0428211421293,-44.06061278661281
2018-04-03,262.54282114212936,-46.56061278661275
2018-04-12,260.0428211421293,-49.06061278661281
2018-04-13,261.46320887073426,-47.64022505800784
2018-04-16,263.3061479057481,-45.797286022994
2018-04-19,260.8061479057481,-48.297286022994
2018-04-24,262.4860058428306,-46.61742808591151
2018-04-27,264.38111666732425,-44.72231726141786
2018-05-01,261.8811166673242,-47.22231726141791
2018-05-03,259.38111666732414,-49.72231726141797
2018-05-04,258.57591578977645,-50.52751813896566
2018-05-07,260.9185194197035,-48.184914509038606
2018-05-10,258.4185194197034,-50.68491450903872
2018-05-11,260.0860234880687,-49.017410440673416
2018-05-14,261.9126975956426,-47.190736333099494
2018-05-15,259.41269759564256,-49.69073633309955
2018-05-16,261.22737768101075,-47.876056247731356
2018-05-18,258.72737768101075,-50.376056247731356
2018-05-28,258.4913291755735,-50.61210475316858
2018-05-31,255.99132917557347,-53.11210475316864
2018-06-01,253.49132917557347,-55.61210475316864
2018-06-14,250.99132917557344,-58.112104753168666
2018-06-28,248.49132917557344,-60.612104753168666
2018-07-06,250.43882856226307,-58.66460536647904
2018-07-11,252.2902591580722,-56.81317477066992
2018-07-12,254.2000617833806,-54.903372145361516
2018-07-16,251.7000617833807,-57.4033721453614
2018-07-17,253.6910431598447,-55.41239076889741
2018-07-18,255.26091103379775,-53.84252289494435
2018-07-19,257.21648615433713,-51.88694777440497
2018-07-23,258.97913187535494,-50.12430205338717
2018-07-24,256.4791318753548,-52.62430205338728
2018-07-25,258.18027949230907,-50.92315443643304
2018-07-27,260.2745068451417,-48.82892708360043
2018-07-30,261.835378864345,-47.26805506439712
2018-07-31,264.82492254427234,-44.278511384469766
2018-08-08,262.32492254427234,-46.778511384469766
2018-08-09,264.44404216978495,-44.659391758957156
2018-08-13,261.94404216978495,-47.159391758957156
2018-08-17,264.1993273055016,-44.90410662324052
2018-08-27,261.69122844415756,-47.41220548458455
2018-08-28,263.8888475056977,-45.21458642304441
2018-08-29,266.0222394560875,-43.0811944726546
2018-08-31,267.9975167432818,-41.10591718546033
2018-09-06,269.5847551928198,-39.51867873592232
2018-09-07,267.0847551928197,-42.01867873592238
2018-09-10,268.9357383769812,-40.167695551760914
2018-09-11,270.67782657707005,-38.425607351672056
2018-09-13,268.17782657707005,-40.925607351672056
2018-09-19,270.296508929041,-38.806924999701096
2018-09-21,272.6129294440754,-36.4905044846667
2018-09-24,274.24984400413683,-34.853589924605274
2018-09-26,275.798867010536,-33.30456691820609
2018-09-27,273.2988670105361,-35.80456691820598
2018-10-03,272.96271748240474,-36.140716446337365
2018-10-05,275.50260039095343,-33.600833537788674
2018-10-08,277.1679878303946,-31.935446098347484
2018-10-10,274.66798783039457,-34.43544609834754
2018-10-11,276.31758572065155,-32.785848208090556
2018-10-16,273.8175857206516,-35.2858482080905
2018-10-17,271.31758572065166,-37.78584820809044
2018-10-18,268.8175857206517,-40.285848208090385
2018-10-19,270.8868577508774,-38.21657617786468
2018-10-25,272.6294592036503,-36.47397472509181
2018-10-30,274.4161388308354,-34.68729509790671
2018-10-31,271.9161388308354,-37.18729509790671
2018-11-01,273.8467257273887,-35.25670820135343
2018-11-05,271.34672572738873,-37.756708201353376
2018-11-12,268.84672572738873,-40.256708201353376
2018-11-14,270.1056235614352,-38.9978103673069
2018-11-15,267.60562356143527,-41.49781036730684
2018-11-16,269.30615411704434,-39.79727981169776
2018-11-21,270.8983509937992,-38.20508293494288
2018-11-23,268.3983509937992,-40.70508293494288
2018-11-30,270.19667755239794,-38.90675637634416
2018-12-05,270.8455618665176,-38.25787206222452
2018-12-07,272.55918147333074,-36.54425245541137
2018-12-10,274.0627670792485,-35.04066684949362
2018-12-12,274.1636584010178,-34.939775527724294
2018-12-17,271.66365840101776,-37.43977552772435
2018-12-18,270.2981425164954,-38.80529141224673
2018-12-21,272.3593361477692,-36.74409778097288
2018-12-24,272.67112503861074,-36.43230889013137
2018-12-26,274.0544868344799,-35.04894709426219
2018-12-31,276.0456272299391,-33.057806698803006
2019-01-03,273.54562722993904,-35.55780669880306
2019-01-08,271.04562722993904,-38.05780669880306
2019-01-11,268.5456272299391,-40.557806698803006
2019-01-18,266.0456272299391,-43.057806698803006
2019-01-23,267.5825919244073,-41.52084200433478
2019-01-25,265.9257995825079,-43.177634346234186
2019-01-28,263.425799582508,-45.67763434623413
2019-01-29,265.0446991194237,-44.05873480931842
2019-01-30,262.8913981971915,-46.2120357315506
2019-01-31,260.3913981971914,-48.71203573155071
2019-02-01,264.0190830114384,-45.08435091730371
2019-02-07,265.29872095962696,-43.804712969115144
2019-02-14,262.7987209596269,-46.3047129691152
2019-02-15,260.29872095962696,-48.804712969115144
2019-02-19,261.94668477996385,-47.15674914877826
2019-02-21,259.4466847799638,-49.65674914877832
2019-02-25,256.94668477996385,-52.15674914877826
2019-03-06,254.44668477996373,-54.656749148778374
2019-03-07,256.8580724718909,-52.245361456851185
2019-03-08,257.7052785525369,-51.39815537620518
2019-03-11,255.20527855253692,-53.89815537620518
2019-03-15,256.9860776275949,-52.1173563011472
2019-03-19,258.41361344566866,-50.68982048307345
2019-03-21,260.002339498956,-49.10109442978609
2019-03-22,257.502339498956,-51.60109442978609
2019-03-26,255.00233949895608,-54.10109442978603
2019-03-28,256.24104231417436,-52.86239161456774
2019-03-29,257.9210409048291,-51.182393023912994
2019-04-02,259.37208412390737,-49.731349804834736
2019-04-05,258.46432207098457,-50.63911185775754
2019-04-09,255.94307305816503,-53.16036087057708
2019-04-10,256.78854706630506,-52.31488686243705
2019-04-15,258.49042773600445,-50.61300619273766
2019-04-17,260.17714026175037,-48.92629366699174
2019-04-18,257.6771402617503,-51.426293666991796
2019-04-23,255.1771402617503,-53.926293666991796
2019-04-26,258.14307316115975,-50.96036076758236
2019-04-30,259.96491761245926,-49.138516316282846
2019-05-03,258.9023054237666,-50.201128504975486
2019-05-07,256.4023054237666,-52.701128504975486
2019-05-08,258.1800581731653,-50.923375755576785
2019-05-09,255.68005817316535,-53.42337575557676
2019-05-10,253.18005817316535,-55.92337575557676
2019-05-13,250.68005817316538,-58.42337575557673
2019-05-15,248.18005817316535,-60.92337575557676
2019-05-17,249.37376297244631,-59.72967095629579
2019-05-20,250.51826352859945,-58.58517040014266
2019-05-21,249.9532036562998,-59.150230272442315
2019-05-22,247.45320365629982,-61.650230272442286
2019-06-04,244.95320365629985,-64.15023027244226
2019-06-07,242.4532036562998,-66.65023027244231
2019-06-11,244.03166639780983,-65.07176753093228
2019-06-17,245.5913177265825,-63.5121162021596
2019-06-18,243.0913177265825,-66.0121162021596
2019-06-20,244.37005609761187,-64.73337783113024
2019-07-04,241.78253741839893,-67.32089651034318
2019-07-05,239.28253741839893,-69.82089651034318
2019-07-10,236.78253741839893,-72.32089651034318
2019-07-16,240.2886945699602,-68.8147393587819
2019-07-18,241.86858800231087,-67.23484592643123
2019-07-22,242.5335390124342,-66.5698949163079
2019-07-23,244.2563267921226,-64.84710713661951
2019-07-25,241.15322986478978,-67.95020406395233
2019-07-29,242.86023554653568,-66.24319838220643
2019-07-30,243.47519932281293,-65.62823460592918
2019-08-02,249.6678145970031,-59.43561933173902
2019-08-07,247.1678145970031,-61.93561933173902
2019-08-08,244.6678145970031,-64.43561933173902
2019-08-15,246.59129773383103,-62.51213619491108
2019-08-20,244.091297733831,-65.01213619491111
2019-08-22,245.70151130027529,-63.40192262846682
2019-08-23,244.6828515099756,-64.42058241876651
2019-08-27,245.7009476143688,-63.402486314373306
2019-09-06,249.09502749694482,-60.00840643179728
2019-09-09,250.928307235696,-58.17512669304611
2019-09-16,250.4367198666094,-58.66671406213271
2019-09-17,252.51411285106892,-56.58932107767319
2019-09-18,253.79144664248926,-55.311987286252844
2019-09-19,251.29144664248923,-57.81198728625287
2019-09-20,253.1013287677201,-56.002105161022
2019-09-26,254.73939282691373,-54.36404110182838
2019-09-30,256.5124358153806,-52.59099811336148
2019-10-03,258.37516914409235,-50.72826478464975
2019-10-04,255.8751691440923,-53.22826478464981
2019-10-07,257.4894828927924,-51.6139510359497
2019-10-16,259.73003276232066,-49.373401166421445
2019-10-18,261.6795220470709,-47.42391188167119
2019-10-21,258.9592293913648,-50.144204537377334
2019-10-24,260.52887728919035,-48.57455663955176
2019-10-25,262.11409348573426,-46.98934044300785
2019-10-29,264.1471981986923,-44.9562357300498
2019-10-30,265.54054879964906,-43.56288512909305
2019-11-01,263.0405487996491,-46.06288512909299
2019-11-04,263.68874570594204,-45.414688222800066
2019-11-06,265.27303781566457,-43.83039611307754
2019-11-14,267.3568174598881,-41.74661646885403
2019-11-21,269.6102974793677,-39.49313644937439
2019-11-25,271.4067143250436,-37.69671960369851
2019-12-02,268.8026975990032,-40.300736329738925
2019-12-03,266.2465997855588,-42.856834143183335
2019-12-06,263.74659978555883,-45.35683414318328
2019-12-11,265.82810651617694,-43.27532741256516
2019-12-12,265.0009930051535,-44.10244092358863
2019-12-13,260.00099300515336,-49.102440923588745
2019-12-16,257.5009930051533,-51.6024409235888
2019-12-17,259.51333061031755,-49.59010331842455
2019-12-18,261.1468312492797,-47.95660267946238
2019-12-19,263.1172389325452,-45.9861949961969
2019-12-20,260.5278850490111,-48.575548879731
2019-12-26,262.93652150792343,-46.166912420818676
2019-12-31,260.4365215079233,-48.66691242081879
2020-01-07,257.9365215079233,-51.16691242081879
2020-01-10,259.79807417263135,-49.30535975611076
2020-01-15,261.8891652027214,-47.21426872602069
2020-01-17,263.833811253894,-45.26962267484811
2020-01-23,263.3907220046251,-45.712711924117
2020-01-27,265.03776730833164,-44.06566662041047
2020-02-07,266.36984050872167,-42.73359342002044
2020-02-11,268.29867668743077,-40.804757241311336
2020-02-12,268.1633128264435,-40.94012110229863
2020-02-19,265.57226677569605,-43.531167153046056
2020-02-24,265.44956902468596,-43.65386490405615
2020-02-27,262.94956902468596,-46.15386490405615
2020-02-28,264.6779199750124,-44.425513953729705
2020-03-03,266.7410991315415,-42.36233479720062
2020-03-05,268.116782459974,-40.986651468768116
2020-03-06,269.5015900325714,-39.60184389617069
2020-03-11,271.45357442749525,-37.64985950124685
2020-03-23,270.7412337450963,-38.362200183645825
2020-03-26,268.6492189262218,-40.4542150025203
2020-03-27,268.5920701099188,-40.51136381882333
2020-03-30,267.46611188786625,-41.63732204087586
2020-03-31,264.96611188786625,-44.13732204087586
2020-04-02,262.46611188786625,-46.63732204087586
2020-04-03,265.2439311472385,-43.85950278150358
2020-04-08,263.9123221112691,-45.19111181747303
2020-04-09,263.23405784504286,-45.86937608369925
2020-04-13,264.9928673413038,-44.11056658743831
2020-04-15,263.9915505093824,-45.111883419359685
2020-04-17,261.4915505093825,-47.61188341935963
2020-04-21,261.3850340237173,-47.718399905024796
2020-04-22,260.47605219450236,-48.62738173423975
2020-04-23,257.97605219450236,-51.12738173423975
2020-04-29,256.5356270224106,-52.5678069063315
2020-04-30,254.03562702241064,-55.06780690633147
2020-05-12,255.8996129662,-53.203820962542096
2020-05-13,257.81301147218153,-51.29042245656058
2026-03-13,259.28633959596,-49.81709433278212
2026-03-16,256.78633959596,-52.31709433278212
2026-03-17,254.28633959595996,-54.81709433278215
2026-03-18,251.78633959595993,-57.317094332782176
2026-03-19,251.00654575899827,-58.096888169743835
2026-03-24,252.43672748085928,-56.66670644788283
2026-03-25,254.5136833314003,-54.589750597341805
2026-03-26,256.2073649356261,-52.89606899311599
2026-03-27,255.30620789324539,-53.79722603549672
2026-04-01,257.03014415100154,-52.07328977774057
2026-04-03,257.93343528524923,-51.169998643492875
2026-04-07,259.4866826641922,-49.61675126454992
2026-04-10,258.40065558140714,-50.70277834733497
2026-04-13,255.95600734953348,-53.14742657920863
2026-04-14,253.4560073495335,-55.6474265792086
2026-04-15,250.95600734953345,-58.147426579208656
2026-04-20,251.5673096876078,-57.5361242411343
2026-04-22,253.67322809743723,-55.430205831304875
2026-04-23,255.44961723713396,-53.65381669160814
2026-04-29,252.949617237134,-56.153816691608114
2026-04-30,254.63112251413324,-54.47231141460887
2026-05-01,252.13112251413324,-56.97231141460887
2026-05-05,250.266043593541,-58.83739033520109
2026-05-08,249.79374950021239,-59.30968442852972
2026-05-14,251.7374965054374,-57.3659374233047
2026-05-18,252.58986947933806,-56.51356444940404
2026-05-19,252.22084717154436,-56.88258675719774
2026-05-20,253.9710289687672,-55.132404959974906
2026-05-22,251.47102896876717,-57.632404959974934
2026-05-27,253.66763183060505,-55.43580209813706
2026-06-01,254.03140406323368,-55.072029865508426
2026-06-03,251.53140406323377,-57.57202986550834
2026-06-04,251.22838063682917,-57.875053291912934
2026-06-05,249.99653824586176,-59.10689568288035
2026-06-12,251.90063984537528,-57.202794083366825
2026-06-16,253.9565261723379,-55.146907756404204
2026-06-17,255.73766748294673,-53.36576644579537
2026-06-18,258.05614357968034,-51.04729034906177
2026-06-22,259.1513417608564,-49.95209216788572
2026-06-24,261.42691478926463,-47.67651913947748
2026-06-25,263.4187956597611,-45.68463826898102
2026-06-29,265.3358535612446,-43.76758036749749
2026-06-30,267.3096076954822,-41.79382623325989
2026-07-02,269.2534751142673,-39.8499588144748
2026-07-10,270.8492682338871,-38.25416569485503
2026-07-14,276.4484983821214,-32.65493554662072
2026-07-15,275.9131208107229,-33.19031311801922
2026-07-16,273.41312081072294,-35.69031311801916
2026-07-20,275.1084763921321,-33.99495753661
2026-07-22,276.64774225510615,-32.455691673635954
2026-07-23,274.14774225510615,-34.955691673635954
2026-07-24,275.8936182029038,-33.209815725838325
2026-07-28,277.6551867030538,-31.448247225688306
2026-07-30,275.1551867030538,-33.948247225688306
2026-07-31,277.07787597898147,-32.02555794976064
2026-08-03,283.20421839120337,-25.899215537538737
2026-08-04,280.7042183912034,-28.39921553753868
2026-08-05,278.2042183912035,-30.899215537538623
2026-08-06,275.7042183912034,-33.39921553753868
2026-08-11,277.2936098671656,-31.809824061576478
2026-08-12,276.03342700383945,-33.07000692490266
2026-08-13,273.5334270038395,-35.5700069249026
2026-08-14,277.35128781266906,-31.75214611607305
2026-08-17,274.85128781266906,-34.25214611607305
2026-08-19,272.3512878126691,-36.75214611607299
2026-08-20,269.85128781266917,-39.252146116072936
2026-08-21,271.33595974478396,-37.76747418395814
2026-08-26,273.4218729849726,-35.68156094376951
2026-08-28,270.9218729849725,-38.181560943769625
2026-09-02,268.42187298497254,-40.68156094376957
2026-09-03,265.9218729849725,-43.181560943769625
2026-09-04,269.6907804468132,-39.412653481928885
2026-09-10,267.19078044681316,-41.91265348192894
2026-09-11,268.19332236943694,-40.910111559305165
