session_day,equity_sg,drawdown_sg
2005-01-04,1.5438432968743554,0.0
2005-01-05,2.5356804827703603,0.0
2005-01-07,5.936626938791431,0.0
2005-01-10,3.4366269387914103,-2.5000000000000204
2005-01-12,7.143232708141802,0.0
2005-01-19,8.95720230090657,0.0
2005-01-24,11.357479460567703,0.0
2005-01-27,12.995266716924869,0.0
2005-01-28,15.994391564332961,0.0
2005-01-31,17.615508582874842,0.0
2005-02-01,19.168999219900563,0.0
2005-02-02,21.43530570787673,0.0
2005-02-03,20.507505415348266,-0.9278002925284632
2005-02-04,22.45470758713434,0.0
2005-02-07,23.578024208186488,0.0
2005-02-09,20.93266232231646,-2.6453618858700274
2005-02-10,21.871963135215957,-1.706061072970531
2005-02-16,20.931247325959013,-2.646776882227474
2005-02-17,19.9171662500906,-3.660857958095889
2005-02-18,17.41716625009062,-6.160857958095868
2005-02-23,14.917166250090666,-8.660857958095821
2005-02-24,15.943654710241596,-7.634369497944892
2005-02-25,17.563912461785783,-6.014111746400705
2005-02-28,16.040814226403583,-7.537209981782905
2005-03-01,13.540814226403544,-10.037209981782944
2005-03-02,12.586478383830709,-10.991545824355779
2005-03-04,11.064839714329498,-12.51318449385699
2005-03-07,12.462449240132466,-11.115574968054021
2005-03-08,14.487819560440895,-9.090204647745592
2005-03-09,15.132805896826401,-8.445218311360087
2005-03-10,18.18030856424419,-5.397715643942298
2005-03-11,19.623680566823115,-3.954343641363373
2005-03-15,17.123680566823182,-6.454343641363305
2005-03-16,14.623680566823154,-8.954343641363334
2005-03-18,15.515925400863232,-8.062098807323256
2005-03-21,18.793469845523248,-4.78455436266324
2005-03-22,13.793469845523108,-9.78455436266338
2005-03-23,15.328176479556596,-8.249847728629891
2005-03-28,16.914599147213497,-6.66342506097299
2005-03-31,15.743243136929207,-7.8347810712572805
2005-04-01,14.835311249288079,-8.742712958898409
2005-04-04,16.24379085646737,-7.334233351719117
2005-04-05,17.79955089414942,-5.778473314037068
2005-04-06,18.79657770363913,-4.7814465045473575
2005-04-07,16.296577703639173,-7.281446504547315
2005-04-08,19.486307318729878,-4.09171688945661
2005-04-12,24.069604470904963,0.0
2005-04-13,22.231572631963765,-1.8380318389411983
2005-04-15,26.264506956971303,0.0
2005-04-18,23.764506956971317,-2.499999999999986
2005-04-19,26.949342250542337,0.0
2005-04-20,28.287154069163442,0.0
2005-04-25,25.787154069163403,-2.500000000000039
2005-04-27,23.28715406916338,-5.000000000000064
2005-04-28,24.610998978020522,-3.6761550911429204
2005-05-05,25.72000195093408,-2.5671521182293624
2005-05-06,28.351175987161305,0.0
2005-05-10,28.291257859049743,-0.05991812811156194
2005-05-12,32.249053253489365,0.0
2005-05-13,34.02069670474583,0.0
2005-05-16,34.67366313144092,0.0
2005-05-18,32.98344847881061,-1.69021465263031
2005-05-19,33.9232837662387,-0.750379365202221
2005-05-20,35.10352287880293,0.0
2005-05-23,36.41794611419878,0.0
2005-05-24,38.004131461504414,0.0
2005-05-26,39.51074296246331,0.0
2005-05-27,40.13488904026537,0.0
2005-06-01,42.43506739774787,0.0
2005-06-02,44.29602251680427,0.0
2005-06-03,48.28433345692447,0.0
2005-06-06,45.48846276691785,-2.7958706900066232
2005-06-09,47.48527430252556,-0.7990591543989112
2005-06-13,48.61810636699403,0.0
2005-06-14,46.118106366993906,-2.500000000000121
2005-06-15,43.48900301850613,-5.129103348487895
2005-06-17,44.85566667327385,-3.762439693720175
2005-06-21,48.31127074484637,-0.30683562214765914
2005-06-23,49.51820787961825,0.0
2005-06-29,50.61162869622327,0.0
2005-06-30,48.11162869622333,-2.499999999999943
2005-07-05,49.89398819154731,-0.7176405046759626
2005-07-06,47.39398819154734,-3.217640504675927
2005-07-08,48.85841041077793,-1.7532182854453424
2005-07-13,47.60496235794039,-3.0066663382828835
2005-07-14,48.15650726643544,-2.4551214297878303
2005-07-15,52.86702677885424,0.0
2005-07-19,54.44028542440095,0.0
2005-07-21,56.16808195911966,0.0
2005-07-22,54.16318274625302,-2.00489921286664
2005-07-27,55.87044559162921,-0.29763636749044764
2005-07-28,55.11309286557834,-1.054989093541323
2005-07-29,54.6046289373715,-1.5634530217481597
2005-08-02,57.31200939820562,0.0
2005-08-03,58.99055690244058,0.0
2005-08-05,59.16575876851548,0.0
2005-08-09,56.66575876851552,-2.4999999999999574
2005-08-11,57.467903613090705,-1.6978551554247758
2005-08-12,54.96790361309064,-4.19785515542484
2005-08-15,57.21570322347723,-1.9500555450382535
2005-08-16,54.71570322347725,-4.450055545038232
2005-08-17,57.17503679523337,-1.9907219732821133
2005-08-25,58.952767590388206,-0.2129911781272753
2005-08-26,58.46830856447222,-0.697450204043264
2005-08-30,55.96830856447217,-3.1974502040433137
2005-09-01,57.566675200942534,-1.5990835675729471
2005-09-02,58.94514357284804,-0.2206151956674418
2005-09-07,56.44514357284809,-2.720615195667392
2005-09-08,57.437943026084376,-1.7278157424311047
2005-09-15,59.42606126237747,0.0
2005-09-19,61.158302997503746,0.0
2005-09-20,62.5636810987228,0.0
2005-09-21,63.732497311480074,0.0
2005-09-22,65.26765525116618,0.0
2005-09-23,66.85987477987422,0.0
2005-09-26,68.39711311647004,0.0
2005-09-29,65.89711311647008,-2.4999999999999574
2005-10-03,67.65805460034385,-0.7390585161261924
2005-10-05,69.13873319004591,0.0
2005-10-07,69.83526000334238,0.0
2005-10-10,73.0408552162005,0.0
2005-10-12,70.54085521620043,-2.500000000000071
2005-10-13,72.18016814743136,-0.8606870687691384
2005-10-14,70.3716974164384,-2.669157799762104
2005-10-18,72.23271319328764,-0.8081420229128611
2005-10-24,73.36364634122755,0.0
2005-10-26,70.86364634122751,-2.5000000000000426
2005-10-28,71.70586138926255,-1.6577849519649988
2005-10-31,73.05957762195274,-0.3040687192748095
2005-11-01,76.03838442968434,0.0
2005-11-02,74.8648511777988,-1.1735332518855444
2005-11-03,72.2009972804648,-3.8373871492195377
2005-11-04,77.21766382565553,0.0
2005-11-07,77.90019359109309,0.0
2005-11-08,80.00757956902589,0.0
2005-11-09,78.59797130469143,-1.4096082643344658
2005-11-10,81.05406585395998,0.0
2005-11-11,82.44718752229002,0.0
2005-11-14,84.26108187830373,0.0
2005-11-15,85.62238182132165,0.0
2005-11-18,83.12238182132175,-2.4999999999999005
2005-11-22,84.75496305235451,-0.8674187689671413
2005-11-23,88.14524621342386,0.0
2005-11-24,85.60809955129655,-2.537146662127313
2005-11-25,83.10809955129648,-5.037146662127384
2005-11-29,81.64184956734456,-6.503396646079295
2005-12-02,85.1880840420856,-2.957162171338254
2005-12-05,82.68808404208563,-5.457162171338226
2005-12-06,80.18808404208555,-7.957162171338311
2005-12-07,81.7315693756679,-6.413676837755958
2005-12-08,82.63657505918793,-5.508671154235927
2005-12-13,82.34862050215119,-5.796625711272668
2005-12-15,83.81644182619654,-4.328804387227322
2005-12-16,86.46999975047979,-1.6752464629440738
2005-12-20,89.12807435799111,0.0
2005-12-22,86.62807435799121,-2.4999999999999005
2005-12-23,85.93825934535222,-3.1898150126388884
2005-12-29,87.6417322176863,-1.4863421403048136
2006-01-04,82.53234150035456,-6.595732857636548
2006-01-05,85.09248068475006,-4.035593673241053
2006-01-06,87.82554077191986,-1.3025335860712488
2006-01-09,89.4948569302386,0.0
2006-01-11,90.81280920879337,0.0
2006-01-12,92.23950310405215,0.0
2006-01-19,93.15270786142807,0.0
2006-01-20,94.28718465716615,0.0
2006-01-23,96.08701899927854,0.0
2006-01-25,96.94769106365158,0.0
2006-01-27,98.66911704466679,0.0
2006-01-30,101.52822371555268,0.0
2006-01-31,102.61254065955988,0.0
2006-02-01,100.11254065955984,-2.5000000000000426
2006-02-03,99.6648237802244,-2.9477168793354878
2006-02-09,99.92051910053532,-2.6920215590245675
2006-02-10,102.61903930683809,0.0
2006-02-15,100.11903930683799,-2.5000000000000995
2006-02-16,101.52687284905771,-1.0921664577803796
2006-02-17,99.0268728490578,-3.5921664577802943
2006-02-22,100.4432595563606,-2.1757797504774885
2006-02-24,104.2351383298724,0.0
2006-02-27,105.68584816919001,0.0
2006-03-02,103.18584816919,-2.500000000000014
2006-03-03,100.68584816918997,-5.000000000000043
2006-03-07,101.43423022678286,-4.251617942407151
2006-03-10,105.95319490261517,0.0
2006-03-13,103.45319490261511,-2.500000000000057
2006-03-15,100.95319490261504,-5.000000000000128
2006-03-16,97.88288230382176,-8.070312598793407
2006-03-17,99.55180963853371,-6.401385264081455
2006-03-21,100.83134355196127,-5.121851350653898
2006-03-24,102.35704228163681,-3.5961526209783585
2006-03-27,105.52905869311498,-0.4241362095001904
2006-03-30,103.02905869311498,-2.9241362095001904
2006-03-31,100.5290586931149,-5.424136209500261
2006-04-04,98.02905869311462,-7.924136209500546
2006-04-05,93.0290586931145,-12.924136209500674
2006-04-06,97.45168016020675,-8.501514742408418
2006-04-07,94.95168016020683,-11.001514742408332
2006-04-11,96.0238453358335,-9.929349566781667
2006-04-12,97.77988785308982,-8.173307049525349
2006-04-13,99.79777543509887,-6.155419467516296
2006-04-17,101.5027211664694,-4.450473736145767
2006-04-18,99.00272116646941,-6.950473736145753
2006-04-19,101.23444078732608,-4.718754115289087
2006-04-20,103.0375476167198,-2.9156472858953606
2006-04-21,109.27275302427844,0.0
2006-04-24,111.07104018142535,0.0
2006-04-25,113.0401068353743,0.0
2006-04-26,116.40261845174923,0.0
2006-04-28,119.37748006383359,0.0
2006-05-01,116.87748006383357,-2.500000000000014
2006-05-02,118.15484608076149,-1.2226339830721002
2006-05-03,119.3068603355786,-0.0706197282549823
2006-05-05,116.80686033557859,-2.5706197282549965
2006-05-08,118.25994926025206,-1.1175308035815306
2006-05-10,119.04929183172327,-0.3281882321103211
2006-05-16,116.54929183172328,-2.828188232110307
2006-05-17,114.04929183172328,-5.328188232110307
2006-05-23,111.39487103153505,-7.982609032298541
2006-05-25,109.71118064668201,-9.666299417151578
2006-05-26,113.88032839017526,-5.497151673658323
2006-06-01,111.38032839017531,-7.99715167365828
2006-06-02,108.88032839017534,-10.497151673658252
2006-06-06,111.92471705632738,-7.452763007506206
2006-06-13,115.1217346081307,-4.255745455702893
2006-06-14,118.03207840617955,-1.3454016576540369
2006-06-16,118.68898014504468,-0.6884999187889065
2006-06-19,119.39906415396695,0.0
2006-06-20,122.42350363026702,0.0
2006-06-21,124.469123750158,0.0
2006-06-22,125.62749453194769,0.0
2006-06-23,124.55743477852965,-1.070059753418036
2006-06-27,127.52177596461365,0.0
2006-06-30,125.02177596461365,-2.5
2006-07-03,126.68774426154123,-0.8340317030724265
2006-07-05,124.18774426154128,-3.3340317030723696
2006-07-06,125.4676994400428,-2.05407652457086
2006-07-07,127.37077468905817,-0.1510012755554868
2006-07-11,128.93338655556587,0.0
2006-07-12,129.9946558404013,0.0
2006-07-13,127.49465584040126,-2.5000000000000284
2006-07-18,126.64409889213212,-3.3505569482691726
2006-07-19,125.66226483902928,-4.332391001372017
2006-07-20,130.628833420517,0.0
2006-07-21,128.1769445822985,-2.4518888382185082
2006-07-25,125.67694458229853,-4.951888838218466
2006-07-26,124.98627141166341,-5.642562008853588
2006-07-28,124.53490134793283,-6.093932072584167
2006-07-31,125.63429130841159,-4.994542112105407
2006-08-01,122.41740267414794,-8.21143074636906
2006-08-03,123.23045970834903,-7.398373712167967
2006-08-04,121.8230076432176,-8.805825777299404
2006-08-08,124.1564044570526,-6.472428963464395
2006-08-09,122.07151667266126,-8.557316747855737
2006-08-11,119.57151667266126,-11.057316747855737
2006-08-15,117.07151667266132,-13.55731674785568
2006-08-16,116.302970768747,-14.325862651769995
2006-08-17,113.80297076874693,-16.825862651770066
2006-08-18,117.6542902616076,-12.974543158909398
2006-08-23,115.1542902616076,-15.474543158909398
2006-08-25,112.6542902616077,-17.9745431589093
2006-08-29,114.12960032560548,-16.499233094911517
2006-08-30,111.62960032560545,-18.999233094911546
2006-08-31,112.6575438297384,-17.971289590778596
2006-09-01,110.15754382973849,-20.47128959077851
2006-09-06,108.21837344084479,-22.41045997967221
2006-09-12,105.71837344084484,-24.910459979672154
2006-09-13,107.28911386307361,-23.339719557443388
2006-09-14,108.33079981454425,-22.298033605972748
2006-09-15,100.8307998145443,-29.79803360597269
2006-09-18,101.55653281222045,-29.072300608296544
2006-09-19,102.45256609633032,-28.176267324186682
2006-09-20,99.95256609633027,-30.676267324186725
2006-09-22,101.5623541476657,-29.066479272851296
2006-09-26,102.88844957342856,-27.740383847088438
2006-09-27,104.04420134995387,-26.58463207056313
2006-09-28,106.68815082895782,-23.94068259155918
2006-09-29,109.87169731800978,-20.757136102507218
2006-10-02,107.37169731800981,-23.25713610250719
2006-10-04,108.54959069537362,-22.079242725143374
2006-10-05,110.35272845237652,-20.276104968140473
2006-10-06,105.3527284523765,-25.2761049681405
2006-10-09,102.85272845237643,-27.776104968140572
2006-10-10,103.82531750967584,-26.803515910841156
2006-10-11,104.77572518522419,-25.853108235292808
2006-10-12,102.27572518522415,-28.35310823529285
2006-10-13,103.96706337386986,-26.661770046647135
2006-10-16,105.42741689346357,-25.201416527053425
2006-10-17,102.92741689346359,-27.70141652705341
2006-10-18,100.69692066067644,-29.931912759840557
2006-10-19,104.11936422730311,-26.50946919321389
2006-10-20,103.11376481720428,-27.515068603312713
2006-10-27,104.91410509890618,-25.71472832161082
2006-10-30,106.6486655619771,-23.9801678585399
2006-11-01,104.09600877430898,-26.532824646208013
2006-11-02,103.37792152629581,-27.25091189422119
2006-11-03,102.06013676383571,-28.568696656681283
2006-11-07,103.60524200193888,-27.02359141857812
2006-11-08,104.36845350355141,-26.26037991696559
2006-11-09,107.5891466489195,-23.039686771597502
2006-11-14,105.08914664891947,-25.53968677159753
2006-11-15,108.89567897649465,-21.733154444022347
2006-11-16,112.21000937579859,-18.418824044718406
2006-11-17,110.91599778247505,-19.712835638041952
2006-11-21,112.73801767167502,-17.890815748841973
2006-11-22,114.27292778743718,-16.355905633079814
2006-11-28,111.77292778743713,-18.85590563307987
2006-11-29,109.2729277874372,-21.3559056330798
2006-11-30,112.34649918533042,-18.282334235186582
2006-12-01,113.80557385145622,-16.82325956906078
2006-12-04,111.30557385145627,-19.323259569060724
2006-12-05,108.55659903487337,-22.072234385643625
2006-12-06,107.53021227515713,-23.09862114535987
2006-12-07,108.58926052856573,-22.039572891951266
2006-12-08,110.57864544230338,-20.050187978213614
2006-12-11,110.30379738951933,-20.325036030997666
2006-12-12,107.8037973895194,-22.825036030997595
2006-12-13,109.39078587768579,-21.23804754283121
2006-12-14,108.6879215773664,-21.9409118431506
2006-12-15,106.18792157736638,-24.440911843150616
2006-12-21,107.59005304220877,-23.038780378308232
2006-12-22,106.33170430667332,-24.29712911384368
2006-12-26,104.29733587031636,-26.331497550200638
2006-12-29,105.43327409479373,-25.195559325723266
2007-01-03,106.92974050518991,-23.699092915327086
2007-01-05,108.22561853126763,-22.40321488924937
2007-01-08,107.8071717408053,-22.821661679711696
2007-01-11,112.12950840896204,-18.49932501155496
2007-01-12,114.77759358696429,-15.851239833552711
2007-01-16,112.69817663767623,-17.93065678284077
2007-01-17,113.27398806934829,-17.354845351168706
2007-01-19,115.08634702518549,-15.542486395331508
2007-01-24,112.5863470251855,-18.042486395331494
2007-01-25,114.53170298790664,-16.097130432610356
2007-01-26,117.40332845806977,-13.225504962447232
2007-01-30,119.10748753936014,-11.521345881156861
2007-02-01,117.3510405991327,-13.277792821384296
2007-02-02,112.35104059913286,-18.27779282138414
2007-02-05,115.32326398668724,-15.30556943382976
2007-02-07,112.8232639866873,-17.805569433829703
2007-02-13,110.32326398668728,-20.305569433829717
2007-02-14,107.82326398668734,-22.80556943382966
2007-02-16,110.4840743106169,-20.144759109900093
2007-02-21,111.29410524067352,-19.33472817984348
2007-02-22,108.79410524067362,-21.83472817984338
2007-02-23,109.02433899424888,-21.60449442626812
2007-03-01,106.5243389942489,-24.104494426268104
2007-03-02,107.82279471368243,-22.80603870683457
2007-03-09,109.33909914393614,-21.28973427658086
2007-03-12,110.3839779247929,-20.244855495724096
2007-03-13,111.78007170605781,-18.848761714459187
2007-03-14,115.34479607387901,-15.284037346637987
2007-03-15,116.37509790478511,-14.25373551573189
2007-03-16,119.4140186849764,-11.2148147355406
2007-03-20,121.10988151570204,-9.518951904814955
2007-03-22,116.95960381412596,-13.669229606391042
2007-03-23,120.64350654486955,-9.985326875647445
2007-03-28,121.5056734176453,-9.1231600028717
2007-03-29,122.53929647792596,-8.089536942591039
2007-03-30,125.63097778243645,-4.997855638080551
2007-04-02,126.94268936366429,-3.6861440568527115
2007-04-04,124.81249936501972,-5.816334055497279
2007-04-05,126.44571320079861,-4.18312021971839
2007-04-06,123.16184154878341,-7.466991871733583
2007-04-09,120.66184154878333,-9.966991871733669
2007-04-13,124.00584660494695,-6.622986815570044
2007-04-17,123.05923694764226,-7.569596472874736
2007-04-18,122.04388693725502,-8.584946483261973
2007-04-20,119.543886937255,-11.084946483262001
2007-04-26,123.16401746724712,-7.464815953269877
2007-04-27,120.66401746724713,-9.964815953269863
2007-04-30,119.88536372370434,-10.743469696812653
2007-05-03,119.36605599944325,-11.26277742107375
2007-05-04,119.70639167530969,-10.922441745207308
2007-05-07,121.1848054745672,-9.444027945949799
2007-05-08,122.57936178511079,-8.049471635406206
2007-05-09,120.0793617851108,-10.549471635406192
2007-05-10,121.05397736570482,-9.574856054812173
2007-05-11,125.29567383563948,-5.333159584877521
2007-05-14,127.03855125922564,-3.5902821612913556
2007-05-15,128.3182436376774,-2.3105897828395996
2007-05-17,130.82488698684196,0.0
2007-05-18,132.1371658061207,0.0
2007-05-22,133.2080441365311,0.0
2007-05-24,136.88930020997287,0.0
2007-05-25,138.28486526297797,0.0
2007-05-30,139.3048755502535,0.0
2007-05-31,140.41959864249185,0.0
2007-06-01,141.22198262330073,0.0
2007-06-04,142.00548940482278,0.0
2007-06-05,143.0970862714324,0.0
2007-06-07,140.59708627143237,-2.5000000000000284
2007-06-11,142.20750213881797,-0.8895841326144307
2007-06-13,145.26332931169975,0.0
2007-06-15,142.76332931169978,-2.4999999999999716
2007-06-19,143.48135142789994,-1.7819778837998115
2007-06-25,140.98135142789988,-4.281977883799868
2007-06-27,142.12816606788934,-3.1351632438104104
2007-06-28,145.52121375158822,0.0
2007-06-29,143.0212137515882,-2.5000000000000284
2007-07-06,146.3417366727905,0.0
2007-07-12,146.9682025547943,0.0
2007-07-13,148.79909037041068,0.0
2007-07-16,150.60003170285995,0.0
2007-07-17,152.64275685876723,0.0
2007-07-20,153.96316821885583,0.0
2007-07-23,155.94821341883565,0.0
2007-07-24,154.458566326424,-1.4896470924116443
2007-07-25,155.4942202551241,-0.4539931637115444
2007-07-27,157.06186646264473,0.0
2007-08-02,158.02841062399548,0.0
2007-08-03,161.893109146102,0.0
2007-08-07,164.02634572807966,0.0
2007-08-08,165.61245824494043,0.0
2007-08-09,163.1124582449404,-2.5000000000000284
2007-08-13,164.40476194745438,-1.2076962974860521
2007-08-14,165.878929780719,0.0
2007-08-15,167.0495462600287,0.0
2007-08-17,169.73818590644998,0.0
2007-08-21,171.49525368064485,0.0
2007-08-23,168.99525368064482,-2.5000000000000284
2007-08-24,170.9094711080433,-0.5857825726015449
2007-08-30,168.40947110804325,-3.0857825726016017
2007-09-03,168.3170179446953,-3.1782357359495563
2007-09-05,169.56294857240727,-1.9323051082375855
2007-09-06,171.31263906076683,-0.18261461987802363
2007-09-07,166.3126390607668,-5.182614619878052
2007-09-10,163.81263906076677,-7.6826146198780805
2007-09-11,165.04838980877767,-6.44686387186718
2007-09-12,166.50020543187588,-4.995048248768967
2007-09-13,167.46071429483382,-4.03453938581103
2007-09-18,164.96071429483385,-6.5345393858110015
2007-09-19,162.46071429483385,-9.034539385811001
2007-09-20,164.5921715361796,-6.903082144465259
2007-09-25,166.23312011199414,-5.262133568650711
2007-09-26,167.4417544880349,-4.053499192609962
2007-09-28,167.92827978931075,-3.5669738913341007
2007-10-04,168.94064775894466,-2.554605921700187
2007-10-05,166.44064775894455,-5.0546059217003005
2007-10-09,167.04024909437615,-4.4550045862687
2007-10-10,168.69160386740103,-2.8036498132438226
2007-10-12,163.6916038674011,-7.803649813243737
2007-10-15,165.06877323443223,-6.426480446212622
2007-10-17,166.57180106316153,-4.923452617483321
2007-10-18,167.72824330267628,-3.7670103779685746
2007-10-23,165.22824330267625,-6.267010377968603
2007-10-24,167.28151327580278,-4.213740404842071
2007-10-26,164.61114320021503,-6.884110480429825
2007-10-30,167.05930772904097,-4.435945951603884
2007-11-01,164.559307729041,-6.9359459516038555
2007-11-02,166.34907080210587,-5.14618287853898
2007-11-13,163.84907080210584,-7.646182878539008
2007-11-14,161.34907080210584,-10.146182878539008
2007-11-15,163.43009116103192,-8.065162519612926
2007-11-16,162.45291865356455,-9.042335027080298
2007-11-26,163.9481687982299,-7.547084882414964
2007-11-29,167.39859087503126,-4.09666280561359
2007-12-03,168.48450667356522,-3.0107470070796296
2007-12-05,165.98450667356516,-5.5107470070796865
2007-12-06,163.48450667356522,-8.01074700707963
2007-12-07,161.9643763917608,-9.530877288884056
2007-12-10,163.45466738694032,-8.040586293704536
2007-12-12,162.9325934141206,-8.562660266524261
2007-12-13,164.21299843615316,-7.282255244491694
2007-12-14,163.2899618497031,-8.205291830941746
2007-12-20,160.78996184970316,-10.70529183094169
2007-12-21,162.02186160888334,-9.47339207176151
2007-12-24,163.3987537691187,-8.096499911526138
2007-12-26,160.8987537691187,-10.596499911526138
2007-12-27,161.83934015306667,-9.655913527578178
2007-12-28,159.33934015306664,-12.155913527578207
2007-12-31,156.83934015306673,-14.655913527578122
2008-01-02,155.7427941654001,-15.752459515244738
2008-01-04,153.2427941654001,-18.252459515244738
2008-01-07,154.8846344920629,-16.61061918858195
2008-01-08,156.09910860654438,-15.396145074100474
2008-01-09,159.00102505732096,-12.494228623323892
2008-01-10,156.45351544560788,-15.041738235036973
2008-01-11,158.34282652237397,-13.152427158270882
2008-01-14,155.84282652237394,-15.65242715827091
2008-01-15,156.43295961721086,-15.062294063433995
2008-01-16,153.93295961721086,-17.562294063433995
2008-01-17,157.52662156754312,-13.968632113101734
2008-01-18,160.94400599446496,-10.551247686179892
2008-01-22,163.22148730441702,-8.273766376227826
2008-01-23,160.72148730441702,-10.773766376227826
2008-01-25,161.6810039938553,-9.814249686789537
2008-01-29,163.0350377198952,-8.46021596074965
2008-01-31,164.3840895222427,-7.111164158402147
2008-02-05,163.5289465174656,-7.966307163179238
2008-02-07,164.6514631713329,-6.843790509311958
2008-02-11,162.1514631713329,-9.343790509311958
2008-02-12,162.98923372913114,-8.506019951513707
2008-02-13,163.8261830084663,-7.669070672178549
2008-02-14,167.95109226713183,-3.5441614135130237
2008-02-15,168.78858532453506,-2.7066683561097875
2008-02-20,169.76865263104546,-1.7266010495993953
2008-02-22,168.94508569150568,-2.550167989139169
2008-02-25,166.4450856915057,-5.0501679891391404
2008-02-26,167.19656401891208,-4.298689661732766
2008-02-27,165.7504178957512,-5.744835784893638
2008-02-28,167.1322254944428,-4.363028186202058
2008-03-03,168.4974469219122,-2.9978067587326507
2008-03-06,170.1853866034466,-1.3098670771982484
2008-03-07,173.79766018829534,0.0
2008-03-11,171.29766018829534,-2.5
2008-03-14,168.7976601882953,-5.000000000000028
2008-03-19,166.1479045971223,-7.649755591173033
2008-03-24,163.64790459712228,-10.149755591173061
2008-03-25,165.0656165518182,-8.73204363647713
2008-03-26,168.80191732011957,-4.995742868175768
2008-04-02,169.3917265109509,-4.40593367734445
2008-04-03,170.40863056753562,-3.3890296207597146
2008-04-04,169.52815907294416,-4.269501115351176
2008-04-08,170.532545846975,-3.265114341320327
2008-04-10,172.35671098505242,-1.4409492032429227
2008-04-14,173.74536327830384,-0.05229690999149739
2008-04-15,175.78775048741696,0.0
2008-04-16,178.45515422915057,0.0
2008-04-17,175.95515422915057,-2.5
2008-04-18,177.1349896163373,-1.3201646128132722
2008-04-22,178.3610332790214,-0.09412095012916666
2008-04-23,180.1951154840923,0.0
2008-04-24,177.69511548409233,-2.4999999999999716
2008-04-30,179.64609555977253,-0.5490199243197651
2008-05-01,183.17945090227684,0.0
2008-05-02,182.18960431080015,-0.9898465914766916
2008-05-06,183.63690140216403,0.0
2008-05-08,185.35218452525197,0.0
2008-05-13,187.07415351635495,0.0
2008-05-14,184.57415351635495,-2.5
2008-05-15,185.4644146699772,-1.609738846377752
2008-05-19,184.94481192571052,-2.1293415906444295
2008-05-20,182.44481192571055,-4.629341590644401
2008-05-22,183.59682908544326,-3.4773244309116933
2008-05-28,181.0968290854433,-5.977324430911665
2008-05-29,182.82532661745165,-4.248826898903303
2008-05-30,184.10874835415933,-2.965405162195623
2008-06-03,185.07173201076273,-2.002421505592224
2008-06-05,186.420969302525,-0.6531842138299453
2008-06-06,181.420969302525,-5.653184213829945
2008-06-10,182.8568133901314,-4.217340126223547
2008-06-11,180.35681339013138,-6.717340126223576
2008-06-12,182.52623796188635,-4.547915554468602
2008-06-13,180.02623796188638,-7.047915554468574
2008-06-16,180.67247571873128,-6.401677797623677
2008-06-17,181.63585781090248,-5.438295705452475
2008-06-18,178.8201364819585,-8.25401703439644
2008-06-19,180.44238556160207,-6.631767954752888
2008-06-20,177.94238556160207,-9.131767954752888
2008-06-23,179.64711431194127,-7.427039204413688
2008-06-26,174.64711431194124,-12.427039204413717
2008-06-27,176.0180565149916,-11.056097001363355
2008-07-03,174.91632984445098,-12.15782367190397
2008-07-04,176.66355343547124,-10.410600080883711
2008-07-07,174.16355343547124,-12.910600080883711
2008-07-08,171.66355343547124,-15.410600080883711
2008-07-10,173.34104711580463,-13.733106400550326
2008-07-16,175.11327617316684,-11.960877343188116
2008-07-18,176.4715459284893,-10.602607587865663
2008-07-24,178.148205024617,-8.925948491737955
2008-07-25,178.29396707170906,-8.780186444645892
2008-07-29,179.47875308306496,-7.595400433289996
2008-07-30,176.97875308306496,-10.095400433289996
2008-07-31,175.7756534317631,-11.298500084591865
2008-08-01,177.08476172516123,-9.989391791193725
2008-08-07,178.23031414931143,-8.843839367043529
2008-08-08,178.2644298268975,-8.809723689457456
2008-08-11,180.04134397574757,-7.0328095406073885
2008-08-13,185.1308972462897,-1.9432562700652625
2008-08-14,187.11656180849087,0.0
2008-08-15,192.803980908755,0.0
2008-08-19,190.303980908755,-2.5
2008-08-20,192.03529550616074,-0.768685402594258
2008-08-21,193.91290856130018,0.0
2008-08-22,191.41290856130016,-2.5000000000000284
2008-08-25,190.51191884376712,-3.400989717533065
2008-08-26,192.56013126885918,-1.3527772924410044
2008-08-27,194.08408531979873,0.0
2008-08-28,191.5840853197987,-2.5000000000000284
2008-08-29,192.06127675153738,-2.022808568261354
2008-09-01,193.9306466371798,-0.15343868261894045
2008-09-03,195.73345419459756,0.0
2008-09-04,193.23345419459758,-2.4999999999999716
2008-09-05,194.86837097691972,-0.8650832176778351
2008-09-08,192.36837097691972,-3.365083217677835
2008-09-10,193.35040110686086,-2.383053087736698
2008-09-11,195.02841188691565,-0.7050423076819072
2008-09-12,194.31816582702461,-1.4152883675729413
2008-09-16,195.57104603771734,-0.16240815688021826
2008-09-18,197.06304623958934,0.0
2008-09-19,194.56304623958934,-2.5
2008-09-22,195.4423911541735,-1.620655085415848
2008-09-23,194.54694151531703,-2.51610472427231
2008-09-24,196.0933849200051,-0.9696613195842474
2008-09-26,193.5933849200051,-3.4696613195842474
2008-10-01,194.75155338667417,-2.3114928529151655
2008-10-02,192.25155338667417,-4.8114928529151655
2008-10-03,195.4781359480529,-1.5849102915364313
2008-10-07,198.9620947316503,0.0
2008-10-10,200.5362015190556,0.0
2008-10-15,202.04438955286076,0.0
2008-10-16,203.82505696685197,0.0
2008-10-21,204.5118789744293,0.0
2008-10-23,205.50863029620308,0.0
2008-10-29,206.57063629967487,0.0
2008-11-06,208.39433079491354,0.0
2008-11-07,211.59728260472954,0.0
2008-11-10,209.09728260472954,-2.5
2008-11-14,206.59728260472954,-5.0
2008-11-18,207.74181898189806,-3.855463622831479
2008-11-19,209.57083816172783,-2.026444443001708
2008-11-20,211.22907226825177,-0.3682103364777731
2008-11-25,212.83213079154064,0.0
2008-11-26,214.08318507770528,0.0
2008-12-03,214.7106140560816,0.0
2008-12-04,215.6532171023892,0.0
2008-12-05,216.1306270102957,0.0
2008-12-18,216.1306270102957,0.0
2008-12-19,216.941582518578,0.0
2008-12-23,218.19550562630522,0.0
2008-12-24,220.12084490500808,0.0
2008-12-26,217.53516236889584,-2.5856825361122446
2008-12-31,221.1706219026692,0.0
2009-01-02,222.23251535847444,0.0
2009-01-05,223.5040602507155,0.0
2009-01-07,221.0040602507155,-2.5
2009-01-08,221.77396055580306,-1.7300996949124396
2009-01-09,222.74833850665567,-0.7557217440598265
2009-01-15,220.24833850665567,-3.2557217440598265
2009-01-19,217.74833850665567,-5.7557217440598265
2009-01-22,215.2483385066557,-8.255721744059798
2009-01-29,216.88670494556945,-6.617355305146049
2009-01-30,218.19866446327703,-5.305395787438471
2009-02-03,219.74896279254668,-3.7550974581688195
2009-02-04,217.2489627925467,-6.255097458168791
2009-02-06,214.74896279254673,-8.755097458168763
2009-02-10,216.46978361526484,-7.034276635450652
2009-02-11,213.96978361526484,-9.534276635450652
2009-02-12,215.76692218720243,-7.737138063513072
2009-02-13,213.26692218720243,-10.237138063513072
2009-02-17,214.32500240937205,-9.17905784134345
2009-02-18,215.66989429348948,-7.83416595722602
2009-02-19,216.81693701500345,-6.6871232357120505
2009-02-27,218.3850397563997,-5.119020494315805
2009-03-06,220.4238470095232,-3.080213241192297
2009-03-12,223.61086535194818,0.0
2009-03-17,225.41803223778922,0.0
2009-03-18,226.3612595697015,0.0
2009-03-19,226.98472793827457,0.0
2009-03-20,228.6657104389299,0.0
2009-03-25,226.1657104389299,-2.5
2009-03-26,227.2432098155899,-1.4225006233399995
2009-03-27,228.30237186256554,-0.36333857636435596
2009-04-01,229.52583157980726,0.0
2009-04-03,230.69997370462806,0.0
2009-04-08,228.19997370462804,-2.5000000000000284
2009-04-09,225.69997370462804,-5.000000000000028
2009-04-14,227.5526884594329,-3.147285245195178
2009-04-16,227.88635430976356,-2.813619394864503
2009-04-17,229.71749933944312,-0.9824743651849417
2009-04-21,230.89594881384613,0.0
2009-04-22,232.8077125134576,0.0
2009-04-24,234.15408728731387,0.0
2009-05-06,235.53661191158722,0.0
2009-05-08,239.03674671638953,0.0
2009-05-14,242.5790775891845,0.0
2009-05-18,243.6067168402062,0.0
2009-05-19,244.8286910398804,0.0
2009-05-21,242.3286910398804,-2.5
2009-05-27,239.82869103988045,-4.999999999999943
2009-06-02,241.70940322520363,-3.119287814676767
2009-06-03,243.4281178285104,-1.4005732113699878
2009-06-05,240.92811782851032,-3.900573211370073
2009-06-09,242.45786816230282,-2.370822877577581
2009-06-11,241.6085830618864,-3.2201079779939903
2009-06-12,239.1085830618864,-5.72010797799399
2009-06-16,240.50022052121886,-4.328470518661533
2009-06-19,238.00022052121886,-6.828470518661533
2009-06-24,235.5002205212189,-9.328470518661504
2009-06-25,236.34871794770874,-8.479973092171662
2009-06-26,239.66688565107202,-5.161805388808375
2009-06-29,241.13084174510612,-3.6978492947742723
2009-07-02,239.9362137606139,-4.892477279266501
2009-07-08,241.61068262322004,-3.2180084166603535
2009-07-09,242.80029825048047,-2.0283927893999305
2009-07-13,244.04380709191935,-0.784883947961049
2009-07-14,247.77195666159076,0.0
2009-07-16,249.76698312939368,0.0
2009-07-21,249.95859156432414,0.0
2009-07-23,251.9145512689004,0.0
2009-07-28,252.34946773048517,0.0
2009-07-30,249.84946773048517,-2.5
2009-07-31,252.51566326229403,0.0
2009-08-06,253.38121102958334,0.0
2009-08-07,250.8812110295833,-2.5000000000000284
2009-08-10,252.55090940948224,-0.8303016201010962
2009-08-11,250.05090940948222,-3.3303016201011246
2009-08-14,245.05090940948227,-8.330301620101068
2009-08-20,246.3889143420915,-6.99229668749183
2009-08-25,247.20373049310174,-6.177480536481596
2009-08-27,249.24048949867887,-4.140721530904472
2009-08-28,246.74048949867884,-6.6407215309045
2009-09-03,248.23922149975914,-5.141989529824201
2009-09-04,249.56572773157103,-3.8154832980123103
2009-09-09,250.91732335388207,-2.4638876757012724
2009-09-11,248.41732335388213,-4.963887675701216
2009-09-15,245.91732335388215,-7.463887675701187
2009-09-16,246.91623645568782,-6.4649745738955176
2009-09-17,248.5395655336987,-4.841645495884649
2009-09-18,246.03956553369866,-7.341645495884677
2009-09-24,247.30264833931457,-6.078562690268768
2009-09-25,248.94157181372347,-4.43963921585987
2009-09-30,250.88551750596469,-2.4956935236186553
2009-10-01,251.69083775788067,-1.6903732717026685
2009-10-02,249.1908377578807,-4.19037327170264
2009-10-07,250.7776101408057,-2.6036008887776347
2009-10-08,252.72894297157742,-0.6522680580059159
2009-10-09,254.472971346563,0.0
2009-10-15,256.0544923614893,0.0
2009-10-16,253.55449236148928,-2.5
2009-10-21,255.35707669432298,-0.6974156671662968
2009-10-22,257.0210327972018,0.0
2009-10-23,254.52103279720183,-2.5
2009-10-28,258.96994757953837,0.0
2009-10-29,256.4699475795384,-2.499999999999943
2009-10-30,258.131504074481,-0.8384435050573984
2009-11-04,259.29429843824767,0.0
2009-11-05,256.79429843824767,-2.5
2009-11-06,251.7942984382477,-7.499999999999972
2009-11-18,249.2942984382477,-9.999999999999972
2009-11-24,250.84085531106942,-8.453443127178247
2009-12-04,248.34085531106942,-10.953443127178247
2009-12-08,249.40164028834576,-9.892658149901905
2009-12-10,251.0890676002333,-8.205230838014359
2009-12-15,251.82592979698236,-7.4683686412653
2009-12-18,253.21529572443313,-6.079002713814532
2009-12-31,254.827887651506,-4.466410786741676
2010-01-04,254.15924516947274,-5.135053268774925
2010-01-05,255.98608555112926,-3.308212887118401
2010-01-06,253.43459459004774,-5.859703848199928
2010-01-08,254.59595730085138,-4.698341137396284
2010-01-11,252.0959573008514,-7.198341137396255
2010-01-13,254.12867052410692,-5.165627914140742
2010-01-14,255.89763909273555,-3.39665934551212
2010-01-19,257.72933001111784,-1.564968427129827
2010-01-28,255.2293300111178,-4.064968427129855
2010-01-29,255.94197435555583,-3.352324082691837
2010-02-03,259.58393901582093,0.0
2010-02-05,261.51535041870926,0.0
2010-02-08,263.6566329552351,0.0
2010-02-11,261.1566329552352,-2.499999999999943
2010-02-12,262.37391640752566,-1.2827165477094695
2010-02-17,263.264171147416,-0.39246180781913154
2010-02-19,260.764171147416,-2.8924618078191315
2010-02-22,262.08309242395893,-1.573540531276194
2010-02-24,259.58309242395893,-4.073540531276194
2010-02-25,257.08309242395893,-6.573540531276194
2010-02-26,258.9257057904524,-4.730927164782713
2010-03-01,260.650180956879,-3.0064519983561127
2010-03-02,261.2758025557272,-2.3808303995079427
2010-03-03,264.1938921624056,0.0
2010-03-04,265.71476681104275,0.0
2010-03-05,263.2147668110427,-2.500000000000057
2010-03-11,264.3184691856346,-1.396297625408124
2010-03-12,261.8184691856347,-3.8962976254080672
2010-03-16,265.40707202243993,-0.3076947886028165
2010-03-18,266.6551063517086,0.0
2010-03-19,265.6778571820154,-0.9772491696932093
2010-03-23,267.5987995743492,0.0
2010-03-25,267.7420691692391,0.0
2010-03-31,265.04186482006355,-2.7002043491755217
2010-04-02,262.91745780550536,-4.824611363733709
2010-04-05,264.92894529476973,-2.8131238744693405
2010-04-06,266.17159240670685,-1.5704767625322233
2010-04-07,269.7630385950723,0.0
2010-04-12,271.2554727915219,0.0
2010-04-13,272.5106828696534,0.0
2010-04-14,270.01068286965335,-2.500000000000057
2010-04-23,271.5307564331526,-0.9799264365008185
2010-04-28,273.24672503494355,0.0
2010-04-29,270.74672503494355,-2.5
2010-05-04,268.24672503494355,-5.0
2010-05-05,265.74672503494355,-7.5
2010-05-06,266.9537611788603,-6.292963856083247
2010-05-12,264.4537611788603,-8.792963856083247
2010-05-13,266.2422870212402,-7.00443801370335
2010-05-14,263.7422870212402,-9.50443801370335
2010-05-20,263.2013914734797,-10.045333561463849
2010-05-21,264.6358918874151,-8.610833147528467
2010-05-24,262.1358918874151,-11.110833147528467
2010-05-26,263.7907958012264,-9.455929233717143
2010-05-28,265.42743292120144,-7.819292113742108
2010-06-02,267.2657049898008,-5.98102004514277
2010-06-04,264.7657049898008,-8.48102004514277
2010-06-09,262.2657049898008,-10.98102004514277
2010-06-11,264.70357306794625,-8.5431519669973
2010-06-14,262.20357306794625,-11.0431519669973
2010-06-16,263.2999258700952,-9.946799164848358
2010-06-18,267.5292293657198,-5.7174956692237515
2010-06-23,269.4815081596496,-3.7652168752939588
2010-06-28,271.07563090081135,-2.171094134132204
2010-06-30,271.9782374209612,-1.2684876139823587
2010-07-01,269.33106236599616,-3.915662668947391
2010-07-02,275.8865303435791,0.0
2010-07-07,275.36792299064797,-0.5186073529311557
2010-07-08,274.4482034127979,-1.4383269307812157
2010-07-09,276.4125568794961,0.0
2010-07-12,273.9125568794961,-2.5
2010-07-14,271.4125568794961,-5.0
2010-07-15,271.8292053905703,-4.583351488925814
2010-07-20,272.3020386834568,-4.1105181960393224
2010-07-21,271.5204975634012,-4.892059316094901
2010-07-23,272.75033111169796,-3.662225767798134
2010-07-26,274.4023047078531,-2.0102521716430033
2010-07-28,275.9485046655619,-0.46405221393416696
2010-07-29,277.0873078161471,0.0
2010-07-30,274.5873078161471,-2.5
2010-08-03,276.6294606853635,-0.4578471307835912
2010-08-04,274.1294606853634,-2.957847130783648
2010-08-05,275.3058834172819,-1.7814243988651697
2010-08-06,272.8058834172819,-4.28142439886517
2010-08-10,270.30588341728185,-6.7814243988652265
2010-08-12,271.52935160647024,-5.557956209676831
2010-08-18,273.36516654358894,-3.722141272558133
2010-08-19,275.1781820029927,-1.9091258131543896
2010-08-23,276.13819405918605,-0.949113756961026
2010-08-24,273.63819405918605,-3.449113756961026
2010-08-25,274.4671935145104,-2.6201143016366473
2010-08-26,278.1077013479336,0.0
2010-08-27,279.61314851289194,0.0
2010-08-30,280.5359873970071,0.0
2010-09-02,281.9104045355305,0.0
2010-09-03,279.4104045355306,-2.499999999999943
2010-09-06,280.72687477720297,-1.183529758327552
2010-09-07,282.328744049138,0.0
2010-09-08,279.828744049138,-2.5
2010-09-09,280.68253528938664,-1.646208759751346
2010-09-15,282.4531493636251,0.0
2010-09-16,283.59384937907134,0.0
2010-09-17,285.09596564308396,0.0
2010-09-21,286.7627912337989,0.0
2010-09-23,288.0063814018639,0.0
2010-09-24,285.5063814018639,-2.5
2010-09-30,283.0063814018639,-5.0
2010-10-01,284.1311889704812,-3.875192431382686
2010-10-05,279.1311889704812,-8.875192431382686
2010-10-06,280.4368635113689,-7.5695178904949785
2010-10-07,278.2624022375261,-9.743979164337816
2010-10-08,280.68120341236556,-7.325177989498343
2010-10-12,282.3966912718145,-5.609690130049387
2010-10-14,279.8966912718146,-8.10969013004933
2010-10-15,282.5779790523045,-5.428402349559406
2010-10-18,284.08158437820316,-3.9247970236607443
2010-10-19,285.6607694266435,-2.345611975220379
2010-10-22,287.020439335733,-0.9859420661309173
2010-10-26,284.520439335733,-3.4859420661309173
2010-10-28,283.65994121948034,-4.34644018238356
2010-10-29,281.1599412194803,-6.846440182383617
2010-11-01,282.67240466681244,-5.333976735051465
2010-11-02,280.1724046668125,-7.833976735051408
2010-11-05,283.8113586794291,-4.195022722434828
2010-11-10,285.8170506481205,-2.189330753743377
2010-11-11,283.3170506481205,-4.689330753743377
2010-11-15,284.37569713985516,-3.6306842620087423
2010-11-19,286.3412815860501,-1.6650998158137895
2010-11-22,287.1554675144332,-0.8509138874306927
2010-11-24,284.65546751443316,-3.3509138874307496
2010-11-29,282.15546751443316,-5.85091388743075
2010-11-30,279.65546751443316,-8.35091388743075
2010-12-02,281.46287618669083,-6.54350521517307
2010-12-03,277.89148456831475,-10.114896833549153
2010-12-08,278.7106022517487,-9.295779150115209
2010-12-10,280.26481546759277,-7.7415659342711365
2010-12-17,281.6073899799816,-6.398991421882329
2010-12-22,279.10738997998175,-8.898991421882158
2010-12-23,280.34164723787745,-7.664734163986452
2010-12-28,282.13734810473807,-5.8690332971258385
2010-12-30,283.8616813767106,-4.144700025153327
2010-12-31,281.36168137671046,-6.6447000251534405
2011-01-03,278.86168137671046,-9.14470002515344
2011-01-04,279.87524392615126,-8.131137475712649
2011-01-07,283.05162150912037,-4.954759892743539
2011-01-11,284.6420037844013,-3.364377617462594
2011-01-13,288.56357796565055,0.0
2011-01-14,289.9289158595026,0.0
2011-01-17,287.4289158595026,-2.5
2011-01-19,289.1152961359944,-0.8136197235081681
2011-01-20,290.69661161486823,0.0
2011-01-21,291.4605466417611,0.0
2011-01-27,293.1933089922366,0.0
2011-01-28,294.3152557151267,0.0
2011-02-01,291.8152557151266,-2.500000000000057
2011-02-02,289.3152557151266,-5.000000000000057
2011-02-03,291.55120955014115,-2.7640461649855297
2011-02-04,289.4803568484892,-4.834898866637502
2011-02-11,291.136892843941,-3.1783628711856977
2011-02-15,292.73737415051465,-1.5778815646120279
2011-02-17,290.8449048976418,-3.4703508174848707
2011-02-18,292.6392005646248,-1.6760551505018952
2011-02-21,290.13920056462473,-4.176055150501952
2011-02-23,292.10102618498473,-2.2142295301419495
2011-02-24,293.0174516845227,-1.2978040306039702
2011-03-04,296.30356864305537,0.0
2011-03-08,293.8035686430554,-2.499999999999943
2011-03-09,291.3035686430554,-4.999999999999943
2011-03-16,292.82890201389597,-3.474666629159401
2011-03-22,294.4776064010791,-1.825962241976299
2011-03-24,295.5938134831389,-0.7097551599164831
2011-03-25,296.4661294652524,0.0
2011-04-01,297.5511063587666,0.0
2011-04-07,296.7734557012005,-0.7776506575661415
2011-04-08,298.0567008254555,0.0
2011-04-11,299.7520204168454,0.0
2011-04-15,301.69784769805733,0.0
2011-04-18,299.19784769805733,-2.5
2011-04-19,300.3294710419174,-1.368376656139958
2011-04-28,301.62672747674145,-0.07112022131587992
2011-04-29,303.18674833687504,0.0
2011-05-05,304.7751508493376,0.0
2011-05-06,303.90087880220375,-0.874272047133843
2011-05-09,305.2501931651994,0.0
2011-05-11,304.22034251726916,-1.0298506479302318
2011-05-13,301.7203425172691,-3.5298506479302887
2011-05-17,302.64798278485875,-2.6022103803406367
2011-05-18,303.7941520373559,-1.4560411278434913
2011-05-19,305.7865715833371,0.0
2011-05-20,307.3140246515207,0.0
2011-05-24,309.03852487525137,0.0
2011-05-26,310.35563158257156,0.0
2011-06-01,311.81469569739204,0.0
2011-06-03,313.5637598318458,0.0
2011-06-10,315.4642841182987,0.0
2011-06-13,317.2273757613554,0.0
2011-06-15,316.1157065338245,-1.1116692275309106
2011-06-16,318.00544949755607,0.0
2011-06-23,315.505449497556,-2.500000000000057
2011-06-24,317.37810482311926,-0.627344674436813
2011-06-28,319.10387842889816,0.0
2011-07-05,320.28939928640534,0.0
2011-07-07,317.78939928640534,-2.5
2011-07-08,320.6281147047606,0.0
2011-07-11,321.7006087489944,0.0
2011-07-12,322.99368762591496,0.0
2011-07-15,324.46575525247675,0.0
2011-07-21,325.35306502231606,0.0
2011-07-22,322.853065022316,-2.500000000000057
2011-07-27,320.35306502231606,-5.0
2011-07-28,322.28330704710726,-3.069757975208802
2011-07-29,323.05930806021706,-2.293756962098996
2011-08-01,324.9191533308586,-0.43391169145746744
2011-08-02,326.4136320989779,0.0
2011-08-05,329.1243668859981,0.0
2011-08-10,326.6243668859981,-2.5
2011-08-11,327.5820415191477,-1.5423253668503776
2011-08-12,328.6423078332027,-0.4820590527953641
2011-08-15,329.9738768366072,0.0
2011-08-24,327.47387683660725,-2.499999999999943
2011-08-25,324.97387683660725,-4.999999999999943
2011-08-26,325.585802894183,-4.388073942424171
2011-08-30,326.9357874285487,-3.038089408058511
2011-09-02,326.0607947864763,-3.9130820501308676
2011-09-07,324.18375837878807,-5.790118457819119
2011-09-08,325.79229331683024,-4.18158351977695
2011-09-09,326.18367374285765,-3.7902030937495397
2011-09-12,327.9850808655511,-1.9887959710561063
2011-09-15,329.12803969978074,-0.8458371368264466
2011-09-16,326.62803969978074,-3.3458371368264466
2011-09-21,324.12803969978074,-5.845837136826447
2011-09-27,325.47601906152323,-4.497857775083958
2011-09-29,327.0943946269026,-2.8794822097045767
2011-10-04,328.6718278569483,-1.3020489796588777
2011-10-07,330.06880519830787,0.0
2011-10-11,331.06839947855207,0.0
2011-10-14,331.6540552836437,0.0
2011-10-17,329.28764435459885,-2.3664109290448323
2011-10-18,332.83720282881404,0.0
2011-10-26,330.337202828814,-2.500000000000057
2011-10-28,331.7771099190039,-1.0600929098101233
2011-11-01,332.0784988881281,-0.7587039406859617
2011-11-04,330.73622947758855,-2.100973351225491
2011-11-11,328.2362294775886,-4.600973351225434
2011-11-22,329.64411574251255,-3.193087086301489
2011-11-24,327.1441157425125,-5.693087086301546
2011-11-25,324.6441157425125,-8.193087086301546
2011-11-30,322.1441157425125,-10.693087086301546
2011-12-05,323.5893720254771,-9.247830803336967
2011-12-07,321.089372025477,-11.747830803337024
2011-12-08,319.686656399551,-13.150546429263045
2011-12-12,317.18665639955105,-15.650546429262988
2011-12-13,317.83601747560874,-15.001185353205301
2011-12-15,319.2696830362045,-13.567519792609517
2011-12-16,320.6233665007906,-12.213836328023433
2011-12-20,318.12336650079055,-14.71383632802349
2011-12-21,315.62336650079055,-17.21383632802349
2011-12-30,319.02894064703503,-13.808262181779014
2012-01-03,317.63840968196513,-15.198793146848914
2012-01-06,319.3006796994103,-13.536523129403747
2012-01-13,316.80067969941035,-16.03652312940369
2012-01-16,315.0602885259668,-17.776914302847217
2012-01-19,312.989018950666,-19.848183878148063
2012-01-20,314.6299626629334,-18.20724016588065
2012-01-24,316.2894304342152,-16.547772394598837
2012-01-26,317.2752318437621,-15.561970985051914
2012-01-27,318.7631856501022,-14.07401717871187
2012-02-03,317.1425382986067,-15.69466453020732
2012-02-07,318.95178630242106,-13.885416526392987
2012-02-09,316.45178630242106,-16.385416526392987
2012-02-16,317.48065316974845,-15.356549659065593
2012-02-17,314.9806531697484,-17.85654965906565
2012-02-20,317.31827978929806,-15.518923039515983
2012-02-24,318.3491058677677,-14.488096961046324
2012-02-29,319.8822141757117,-12.954988653102362
2012-03-05,317.3822141757116,-15.454988653102419
2012-03-07,318.56291765336465,-14.274285175449393
2012-03-09,318.8858550370956,-13.951347791718433
2012-03-12,312.93777085900433,-19.89943196980971
2012-03-16,314.75119191477194,-18.086010914042106
2012-03-19,316.48404223877446,-16.35316059003958
2012-03-21,318.31981347653976,-14.517389352274279
2012-03-26,315.3114292647384,-17.52577356407562
2012-03-27,317.2809688668839,-15.556233961930161
2012-03-29,318.9268748142224,-13.910328014591641
2012-04-03,316.4268748142224,-16.41032801459164
2012-04-06,313.92687481422234,-18.9103280145917
2012-04-12,316.03895672958043,-16.79824609923361
2012-04-16,317.67498886417843,-15.162213964635612
2012-04-19,321.71844745785813,-11.11875537095591
2012-04-20,323.4748919757587,-9.362310853055362
2012-04-24,320.97489197575874,-11.862310853055305
2012-04-27,321.92715483120776,-10.910047997606284
2012-04-30,321.04332008592195,-11.793882742892094
2012-05-01,325.03961414988134,-7.797588678932698
2012-05-02,326.65839466592485,-6.178808162889197
2012-05-03,330.7171820496197,-2.1200207791943626
2012-05-04,325.71718204961974,-7.120020779194306
2012-05-07,323.21718204961974,-9.620020779194306
2012-05-09,324.53260782746077,-8.304595001353277
2012-05-10,325.8938934098843,-6.9433094189297435
2012-05-11,329.6221028289808,-3.215099999833228
2012-05-15,331.05645508051794,-1.7807477482961076
2012-05-16,332.3164828471425,-0.5207199816715615
2012-05-22,333.6467771518736,0.0
2012-05-23,335.4165354557922,0.0
2012-05-28,337.4452740617977,0.0
2012-06-01,334.9452740617977,-2.5
2012-06-04,336.4881113974023,-0.9571626643954119
2012-06-07,338.0038398093062,0.0
2012-06-11,335.5038398093062,-2.5
2012-06-13,339.47074843151927,0.0
2012-06-14,340.9182270416648,0.0
2012-06-18,342.4985427955373,0.0
2012-06-19,339.9985427955373,-2.5
2012-06-21,341.69345025548193,-0.805092540055341
2012-06-22,343.1569533190844,0.0
2012-06-25,340.6569533190844,-2.5
2012-06-26,342.27364537198343,-0.8833079471009455
2012-06-27,341.7762090915215,-1.3807442275629
2012-07-03,343.6497977788473,0.0
2012-07-06,341.14979777884736,-2.499999999999943
2012-07-09,338.6497977788473,-5.0
2012-07-11,336.14979777884736,-7.499999999999943
2012-07-16,337.98455255913086,-5.665245219716439
2012-07-18,340.13387190732726,-3.5159258715200394
2012-07-19,337.63387190732726,-6.015925871520039
2012-07-20,338.9224803545774,-4.727317424269927
2012-07-23,336.4224803545774,-7.227317424269927
2012-07-24,338.0795140030767,-5.5702837757705765
2012-07-25,335.57951400307667,-8.070283775770633
2012-07-27,333.0795140030767,-10.570283775770577
2012-07-30,330.57951400307667,-13.070283775770633
2012-07-31,332.27560648346883,-11.374191295378466
2012-08-01,333.871794976032,-9.778002802815308
2012-08-02,328.8717949760321,-14.778002802815195
2012-08-03,326.3717949760321,-17.278002802815195
2012-08-06,328.0981227220018,-15.55167505684551
2012-08-08,329.7956598797872,-13.854137899060106
2012-08-09,331.43808341440064,-12.211714364446664
2012-08-14,332.99808544317324,-10.651712335674063
2012-08-15,332.77473077966835,-10.875066999178955
2012-08-16,334.74639669780385,-8.903401081043455
2012-08-17,332.2463966978039,-11.403401081043398
2012-08-20,334.0184212144559,-9.631376564391417
2012-08-21,331.5184212144559,-12.131376564391417
2012-08-22,333.01114978621314,-10.638647992634162
2012-08-23,330.5111497862131,-13.138647992634219
2012-08-24,330.08590386597587,-13.563893912871436
2012-08-29,331.1312394434798,-12.518558335367516
2012-08-30,328.63123944347984,-15.018558335367459
2012-08-31,330.2556087141509,-13.394189064696377
2012-09-04,327.7556087141509,-15.894189064696377
2012-09-07,331.7477973296786,-11.902000449168725
2012-09-13,331.54741664745967,-12.10238113138763
2012-09-17,333.51739077299777,-10.13240700584953
2012-09-21,331.0173907729979,-12.632407005849416
2012-09-24,331.761321925931,-11.888475852916315
2012-09-25,333.86877167226277,-9.781026106584534
2012-09-26,331.3687716722628,-12.281026106584477
2012-09-28,332.54891841956686,-11.100879359280441
2012-10-03,333.33009723058365,-10.319700548263654
2012-10-05,333.9819811849224,-9.667816593924897
2012-10-10,335.7984023054493,-7.851395473397986
2012-10-11,336.44228590885047,-7.207511869996836
2012-10-16,333.9422859088505,-9.707511869996779
2012-10-17,335.6861282926394,-7.963669486207891
2012-10-18,333.0613269049258,-10.588470873921494
2012-10-24,334.50251170852084,-9.147286070326459
2012-10-26,335.18329152890016,-8.466506249947145
2012-10-29,336.65716149234703,-6.992636286500272
2012-11-02,336.9553061353623,-6.69449164348498
2012-11-05,336.4103516282139,-7.239446150633398
2012-11-07,333.9103516282139,-9.739446150633398
2012-11-09,331.22408566677694,-12.425712112070357
2012-11-12,332.2470868525654,-11.402710926281884
2012-11-13,333.6736581353636,-9.976139643483691
2012-11-14,335.17061816571766,-8.479179613129645
2012-11-15,336.59864371199546,-7.051154066851836
2012-11-16,338.4026429741414,-5.247154804705929
2012-11-19,333.3469777903097,-10.302819988537578
2012-11-20,335.5877083559864,-8.062089422860879
2012-11-22,336.8977276186423,-6.752070160204994
2012-11-23,334.3977276186423,-9.252070160204994
2012-11-26,335.71808331176084,-7.931714467086465
2012-11-27,336.6149017363939,-7.034896042453397
2012-11-28,334.11490173639396,-9.53489604245334
2012-12-03,334.3382585913432,-9.311539187504081
2012-12-06,331.8382585913433,-11.811539187504025
2012-12-07,329.3382585913433,-14.311539187504025
2012-12-11,326.8382585913433,-16.811539187504025
2012-12-12,328.14222196031847,-15.507575818528835
2012-12-13,329.31238558499444,-14.337412193852856
2012-12-14,326.75073011380084,-16.89906766504646
2012-12-18,328.7714619835394,-14.878335795307919
2012-12-20,330.8496014240248,-12.800196354822504
2012-12-24,332.6523838447329,-10.997413934114377
2012-12-26,335.2685227037845,-8.381275075062774
2012-12-27,336.6668590276666,-6.982938751180711
2012-12-28,337.86594263668565,-5.783855142161656
2012-12-31,335.0136930609204,-8.636104717926912
2013-01-02,332.51369306092045,-11.136104717926855
2013-01-03,335.8102061766689,-7.839591602178416
2013-01-04,337.5861172832004,-6.063680495646906
2013-01-07,335.08611728320045,-8.56368049564685
2013-01-08,336.57298140392356,-7.076816374923737
2013-01-10,334.0729814039235,-9.576816374923794
2013-01-15,331.57298140392345,-12.076816374923851
2013-01-16,333.25584837603617,-10.393949402811131
2013-01-17,330.7558483760362,-12.893949402811074
2013-01-28,328.2558483760362,-15.393949402811074
2013-01-29,330.0713650371781,-13.57843274166919
2013-01-30,329.1488343556355,-14.500963423211829
2013-01-31,329.94687610252834,-13.702921676318965
2013-02-01,328.74177880492016,-14.908018973927142
2013-02-07,330.1394302158074,-13.510367563039893
2013-02-08,329.4711633920887,-14.178634386758574
2013-02-12,331.3183136491602,-12.331484129687112
2013-02-13,332.4787735409486,-11.171024237898678
2013-02-15,329.97877354094857,-13.671024237898735
2013-02-18,329.76788401600805,-13.881913762839247
2013-02-19,327.2678840160081,-16.38191376283919
2013-02-22,328.6904575231325,-14.959340255714778
2013-02-27,326.1904575231325,-17.45934025571478
2013-02-28,327.7965914899971,-15.853206288850174
2013-03-01,325.2965914899971,-18.353206288850174
2013-03-04,327.096062444402,-16.55373533444532
2013-03-05,324.49682594982585,-19.152971829021453
2013-03-07,326.09375804418636,-17.556039734660942
2013-03-08,327.0546382196704,-16.59515955917692
2013-03-12,328.1257668925159,-15.524030886331389
2013-03-14,329.20206645500144,-14.447731323845858
2013-03-15,331.02091269364087,-12.628885085206434
2013-03-18,332.7397628954968,-10.910034883350477
2013-03-19,333.78393629606893,-9.86586148277837
2013-03-21,331.28393629606893,-12.36586148277837
2013-03-22,328.78393629606893,-14.86586148277837
2013-03-26,329.6871341935549,-13.962663585292376
2013-03-27,330.6094591605445,-13.040338618302826
2013-04-01,332.30785425356805,-11.341943525279248
2013-04-03,333.779274146481,-9.870523632366314
2013-04-05,331.6670852024327,-11.982712576414599
2013-04-09,333.1592891418295,-10.490508637017797
2013-04-11,334.56373023065225,-9.086067548195047
2013-04-12,336.09594504509363,-7.553852733753672
2013-04-16,336.4429165452187,-7.206881233628621
2013-04-18,338.19216248687616,-5.457635291971144
2013-04-19,337.5180886200566,-6.131709158790727
2013-04-22,339.1708742201737,-4.478923558673614
2013-04-23,337.02213824717916,-6.627659531668144
2013-04-24,338.61426044908455,-5.035537329762747
2013-04-25,336.1142604490845,-7.535537329762803
2013-04-26,337.96332405945054,-5.6864737193967585
2013-04-30,339.8072704793864,-3.842527299460926
2013-05-01,341.96438005410755,-1.6854177247397502
2013-05-02,336.9643800541076,-6.685417724739693
2013-05-03,334.4643800541076,-9.185417724739693
2013-05-06,331.9643800541077,-11.68541772473958
2013-05-07,332.8969299658941,-10.752867812953184
2013-05-08,334.5967629397676,-9.053034839079714
2013-05-09,336.26069044895524,-7.389107329892056
2013-05-13,337.09589477058194,-6.553903008265365
2013-05-15,334.488847569022,-9.160950209825273
2013-05-16,335.50335781657515,-8.146439962272154
2013-05-17,333.0033578165751,-10.646439962272211
2013-05-20,330.50335781657503,-13.146439962272268
2013-05-21,332.612715506352,-11.037082272495297
2013-05-22,334.3895163438402,-9.260281435007073
2013-05-24,335.6270025239251,-8.022795254922187
2013-05-28,336.3649888126813,-7.284808966165997
2013-05-29,338.19556568491,-5.454232093937321
2013-06-03,340.1066743547993,-3.5431234240480194
2013-06-04,337.6066743547993,-6.043123424048019
2013-06-05,338.9496044902669,-4.700193288580408
2013-06-06,335.82257975907345,-7.827218019773852
2013-06-07,334.7886029319482,-8.861194846899082
2013-06-13,332.2886029319482,-11.361194846899082
2013-06-26,331.5431500752963,-12.106647703551005
2013-06-27,329.04315007529624,-14.606647703551062
2013-06-28,326.54315007529624,-17.10664770355106
2013-07-02,327.83389617904186,-15.815901599805443
2013-07-04,325.33389617904186,-18.315901599805443
2013-07-05,323.2673394145926,-20.382458364254717
2013-07-16,320.7673394145924,-22.882458364254887
2013-07-17,322.5763283153139,-21.0734694635334
2013-07-18,324.3611796817248,-19.28861809712248
2013-07-19,326.68702184543116,-16.96277593341614
2013-07-22,328.8825147760453,-14.767283002802003
2013-07-23,330.6507435372158,-12.999054241631484
2013-07-26,332.4792080637652,-11.170589715082087
2013-07-30,334.2792287936169,-9.37056898523042
2013-08-01,333.2270882089355,-10.422709569911774
2013-08-02,330.01875004823404,-13.631047730613261
2013-08-05,331.7207981152367,-11.928999663610625
2013-08-08,333.02694718179373,-10.62285059705357
2013-08-15,330.52694718179373,-13.12285059705357
2013-08-19,332.2909340722604,-11.358863706586874
2013-08-23,329.7909340722605,-13.858863706586817
2013-08-27,330.61824092371876,-13.031556855128542
2013-08-28,334.8052156133496,-8.844582165497684
2013-08-29,336.6498745102614,-6.999923268585917
2013-09-02,337.94226712901866,-5.707530649828641
2013-09-04,335.44226712901866,-8.207530649828641
2013-09-05,339.14291059765384,-4.506887181193463
2013-09-06,337.9076302953678,-5.742167483479477
2013-09-10,339.5187178755162,-4.131079903331113
2013-09-11,337.0187178755162,-6.631079903331113
2013-09-12,338.5168794776789,-5.132918301168388
2013-09-16,336.0168794776789,-7.632918301168388
2013-09-17,333.51687947767897,-10.132918301168331
2013-09-19,335.20966929375095,-8.440128485096352
2013-09-20,337.32288763369877,-6.326910145148531
2013-09-23,340.3762320821293,-3.2735656967179807
2013-09-24,341.23350744775945,-2.4162903310878505
2013-09-27,341.2785718147385,-2.3712259641088167
2013-09-30,338.7785718147384,-4.8712259641088735
2013-10-01,340.99419466136624,-2.655603117481064
2013-10-03,338.49419466136624,-5.155603117481064
2013-10-08,340.59727219575757,-3.052525583089732
2013-10-09,340.09837424442486,-3.5514235344224403
2013-10-15,344.1846726874254,0.0
2013-10-17,346.3617799324655,0.0
2013-10-18,343.86177993246554,-2.499999999999943
2013-10-21,341.3617799324656,-4.999999999999886
2013-10-22,338.29341282671203,-8.068367105753453
2013-10-24,339.19972089691964,-7.162059035545838
2013-10-25,340.71558680601316,-5.646193126452317
2013-10-28,341.69749190742704,-4.664288025038445
2013-10-29,342.91502720138607,-3.446752731079414
2013-10-31,344.85383412754686,-1.50794580491862
2013-11-01,342.3538341275468,-4.007945804918677
2013-11-04,343.96517250780335,-2.396607424662136
2013-11-07,343.1518434255613,-3.209936506904171
2013-11-08,345.7536983320412,-0.6080816004242706
2013-11-11,347.50268115609526,0.0
2013-11-13,348.4625124652274,0.0
2013-11-15,345.8837434262355,-2.5787690389918794
2013-11-18,347.91259312769006,-0.5499193375373466
2013-11-20,345.3391967876538,-3.1233156775736006
2013-11-21,342.83919678765386,-5.623315677573544
2013-11-22,340.33919678765386,-8.123315677573544
2013-11-27,337.8391967876539,-10.623315677573487
2013-11-29,339.5795162368274,-8.882996228400032
2013-12-02,341.1102105371064,-7.352301928120994
2013-12-04,338.49734954606606,-9.965162919161344
2013-12-05,340.6983590974255,-7.764153367801896
2013-12-06,340.16381270190806,-8.298699763319348
2013-12-09,337.6638127019081,-10.798699763319291
2013-12-12,339.7763441600012,-8.686168305226204
2013-12-13,341.1021905752113,-7.36032189001611
2013-12-17,342.4320541690933,-6.0304582961341
2013-12-19,339.93205416909336,-8.530458296134043
2013-12-20,342.05690095870517,-6.405611506522234
2013-12-24,343.4603642634269,-5.00214820180048
2013-12-26,344.1890831159541,-4.273429349273329
2013-12-27,345.8552446138766,-2.607267851350798
2013-12-30,343.28706705009006,-5.175445415137347
2013-12-31,340.6407034681407,-7.821808997086691
2014-01-03,342.39399211887905,-6.06852034634835
2014-01-08,344.05142698572496,-4.411085479502447
2014-01-10,346.3944117284872,-2.0681007367401776
2014-01-14,343.8944117284873,-4.568100736740121
2014-01-16,345.4703477120513,-2.992164753176098
2014-01-20,344.8979815395337,-3.5645309256937026
2014-01-22,346.70395516550263,-1.758557299724771
2014-01-23,344.20395516550263,-4.258557299724771
2014-01-29,344.9802431950117,-3.4822692702156814
2014-01-30,342.4802431950117,-5.9822692702156814
2014-02-04,339.98024319501167,-8.482269270215738
2014-02-05,342.4074279363717,-6.05508452885573
2014-02-06,344.1994980402709,-4.263014424956509
2014-02-07,345.2096334392076,-3.252879026019798
2014-02-12,342.7096334392076,-5.752879026019798
2014-02-13,344.3288953938197,-4.133617071407684
2014-02-19,346.3093267096003,-2.153185755627078
2014-02-21,347.9247425834772,-0.5377698817501937
2014-02-24,345.4247425834772,-3.0377698817501937
2014-02-25,348.6658910697488,0.0
2014-02-26,352.6717381847005,0.0
2014-03-05,354.5810356458118,0.0
2014-03-06,355.211655224258,0.0
2014-03-07,352.711655224258,-2.5
2014-03-11,350.21165522425787,-5.000000000000114
2014-03-12,351.9185838064128,-3.2930714178451694
2014-03-14,352.8164625880508,-2.3951926362071845
2014-03-18,350.3164625880508,-4.8951926362071845
2014-03-21,352.05512825735224,-3.1565269669057443
2014-03-25,349.5551282573523,-5.6565269669056875
2014-03-26,350.85717506831287,-4.354480155945112
2014-03-27,345.8571750683129,-9.354480155945055
2014-03-31,343.3571750683129,-11.854480155945055
2014-04-01,340.857175068313,-14.354480155944998
2014-04-02,343.47983428681493,-11.731820937443047
2014-04-03,345.4936423363903,-9.718012887867701
2014-04-04,342.9936423363904,-12.218012887867587
2014-04-08,344.939803956646,-10.271851267611964
2014-04-09,345.58210752726916,-9.629547696988823
2014-04-14,343.08210752726916,-12.129547696988823
2014-04-15,344.9740050468713,-10.237650177386683
2014-04-17,342.4740050468713,-12.737650177386683
2014-04-22,339.97400504687135,-15.237650177386627
2014-04-23,337.4740050468713,-17.737650177386683
2014-04-24,339.1825063125324,-16.0291489117256
2014-04-25,336.6825063125324,-18.5291489117256
2014-04-30,338.4066132635576,-16.805041960700407
2014-05-02,340.69736628879014,-14.514288935467846
2014-05-05,341.8828347156981,-13.328820508559886
2014-05-06,339.3828347156981,-15.828820508559886
2014-05-07,340.7248851808647,-14.486770043393278
2014-05-08,339.8104229067056,-15.401232317552399
2014-05-09,341.5169657047744,-13.694689519483575
2014-05-12,339.01696570477446,-16.194689519483518
2014-05-13,340.849570183911,-14.362085040346983
2014-05-14,341.86959530788755,-13.342059916370431
2014-05-15,345.93704015305013,-9.274615071207847
2014-05-16,347.8059587787391,-7.405696445518856
2014-05-28,348.71307648968553,-6.4985787345724475
2014-05-29,347.8868222723213,-7.324832951936685
2014-06-02,350.30364141880136,-4.908013805456619
2014-06-04,350.69788450865195,-4.513770715606029
2014-06-05,348.1978845086519,-7.013770715606086
2014-06-06,348.8094227878606,-6.402232436397355
2014-06-12,346.30942278786057,-8.902232436397412
2014-06-13,347.82851041144863,-7.383144812809348
2014-06-17,348.9160672935745,-6.295587930683496
2014-06-20,350.1365571320279,-5.075098092230064
2014-06-25,351.869463698263,-3.342191525994963
2014-06-26,349.36946369826313,-5.842191525994849
2014-07-01,346.86946369826313,-8.34219152599485
2014-07-02,352.34596343577965,-2.8656917884783297
2014-07-03,353.54687119701657,-1.66478402724141
2014-07-07,355.1071866637396,-0.10446856051839859
2014-07-08,352.6071866637395,-2.6044685605184554
2014-07-09,350.1071866637394,-5.104468560518569
2014-07-10,351.12807049317104,-4.083584731086944
2014-07-15,348.628070493171,-6.583584731087001
2014-07-16,349.449877038549,-5.761778185708977
2014-07-18,346.949877038549,-8.261778185708977
2014-07-21,348.8077038897829,-6.403951334475096
2014-07-22,346.3077038897829,-8.903951334475096
2014-07-23,343.8077038897829,-11.403951334475096
2014-07-25,341.3077038897829,-13.903951334475096
2014-07-28,343.03550238034705,-12.176152843910927
2014-07-29,343.53060053789363,-11.681054686364348
2014-07-30,345.19532429883714,-10.016330925420846
2014-08-04,346.9064216933918,-8.30523353086619
2014-08-05,344.40642169339185,-10.805233530866133
2014-08-06,345.72379316046084,-9.487862063797138
2014-08-07,343.2237931604609,-11.987862063797081
2014-08-11,340.69493748848845,-14.516717735769532
2014-08-12,339.83011579101924,-15.381539433238743
2014-08-15,340.80378210008615,-14.407873124171829
2014-08-19,343.6633925430156,-11.548262681242363
2014-08-20,345.78642064162335,-9.42523458263463
2014-08-26,347.1879080791775,-8.023747145080506
2014-08-27,349.2216777007719,-5.989977523486061
2014-09-05,350.3192506001415,-4.892404624116466
2014-09-08,347.81925060014134,-7.392404624116637
2014-09-11,348.9180301446651,-6.293625079592857
2014-09-12,346.4180301446651,-8.793625079592857
2014-09-15,347.98218520388417,-7.22947002037381
2014-09-16,349.3791060243766,-5.8325491998813845
2014-09-17,351.31352280756545,-3.8981324166925333
2014-09-25,346.3135228075654,-8.89813241669259
2014-09-26,348.34982889211983,-6.8618263321381505
2014-09-29,349.45954321674947,-5.752112007508515
2014-10-01,350.78229920880943,-4.429356015448548
2014-10-02,352.6468068059667,-2.5648484182912625
2014-10-03,354.3991995598119,-0.8124556644460768
2014-10-08,356.10160118411204,0.0
2014-10-09,357.208021587103,0.0
2014-10-14,358.2987663404057,0.0
2014-10-15,355.7987663404057,-2.5
2014-10-20,357.5291955962145,-0.769570744191185
2014-10-22,359.69265096887483,0.0
2014-10-23,357.19265096887483,-2.5
2014-10-24,354.69265096887483,-5.0
2014-10-27,355.7961222250805,-3.896528743794306
2014-10-29,357.97514844880413,-1.7175025200706955
2014-10-30,359.8875706855963,0.0
2014-11-03,357.38757068559613,-2.5000000000001705
2014-11-04,358.8647512147215,-1.022819470874822
2014-11-05,360.5812212736697,0.0
2014-11-06,359.5941982560353,-0.9870230176343853
2014-11-07,359.51427492004086,-1.0669463536288504
2014-11-12,361.2297108687275,0.0
2014-11-14,362.9552692037297,0.0
2014-11-19,365.1026525064392,0.0
2014-11-24,362.60265250643926,-2.499999999999943
2014-11-25,363.52219819927035,-1.58045430716885
2014-11-26,364.80310123411755,-0.2995512723216507
2014-11-27,362.3031012341176,-2.799551272321594
2014-12-01,363.598146193631,-1.5045063128081893
2014-12-03,361.09814619363095,-4.004506312808246
2014-12-04,361.6284320759198,-3.474220430519381
2014-12-05,363.46996882615247,-1.632683680286732
2014-12-09,361.8069845147031,-3.2956679917360816
2014-12-10,363.62505146627615,-1.4776010401630515
2014-12-11,361.1250514662761,-3.9776010401631083
2014-12-16,362.4799309544723,-2.6227215519668903
2014-12-17,364.06875248554377,-1.0339000208954303
2014-12-19,365.758177268314,0.0
2014-12-22,367.79807856485013,0.0
2014-12-23,366.76447033181506,-1.0336082330350678
2014-12-24,368.0950521486351,0.0
2014-12-26,369.96771879711366,0.0
2014-12-30,371.74929933943076,0.0
2015-01-05,373.1023017448689,0.0
2015-01-07,374.66332257815355,0.0
2015-01-09,374.0424060543605,-0.6209165237930279
2015-01-13,371.54240605436047,-3.1209165237930847
2015-01-14,373.1994947787752,-1.4638277993783504
2015-01-16,370.69949477877515,-3.9638277993784072
2015-01-19,372.6770917391707,-1.9862308389828627
2015-01-20,374.3983142593381,-0.26500831881543263
2015-01-21,376.42883803025074,0.0
2015-01-22,373.92883803025086,-2.4999999999998863
2015-01-23,377.5236886446052,0.0
2015-01-26,379.22209070142003,0.0
2015-01-27,376.72209070142,-2.500000000000057
2015-01-30,378.0179939736671,-1.2040967277529262
2015-02-04,375.5179939736673,-3.7040967277527557
2015-02-06,379.2686246697276,0.0
2015-02-11,380.83273713971835,0.0
2015-02-16,379.8131699852322,-1.0195671544861398
2015-02-18,377.31316998523243,-3.5195671544859124
2015-02-20,378.2157899675181,-2.6169471722002413
2015-02-24,375.7157899675179,-5.116947172200469
2015-02-25,377.2767954326049,-3.5559417071134476
2015-03-03,374.7767954326052,-6.055941707113163
2015-03-05,376.39786155391346,-4.434875585804889
2015-03-06,371.7861219313058,-9.046615208412561
2015-03-09,369.28612193130573,-11.546615208412618
2015-03-12,366.78612193130573,-14.046615208412618
2015-03-13,366.05259736595804,-14.780139773760311
2015-03-20,363.5525973659581,-17.280139773760254
2015-03-24,365.1675214867412,-15.665215652977167
2015-03-25,369.4659576728389,-11.36677946687945
2015-04-03,368.81045543293,-12.022281706788362
2015-04-06,370.7225152859774,-10.110221853740939
2015-04-08,372.7270408628597,-8.105696276858623
2015-04-13,370.22704086285967,-10.60569627685868
2015-04-24,371.3349873729783,-9.497749766740071
2015-04-27,368.8349873729784,-11.997749766739958
2015-04-29,369.99244192069534,-10.840295219023005
2015-05-01,369.29602977649284,-11.536707363225503
2015-05-04,366.79602977649284,-14.036707363225503
2015-05-05,364.2960297764928,-16.53670736322556
2015-05-08,363.7787080600851,-17.054029079633267
2015-05-11,363.25424997636816,-17.57848716335019
2015-05-18,364.77603433055464,-16.05670280916371
2015-05-20,368.6149487928217,-12.217788346896668
2015-05-21,370.0080743269179,-10.824662812800455
2015-05-22,374.05784660736174,-6.774890532356608
2015-05-27,375.5667209303189,-5.2660162093994245
2015-05-28,377.38154307494744,-3.4511940647709025
2015-06-01,378.8045716698648,-2.0281654698535476
2015-06-05,381.3119059473191,0.0
2015-06-08,383.34668828564554,0.0
2015-06-11,380.84668828564566,-2.4999999999998863
2015-06-12,382.22757218737615,-1.1191160982693873
2015-06-15,379.72757218737604,-3.619116098269501
2015-06-18,377.22757218737604,-6.119116098269501
2015-06-23,381.1294296741254,-2.217258611520151
2015-07-02,382.35626438096193,-0.9904239046836096
2015-07-03,379.8562643809619,-3.4904239046836665
2015-07-07,377.3562643809618,-5.990423904683723
2015-07-10,378.5465272481239,-4.8001610375216615
2015-07-14,380.34052492528843,-3.0061633603571067
2015-07-17,377.84052492528826,-5.506163360357277
2015-07-20,375.2306069712317,-8.116081314413861
2015-07-22,372.7306069712317,-10.616081314413861
2015-07-23,372.2687018011532,-11.077986484492328
2015-07-24,369.7687018011531,-13.577986484492442
2015-07-27,370.2787256014581,-13.067962684187421
2015-07-30,372.0992497509842,-11.247438534661342
2015-07-31,375.20958698771545,-8.137101297930087
2015-08-06,376.8616230284233,-6.485065257222232
2015-08-07,376.33744748258925,-7.0092408030562865
2015-08-10,373.8374474825892,-9.509240803056343
2015-08-11,375.20035161719557,-8.146336668449976
2015-08-17,372.70035161719557,-10.646336668449976
2015-08-21,370.20035161719557,-13.146336668449976
2015-08-26,371.4882874897706,-11.858400795874957
2015-09-03,373.57921335503266,-9.767474930612877
2015-09-04,375.1550680927062,-8.191620192939354
2015-09-10,376.9931902858373,-6.353497999808269
2015-09-15,378.6019687329156,-4.744719552729919
2015-09-17,376.1019687329157,-7.244719552729862
2015-09-18,377.6273330195034,-5.719355266142145
2015-09-24,376.9951264577459,-6.351561827899616
2015-10-02,380.2950097598093,-3.0516785258362233
2015-10-06,381.19189896615796,-2.154789319487577
2015-10-14,376.1918989661579,-7.154789319487634
2015-10-19,377.24604425940083,-6.100644026244709
2015-10-22,372.2460442594009,-11.100644026244652
2015-10-26,373.7075423532082,-9.639145932437316
2015-11-02,371.2075423532082,-12.139145932437316
2015-11-03,372.866834005652,-10.47985427999356
2015-11-04,374.3607294858706,-8.985958799774949
2015-11-06,376.3407416678109,-7.005946617834638
2015-11-09,373.8407416678109,-9.505946617834638
2015-11-10,374.1435579937744,-9.203130291871162
2015-11-11,376.03830262373646,-7.308385661909085
2015-11-12,376.46335200876456,-6.883336276880982
2015-11-13,373.96335200876456,-9.383336276880982
2015-11-20,373.25127225595025,-10.095416029695286
2015-11-30,374.77492524095766,-8.571763044687884
2015-12-02,376.52656871714305,-6.820119568502491
2015-12-03,378.70794854181855,-4.638739743826989
2015-12-04,382.3140203856694,-1.0326678999761612
2015-12-08,383.85900327253944,0.0
2015-12-10,385.60696440394,0.0
2015-12-14,387.2386546708859,0.0
2015-12-15,387.69707989979105,0.0
2015-12-18,389.015656181541,0.0
2016-01-06,390.6561534658994,0.0
2016-01-08,392.5832623462834,0.0
2016-01-15,391.50722368980604,-1.0760386564773512
2016-01-21,393.2272751736891,0.0
2016-01-27,394.9989606542423,0.0
2016-01-28,396.7216787260055,0.0
2016-02-01,398.6553342860076,0.0
2016-02-03,400.45666185879406,0.0
2016-02-04,397.95666185879406,-2.5
2016-02-05,401.0176151106257,0.0
2016-02-09,402.6573346194309,0.0
2016-02-12,404.48905292492566,0.0
2016-02-16,406.13547782085703,0.0
2016-02-17,403.63547782085703,-2.5
2016-02-19,405.1958491167949,-0.9396287040621587
2016-02-23,406.69353668896787,0.0
2016-02-29,404.6693587282446,-2.02417796072325
2016-03-04,406.8766919734776,0.0
2016-03-14,408.65776847944966,0.0
2016-03-16,406.15776847944966,-2.5
2016-03-23,403.65776847944977,-4.999999999999886
2016-03-29,404.9699933132227,-3.68777516622697
2016-03-31,406.7693431213505,-1.8884253580991412
2016-04-01,408.31561762518123,-0.34215085426842506
2016-04-06,409.83223783920386,0.0
2016-04-07,407.33223783920386,-2.5
2016-04-14,408.9572183745573,-0.8750194646465275
2016-04-22,406.4572183745574,-3.3750194646464706
2016-04-27,408.85160059947634,-0.980637239727514
2016-04-29,406.3516005994764,-3.480637239727457
2016-05-02,408.3537407887952,-1.4784970504086345
2016-05-06,407.6662296298154,-2.166008209388451
2016-05-13,405.16622962981546,-4.666008209388394
2016-05-16,407.22781889677,-2.604418942433881
2016-05-17,408.890911949083,-0.9413258901208792
2016-05-18,406.39091194908303,-3.4413258901208224
2016-05-24,403.8909119490831,-5.9413258901207655
2016-05-26,404.8535066019321,-4.978731237271745
2016-05-27,406.4512875369966,-3.3809503022072818
2016-06-01,408.0920063503795,-1.7402314888243495
2016-06-02,405.5920063503796,-4.240231488824236
2016-06-03,402.61828775273045,-7.213950086473403
2016-06-13,405.0172229192604,-4.815014919943451
2016-06-17,402.51722291926035,-7.315014919943508
2016-06-27,404.422472709057,-5.409765130146866
2016-07-01,401.92247270905705,-7.909765130146809
2016-07-08,399.42247270905705,-10.409765130146809
2016-07-13,401.3456340611386,-8.486603778065273
2016-07-15,402.8271561548597,-7.005081684344134
2016-07-26,400.3271561548596,-9.505081684344248
2016-07-27,397.8271561548597,-12.005081684344134
2016-07-28,399.6320164695676,-10.200221369636267
2016-08-04,401.3711433849865,-8.461094454217346
2016-08-05,399.23378563803413,-10.59845220116972
2016-08-09,401.2773308958771,-8.554906943326728
2016-08-10,403.0502561635854,-6.781981675618454
2016-08-12,400.5502561635851,-9.281981675618738
2016-08-16,398.0502561635851,-11.781981675618738
2016-08-18,399.885039245496,-9.947198593707867
2016-08-26,401.79102429669206,-8.041213542511798
2016-08-29,399.2910242966922,-10.541213542511628
2016-08-30,401.06088369028464,-8.771354148919215
2016-08-31,402.99497242576643,-6.837265413437422
2016-09-01,404.91959968201917,-4.912638157184688
2016-09-02,399.9195996820192,-9.912638157184631
2016-09-05,397.4195996820192,-12.412638157184631
2016-09-06,394.91959968201934,-14.912638157184517
2016-09-08,394.09574262602933,-15.736495213174521
2016-09-09,391.59574262602933,-18.23649521317452
2016-09-14,393.8351983143301,-15.997039524873742
2016-09-15,395.5652331542105,-14.267004684993367
2016-09-16,399.30765487301846,-10.524582966185392
2016-09-20,401.56962674850985,-8.262611090694008
2016-09-22,400.7443927563074,-9.087845082896479
2016-09-23,402.54068619265826,-7.291551646545599
2016-09-30,400.0406861926583,-9.791551646545543
2016-10-03,397.5406861926583,-12.291551646545543
2016-10-05,392.5406861926582,-17.291551646545656
2016-10-07,391.6005194092385,-18.231718429965383
2016-10-10,389.1005194092384,-20.73171842996544
2016-10-12,391.01093257783674,-18.821305261367115
2016-10-17,392.4062934300206,-17.425944409183273
2016-10-18,393.34586419642613,-16.48637364277772
2016-10-19,394.88133910317845,-14.950898736025408
2016-10-20,392.3813391031785,-17.45089873602535
2016-10-21,387.3813391031784,-22.450898736025465
2016-10-25,384.88133910317833,-24.950898736025522
2016-11-02,386.0580537164436,-23.774184122760232
2016-11-03,387.37725679232426,-22.454981046879595
2016-11-04,387.5810533407057,-22.251184498498162
2016-11-14,385.0810533407057,-24.751184498498162
2016-11-15,380.08105334070564,-29.75118449849822
2016-11-16,381.395034758069,-28.43720308113484
2016-11-17,378.8950347580689,-30.937203081134953
2016-11-18,382.1120640139616,-27.720173825242284
2016-11-23,379.61206401396146,-30.220173825242398
2016-11-24,377.11206401396146,-32.7201738252424
2016-12-06,378.7930250802171,-31.039212758986764
2016-12-07,376.2930250802169,-33.539212758986935
2016-12-08,386.11909792964366,-23.713139909560198
2016-12-14,390.3160288811375,-19.51620895806633
2016-12-15,392.09745011992186,-17.734787719281996
2016-12-16,393.4307807752614,-16.401457063942473
2016-12-19,395.37417603876634,-14.45806180043752
2016-12-20,390.37417603876617,-19.45806180043769
2016-12-22,392.1013309465116,-17.730906892692246
2016-12-23,393.81018490046995,-16.022052938733907
2017-01-05,395.8314670553947,-14.000770783809173
2017-01-06,396.0094868965032,-13.82275094270068
2017-01-12,393.5094868965032,-16.32275094270068
2017-01-13,397.6340827960632,-12.198155043140673
2017-01-16,399.5749447827643,-10.25729305643955
2017-01-20,397.0749447827644,-12.757293056439437
2017-01-23,394.57494478276436,-15.257293056439494
2017-01-24,392.07494478276413,-17.75729305643972
2017-01-25,389.5749447827641,-20.257293056439778
2017-01-27,387.074944782764,-22.757293056439835
2017-01-30,384.5749447827641,-25.257293056439778
2017-01-31,382.07494478276413,-27.75729305643972
2017-02-01,379.5749447827642,-30.257293056439664
2017-02-03,377.07494478276425,-32.75729305643961
2017-02-06,378.77511232992975,-31.0571255092741
2017-02-07,376.2751123299297,-33.55712550927416
2017-02-08,377.3883148381382,-32.443923001065684
2017-02-13,374.8806233160573,-34.95161452314653
2017-02-14,376.7317548154947,-33.10048302370916
2017-02-15,377.76930843941847,-32.06292939978539
2017-02-16,379.5065516846585,-30.325686154545338
2017-02-21,380.97928444452754,-28.85295339467632
2017-02-23,378.4792844445277,-31.35295339467615
2017-02-24,379.9554028339596,-29.87683500524423
2017-02-27,377.4554028339596,-32.37683500524423
2017-02-28,379.2563680660091,-30.575869773194768
2017-03-01,378.3691478665159,-31.463089972687953
2017-03-02,375.8691478665157,-33.96308997268818
2017-03-07,377.70228118214106,-32.12995665706279
2017-03-08,377.1562053374441,-32.67603250175978
2017-03-09,376.8372324605699,-32.99500537863395
2017-03-10,377.68735629974435,-32.144881539459504
2017-03-14,375.1873562997443,-34.64488153945956
2017-03-17,376.63038021299303,-33.201857626210824
2017-03-22,374.13038021299303,-35.701857626210824
2017-03-23,375.6323445147042,-34.19989332449967
2017-03-24,373.1323445147041,-36.69989332449978
2017-03-28,375.0072625028178,-34.824975336386046
2017-04-05,374.254186230509,-35.578051608694864
2017-04-06,375.7367352638129,-34.09550257539098
2017-04-07,377.64213151524336,-32.19010632396049
2017-04-17,375.1421315152434,-34.690106323960435
2017-04-19,372.6421315152434,-37.190106323960435
2017-04-20,374.0678702525381,-35.76436758666574
2017-04-21,371.567870252538,-38.264367586665855
2017-04-24,373.320279611374,-36.51195822782984
2017-04-25,370.82027961137396,-39.01195822782989
2017-04-27,368.32027961137385,-41.51195822783001
2017-05-01,365.82027961137385,-44.01195822783001
2017-05-02,367.55663954769597,-42.27559829150789
2017-05-03,366.9402774652497,-42.891960373954134
2017-05-05,364.44027746524966,-45.39196037395419
2017-05-10,366.32500370757947,-43.50723413162439
2017-05-11,368.05178781341965,-41.780450025784205
2017-05-12,365.5517878134196,-44.28045002578426
2017-05-16,363.05178781341965,-46.780450025784205
2017-05-17,360.5517878134196,-49.28045002578426
2017-05-19,358.05178781341965,-51.780450025784205
2017-05-22,355.55178781341976,-54.28045002578409
2017-05-24,357.14444026637227,-52.687797572831585
2017-05-29,359.084838706063,-50.747399133140846
2017-05-30,361.0009329009595,-48.83130493824433
2017-06-01,362.7935090439185,-47.03872879528535
2017-06-07,360.29350904391856,-49.538728795285294
2017-06-08,361.73001813128377,-48.102219707920085
2017-06-13,359.23001813128377,-50.602219707920085
2017-06-14,360.66281605743484,-49.16942178176902
2017-06-16,358.16281605743484,-51.66942178176902
2017-06-19,355.66281605743484,-54.16942178176902
2017-06-20,353.16281605743495,-56.669421781768904
2017-06-21,350.6628160574349,-59.16942178176896
2017-06-26,351.5290667646154,-58.30317107458848
2017-06-28,352.4799173858315,-57.35232045337233
2017-06-29,349.9799173858316,-59.85232045337227
2017-07-03,347.4799173858315,-62.35232045337233
2017-07-04,348.3554426916455,-61.476795147558335
2017-07-05,345.8554426916455,-63.976795147558335
2017-07-06,345.6433849378838,-64.18885290132005
2017-07-07,340.64338493788387,-69.18885290131999
2017-07-10,342.4728153094543,-67.35942252974957
2017-07-11,343.55037156226877,-66.28186627693509
2017-07-12,341.0503715622687,-68.78186627693515
2017-07-13,342.4665896663808,-67.36564817282306
2017-07-14,339.96658966638074,-69.86564817282311
2017-07-17,341.85120885355707,-67.98102898564679
2017-07-18,336.8512088535571,-72.98102898564673
2017-07-19,338.62048867785154,-71.21174916135232
2017-07-20,338.16168150307254,-71.67055633613131
2017-07-21,335.6616815030726,-74.17055633613126
2017-07-24,333.1616815030725,-76.67055633613137
2017-07-25,337.17278510669433,-72.65945273250952
2017-07-26,335.4359536517282,-74.39628418747566
2017-07-27,336.8867123421723,-72.94552549703155
2017-08-02,338.77557730745906,-71.0566605317448
2017-08-03,340.444955558962,-69.38728228024183
2017-08-04,342.04292961960414,-67.78930821959972
2017-08-08,336.9432140867583,-72.88902375244555
2017-08-09,338.2981737489214,-71.53406409028247
2017-08-11,333.29817374892144,-76.53406409028241
2017-08-17,332.3919312301266,-77.44030660907725
2017-08-18,334.2577230671744,-75.57451477202943
2017-08-23,331.7577230671745,-78.07451477202937
2017-08-24,333.30284380962263,-76.52939402958123
2017-08-28,330.8028438096226,-79.02939402958128
2017-08-30,332.43765104642773,-77.39458679277612
2017-09-01,329.93765104642785,-79.89458679277601
2017-09-04,328.56404819979207,-81.26818963941179
2017-09-05,330.6164396495162,-79.21579818968763
2017-09-07,331.73716814195535,-78.0950696972485
2017-09-12,333.3604003214446,-76.47183751775924
2017-09-14,330.8604003214447,-78.97183751775918
2017-09-15,332.4763573485753,-77.35588049062858
2017-09-18,333.9777928699408,-75.85444496926306
2017-09-19,335.8296920556583,-74.00254578354554
2017-09-21,338.1869718291393,-71.64526601006457
2017-09-25,335.6869718291392,-74.14526601006463
2017-09-26,333.1869718291392,-76.64526601006463
2017-09-27,330.68697182913917,-79.14526601006469
2017-09-28,328.1869718291392,-81.64526601006463
2017-09-29,325.6869718291392,-84.14526601006463
2017-10-02,327.6774444211149,-82.15479341808896
2017-10-04,326.9927905325987,-82.83944730660517
2017-10-06,326.33501262231624,-83.49722521688761
2017-10-09,327.94726611453643,-81.88497172466742
2017-10-10,325.44726611453655,-84.38497172466731
2017-10-11,327.1797433045925,-82.65249453461138
2017-10-12,326.60190798864807,-83.23032985055579
2017-10-13,323.97351569400917,-85.85872214519469
2017-10-16,324.7640568093927,-85.06818102981117
2017-10-17,322.26405680939286,-87.568181029811
2017-10-18,324.1085629340731,-85.72367490513074
2017-10-23,326.05833508260037,-83.77390275660349
2017-10-24,328.0244543960939,-81.80778344310994
2017-10-26,327.4851236297417,-82.34711420946218
2017-10-27,324.98512362974174,-84.84711420946212
2017-10-30,326.86980750192964,-82.96243033727421
2017-10-31,327.950012088895,-81.88222575030886
2017-11-02,329.75333221609185,-80.07890562311201
2017-11-03,327.25333221609174,-82.57890562311212
2017-11-07,329.0348752351324,-80.79736260407145
2017-11-14,328.5448041035604,-81.28743373564345
2017-11-17,330.32607143128496,-79.5061664079189
2017-11-20,330.85103669836025,-78.98120114084361
2017-11-22,330.2084058282769,-79.62383201092695
2017-11-24,327.80372450171245,-82.0285133374914
2017-11-29,329.7602734900819,-80.07196434912197
2017-11-30,327.26027349008194,-82.57196434912191
2017-12-07,326.5330350627765,-83.29920277642736
2017-12-11,330.7999687860931,-79.03226905311078
2017-12-12,328.29996878609313,-81.53226905311072
2017-12-13,325.7999687860931,-84.03226905311078
2017-12-14,327.4553333011509,-82.37690453805294
2017-12-15,324.95533330115086,-84.876904538053
2017-12-19,322.4553333011507,-87.37690453805317
2017-12-20,324.28182446603734,-85.55041337316652
2017-12-21,321.7818244660373,-88.05041337316658
2017-12-22,319.2818244660375,-90.55041337316635
2017-12-27,321.75748170222323,-88.07475613698062
2018-01-04,322.6682644697593,-87.16397336944453
2018-01-05,323.8766077289331,-85.95563011027076
2018-01-08,325.5624742806422,-84.26976355856164
2018-01-09,326.9562857147071,-82.87595212449673
2018-01-11,328.5553814831915,-81.27685635601233
2018-01-12,329.80916150043566,-80.02307633876819
2018-01-15,331.7340809252836,-78.09815691392026
2018-01-17,333.6024863673613,-76.22975147184258
2018-01-18,335.76559182037994,-74.06664601882392
2018-01-22,338.04697743917535,-71.7852604000285
2018-01-24,339.1997811502474,-70.63245668895644
2018-01-31,339.7114507628052,-70.12078707639864
2018-02-01,337.2114507628052,-72.62078707639864
2018-02-05,339.2672294212972,-70.56500841790665
2018-02-08,340.9935404345252,-68.83869740467867
2018-02-09,338.4935404345252,-71.33869740467867
2018-02-13,340.3390671983922,-69.49317064081168
2018-02-14,337.8390671983922,-71.99317064081168
2018-02-16,335.3390671983922,-74.49317064081168
2018-02-19,337.2124637728461,-72.61977406635776
2018-02-21,334.7124637728461,-75.11977406635776
2018-02-22,333.20466418442345,-76.6275736547804
2018-02-23,334.8535919933639,-74.97864584583994
2018-02-28,332.3535919933639,-77.47864584583994
2018-03-02,332.720921714591,-77.11131612461287
2018-03-07,330.220921714591,-79.61131612461287
2018-03-08,331.5703562054397,-78.26188163376418
2018-03-09,333.6429700488702,-76.18926779033364
2018-03-13,331.1429700488702,-78.68926779033364
2018-03-21,332.2368302666312,-77.59540757257264
2018-03-23,329.7368302666312,-80.09540757257264
2018-03-28,331.7429968449305,-78.08924099427338
2018-03-29,333.46951881420483,-76.36271902499902
2018-04-02,334.92990159615766,-74.9023362430462
2018-04-03,333.82549647010234,-76.00674136910152
2018-04-12,331.32549647010234,-78.50674136910152
2018-04-13,328.82549647010234,-81.00674136910152
2018-04-17,326.3254964701024,-83.50674136910146
2018-04-18,328.19698190255616,-81.6352559366477
2018-04-19,325.69698190255616,-84.1352559366477
2018-04-26,327.4161199509337,-82.41611788827015
2018-04-27,324.9161199509336,-84.91611788827026
2018-04-30,326.2645499952883,-83.56768784391556
2018-05-01,327.5862004273872,-82.24603741181664
2018-05-02,325.0862004273872,-84.74603741181664
2018-05-03,323.77192140682297,-86.06031643238089
2018-05-04,328.75744974638195,-81.0747880928219
2018-05-10,326.257449746382,-83.57478809282185
2018-05-11,328.1411064185772,-81.69113142062668
2018-05-14,329.872717191464,-79.95952064773985
2018-05-15,327.37271719146395,-82.45952064773991
2018-05-16,324.87271719146395,-84.95952064773991
2018-05-18,322.372717191464,-87.45952064773985
2018-05-25,323.16952089671304,-86.66271694249082
2018-05-28,324.67413756363834,-85.15810027556552
2018-05-31,326.5588739504815,-83.27336388872237
2018-06-01,325.90786479913373,-83.92437304007012
2018-06-06,323.40786479913385,-86.42437304007001
2018-06-07,320.9078647991338,-88.92437304007007
2018-06-14,318.4078647991338,-91.42437304007007
2018-06-15,315.90786479913373,-93.92437304007012
2018-06-20,313.82084086851086,-96.011396970693
2018-06-26,315.5696175010063,-94.26262033819756
2018-06-28,313.0696175010063,-96.76262033819756
2018-07-06,310.56961750100623,-99.26262033819762
2018-07-10,311.24797870522934,-98.58425913397451
2018-07-11,308.74797870522934,-101.08425913397451
2018-07-16,310.621350273247,-99.21088756595685
2018-07-17,312.6842943236386,-97.14794351556526
2018-07-18,314.34316457186577,-95.48907326733809
2018-07-19,316.1470648816159,-93.68517295758795
2018-07-24,313.64706488161585,-96.18517295758801
2018-07-26,315.5125590197827,-94.31967881942114
2018-07-30,317.0005930836768,-92.83164475552707
2018-07-31,316.2673059163649,-93.56493192283898
2018-08-06,317.0322035265004,-92.80003431270347
2018-08-08,314.53220352650027,-95.30003431270359
2018-08-10,316.2240391103673,-93.60819872883656
2018-08-13,311.22403911036736,-98.6081987288365
2018-08-15,308.72403911036736,-101.1081987288365
2018-08-17,310.60134336239736,-99.2308944768065
2018-08-23,312.565215457503,-97.26702238170088
2018-08-27,313.878042234498,-95.95419560470583
2018-08-28,315.6139444072768,-94.21829343192707
2018-08-29,317.4620057164733,-92.37023212273056
2018-09-03,319.3089327728712,-90.52330506633268
2018-09-04,316.8089327728712,-93.02330506633268
2018-09-06,318.4913106718001,-91.34092716740378
2018-09-07,315.99131067180014,-93.84092716740372
2018-09-11,317.16129738304534,-92.67094045615852
2018-09-12,314.6612973830454,-95.17094045615846
2018-09-19,316.37705377902574,-93.45518406017811
2018-09-24,313.87705377902563,-95.95518406017823
2018-09-25,315.9494012735841,-93.88283656561975
2018-09-26,317.58991004428077,-92.24232779492309
2018-09-27,315.0899100442808,-94.74232779492303
2018-10-03,315.5426799979038,-94.28955784130005
2018-10-05,317.2098988768817,-92.62233896232215
2018-10-08,318.31229340849615,-91.51994443070771
2018-10-10,315.8122934084961,-94.01994443070777
2018-10-11,317.42450236557045,-92.40773547363341
2018-10-16,314.92450236557045,-94.90773547363341
2018-10-17,312.42450236557045,-97.40773547363341
2018-10-18,314.31176618535756,-95.5204716538463
2018-10-19,311.81176618535756,-98.0204716538463
2018-10-30,309.31176618535756,-100.5204716538463
2018-10-31,306.81176618535756,-103.0204716538463
2018-11-12,304.31176618535756,-105.5204716538463
2018-11-14,305.2268844127063,-104.60535342649757
2018-11-15,307.0975163509476,-102.73472148825624
2018-11-16,308.79367539900824,-101.03856244019562
2018-11-19,306.29367539900824,-103.53856244019562
2018-11-20,303.79367539900824,-106.03856244019562
2018-11-21,304.9243570339043,-104.90788080529956
2018-11-23,302.42435703390424,-107.40788080529961
2018-11-30,304.05636220934053,-105.77587562986332
2018-12-05,304.8519206447751,-104.98031719442878
2018-12-07,306.76860772881776,-103.0636301103861
2018-12-10,304.26860772881776,-105.5636301103861
2018-12-11,305.66549548752886,-104.166742351675
2018-12-12,304.03715916819516,-105.7950786710087
2018-12-17,301.53715916819516,-108.2950786710087
2018-12-21,302.9299073842536,-106.90233045495023
2018-12-24,304.1286593658459,-105.70357847335794
2018-12-26,301.6286593658459,-108.20357847335794
2019-01-03,299.1286593658459,-110.70357847335794
2019-01-08,296.6286593658459,-113.20357847335794
2019-01-11,294.1286593658459,-115.70357847335794
2019-01-16,291.628659365846,-118.20357847335788
2019-01-18,289.04311165726835,-120.7891261819355
2019-01-23,286.54311165726835,-123.2891261819355
2019-01-25,284.8250470441122,-125.00719079509167
2019-01-28,282.32504704411224,-127.50719079509162
2019-01-30,279.82504704411224,-130.00719079509162
2019-01-31,281.3914508896449,-128.44078694955897
2019-02-01,283.34680446117636,-126.4854333780275
2019-02-05,280.8468044611763,-128.98543337802755
2019-02-06,282.23745935841873,-127.59477848078512
2019-02-07,282.6839386919301,-127.14829914727375
2019-02-08,284.57319572306017,-125.25904211614369
2019-02-14,285.47915702597214,-124.35308081323171
2019-02-15,282.97915702597214,-126.85308081323171
2019-02-19,284.70179361317565,-125.1304442260282
2019-02-20,282.2017936131757,-127.63044422602815
2019-02-21,279.7017936131757,-130.13044422602815
2019-03-06,281.37120951544426,-128.4610283237596
2019-03-07,283.0877522351477,-126.74448560405614
2019-03-08,283.48608003735427,-126.34615780184959
2019-03-11,280.98608003735427,-128.84615780184959
2019-03-19,282.4927098145622,-127.33952802464165
2019-03-22,279.9927098145622,-129.83952802464165
2019-03-26,277.4927098145622,-132.33952802464165
2019-03-28,279.304204746199,-130.52803309300486
2019-03-29,276.804204746199,-133.02803309300486
2019-04-02,278.2087864658348,-131.62345137336905
2019-04-05,280.0428388037908,-129.78939903541306
2019-04-09,277.54283880379074,-132.2893990354131
2019-04-12,279.3074893233001,-130.52474851590375
2019-04-17,276.8074893233001,-133.02474851590375
2019-04-18,274.30748932330016,-135.5247485159037
2019-04-22,276.11279176522044,-133.71944607398342
2019-04-23,273.6127917652204,-136.21944607398348
2019-04-24,275.04820876845224,-134.78402907075161
2019-04-25,276.9146831438858,-132.91755469531807
2019-04-26,274.4146831438858,-135.41755469531807
2019-04-29,276.27732754286603,-133.55491029633782
2019-04-30,278.1444898006668,-131.68774803853705
2019-05-03,279.7202552112724,-130.11198262793147
2019-05-07,281.11495762344543,-128.71728021575842
2019-05-08,282.6258677388543,-127.20637010034955
2019-05-09,280.1258677388543,-129.70637010034955
2019-05-10,282.07263458635066,-127.7596032528532
2019-05-13,279.57263458635066,-130.2596032528532
2019-05-15,277.07263458635066,-132.7596032528532
2019-05-17,277.9028307132614,-131.92940712594248
2019-05-22,275.4028307132613,-134.42940712594253
2019-06-03,272.90283071326127,-136.9294071259426
2019-06-04,270.40283071326127,-139.4294071259426
2019-06-07,267.90283071326127,-141.9294071259426
2019-06-11,269.10482744960876,-140.7274103895951
2019-06-18,266.60482744960876,-143.2274103895951
2019-07-04,265.2518750191604,-144.58036282004343
2019-07-05,262.7518750191604,-147.08036282004343
2019-07-10,260.2518750191604,-149.58036282004343
2019-07-11,261.9845901474171,-147.84764769178673
2019-07-16,260.9551337848155,-148.87710405438838
2019-07-18,261.2542474962918,-148.57799034291207
2019-07-19,262.93817810836794,-146.89405973083592
2019-07-22,260.43817810836794,-149.39405973083592
2019-07-23,262.00339293031186,-147.828844908892
2019-07-25,260.97450845555977,-148.85772938364408
2019-07-26,262.7184452349498,-147.11379260425406
2019-07-29,264.6212671738772,-145.21097066532667
2019-07-30,265.7444674264872,-144.08777041271668
2019-08-02,267.6504901538369,-142.18174768536693
2019-08-07,268.15196750368716,-141.6802703355167
2019-08-08,269.6213867532555,-140.21085108594838
2019-08-14,267.1213867532555,-142.71085108594838
2019-08-19,267.77857905702956,-142.0536587821743
2019-08-23,266.3810840944019,-143.45115374480196
2019-08-27,263.8810840944019,-145.95115374480196
2019-08-28,264.7459065196756,-145.08633131952826
2019-09-03,266.5869979808445,-143.24523985835935
2019-09-06,270.79043820004557,-139.04179963915828
2019-09-09,273.3257762511404,-136.50646158806347
2019-09-13,270.8257762511403,-139.00646158806353
2019-09-18,272.5673845946904,-137.26485324451346
2019-09-19,270.06738459469034,-139.76485324451352
2019-09-20,271.70760224939875,-138.1246355898051
2019-09-30,273.4857989675022,-136.34643887170165
2019-10-03,275.17132790853526,-134.6609099306686
2019-10-04,272.6713279085352,-137.16090993066865
2019-10-07,274.22676960040934,-135.60546823879451
2019-10-16,271.7267696004094,-138.10546823879446
2019-10-18,273.76998556969954,-136.0622522695043
2019-10-21,272.34431274520585,-137.487925093998
2019-10-24,273.0818917405457,-136.75034609865816
2019-10-25,275.02888756995105,-134.8033502692528
2019-10-28,272.5288875699511,-137.30335026925275
2019-10-29,274.4255950862532,-135.40664275295063
2019-10-30,275.63337029300294,-134.19886754620092
2019-11-01,273.13337029300294,-136.69886754620092
2019-11-04,273.87437899233055,-135.9578588468733
2019-11-14,275.72954921318376,-134.1026886260201
2019-11-15,277.4743225035569,-132.35791533564696
2019-11-21,279.5903239093566,-130.24191392984727
2019-11-25,278.87468805576043,-130.95754978344343
2019-11-28,278.12199487677793,-131.71024296242592
2019-12-02,275.62199487677805,-134.2102429624258
2019-12-03,273.12199487677805,-136.7102429624258
2019-12-06,270.621994876778,-139.21024296242587
2019-12-10,272.4027677958849,-137.42947004331893
2019-12-11,274.2060756461655,-135.62616219303834
2019-12-12,273.66057838206086,-136.171659457143
2019-12-13,268.66057838206086,-141.171659457143
2019-12-18,266.1605783820608,-143.67165945714305
2019-12-19,268.1511115638704,-141.68112627533344
2019-12-20,265.6511115638705,-144.18112627533338
2019-12-26,263.1511115638705,-146.68112627533338
2019-12-31,260.6462329361104,-149.18600490309348
2020-01-02,261.6367984846832,-148.19543935452066
2020-01-07,263.72648113161296,-146.1057567075909
2020-01-09,263.3050431895603,-146.52719464964355
2020-01-10,264.85133382801774,-144.9809040111861
2020-01-15,266.5530544091937,-143.27918343001016
2020-01-17,268.3739551314529,-141.45828270775098
2020-01-27,269.8177987211179,-140.01443911808593
2020-01-28,271.41810430724667,-138.4141335319572
2020-02-07,272.5594150869487,-137.27282275225514
2020-02-19,270.0594150869488,-139.77282275225508
2020-02-27,267.5594150869488,-142.27282275225508
2020-02-28,269.57456817993193,-140.25766965927193
2020-03-06,271.12333805314745,-138.7088997860564
2020-03-11,272.84163881494965,-136.9905990242542
2020-03-23,272.03030435224304,-137.80193348696082
2020-03-26,269.53030435224304,-140.30193348696082
2020-03-27,269.2258842463544,-140.60635359284947
2020-03-30,266.7258842463544,-143.10635359284947
2020-03-31,268.2242720353771,-141.60796580382674
2020-04-02,265.7242720353771,-144.10796580382674
2020-04-03,268.8656542185474,-140.96658362065648
2020-04-08,270.39995681195336,-139.4322810272505
2020-04-09,273.69638900678126,-136.1358488324226
2020-04-13,274.73474914911844,-135.0974886900854
2020-04-15,274.7891637983915,-135.04307404081237
2020-04-17,272.2891637983915,-137.54307404081237
2020-04-20,274.0307466521088,-135.80149118709505
2020-04-22,273.4215533225696,-136.41068451663426
2020-04-23,270.92155332256954,-138.91068451663432
2020-04-24,271.12172773964426,-138.7105100995596
2020-04-29,272.63309143754793,-137.19914640165592
2020-04-30,270.13309143754793,-139.69914640165592
2020-05-05,268.51921525581093,-141.31302258339292
2020-05-11,270.0825351021398,-139.74970273706407
2020-05-12,272.025750357553,-137.80648748165083
2020-05-13,273.8770637908418,-135.95517404836204
2026-03-13,275.320406006445,-134.51183183275884
2026-03-16,272.820406006445,-137.01183183275884
2026-03-17,270.32040600644507,-139.5118318327588
2026-03-18,267.82040600644507,-142.0118318327588
2026-03-19,267.03847063690904,-142.79376720229482
2026-03-25,268.9041094189803,-140.92812842022357
2026-03-26,270.4262812808277,-139.40595655837615
2026-03-27,269.0898429028241,-140.74239493637975
2026-03-30,270.3735287461376,-139.45870909306626
2026-04-01,272.17998421588123,-137.65225362332262
2026-04-03,272.7005495070491,-137.13168833215474
2026-04-07,274.20191459740084,-135.630323241803
2026-04-09,271.7019145974009,-138.13032324180296
2026-04-10,270.22323173098636,-139.6090061082175
2026-04-13,267.91515150603567,-141.91708633316819
2026-04-14,265.4151515060357,-144.41708633316813
2026-04-15,265.4151515060357,-144.41708633316813
2026-04-20,262.9151515060357,-146.91708633316813
2026-04-21,264.93571827739737,-144.89651956180649
2026-04-22,268.7167276090719,-141.11551023013197
2026-04-29,266.21672760907194,-143.61551023013192
2026-05-01,267.9615399710497,-141.87069786815414
2026-05-05,265.7611399742787,-144.07109786492515
2026-05-08,263.2611399742787,-146.57109786492515
2026-05-11,266.87393654528927,-142.9583012939146
2026-05-12,268.5592228056501,-141.27301503355375
2026-05-14,270.2219390123551,-139.61029882684875
2026-05-18,271.4089244360684,-138.42331340313547
2026-05-19,273.04404997424786,-136.788187864956
2026-05-20,274.4682606419838,-135.36397719722004
2026-05-22,276.3340107012776,-133.49822713792628
2026-05-26,278.1760971882807,-131.65614065092313
2026-05-27,279.9912014613372,-129.84103637786666
2026-05-29,277.49120146133714,-132.34103637786671
2026-06-01,279.1232659157854,-130.70897192341846
2026-06-03,281.03003639445245,-128.8022014447514
2026-06-04,282.09553996985034,-127.73669786935352
2026-06-05,279.59553996985034,-130.23669786935352
2026-06-12,280.84937196273506,-128.9828658764688
2026-06-18,282.67579608671184,-127.15644175249201
2026-06-22,283.95555554908304,-125.87668229012081
2026-06-25,286.12260570760577,-123.70963213159808
2026-06-29,287.6913462262905,-122.14089161291338
2026-07-01,285.1913462262905,-124.64089161291338
2026-07-02,287.18731534027455,-122.6449224989293
2026-07-09,284.68731534027455,-125.1449224989293
2026-07-14,287.8757369450311,-121.95650089417273
2026-07-20,289.2002910472526,-120.63194679195124
2026-07-22,290.92536124974606,-118.9068765894578
2026-07-23,288.42536124974606,-121.4068765894578
2026-08-03,285.92536124974606,-123.9068765894578
2026-08-04,283.42536124974606,-126.4068765894578
2026-08-05,284.5094670707744,-125.32277076842945
2026-08-06,282.00946707077446,-127.8227707684294
2026-08-07,279.5094670707745,-130.32277076842934
2026-08-10,280.7760925288243,-129.05614531037958
2026-08-12,281.21020748532175,-128.6220303538821
2026-08-13,278.7102074853218,-131.12203035388205
2026-08-14,280.13417564146727,-129.6980621977366
2026-08-19,277.63417564146727,-132.1980621977366
2026-08-21,279.35257999956957,-130.47965783963429
2026-09-09,281.09425173535766,-128.7379861038462
2026-09-11,279.980001490382,-129.85223634882186
