candidate,dataset_period,t_entry,side,mae,mfe,pnl_pts
PREFADE-F,NAS100_2026,2026-03-19 12:20:00+00:00,1,168.25,14.25,-115.32830284481315
PREFADE-F,NAS100_2026,2026-03-25 12:07:00+00:00,-1,11.75,100.13000000000102,98.64957126796799
PREFADE-F,NAS100_2026,2026-04-03 12:59:00+00:00,1,8.25,22.93000000000029,16.0
PREFADE-F,NAS100_2026,2026-04-09 12:42:00+00:00,-1,65.52000000000044,14.430000000000291,-53.099377308386465
PREFADE-F,NAS100_2026,2026-04-10 12:39:00+00:00,-1,64.02000000000044,31.850000000002183,27.690018563447666
PREFADE-F,NAS100_2026,2026-04-14 12:27:00+00:00,-1,83.65000000000146,32.75,-82.91638126076577
PREFADE-F,NAS100_2026,2026-04-15 11:47:00+00:00,-1,13.5,4.869999999998981,-0.0
PREFADE-F,NAS100_2026,2026-04-22 13:29:00+00:00,-1,7.400000000001455,71.34999999999854,58.619719630230975
PREFADE-F,NAS100_2026,2026-04-29 13:27:00+00:00,1,74.60000000000218,9.119999999995343,-62.88295116757581
PREFADE-F,NAS100_2026,2026-05-11 11:36:00+00:00,-1,0.5,62.25,57.25886388632716
PREFADE-F,NAS100_2026,2026-05-11 12:48:00+00:00,1,11.380000000004657,75.0199999999968,46.70511209905089
PREFADE-F,NAS100_2026,2026-05-12 12:32:00+00:00,1,4.369999999998981,147.65000000000146,131.41480519187098
PREFADE-F,NAS100_2026,2026-05-27 12:19:00+00:00,-1,90.37000000000262,154.59999999999854,119.24648601366425
PREFADE-F,NAS100_2026,2026-06-03 11:57:00+00:00,-1,11.62999999999738,74.12000000000262,73.17034730931846
PREFADE-F,NAS100_2026,2026-06-25 12:37:00+00:00,-1,10.25,156.6800000000003,135.84995921926384
PREFADE-F,NAS100_2026,2026-07-01 13:12:00+00:00,1,176.09999999999854,63.279999999998836,59.265401340653625
PREFADE-F,NAS100_2026,2026-07-09 11:54:00+00:00,-1,209.65000000000146,35.349999999998545,-203.9084123628345
PREFADE-F,NAS100_2026,2026-07-20 13:27:00+00:00,-1,141.65000000000146,123.59999999999854,115.79084459137084
PREFADE-F,NAS100_2026,2026-08-06 12:31:00+00:00,1,137.97999999999956,19.12000000000262,-131.80706014210955
PREFADE-F,NAS100_2026,2026-08-07 12:13:00+00:00,-1,121.62999999999738,32.79999999999927,-120.70515167053236
PREFADE-F,NAS100_2026,2026-08-10 12:49:00+00:00,1,77.84999999999854,64.03000000000247,53.28280546803944
PREFADE-F,NAS100_2026,2026-08-12 12:33:00+00:00,-1,117.27000000000044,55.47999999999956,40.10000000000218
PREFADE-F,NAS100_2026,2026-08-13 13:21:00+00:00,-1,111.65000000000146,50.22999999999956,-67.27195016073892
PREFADE-F,NAS100_2026,2026-08-14 11:35:00+00:00,-1,31.38000000000102,54.719999999997526,47.51871299733466
PREFADE-F,NAS100_2026,2026-09-11 12:50:00+00:00,-1,104.89999999999782,58.97999999999956,-76.27000000000044
PREFADE-F,NAS100_TRAIN,2005-01-12 12:33:00+00:00,-1,0.8999999999998636,2.5,2.5
PREFADE-F,NAS100_TRAIN,2005-01-12 13:58:00+00:00,1,2.5,2.5,1.3529185877039254
PREFADE-F,NAS100_TRAIN,2005-01-27 13:46:00+00:00,-1,0.5,3.400000000000091,3.013883297688153
PREFADE-F,NAS100_TRAIN,2005-01-28 13:34:00+00:00,1,0.0,2.0,2.0
PREFADE-F,NAS100_TRAIN,2005-02-01 13:36:00+00:00,-1,1.5,3.0,2.0057113161153666
PREFADE-F,NAS100_TRAIN,2005-02-02 12:59:00+00:00,-1,0.5,2.0,2.0
PREFADE-F,NAS100_TRAIN,2005-02-02 14:23:00+00:00,1,3.0,0.0,-2.094534142505154
PREFADE-F,NAS100_TRAIN,2005-02-03 13:22:00+00:00,-1,1.0,1.5,0.8176567690795764
PREFADE-F,NAS100_TRAIN,2005-02-03 13:42:00+00:00,1,2.0,0.0,-1.9744269635975797
PREFADE-F,NAS100_TRAIN,2005-02-03 14:19:00+00:00,1,3.3999999999998636,2.0,0.7034071538478202
PREFADE-F,NAS100_TRAIN,2005-02-07 13:41:00+00:00,-1,0.0,1.0,1.0
PREFADE-F,NAS100_TRAIN,2005-02-10 13:46:00+00:00,-1,1.5,1.5,1.162445411697945
PREFADE-F,NAS100_TRAIN,2005-02-16 13:24:00+00:00,1,4.5,1.0,-3.6862678794511794
PREFADE-F,NAS100_TRAIN,2005-02-16 13:43:00+00:00,1,1.5,8.5,4.653050740146455
PREFADE-F,NAS100_TRAIN,2005-02-17 13:13:00+00:00,-1,2.0,0.5,-1.7855724483677022
PREFADE-F,NAS100_TRAIN,2005-02-17 14:18:00+00:00,-1,0.5,2.0,1.6419753086420315
PREFADE-F,NAS100_TRAIN,2005-02-23 13:11:00+00:00,-1,6.0,1.0,-2.9001110451704335
PREFADE-F,NAS100_TRAIN,2005-02-25 13:30:00+00:00,-1,0.5,3.0,2.453377627930422
PREFADE-F,NAS100_TRAIN,2005-03-01 13:35:00+00:00,-1,6.5,1.0,-5.800315841725251
PREFADE-F,NAS100_TRAIN,2005-03-02 13:56:00+00:00,1,2.5,0.0,-2.3197084065059244
PREFADE-F,NAS100_TRAIN,2005-03-02 14:21:00+00:00,1,2.0,2.5,2.1970797625360774
PREFADE-F,NAS100_TRAIN,2005-03-08 13:19:00+00:00,-1,0.5,3.5,2.0598555209098777
PREFADE-F,NAS100_TRAIN,2005-03-10 14:08:00+00:00,-1,3.0,2.400000000000091,1.4128063756973006
PREFADE-F,NAS100_TRAIN,2005-03-16 13:50:00+00:00,1,7.5,0.0,-6.39274527193993
PREFADE-F,NAS100_TRAIN,2005-03-18 12:54:00+00:00,-1,1.5,1.0,1.0
PREFADE-F,NAS100_TRAIN,2005-03-21 14:23:00+00:00,-1,1.0,2.0,1.5059829120623363
PREFADE-F,NAS100_TRAIN,2005-03-22 13:03:00+00:00,-1,3.0,0.5,-2.1431084256053055
PREFADE-F,NAS100_TRAIN,2005-03-22 13:49:00+00:00,-1,5.400000000000091,1.0,-4.873641366998527
PREFADE-F,NAS100_TRAIN,2005-03-28 14:27:00+00:00,-1,0.0,2.900000000000091,2.900000000000091
PREFADE-F,NAS100_TRAIN,2005-04-04 11:35:00+00:00,1,1.400000000000091,2.5,2.5
PREFADE-F,NAS100_TRAIN,2005-04-05 12:30:00+00:00,-1,0.5,2.5,2.5
PREFADE-F,NAS100_TRAIN,2005-04-06 12:28:00+00:00,-1,3.0,3.5,1.8555372784207975
PREFADE-F,NAS100_TRAIN,2005-04-07 11:36:00+00:00,1,4.5,0.5,-3.410436815750927
PREFADE-F,NAS100_TRAIN,2005-04-08 11:41:00+00:00,-1,0.0,2.0,2.0
PREFADE-F,NAS100_TRAIN,2005-04-08 12:35:00+00:00,-1,0.5,1.5,1.5
PREFADE-F,NAS100_TRAIN,2005-04-12 11:31:00+00:00,1,0.0,1.5,1.5
PREFADE-F,NAS100_TRAIN,2005-04-12 12:37:00+00:00,1,0.5,2.900000000000091,1.7641914047226237
PREFADE-F,NAS100_TRAIN,2005-04-13 12:40:00+00:00,1,1.0,1.0,1.0
PREFADE-F,NAS100_TRAIN,2005-04-19 13:28:00+00:00,-1,0.0,3.0,2.9663547218801796
PREFADE-F,NAS100_TRAIN,2005-04-25 12:30:00+00:00,-1,3.5,0.5,-3.030075973334988
PREFADE-F,NAS100_TRAIN,2005-04-28 12:36:00+00:00,1,2.0,3.0,2.9977528171784797
PREFADE-F,NAS100_TRAIN,2005-05-05 12:31:00+00:00,-1,1.5,2.0,2.0
PREFADE-F,NAS100_TRAIN,2005-05-06 11:36:00+00:00,-1,0.5,2.0,2.0
PREFADE-F,NAS100_TRAIN,2005-05-06 12:20:00+00:00,-1,2.5,0.5,-2.1940565152312956
PREFADE-F,NAS100_TRAIN,2005-05-10 13:07:00+00:00,1,1.5,2.5,2.3983428054575597
PREFADE-F,NAS100_TRAIN,2005-05-12 11:31:00+00:00,1,0.5,6.0,2.602060594992281
PREFADE-F,NAS100_TRAIN,2005-05-12 12:42:00+00:00,-1,0.0,3.0,2.930741549876984
PREFADE-F,NAS100_TRAIN,2005-05-13 11:31:00+00:00,-1,1.5,1.3999999999998636,1.3999999999998636
PREFADE-F,NAS100_TRAIN,2005-05-16 11:41:00+00:00,-1,2.5,3.0,0.7960526218539599
PREFADE-F,NAS100_TRAIN,2005-05-18 12:36:00+00:00,-1,2.0,2.5,2.0242564138998205
PREFADE-F,NAS100_TRAIN,2005-05-19 12:39:00+00:00,-1,2.0,1.0,0.8368474165358748
PREFADE-F,NAS100_TRAIN,2005-05-23 12:01:00+00:00,-1,1.5,2.5,2.1264775176421153
PREFADE-F,NAS100_TRAIN,2005-05-24 11:40:00+00:00,1,0.0,3.0,2.5720858908869104
PREFADE-F,NAS100_TRAIN,2005-05-27 12:52:00+00:00,-1,1.5,1.5,1.0112612623352106
PREFADE-F,NAS100_TRAIN,2005-06-03 12:06:00+00:00,1,0.0,1.5,1.5
PREFADE-F,NAS100_TRAIN,2005-06-06 12:17:00+00:00,1,2.5,0.0,-2.5
PREFADE-F,NAS100_TRAIN,2005-06-09 12:10:00+00:00,-1,0.0,3.0,3.0
PREFADE-F,NAS100_TRAIN,2005-06-14 12:32:00+00:00,-1,2.0,2.0,1.7111111272465678
PREFADE-F,NAS100_TRAIN,2005-06-23 12:44:00+00:00,1,0.5,1.0,0.9414965814473817
PREFADE-F,NAS100_TRAIN,2005-06-29 12:43:00+00:00,-1,1.0,3.5,3.4438514896446577
PREFADE-F,NAS100_TRAIN,2005-06-30 12:56:00+00:00,-1,1.5,2.5,2.0669224394555386
PREFADE-F,NAS100_TRAIN,2005-07-06 12:44:00+00:00,1,2.5,0.5,-2.0561230802798036
PREFADE-F,NAS100_TRAIN,2005-07-13 11:40:00+00:00,-1,2.5,0.5,-1.9342999458640406
PREFADE-F,NAS100_TRAIN,2005-07-13 12:19:00+00:00,-1,1.0,1.8999999999998636,1.331506836468634
PREFADE-F,NAS100_TRAIN,2005-07-15 13:27:00+00:00,-1,1.0,2.5,2.5
PREFADE-F,NAS100_TRAIN,2005-07-19 12:11:00+00:00,-1,1.5,1.0,1.0
PREFADE-F,NAS100_TRAIN,2005-07-21 12:41:00+00:00,1,0.0,6.5,6.5
PREFADE-F,NAS100_TRAIN,2005-07-22 12:49:00+00:00,-1,5.0,0.5,-4.418835312240844
PREFADE-F,NAS100_TRAIN,2005-07-27 12:51:00+00:00,-1,0.5,2.5,2.052777756524847
PREFADE-F,NAS100_TRAIN,2005-07-28 12:06:00+00:00,-1,2.5,0.40000000000009095,-2.5
PREFADE-F,NAS100_TRAIN,2005-07-28 12:35:00+00:00,-1,0.0,3.400000000000091,3.1651264908291523
PREFADE-F,NAS100_TRAIN,2005-07-29 12:32:00+00:00,1,0.5,1.5,1.4264475436277735
PREFADE-F,NAS100_TRAIN,2005-07-29 13:28:00+00:00,1,2.5,2.0,1.582416178967378
PREFADE-F,NAS100_TRAIN,2005-08-02 11:41:00+00:00,-1,1.0,1.0,0.9821596451208734
PREFADE-F,NAS100_TRAIN,2005-08-02 12:50:00+00:00,-1,0.5,2.5,1.2019607989498127
PREFADE-F,NAS100_TRAIN,2005-08-03 12:55:00+00:00,1,1.0,1.5,1.246802323432803
PREFADE-F,NAS100_TRAIN,2005-08-05 12:31:00+00:00,-1,1.0,0.0,-0.0
PREFADE-F,NAS100_TRAIN,2005-08-05 12:33:00+00:00,1,0.0,1.5,1.063568781476988
PREFADE-F,NAS100_TRAIN,2005-08-05 12:44:00+00:00,1,3.5,2.5,1.8769476393631521
PREFADE-F,NAS100_TRAIN,2005-08-09 12:47:00+00:00,-1,5.0,2.0,-4.533421821223328
PREFADE-F,NAS100_TRAIN,2005-08-11 12:23:00+00:00,1,3.0,1.5,1.2242641249249573
PREFADE-F,NAS100_TRAIN,2005-08-12 12:24:00+00:00,1,3.0,0.5,-2.637429288432486
PREFADE-F,NAS100_TRAIN,2005-08-26 11:33:00+00:00,-1,0.0,2.0,2.0
PREFADE-F,NAS100_TRAIN,2005-08-26 12:41:00+00:00,1,3.0,0.0,-2.636284984566146
PREFADE-F,NAS100_TRAIN,2005-08-30 12:51:00+00:00,1,4.5,1.0,-3.9687350862416224
PREFADE-F,NAS100_TRAIN,2005-09-07 11:39:00+00:00,1,2.5,0.5,-2.072250848697422
PREFADE-F,NAS100_TRAIN,2005-09-08 11:42:00+00:00,1,2.0,1.5,1.0362214243371
PREFADE-F,NAS100_TRAIN,2005-09-15 12:31:00+00:00,1,0.5,1.0,0.2728937589204179
PREFADE-F,NAS100_TRAIN,2005-09-21 12:30:00+00:00,1,0.0,4.0,3.954256842198447
PREFADE-F,NAS100_TRAIN,2005-09-22 12:03:00+00:00,1,0.5,2.5,2.17348993488622
PREFADE-F,NAS100_TRAIN,2005-09-23 11:44:00+00:00,-1,0.5,2.3999999999998636,2.128629015530123
PREFADE-F,NAS100_TRAIN,2005-10-03 11:38:00+00:00,-1,0.0,2.0,1.5521052285243968
PREFADE-F,NAS100_TRAIN,2005-10-07 12:31:00+00:00,-1,0.0,1.5,-0.0
PREFADE-F,NAS100_TRAIN,2005-10-07 13:01:00+00:00,-1,3.5,0.5,-3.4008706638546755
PREFADE-F,NAS100_TRAIN,2005-10-10 12:35:00+00:00,-1,0.5,2.5,2.5
PREFADE-F,NAS100_TRAIN,2005-10-12 13:25:00+00:00,-1,3.5,2.0,-3.325240902301175
PREFADE-F,NAS100_TRAIN,2005-10-14 11:42:00+00:00,-1,2.900000000000091,0.5,-2.7594757122265037
PREFADE-F,NAS100_TRAIN,2005-10-18 13:05:00+00:00,1,1.5,3.5,3.5
PREFADE-F,NAS100_TRAIN,2005-10-24 11:32:00+00:00,-1,1.0,2.0,1.8324431294856822
PREFADE-F,NAS100_TRAIN,2005-10-26 12:02:00+00:00,1,4.0,0.5,-3.547758939676214
PREFADE-F,NAS100_TRAIN,2005-10-28 12:27:00+00:00,-1,3.5,2.5,2.0221609752259155
PREFADE-F,NAS100_TRAIN,2005-10-31 12:36:00+00:00,-1,1.0,3.8999999999998636,2.5
PREFADE-F,NAS100_TRAIN,2005-11-01 13:31:00+00:00,-1,0.0,2.5,2.5
PREFADE-F,NAS100_TRAIN,2005-11-04 14:09:00+00:00,-1,1.0,1.900000000000091,1.7809759717426914
PREFADE-F,NAS100_TRAIN,2005-11-07 13:35:00+00:00,-1,3.5,1.5,1.3748622703158162
PREFADE-F,NAS100_TRAIN,2005-11-08 14:04:00+00:00,1,0.0,3.0,2.7773946715497004
PREFADE-F,NAS100_TRAIN,2005-11-09 13:00:00+00:00,1,0.0,1.0,1.0
PREFADE-F,NAS100_TRAIN,2005-11-09 14:21:00+00:00,1,0.5,2.0,1.9191616483792586
PREFADE-F,NAS100_TRAIN,2005-11-10 12:35:00+00:00,-1,0.0,1.0,0.8489096200355561
PREFADE-F,NAS100_TRAIN,2005-11-10 13:03:00+00:00,1,1.5,0.0,-1.5
PREFADE-F,NAS100_TRAIN,2005-11-10 13:37:00+00:00,1,0.5,2.5,1.1252159153241337
PREFADE-F,NAS100_TRAIN,2005-11-10 14:10:00+00:00,-1,1.0,2.5,2.2339285526957156
PREFADE-F,NAS100_TRAIN,2005-11-18 12:56:00+00:00,-1,4.0,0.0,-2.434967941202558
PREFADE-F,NAS100_TRAIN,2005-11-24 13:14:00+00:00,1,2.0,0.5,-2.0
PREFADE-F,NAS100_TRAIN,2005-11-25 14:13:00+00:00,-1,2.8999999999998636,0.5,-2.676983452518698
PREFADE-F,NAS100_TRAIN,2005-11-29 12:45:00+00:00,-1,3.0,0.0,-2.0643211818705822
PREFADE-F,NAS100_TRAIN,2005-11-29 13:33:00+00:00,-1,1.0,2.5,1.7987179393951465
PREFADE-F,NAS100_TRAIN,2005-12-02 12:36:00+00:00,-1,0.0,1.5,1.447286880016236
PREFADE-F,NAS100_TRAIN,2005-12-02 13:31:00+00:00,-1,2.0,0.5,0.5
PREFADE-F,NAS100_TRAIN,2005-12-02 14:18:00+00:00,1,1.5,3.0,1.8428250794988799
PREFADE-F,NAS100_TRAIN,2005-12-06 13:58:00+00:00,-1,4.0,1.0,0.43828571694234597
PREFADE-F,NAS100_TRAIN,2005-12-07 13:11:00+00:00,1,0.0,2.0,1.7155555287997686
PREFADE-F,NAS100_TRAIN,2005-12-13 12:32:00+00:00,-1,1.0,1.0,0.5
PREFADE-F,NAS100_TRAIN,2005-12-13 13:58:00+00:00,1,3.0,1.5,-2.0737981208972087
PREFADE-F,NAS100_TRAIN,2005-12-20 13:36:00+00:00,-1,0.5,2.5,2.4790509858064524
PREFADE-F,NAS100_TRAIN,2005-12-22 13:58:00+00:00,-1,3.0,1.5,-2.417387194939465
PREFADE-F,NAS100_TRAIN,2005-12-23 13:00:00+00:00,1,0.5,1.5,1.307925451051915
PREFADE-F,NAS100_TRAIN,2005-12-23 14:21:00+00:00,-1,2.0,2.0,1.6083932626161186
PREFADE-F,NAS100_TRAIN,2006-01-04 13:15:00+00:00,-1,4.0,0.5,-3.248131466132918
PREFADE-F,NAS100_TRAIN,2006-01-04 14:00:00+00:00,-1,7.0,2.0,-5.5
PREFADE-F,NAS100_TRAIN,2006-01-05 12:31:00+00:00,-1,0.0,2.8999999999998636,2.8999999999998636
PREFADE-F,NAS100_TRAIN,2006-01-06 12:59:00+00:00,-1,1.0,4.900000000000091,2.1423280235321727
PREFADE-F,NAS100_TRAIN,2006-01-06 13:59:00+00:00,-1,1.5,6.0,4.657515613772603
PREFADE-F,NAS100_TRAIN,2006-01-12 13:14:00+00:00,1,1.0,1.5,1.4995049710321382
PREFADE-F,NAS100_TRAIN,2006-01-19 13:18:00+00:00,-1,3.0,1.5,1.4268801417065333
PREFADE-F,NAS100_TRAIN,2006-01-30 13:36:00+00:00,1,0.0,2.0,1.5
PREFADE-F,NAS100_TRAIN,2006-01-31 13:52:00+00:00,1,1.0,1.5,1.2485171655741851
PREFADE-F,NAS100_TRAIN,2006-02-01 13:06:00+00:00,-1,4.5,1.5,-4.220121322426166
PREFADE-F,NAS100_TRAIN,2006-02-03 13:55:00+00:00,1,9.399999999999864,1.5,-7.285527553105567
PREFADE-F,NAS100_TRAIN,2006-02-03 14:18:00+00:00,1,7.0,4.0,2.6688522525741973
PREFADE-F,NAS100_TRAIN,2006-02-09 12:54:00+00:00,-1,3.0,1.0,0.9501118298346682
PREFADE-F,NAS100_TRAIN,2006-02-16 13:03:00+00:00,-1,2.5,1.5,1.0
PREFADE-F,NAS100_TRAIN,2006-02-17 14:21:00+00:00,1,3.0,0.5,-2.6196171524986767
PREFADE-F,NAS100_TRAIN,2006-02-22 13:52:00+00:00,-1,0.0,3.0,2.851162806539378
PREFADE-F,NAS100_TRAIN,2006-02-24 13:33:00+00:00,1,0.5,3.0,2.7782359893378725
PREFADE-F,NAS100_TRAIN,2006-02-27 13:04:00+00:00,1,0.5,1.5,1.3242152795662605
PREFADE-F,NAS100_TRAIN,2006-03-02 12:33:00+00:00,1,3.5,2.0,-2.8033070532669626
PREFADE-F,NAS100_TRAIN,2006-03-03 13:56:00+00:00,1,11.5,0.0,-4.862991514621399
PREFADE-F,NAS100_TRAIN,2006-03-10 13:33:00+00:00,1,0.0,1.0,0.0
PREFADE-F,NAS100_TRAIN,2006-03-10 14:12:00+00:00,-1,0.5,5.0,3.6104492860154096
PREFADE-F,NAS100_TRAIN,2006-03-13 14:30:00+00:00,-1,6.0,0.5,-5.340074925742101
PREFADE-F,NAS100_TRAIN,2006-03-15 13:24:00+00:00,-1,3.0,0.5,-2.323942731547959
PREFADE-F,NAS100_TRAIN,2006-03-16 13:09:00+00:00,-1,3.0,1.0,-2.5
PREFADE-F,NAS100_TRAIN,2006-03-17 13:58:00+00:00,1,1.0,3.3999999999998636,2.642577005968633
PREFADE-F,NAS100_TRAIN,2006-03-21 14:22:00+00:00,-1,2.3999999999998636,3.5,1.78604650016905
PREFADE-F,NAS100_TRAIN,2006-03-24 12:44:00+00:00,-1,1.0,1.900000000000091,1.7777777799853993
PREFADE-F,NAS100_TRAIN,2006-03-30 12:40:00+00:00,-1,4.0,1.5,-3.333686878733488
PREFADE-F,NAS100_TRAIN,2006-04-04 11:53:00+00:00,-1,1.2000000000000455,0.0,-0.9040099665560319
PREFADE-F,NAS100_TRAIN,2006-04-05 13:23:00+00:00,-1,5.900000000000091,2.0,-4.2072472709876365
PREFADE-F,NAS100_TRAIN,2006-04-06 13:02:00+00:00,-1,0.2999999999999545,1.2000000000000455,0.8711500908200378
PREFADE-F,NAS100_TRAIN,2006-04-07 12:25:00+00:00,-1,4.7000000000000455,1.5,-2.0197683271633196
PREFADE-F,NAS100_TRAIN,2006-04-13 13:13:00+00:00,1,1.2999999999999545,2.2000000000000455,1.8393939406184927
PREFADE-F,NAS100_TRAIN,2006-04-17 11:53:00+00:00,1,0.0,3.0,2.76916996179375
PREFADE-F,NAS100_TRAIN,2006-04-19 11:44:00+00:00,-1,2.5,1.7000000000000455,1.2176172375225178
PREFADE-F,NAS100_TRAIN,2006-04-21 12:15:00+00:00,-1,0.7000000000000455,1.5,1.0304394289612446
PREFADE-F,NAS100_TRAIN,2006-04-24 12:14:00+00:00,-1,0.20000000000004547,2.5,2.422406626440079
PREFADE-F,NAS100_TRAIN,2006-04-28 12:11:00+00:00,1,1.2000000000000455,1.5,1.3917829530184918
PREFADE-F,NAS100_TRAIN,2006-04-28 13:15:00+00:00,-1,0.0,1.7000000000000455,1.588612832267927
PREFADE-F,NAS100_TRAIN,2006-05-01 12:26:00+00:00,1,1.7000000000000455,0.2999999999999545,-1.652146753606985
PREFADE-F,NAS100_TRAIN,2006-05-03 11:51:00+00:00,-1,1.699999999999818,1.7000000000000455,1.5612565446690496
PREFADE-F,NAS100_TRAIN,2006-05-08 12:42:00+00:00,1,0.20000000000004547,2.0,1.2769633516591057
PREFADE-F,NAS100_TRAIN,2006-05-16 12:47:00+00:00,-1,3.7999999999999545,2.400000000000091,1.1533952625050006
PREFADE-F,NAS100_TRAIN,2006-05-25 11:43:00+00:00,-1,5.5,0.20000000000004547,-5.3989671067597556
PREFADE-F,NAS100_TRAIN,2006-06-02 11:36:00+00:00,-1,10.799999999999955,0.0,-5.262164650589511
PREFADE-F,NAS100_TRAIN,2006-06-06 13:12:00+00:00,1,1.5,2.7999999999999545,1.9206451385252876
PREFADE-F,NAS100_TRAIN,2006-06-13 11:44:00+00:00,1,0.7999999999999545,4.2000000000000455,3.8676596053103367
PREFADE-F,NAS100_TRAIN,2006-06-13 13:30:00+00:00,-1,0.0,5.2000000000000455,5.1099326364922035
PREFADE-F,NAS100_TRAIN,2006-06-20 11:53:00+00:00,1,0.900000000000091,3.2999999999999545,2.7999999999999545
PREFADE-F,NAS100_TRAIN,2006-06-21 11:31:00+00:00,1,0.0,2.8999999999998636,2.7993569352618124
PREFADE-F,NAS100_TRAIN,2006-06-23 13:24:00+00:00,1,4.899999999999864,1.5,-4.4130798436563055
PREFADE-F,NAS100_TRAIN,2006-06-27 11:34:00+00:00,1,0.0,3.2000000000000455,3.0
PREFADE-F,NAS100_TRAIN,2006-06-27 13:07:00+00:00,-1,2.7999999999999545,1.900000000000091,1.0702727735788358
PREFADE-F,NAS100_TRAIN,2006-07-05 11:55:00+00:00,1,3.7000000000000455,0.5,-3.578710953086329
PREFADE-F,NAS100_TRAIN,2006-07-06 12:27:00+00:00,-1,1.0,2.2000000000000455,1.9396283141143158
PREFADE-F,NAS100_TRAIN,2006-07-12 12:30:00+00:00,1,2.3999999999998636,2.5,1.3033375066870576
PREFADE-F,NAS100_TRAIN,2006-07-19 12:14:00+00:00,-1,3.7000000000000455,0.7999999999999545,-3.343985774414932
PREFADE-F,NAS100_TRAIN,2006-07-20 13:07:00+00:00,-1,2.7999999999999545,2.5,1.7583277266330697
PREFADE-F,NAS100_TRAIN,2006-07-25 12:43:00+00:00,1,3.7000000000000455,1.0,-3.4077245416740425
PREFADE-F,NAS100_TRAIN,2006-07-28 11:42:00+00:00,1,0.20000000000004547,2.5,2.185355635367614
PREFADE-F,NAS100_TRAIN,2006-07-31 12:04:00+00:00,-1,0.2999999999999545,1.2000000000000455,1.0412541364285062
PREFADE-F,NAS100_TRAIN,2006-08-01 12:34:00+00:00,1,2.7000000000000455,0.0,-2.6166989698763246
PREFADE-F,NAS100_TRAIN,2006-08-01 12:58:00+00:00,1,5.7000000000000455,0.0,-5.580585938818103
PREFADE-F,NAS100_TRAIN,2006-08-08 12:44:00+00:00,1,0.1999999999998181,3.2000000000000455,3.0
PREFADE-F,NAS100_TRAIN,2006-08-11 12:31:00+00:00,1,2.7000000000000455,2.0,-2.694589324675917
PREFADE-F,NAS100_TRAIN,2006-08-15 12:28:00+00:00,-1,9.700000000000045,1.199999999999818,-4.105487665683313
PREFADE-F,NAS100_TRAIN,2006-08-16 12:42:00+00:00,-1,2.0,6.2000000000000455,5.863338414343389
PREFADE-F,NAS100_TRAIN,2006-08-17 12:18:00+00:00,1,3.2000000000000455,0.5,-2.9282494050266905
PREFADE-F,NAS100_TRAIN,2006-08-23 12:40:00+00:00,-1,7.0,0.20000000000004547,-3.4548347217016726
PREFADE-F,NAS100_TRAIN,2006-08-30 12:31:00+00:00,-1,2.5,0.2999999999999545,-2.253707638392143
PREFADE-F,NAS100_TRAIN,2006-09-06 13:17:00+00:00,1,4.2000000000000455,2.0,1.775211916592525
PREFADE-F,NAS100_TRAIN,2006-09-14 13:13:00+00:00,1,3.2000000000000455,2.2999999999999545,1.5974702341216016
PREFADE-F,NAS100_TRAIN,2006-09-15 12:03:00+00:00,-1,2.5,0.7000000000000455,-2.305963186413237
PREFADE-F,NAS100_TRAIN,2006-09-15 12:37:00+00:00,-1,7.900000000000091,1.0,-6.9289450502142245
PREFADE-F,NAS100_TRAIN,2006-09-18 12:44:00+00:00,1,3.2000000000000455,1.7000000000000455,1.0316847076003341
PREFADE-F,NAS100_TRAIN,2006-09-19 12:40:00+00:00,-1,0.2999999999999545,5.399999999999864,4.894357462545258
PREFADE-F,NAS100_TRAIN,2006-09-20 11:49:00+00:00,-1,6.2000000000000455,0.0,-4.6661341534932035
PREFADE-F,NAS100_TRAIN,2006-09-27 13:06:00+00:00,1,0.20000000000004547,4.0,3.9124221102099455
PREFADE-F,NAS100_TRAIN,2006-09-28 12:30:00+00:00,-1,0.0,2.5,1.1482482517803874
PREFADE-F,NAS100_TRAIN,2006-09-28 13:20:00+00:00,1,0.20000000000004547,1.2999999999999545,1.0324970127433062
PREFADE-F,NAS100_TRAIN,2006-09-29 12:11:00+00:00,-1,0.3000000000001819,2.3999999999998636,1.413213195170556
PREFADE-F,NAS100_TRAIN,2006-09-29 12:55:00+00:00,-1,0.6999999999998181,1.5,1.016666655587187
PREFADE-F,NAS100_TRAIN,2006-10-02 12:02:00+00:00,1,4.2000000000000455,0.5,-3.7571227593321055
PREFADE-F,NAS100_TRAIN,2006-10-04 12:45:00+00:00,1,0.7999999999999545,2.2000000000000455,1.85904762050086
PREFADE-F,NAS100_TRAIN,2006-10-05 12:10:00+00:00,1,0.0,2.5,2.5
PREFADE-F,NAS100_TRAIN,2006-10-06 12:37:00+00:00,1,3.400000000000091,1.2999999999999545,-3.312623305464058
PREFADE-F,NAS100_TRAIN,2006-10-10 12:05:00+00:00,-1,1.0,2.5,1.7250612988191278
PREFADE-F,NAS100_TRAIN,2006-10-16 11:46:00+00:00,-1,2.7000000000000455,2.5,2.3748563415017543
PREFADE-F,NAS100_TRAIN,2006-10-18 12:37:00+00:00,-1,4.2999999999999545,0.20000000000004547,-4.163717352828371
PREFADE-F,NAS100_TRAIN,2006-10-20 11:50:00+00:00,1,3.0,0.5,-2.034967097224353
PREFADE-F,NAS100_TRAIN,2006-10-20 13:14:00+00:00,1,0.2999999999999545,2.7000000000000455,2.5224147867702413
PREFADE-F,NAS100_TRAIN,2006-10-30 13:04:00+00:00,-1,0.7999999999999545,2.7000000000000455,2.2000000000000455
PREFADE-F,NAS100_TRAIN,2006-11-01 12:55:00+00:00,-1,3.0,0.5,-2.199999999999818
PREFADE-F,NAS100_TRAIN,2006-11-03 13:28:00+00:00,1,1.7999999999999545,5.2000000000000455,-1.627485605829179
PREFADE-F,NAS100_TRAIN,2006-11-03 13:42:00+00:00,-1,1.7000000000000455,2.0,1.7778242753640825
PREFADE-F,NAS100_TRAIN,2006-11-07 13:08:00+00:00,-1,1.2000000000000455,2.2000000000000455,1.8647573746475246
PREFADE-F,NAS100_TRAIN,2006-11-08 13:47:00+00:00,1,5.2000000000000455,3.5,1.920503070071618
PREFADE-F,NAS100_TRAIN,2006-11-09 14:24:00+00:00,-1,0.7999999999999545,3.7000000000000455,1.7720855677191594
PREFADE-F,NAS100_TRAIN,2006-11-16 12:47:00+00:00,1,1.2000000000000455,1.7999999999999545,1.7252631501146425
PREFADE-F,NAS100_TRAIN,2006-11-22 13:53:00+00:00,1,0.20000000000004547,1.7999999999999545,1.7999999999999545
PREFADE-F,NAS100_TRAIN,2006-11-28 13:24:00+00:00,1,5.2000000000000455,0.5,-4.230483230340269
PREFADE-F,NAS100_TRAIN,2006-11-30 13:25:00+00:00,-1,0.7000000000000455,4.5,2.5630859222262643
PREFADE-F,NAS100_TRAIN,2006-12-06 12:47:00+00:00,1,0.6999999999998181,3.300000000000182,2.1143382640445907
PREFADE-F,NAS100_TRAIN,2006-12-07 13:15:00+00:00,-1,2.800000000000182,1.199999999999818,1.1535373960221023
PREFADE-F,NAS100_TRAIN,2006-12-11 14:11:00+00:00,1,3.7000000000000455,0.2999999999999545,-2.7645558605886436
PREFADE-F,NAS100_TRAIN,2006-12-14 13:31:00+00:00,-1,0.2999999999999545,1.5,1.5
PREFADE-F,NAS100_TRAIN,2006-12-22 14:30:00+00:00,1,3.2000000000000455,0.7000000000000455,-2.7835206652703164
PREFADE-F,NAS100_TRAIN,2006-12-26 13:15:00+00:00,-1,1.5,1.699999999999818,0.3333333197092543
PREFADE-F,NAS100_TRAIN,2006-12-29 12:38:00+00:00,-1,2.0,1.400000000000091,1.285682347637021
PREFADE-F,NAS100_TRAIN,2007-01-08 13:14:00+00:00,-1,0.7000000000000455,2.2999999999999545,1.7866314953423625
PREFADE-F,NAS100_TRAIN,2007-01-08 13:47:00+00:00,-1,3.400000000000091,0.2999999999999545,-2.68566790546447
PREFADE-F,NAS100_TRAIN,2007-01-11 12:31:00+00:00,1,0.5,2.5,2.5
PREFADE-F,NAS100_TRAIN,2007-01-11 13:10:00+00:00,1,1.5,2.2000000000000455,2.2000000000000455
PREFADE-F,NAS100_TRAIN,2007-01-12 12:42:00+00:00,1,0.7999999999999545,1.900000000000091,1.900000000000091
PREFADE-F,NAS100_TRAIN,2007-01-12 13:31:00+00:00,-1,0.20000000000004547,1.0,-0.0
PREFADE-F,NAS100_TRAIN,2007-01-12 13:45:00+00:00,1,2.5,3.0,0.9429799491606445
PREFADE-F,NAS100_TRAIN,2007-01-16 13:37:00+00:00,1,2.7999999999999545,0.5,-2.339461665792669
PREFADE-F,NAS100_TRAIN,2007-01-17 13:52:00+00:00,1,1.2999999999999545,3.900000000000091,2.5468335095254133
PREFADE-F,NAS100_TRAIN,2007-02-01 13:36:00+00:00,-1,4.5,0.7000000000000455,-3.5
PREFADE-F,NAS100_TRAIN,2007-02-02 13:23:00+00:00,1,2.0,5.2000000000000455,1.9591295281793464
PREFADE-F,NAS100_TRAIN,2007-02-13 14:01:00+00:00,-1,3.7000000000000455,0.7999999999999545,-2.553176103606347
PREFADE-F,NAS100_TRAIN,2007-02-14 12:39:00+00:00,-1,3.0,0.8999999999998636,-2.3016803767980036
PREFADE-F,NAS100_TRAIN,2007-02-16 14:30:00+00:00,1,2.0,2.2999999999999545,2.212351359487002
PREFADE-F,NAS100_TRAIN,2007-02-22 13:24:00+00:00,-1,3.5,0.5,-3.0758042957929774
PREFADE-F,NAS100_TRAIN,2007-03-14 11:52:00+00:00,1,0.5,3.5,2.5
PREFADE-F,NAS100_TRAIN,2007-03-15 12:36:00+00:00,1,5.0,2.2000000000000455,1.9528344722020847
PREFADE-F,NAS100_TRAIN,2007-03-16 12:17:00+00:00,1,1.2000000000000455,5.199999999999818,2.0207843205507743
PREFADE-F,NAS100_TRAIN,2007-03-16 13:01:00+00:00,-1,4.0,0.6999999999998181,-3.9526176838744504
PREFADE-F,NAS100_TRAIN,2007-03-22 11:44:00+00:00,-1,1.7000000000000455,0.0,-1.6396368973753397
PREFADE-F,NAS100_TRAIN,2007-03-22 12:23:00+00:00,-1,4.7000000000000455,1.2999999999999545,-2.994228882178504
PREFADE-F,NAS100_TRAIN,2007-03-22 12:53:00+00:00,-1,2.0,2.400000000000091,1.4279342871877816
PREFADE-F,NAS100_TRAIN,2007-03-23 12:14:00+00:00,-1,0.0,3.400000000000091,2.763375826853917
PREFADE-F,NAS100_TRAIN,2007-03-28 11:52:00+00:00,1,2.5,3.2000000000000455,1.9829470581250916
PREFADE-F,NAS100_TRAIN,2007-04-04 13:05:00+00:00,1,0.7999999999999545,5.399999999999864,2.5420470744247723
PREFADE-F,NAS100_TRAIN,2007-04-05 12:13:00+00:00,-1,0.0,1.2000000000000455,1.1708898803228749
PREFADE-F,NAS100_TRAIN,2007-04-06 11:54:00+00:00,-1,7.7000000000000455,1.7999999999999545,-2.147426947350368
PREFADE-F,NAS100_TRAIN,2007-04-09 13:10:00+00:00,1,3.7000000000000455,1.0,-2.307998302305805
PREFADE-F,NAS100_TRAIN,2007-04-13 11:39:00+00:00,1,1.400000000000091,1.2999999999999545,0.9806615290749505
PREFADE-F,NAS100_TRAIN,2007-04-17 12:45:00+00:00,-1,0.0,5.7999999999999545,5.278848175727944
PREFADE-F,NAS100_TRAIN,2007-04-18 11:44:00+00:00,1,2.7000000000000455,1.0,-2.6419340969262066
PREFADE-F,NAS100_TRAIN,2007-04-20 11:42:00+00:00,-1,8.700000000000045,2.0,-8.298680709732935
PREFADE-F,NAS100_TRAIN,2007-04-26 11:33:00+00:00,-1,1.5,1.5,1.314803748265831
PREFADE-F,NAS100_TRAIN,2007-04-27 12:40:00+00:00,1,1.8999999999998636,3.7999999999999545,2.208691499886754
PREFADE-F,NAS100_TRAIN,2007-04-30 12:34:00+00:00,-1,0.5,1.5,1.2200780035691423
PREFADE-F,NAS100_TRAIN,2007-05-03 11:32:00+00:00,-1,1.2000000000000455,2.5,2.2999999999999545
PREFADE-F,NAS100_TRAIN,2007-05-03 12:44:00+00:00,-1,3.2999999999999545,2.5,2.494406908696874
PREFADE-F,NAS100_TRAIN,2007-05-04 12:31:00+00:00,-1,4.900000000000091,2.0,1.5063893675155668
PREFADE-F,NAS100_TRAIN,2007-05-09 12:13:00+00:00,1,2.5,2.0,1.2166666502314456
PREFADE-F,NAS100_TRAIN,2007-05-10 12:18:00+00:00,1,1.0,3.2999999999999545,2.2520249019157745
PREFADE-F,NAS100_TRAIN,2007-05-11 12:31:00+00:00,-1,0.5,1.5,1.3752314978175946
PREFADE-F,NAS100_TRAIN,2007-05-11 12:50:00+00:00,1,0.2999999999999545,3.0,2.541898334056441
PREFADE-F,NAS100_TRAIN,2007-05-17 13:09:00+00:00,1,2.199999999999818,1.2000000000000455,-2.146940961798691
PREFADE-F,NAS100_TRAIN,2007-05-18 12:30:00+00:00,-1,2.0,3.0,2.839153427331439
PREFADE-F,NAS100_TRAIN,2007-05-22 11:33:00+00:00,-1,1.7000000000000455,1.7999999999999545,1.7999999999999545
PREFADE-F,NAS100_TRAIN,2007-05-31 11:42:00+00:00,-1,3.099999999999909,1.7000000000000455,1.479102322492281
PREFADE-F,NAS100_TRAIN,2007-06-01 12:41:00+00:00,-1,0.0,4.7000000000000455,3.5120265090104112
PREFADE-F,NAS100_TRAIN,2007-06-04 12:32:00+00:00,1,3.300000000000182,2.199999999999818,1.5439359507788595
PREFADE-F,NAS100_TRAIN,2007-06-05 11:41:00+00:00,1,1.199999999999818,2.5,2.004829232178963
PREFADE-F,NAS100_TRAIN,2007-06-11 12:43:00+00:00,-1,1.5,3.2999999999999545,2.7999999999999545
PREFADE-F,NAS100_TRAIN,2007-06-13 12:09:00+00:00,-1,0.5,5.7999999999999545,4.993251552464926
PREFADE-F,NAS100_TRAIN,2007-06-13 12:57:00+00:00,-1,3.099999999999909,5.400000000000091,5.252077576592455
PREFADE-F,NAS100_TRAIN,2007-06-19 12:07:00+00:00,1,1.900000000000091,2.0,1.7708573357870137
PREFADE-F,NAS100_TRAIN,2007-06-27 12:36:00+00:00,1,1.199999999999818,4.2000000000000455,3.7513609423440357
PREFADE-F,NAS100_TRAIN,2007-06-28 11:40:00+00:00,1,0.2999999999999545,3.2000000000000455,3.0350093060144445
PREFADE-F,NAS100_TRAIN,2007-07-06 12:31:00+00:00,-1,1.2999999999999545,2.7000000000000455,2.2349397012576446
PREFADE-F,NAS100_TRAIN,2007-07-06 13:20:00+00:00,-1,0.20000000000004547,3.699999999999818,2.900660826117928
PREFADE-F,NAS100_TRAIN,2007-07-23 11:36:00+00:00,-1,0.3000000000001819,3.699999999999818,3.663155112776167
PREFADE-F,NAS100_TRAIN,2007-07-24 11:49:00+00:00,1,6.7000000000000455,1.5,-5.866639646792464
PREFADE-F,NAS100_TRAIN,2007-08-02 12:12:00+00:00,-1,4.0,5.400000000000091,4.611371530965016
PREFADE-F,NAS100_TRAIN,2007-08-03 12:38:00+00:00,1,1.5,3.0,2.504955394015269
PREFADE-F,NAS100_TRAIN,2007-08-07 12:04:00+00:00,-1,2.7999999999999545,2.7000000000000455,1.7210727845115343
PREFADE-F,NAS100_TRAIN,2007-08-07 12:48:00+00:00,1,4.399999999999864,2.0,1.7934837160091774
PREFADE-F,NAS100_TRAIN,2007-08-09 11:38:00+00:00,1,13.200000000000045,4.7000000000000455,-10.870793310044746
PREFADE-F,NAS100_TRAIN,2007-08-14 12:50:00+00:00,-1,2.2999999999999545,4.7000000000000455,3.72423267732961
PREFADE-F,NAS100_TRAIN,2007-08-15 11:34:00+00:00,1,3.5,3.7999999999999545,3.7145113833935284
PREFADE-F,NAS100_TRAIN,2007-08-17 12:32:00+00:00,-1,7.2999999999999545,20.40000000000009,19.935109511977544
PREFADE-F,NAS100_TRAIN,2007-08-23 12:02:00+00:00,1,4.7000000000000455,1.5,-4.689075553499379
PREFADE-F,NAS100_TRAIN,2007-08-30 13:08:00+00:00,1,5.5,0.7000000000000455,-5.192939090519076
PREFADE-F,NAS100_TRAIN,2007-09-03 12:56:00+00:00,-1,1.7999999999999545,0.8999999999998636,-0.10000000000013642
PREFADE-F,NAS100_TRAIN,2007-09-05 12:36:00+00:00,1,1.5,3.7999999999999545,3.7677461136190686
PREFADE-F,NAS100_TRAIN,2007-09-11 11:49:00+00:00,-1,2.0,6.2999999999999545,5.410373855305579
PREFADE-F,NAS100_TRAIN,2007-09-12 11:54:00+00:00,1,1.5,3.5,2.6943786838351116
PREFADE-F,NAS100_TRAIN,2007-09-13 12:37:00+00:00,-1,5.2000000000000455,3.7999999999999545,3.144650210421787
PREFADE-F,NAS100_TRAIN,2007-09-25 11:39:00+00:00,1,0.5,2.199999999999818,2.186490676417634
PREFADE-F,NAS100_TRAIN,2007-09-26 11:36:00+00:00,-1,1.5,4.699999999999818,3.199999999999818
PREFADE-F,NAS100_TRAIN,2007-09-28 12:50:00+00:00,-1,4.199999999999818,2.200000000000273,1.1319562128037433
PREFADE-F,NAS100_TRAIN,2007-10-05 11:53:00+00:00,-1,6.699999999999818,0.5,-5.7853294832957545
PREFADE-F,NAS100_TRAIN,2007-10-12 12:36:00+00:00,-1,7.0,1.5,-6.277774824512562
PREFADE-F,NAS100_TRAIN,2007-10-15 12:42:00+00:00,-1,0.6999999999998181,3.5,3.4288095357464954
PREFADE-F,NAS100_TRAIN,2007-10-17 13:06:00+00:00,-1,2.199999999999818,5.700000000000273,5.699029119269653
PREFADE-F,NAS100_TRAIN,2007-10-23 12:17:00+00:00,-1,6.0,2.200000000000273,1.5389174063075188
PREFADE-F,NAS100_TRAIN,2007-10-24 13:00:00+00:00,-1,2.5,4.699999999999818,4.184872746302062
PREFADE-F,NAS100_TRAIN,2007-10-26 12:10:00+00:00,-1,5.200000000000273,0.7999999999997272,-5.163655632698465
PREFADE-F,NAS100_TRAIN,2007-10-30 12:00:00+00:00,1,0.5,3.0,2.821692233760132
PREFADE-F,NAS100_TRAIN,2007-10-30 13:10:00+00:00,1,1.699999999999818,3.700000000000273,2.5588666753769758
PREFADE-F,NAS100_TRAIN,2007-11-01 12:46:00+00:00,1,11.5,3.5,-11.354395930650298
PREFADE-F,NAS100_TRAIN,2007-11-16 13:01:00+00:00,-1,10.900000000000091,0.2999999999999545,-8.857896670443324
PREFADE-F,NAS100_TRAIN,2007-11-16 13:50:00+00:00,-1,1.7999999999999545,11.200000000000045,10.557996963201731
PREFADE-F,NAS100_TRAIN,2007-12-07 13:28:00+00:00,-1,6.699999999999818,2.5,1.8370136182015813
PREFADE-F,NAS100_TRAIN,2007-12-13 13:31:00+00:00,1,2.800000000000182,9.199999999999818,7.587364632988738
PREFADE-F,NAS100_TRAIN,2007-12-20 13:16:00+00:00,-1,9.0,1.0,-7.920942775765525
PREFADE-F,NAS100_TRAIN,2007-12-24 13:11:00+00:00,-1,1.800000000000182,2.399999999999636,2.307968386071934
PREFADE-F,NAS100_TRAIN,2007-12-28 12:38:00+00:00,-1,6.700000000000273,0.29999999999972715,-6.2320802609956445
PREFADE-F,NAS100_TRAIN,2007-12-31 13:25:00+00:00,1,3.799999999999727,1.0,-2.320823523652507
PREFADE-F,NAS100_TRAIN,2008-01-02 13:10:00+00:00,1,4.0,0.7000000000002728,-3.969878814623371
PREFADE-F,NAS100_TRAIN,2008-01-04 13:20:00+00:00,1,14.599999999999909,0.8000000000001819,-6.130328327802317
PREFADE-F,NAS100_TRAIN,2008-01-09 13:17:00+00:00,1,0.5,7.2000000000000455,5.8098731797674645
PREFADE-F,NAS100_TRAIN,2008-01-09 14:00:00+00:00,1,5.7000000000000455,9.5,4.947278792392581
PREFADE-F,NAS100_TRAIN,2008-01-15 13:31:00+00:00,1,4.2999999999999545,5.7000000000000455,5.57107189552471
PREFADE-F,NAS100_TRAIN,2008-01-17 12:39:00+00:00,1,1.7000000000000455,7.199999999999818,6.7772327810398565
PREFADE-F,NAS100_TRAIN,2008-01-17 13:56:00+00:00,-1,3.7000000000000455,9.700000000000045,9.228429628593176
PREFADE-F,NAS100_TRAIN,2008-01-18 13:13:00+00:00,-1,1.0,8.199999999999818,7.8957824254325715
PREFADE-F,NAS100_TRAIN,2008-01-22 13:31:00+00:00,-1,10.400000000000091,31.59999999999991,27.247917386915333
PREFADE-F,NAS100_TRAIN,2008-02-11 12:37:00+00:00,-1,10.700000000000045,2.0,-9.733324005934719
PREFADE-F,NAS100_TRAIN,2008-02-13 13:37:00+00:00,-1,4.7999999999999545,7.7000000000000455,7.408581247673965
PREFADE-F,NAS100_TRAIN,2008-02-14 13:31:00+00:00,-1,1.5,1.5,1.019660552480218
PREFADE-F,NAS100_TRAIN,2008-02-14 13:36:00+00:00,-1,0.1999999999998181,3.0,1.9565898071789434
PREFADE-F,NAS100_TRAIN,2008-02-20 13:31:00+00:00,1,8.699999999999818,6.5,4.0930676998737
PREFADE-F,NAS100_TRAIN,2008-02-22 14:10:00+00:00,-1,0.0,6.2000000000000455,5.223037149228048
PREFADE-F,NAS100_TRAIN,2008-02-25 12:36:00+00:00,1,7.400000000000091,0.599999999999909,-7.269015407208826
PREFADE-F,NAS100_TRAIN,2008-02-27 13:00:00+00:00,1,7.400000000000091,0.5,-7.245973790843664
PREFADE-F,NAS100_TRAIN,2008-02-27 13:31:00+00:00,1,3.2000000000000455,5.7999999999999545,5.642094339071036
PREFADE-F,NAS100_TRAIN,2008-03-03 13:25:00+00:00,-1,1.2999999999999545,6.7000000000000455,4.427837040371287
PREFADE-F,NAS100_TRAIN,2008-03-07 13:40:00+00:00,1,4.0,6.2999999999999545,6.072734086920491
PREFADE-F,NAS100_TRAIN,2008-03-14 12:45:00+00:00,-1,4.0,13.700000000000045,13.349910178603977
PREFADE-F,NAS100_TRAIN,2008-03-24 12:48:00+00:00,-1,8.899999999999864,3.2999999999999545,-8.237883643955229
PREFADE-F,NAS100_TRAIN,2008-03-26 11:57:00+00:00,1,0.1999999999998181,4.2000000000000455,3.2086286579628904
PREFADE-F,NAS100_TRAIN,2008-04-02 11:38:00+00:00,-1,7.7000000000000455,4.0,2.143349456787064
PREFADE-F,NAS100_TRAIN,2008-04-03 12:44:00+00:00,1,2.0,7.699999999999818,7.192523666547686
PREFADE-F,NAS100_TRAIN,2008-04-08 12:36:00+00:00,1,2.7999999999999545,3.5,3.226773362223412
PREFADE-F,NAS100_TRAIN,2008-04-16 12:16:00+00:00,-1,0.2999999999999545,4.5,4.334576032649693
PREFADE-F,NAS100_TRAIN,2008-04-16 12:31:00+00:00,-1,3.2999999999999545,3.0,2.0965491149167974
PREFADE-F,NAS100_TRAIN,2008-04-17 13:03:00+00:00,1,7.0,3.7000000000000455,-6.919344045568323
PREFADE-F,NAS100_TRAIN,2008-04-24 12:42:00+00:00,-1,8.5,1.5,-8.4224292008264
PREFADE-F,NAS100_TRAIN,2008-04-30 12:43:00+00:00,-1,0.20000000000004547,6.7000000000000455,6.2000000000000455
PREFADE-F,NAS100_TRAIN,2008-05-08 12:31:00+00:00,-1,1.0,2.0,1.4179279808561205
PREFADE-F,NAS100_TRAIN,2008-05-15 11:39:00+00:00,-1,2.7999999999999545,2.0,1.7000000000000455
PREFADE-F,NAS100_TRAIN,2008-05-19 13:09:00+00:00,-1,0.7999999999999545,4.5,2.6741401429389953
PREFADE-F,NAS100_TRAIN,2008-05-20 12:58:00+00:00,1,6.7000000000000455,3.699999999999818,3.2973040357446735
PREFADE-F,NAS100_TRAIN,2008-05-28 11:37:00+00:00,-1,8.799999999999955,0.20000000000004547,-7.991160834711309
PREFADE-F,NAS100_TRAIN,2008-06-11 13:29:00+00:00,1,8.5,1.7999999999999545,-8.463061189118434
PREFADE-F,NAS100_TRAIN,2008-06-12 12:36:00+00:00,-1,0.0,9.0,8.01371926921638
PREFADE-F,NAS100_TRAIN,2008-06-16 13:02:00+00:00,1,1.0,7.0,5.351388972600262
PREFADE-F,NAS100_TRAIN,2008-06-18 11:56:00+00:00,1,9.5,0.0,-8.369498301909061
PREFADE-F,NAS100_TRAIN,2008-06-19 12:15:00+00:00,-1,2.5,4.7999999999999545,4.7999999999999545
PREFADE-F,NAS100_TRAIN,2008-06-23 11:55:00+00:00,1,2.0,5.5,4.091458821475044
PREFADE-F,NAS100_TRAIN,2008-07-29 11:51:00+00:00,-1,3.7000000000000455,4.5,4.0734974095216785
PREFADE-F,NAS100_TRAIN,2008-07-30 12:46:00+00:00,-1,3.0,6.0,4.643889500289561
PREFADE-F,NAS100_TRAIN,2008-07-31 12:04:00+00:00,-1,3.5,9.900000000000091,4.458366247787808
PREFADE-F,NAS100_TRAIN,2008-08-11 11:36:00+00:00,-1,1.7999999999999545,5.0,4.7000000000000455
PREFADE-F,NAS100_TRAIN,2008-08-13 12:06:00+00:00,1,0.0,3.0,2.2382540800213064
PREFADE-F,NAS100_TRAIN,2008-08-13 12:51:00+00:00,1,1.199999999999818,4.7000000000000455,2.56806023592344
PREFADE-F,NAS100_TRAIN,2008-08-14 12:44:00+00:00,1,1.0,7.2999999999999545,6.097289604807429
PREFADE-F,NAS100_TRAIN,2008-08-15 13:19:00+00:00,1,0.0,6.2999999999999545,4.5102943938384215
PREFADE-F,NAS100_TRAIN,2008-08-19 12:11:00+00:00,1,4.7999999999999545,4.0,2.7722597107717775
PREFADE-F,NAS100_TRAIN,2008-08-20 12:54:00+00:00,1,0.5,6.800000000000182,5.007690781968904
PREFADE-F,NAS100_TRAIN,2008-08-27 12:37:00+00:00,-1,0.7999999999999545,6.2000000000000455,5.767201153113092
PREFADE-F,NAS100_TRAIN,2008-08-29 11:56:00+00:00,-1,0.2999999999999545,4.399999999999864,2.8999999999998636
PREFADE-F,NAS100_TRAIN,2008-08-29 12:37:00+00:00,1,2.5,3.0,2.2713929902263317
PREFADE-F,NAS100_TRAIN,2008-08-29 13:23:00+00:00,1,6.0,0.5,-5.221075557158656
PREFADE-F,NAS100_TRAIN,2008-09-01 12:16:00+00:00,-1,0.0,2.5,2.304694693301144
PREFADE-F,NAS100_TRAIN,2008-09-12 12:36:00+00:00,1,6.300000000000182,3.199999999999818,-6.051343831934673
PREFADE-F,NAS100_TRAIN,2008-09-23 13:04:00+00:00,-1,12.400000000000091,5.5,-11.483279114925153
PREFADE-F,NAS100_TRAIN,2008-10-01 12:40:00+00:00,1,4.2000000000000455,8.0,5.92130848301781
PREFADE-F,NAS100_TRAIN,2008-10-03 12:27:00+00:00,1,5.0,7.0,6.031831583516805
PREFADE-F,NAS100_TRAIN,2008-10-03 12:52:00+00:00,-1,0.0,8.5,8.5
PREFADE-F,NAS100_TRAIN,2008-10-07 12:51:00+00:00,1,12.0,25.59999999999991,11.00568807464333
PREFADE-F,NAS100_TRAIN,2008-10-07 13:11:00+00:00,-1,7.900000000000091,14.5,12.026917193266172
PREFADE-F,NAS100_TRAIN,2008-10-21 13:04:00+00:00,1,9.0,4.7000000000000455,4.7000000000000455
PREFADE-F,NAS100_TRAIN,2008-10-23 12:30:00+00:00,1,5.2000000000000455,14.900000000000091,13.981645704459197
PREFADE-F,NAS100_TRAIN,2008-11-06 12:32:00+00:00,-1,3.7999999999999545,17.399999999999864,11.17324136340767
PREFADE-F,NAS100_TRAIN,2008-11-07 14:00:00+00:00,1,2.5,11.200000000000045,10.541848982978081
PREFADE-F,NAS100_TRAIN,2008-11-14 13:29:00+00:00,1,10.200000000000045,6.2999999999999545,4.080583022566998
PREFADE-F,NAS100_TRAIN,2008-12-03 14:11:00+00:00,1,2.7000000000000455,12.0,11.979097143523404
PREFADE-F,NAS100_TRAIN,2008-12-18 13:33:00+00:00,1,0.0,1.2999999999999545,0.0
PREFADE-F,NAS100_TRAIN,2008-12-19 13:46:00+00:00,-1,7.2999999999999545,1.2000000000000455,0.9172373509479712
PREFADE-F,NAS100_TRAIN,2008-12-23 13:01:00+00:00,1,1.2000000000000455,4.0,2.5197475237941944
PREFADE-F,NAS100_TRAIN,2008-12-24 14:24:00+00:00,-1,0.7999999999999545,2.7000000000000455,2.393630629132531
PREFADE-F,NAS100_TRAIN,2008-12-31 13:25:00+00:00,1,0.7999999999999545,5.0,3.7430319371196674
PREFADE-F,NAS100_TRAIN,2009-01-05 13:34:00+00:00,1,0.7999999999999545,6.0,5.502110691822736
PREFADE-F,NAS100_TRAIN,2009-01-08 12:42:00+00:00,1,5.5,4.0,3.7863934438735214
PREFADE-F,NAS100_TRAIN,2009-02-06 13:40:00+00:00,-1,9.700000000000045,5.0,-8.851965472086476
PREFADE-F,NAS100_TRAIN,2009-02-10 12:42:00+00:00,-1,1.2000000000000455,7.5,6.453157010153973
PREFADE-F,NAS100_TRAIN,2009-02-11 12:34:00+00:00,1,6.5,1.5,-6.4353106535681945
PREFADE-F,NAS100_TRAIN,2009-02-13 14:08:00+00:00,1,9.5,3.7000000000000455,2.96923589952371
PREFADE-F,NAS100_TRAIN,2009-02-17 14:07:00+00:00,1,2.5,7.5,6.932431573138956
PREFADE-F,NAS100_TRAIN,2009-03-17 12:16:00+00:00,1,0.0,6.7000000000000455,6.603233973185297
PREFADE-F,NAS100_TRAIN,2009-03-18 13:13:00+00:00,1,1.2999999999999545,2.7000000000000455,2.563768220984457
PREFADE-F,NAS100_TRAIN,2009-03-20 11:59:00+00:00,-1,2.2999999999999545,4.2999999999999545,4.027659179737611
PREFADE-F,NAS100_TRAIN,2009-04-17 12:05:00+00:00,-1,0.5,7.0,6.879200539301792
PREFADE-F,NAS100_TRAIN,2009-04-22 11:54:00+00:00,-1,0.0,8.5,5.789077746341263
PREFADE-F,NAS100_TRAIN,2009-04-24 11:47:00+00:00,-1,2.7000000000000455,8.299999999999955,6.69466607969639
PREFADE-F,NAS100_TRAIN,2009-05-06 12:27:00+00:00,-1,6.0,5.2999999999999545,4.820327695943661
PREFADE-F,NAS100_TRAIN,2009-05-08 11:56:00+00:00,-1,2.0,5.7999999999999545,5.46565753378286
PREFADE-F,NAS100_TRAIN,2009-05-14 11:54:00+00:00,-1,1.0,5.0,4.817545637744161
PREFADE-F,NAS100_TRAIN,2009-05-19 12:39:00+00:00,1,6.0,4.699999999999818,4.0144176088949735
PREFADE-F,NAS100_TRAIN,2009-05-21 12:36:00+00:00,1,6.7999999999999545,1.0,-6.32150133735604
PREFADE-F,NAS100_TRAIN,2009-05-27 11:40:00+00:00,1,4.2000000000000455,2.5,-3.782662906381802
PREFADE-F,NAS100_TRAIN,2009-06-02 11:58:00+00:00,-1,0.7999999999999545,5.7999999999999545,5.0
PREFADE-F,NAS100_TRAIN,2009-06-03 12:53:00+00:00,1,1.2000000000000455,6.5,5.702446026589996
PREFADE-F,NAS100_TRAIN,2009-06-05 11:45:00+00:00,-1,13.5,2.5,-3.782760050806246
PREFADE-F,NAS100_TRAIN,2009-06-11 12:33:00+00:00,1,3.5,5.2999999999999545,4.889114815133553
PREFADE-F,NAS100_TRAIN,2009-06-12 11:35:00+00:00,1,6.0,3.2000000000000455,-5.728921587981404
PREFADE-F,NAS100_TRAIN,2009-06-16 12:31:00+00:00,-1,2.0,5.2999999999999545,4.014395310393411
PREFADE-F,NAS100_TRAIN,2009-06-24 12:49:00+00:00,-1,10.0,2.5,-9.909614681555013
PREFADE-F,NAS100_TRAIN,2009-06-26 12:56:00+00:00,1,2.5,4.7999999999999545,2.8960648444981416
PREFADE-F,NAS100_TRAIN,2009-07-02 13:12:00+00:00,1,11.600000000000136,3.0,-7.963439623061731
PREFADE-F,NAS100_TRAIN,2009-07-08 13:06:00+00:00,-1,0.5,4.0,3.5437549651937843
PREFADE-F,NAS100_TRAIN,2009-07-09 12:47:00+00:00,-1,2.0,3.7000000000000455,3.100805502398771
PREFADE-F,NAS100_TRAIN,2009-07-14 11:46:00+00:00,-1,5.0,3.5,2.7495077875637435
PREFADE-F,NAS100_TRAIN,2009-07-23 12:16:00+00:00,-1,0.0,4.5,4.381965035325948
PREFADE-F,NAS100_TRAIN,2009-07-31 12:18:00+00:00,-1,1.0,7.0,4.455546647712708
PREFADE-F,NAS100_TRAIN,2009-07-31 12:50:00+00:00,1,2.2000000000000455,5.5,5.258482632394589
PREFADE-F,NAS100_TRAIN,2009-08-10 12:45:00+00:00,1,0.5,4.0,3.976115707491317
PREFADE-F,NAS100_TRAIN,2009-08-14 12:48:00+00:00,1,6.2999999999999545,0.0,-6.0368692558442945
PREFADE-F,NAS100_TRAIN,2009-08-20 12:46:00+00:00,1,5.2999999999999545,4.5,4.115712425373204
PREFADE-F,NAS100_TRAIN,2009-08-25 11:54:00+00:00,-1,6.5,3.2999999999999545,2.648204724357811
PREFADE-F,NAS100_TRAIN,2009-09-03 11:34:00+00:00,-1,3.0,6.2000000000000455,5.323179756833497
PREFADE-F,NAS100_TRAIN,2009-09-11 12:50:00+00:00,-1,2.2999999999999545,5.2000000000000455,3.3007148660869916
PREFADE-F,NAS100_TRAIN,2009-09-15 12:00:00+00:00,-1,5.0,1.0,-4.743873519067847
PREFADE-F,NAS100_TRAIN,2009-09-16 12:50:00+00:00,-1,2.5,3.2000000000000455,1.8634226142344232
PREFADE-F,NAS100_TRAIN,2009-09-17 11:56:00+00:00,1,3.0,4.0,3.370615656596101
PREFADE-F,NAS100_TRAIN,2009-09-18 12:29:00+00:00,-1,6.599999999999909,0.0,-6.511469485022872
PREFADE-F,NAS100_TRAIN,2009-10-01 12:31:00+00:00,1,2.5,3.2000000000000455,2.9027980352823306
PREFADE-F,NAS100_TRAIN,2009-10-08 13:22:00+00:00,1,0.20000000000004547,5.0,4.704895276974639
PREFADE-F,NAS100_TRAIN,2009-10-15 12:22:00+00:00,1,1.2999999999999545,6.0,5.555018258616883
PREFADE-F,NAS100_TRAIN,2009-10-30 11:37:00+00:00,1,0.5,3.5,2.9179606334023447
PREFADE-F,NAS100_TRAIN,2009-11-04 13:31:00+00:00,-1,3.7000000000000455,2.5,2.0671070795863216
PREFADE-F,NAS100_TRAIN,2009-11-06 12:57:00+00:00,-1,13.200000000000045,0.5,-3.974559032920297
PREFADE-F,NAS100_TRAIN,2009-11-06 13:44:00+00:00,1,5.0,6.0,5.657178767054347
PREFADE-F,NAS100_TRAIN,2009-11-18 13:53:00+00:00,1,7.2000000000000455,3.5,-6.194662766263036
PREFADE-F,NAS100_TRAIN,2009-11-24 12:36:00+00:00,-1,0.7000000000000455,4.7999999999999545,4.590960005231182
PREFADE-F,NAS100_TRAIN,2009-12-10 13:18:00+00:00,-1,2.0,7.0,6.868131110790728
PREFADE-F,NAS100_TRAIN,2010-01-06 13:51:00+00:00,-1,3.5,1.7000000000000455,-3.5
PREFADE-F,NAS100_TRAIN,2010-02-03 13:45:00+00:00,1,1.0,4.7999999999999545,3.9587885381031356
PREFADE-F,NAS100_TRAIN,2010-02-05 13:46:00+00:00,-1,3.5,6.0,5.851021958158071
PREFADE-F,NAS100_TRAIN,2010-02-11 14:07:00+00:00,1,6.5,2.5,-6.445725700019011
PREFADE-F,NAS100_TRAIN,2010-02-17 14:07:00+00:00,-1,0.5,4.0,3.4798985583806825
PREFADE-F,NAS100_TRAIN,2010-02-24 13:01:00+00:00,-1,6.5,2.0,-5.633176326058901
PREFADE-F,NAS100_TRAIN,2010-02-26 13:31:00+00:00,1,4.2000000000000455,2.0,1.8965443423480792
PREFADE-F,NAS100_TRAIN,2010-03-02 12:47:00+00:00,-1,4.2000000000000455,3.5,1.830008503403178
PREFADE-F,NAS100_TRAIN,2010-03-03 12:40:00+00:00,1,1.7000000000000455,3.0,2.0261967490598636
PREFADE-F,NAS100_TRAIN,2010-03-03 14:06:00+00:00,-1,0.2999999999999545,3.7000000000000455,3.1195774990817426
PREFADE-F,NAS100_TRAIN,2010-03-11 13:42:00+00:00,1,2.5,2.2000000000000455,1.948128417168391
PREFADE-F,NAS100_TRAIN,2010-03-16 13:15:00+00:00,-1,0.7999999999999545,2.2000000000000455,2.0674055844463055
PREFADE-F,NAS100_TRAIN,2010-03-19 12:01:00+00:00,-1,2.7000000000000455,0.2999999999999545,-2.319654908959137
PREFADE-F,NAS100_TRAIN,2010-03-31 12:26:00+00:00,1,4.0,0.6999999999998181,-3.956847434567635
PREFADE-F,NAS100_TRAIN,2010-04-02 12:32:00+00:00,-1,3.2999999999999545,0.20000000000004547,-3.210053288500376
PREFADE-F,NAS100_TRAIN,2010-04-02 12:39:00+00:00,-1,4.5,0.20000000000004547,-4.0
PREFADE-F,NAS100_TRAIN,2010-04-07 12:22:00+00:00,1,1.2999999999999545,1.7000000000000455,1.7000000000000455
PREFADE-F,NAS100_TRAIN,2010-04-13 12:29:00+00:00,-1,1.7000000000000455,1.7999999999999545,1.6542740188176595
PREFADE-F,NAS100_TRAIN,2010-04-14 11:57:00+00:00,-1,3.2999999999999545,0.20000000000004547,-2.886714945321728
PREFADE-F,NAS100_TRAIN,2010-05-05 12:17:00+00:00,1,8.0,1.0,-7.066587719496965
PREFADE-F,NAS100_TRAIN,2010-05-24 13:13:00+00:00,-1,15.299999999999955,7.2000000000000455,-13.799999999999955
PREFADE-F,NAS100_TRAIN,2010-06-04 11:32:00+00:00,1,19.699999999999818,3.300000000000182,-14.951818030183176
PREFADE-F,NAS100_TRAIN,2010-06-11 12:53:00+00:00,1,4.0,7.0,6.535701502796201
PREFADE-F,NAS100_TRAIN,2010-06-14 12:15:00+00:00,-1,8.200000000000045,2.0,-7.2000000000000455
PREFADE-F,NAS100_TRAIN,2010-06-16 12:29:00+00:00,1,2.2999999999999545,5.0,4.200125153620547
PREFADE-F,NAS100_TRAIN,2010-06-18 12:41:00+00:00,1,0.2999999999999545,3.5,3.1662606991387747
PREFADE-F,NAS100_TRAIN,2010-07-01 12:58:00+00:00,-1,9.699999999999818,1.800000000000182,-9.199999999999818
PREFADE-F,NAS100_TRAIN,2010-07-02 12:30:00+00:00,-1,6.300000000000182,10.199999999999818,5.96885499772452
PREFADE-F,NAS100_TRAIN,2010-07-02 13:23:00+00:00,-1,2.0,7.300000000000182,5.361252732345974
PREFADE-F,NAS100_TRAIN,2010-07-08 13:30:00+00:00,-1,3.199999999999818,9.300000000000182,8.009313188118767
PREFADE-F,NAS100_TRAIN,2010-07-21 12:56:00+00:00,-1,3.0,7.5,6.100559077174694
PREFADE-F,NAS100_TRAIN,2010-07-28 12:37:00+00:00,1,2.2000000000000455,6.5,5.2999999999999545
PREFADE-F,NAS100_TRAIN,2010-07-29 13:00:00+00:00,-1,4.7000000000000455,4.2999999999999545,3.752348851971419
PREFADE-F,NAS100_TRAIN,2010-08-10 12:36:00+00:00,1,12.299999999999955,5.2000000000000455,-10.255459292767
PREFADE-F,NAS100_TRAIN,2010-08-26 12:42:00+00:00,-1,2.5,5.300000000000182,5.252704242800974
PREFADE-F,NAS100_TRAIN,2010-08-27 12:46:00+00:00,-1,1.0,9.700000000000045,8.728259457011973
PREFADE-F,NAS100_TRAIN,2010-08-30 11:55:00+00:00,1,5.5,4.0,3.9068556523393454
PREFADE-F,NAS100_TRAIN,2010-09-02 12:31:00+00:00,-1,2.0,4.0,3.6632794112827014
PREFADE-F,NAS100_TRAIN,2010-09-06 12:23:00+00:00,-1,2.7999999999999545,2.7000000000000455,2.424070824109549
PREFADE-F,NAS100_TRAIN,2010-09-07 11:41:00+00:00,1,0.0,7.2000000000000455,7.050710543551304
PREFADE-F,NAS100_TRAIN,2010-09-16 12:35:00+00:00,1,1.5,2.0,2.0
PREFADE-F,NAS100_TRAIN,2010-09-21 13:06:00+00:00,-1,0.5,4.800000000000182,4.219804786958775
PREFADE-F,NAS100_TRAIN,2010-10-01 12:31:00+00:00,-1,4.5,4.0,3.9490673549146322
PREFADE-F,NAS100_TRAIN,2010-10-06 12:24:00+00:00,1,3.0,3.0,2.8922149355285
PREFADE-F,NAS100_TRAIN,2010-10-08 12:44:00+00:00,-1,0.3000000000001819,6.7999999999999545,5.5140596976116285
PREFADE-F,NAS100_TRAIN,2010-10-14 13:20:00+00:00,1,6.200000000000273,4.0,3.025316585828932
PREFADE-F,NAS100_TRAIN,2010-10-19 13:14:00+00:00,1,5.5,5.5,4.136702554136718
PREFADE-F,NAS100_TRAIN,2010-10-22 12:36:00+00:00,-1,4.5,3.700000000000273,3.4629412015110574
PREFADE-F,NAS100_TRAIN,2010-10-29 13:02:00+00:00,-1,7.0,3.0,-6.764613933335568
PREFADE-F,NAS100_TRAIN,2010-11-01 12:20:00+00:00,1,2.699999999999818,4.5,2.869018390684687
PREFADE-F,NAS100_TRAIN,2010-11-05 12:41:00+00:00,-1,0.5,5.5,5.0
PREFADE-F,NAS100_TRAIN,2010-11-19 12:59:00+00:00,1,0.1999999999998181,5.800000000000182,5.391445680055767
PREFADE-F,NAS100_TRAIN,2010-11-24 13:37:00+00:00,-1,10.5,0.0,-10.193336535009166
PREFADE-F,NAS100_TRAIN,2010-12-02 12:48:00+00:00,-1,0.0,9.5,7.086515190818318
PREFADE-F,NAS100_TRAIN,2010-12-03 13:47:00+00:00,1,3.5,11.5,9.654067698757899
PREFADE-F,NAS100_TRAIN,2010-12-10 12:58:00+00:00,-1,1.699999999999818,3.5,2.800000000000182
PREFADE-F,NAS100_TRAIN,2010-12-17 14:22:00+00:00,-1,0.8000000000001819,4.0,2.8592593100220256
PREFADE-F,NAS100_TRAIN,2010-12-22 12:53:00+00:00,-1,2.0,0.5,-1.8977455058538908
PREFADE-F,NAS100_TRAIN,2011-01-07 13:04:00+00:00,-1,3.5,10.0,3.29698160977523
PREFADE-F,NAS100_TRAIN,2011-01-13 13:56:00+00:00,1,0.5,2.699999999999818,2.5737333881256745
PREFADE-F,NAS100_TRAIN,2011-01-14 13:14:00+00:00,1,1.5,5.299999999999727,5.299999999999727
PREFADE-F,NAS100_TRAIN,2011-01-20 12:56:00+00:00,1,0.7000000000002728,4.5,4.413226078779644
PREFADE-F,NAS100_TRAIN,2011-01-28 13:32:00+00:00,-1,5.0,2.5,2.344199840082638
PREFADE-F,NAS100_TRAIN,2011-02-01 13:28:00+00:00,-1,7.199999999999818,2.0,-6.953096862700022
PREFADE-F,NAS100_TRAIN,2011-02-03 13:25:00+00:00,1,0.1999999999998181,4.300000000000182,3.94184694718615
PREFADE-F,NAS100_TRAIN,2011-02-04 12:44:00+00:00,-1,3.0,1.0,-3.0
PREFADE-F,NAS100_TRAIN,2011-02-15 13:37:00+00:00,1,1.5,5.0,3.4267086423678847
PREFADE-F,NAS100_TRAIN,2011-03-04 13:47:00+00:00,1,1.5,4.799999999999727,4.553248642967446
PREFADE-F,NAS100_TRAIN,2011-03-08 13:21:00+00:00,1,10.0,6.200000000000273,4.378289516802397
PREFADE-F,NAS100_TRAIN,2011-03-09 14:08:00+00:00,1,8.200000000000273,3.299999999999727,-7.12288671074657
PREFADE-F,NAS100_TRAIN,2011-03-22 13:27:00+00:00,-1,0.7999999999997272,6.200000000000273,5.721409711061824
PREFADE-F,NAS100_TRAIN,2011-03-25 12:30:00+00:00,1,3.5,2.299999999999727,1.5191308737635154
PREFADE-F,NAS100_TRAIN,2011-04-07 11:57:00+00:00,-1,3.5,0.3000000000001819,-3.3178825585237064
PREFADE-F,NAS100_TRAIN,2011-04-07 12:33:00+00:00,-1,1.0,4.0,3.8647542323983544
PREFADE-F,NAS100_TRAIN,2011-04-15 13:29:00+00:00,-1,0.0,5.5,5.035009350339351
PREFADE-F,NAS100_TRAIN,2011-04-19 12:03:00+00:00,-1,2.5,5.0,4.818314751726575
PREFADE-F,NAS100_TRAIN,2011-05-11 13:18:00+00:00,1,3.699999999999818,4.300000000000182,3.4269255456629253
PREFADE-F,NAS100_TRAIN,2011-05-20 11:38:00+00:00,1,0.3000000000001819,5.5,4.694983127652449
PREFADE-F,NAS100_TRAIN,2011-06-13 12:34:00+00:00,-1,2.0,4.299999999999727,3.1322124527864617
PREFADE-F,NAS100_TRAIN,2011-06-24 12:16:00+00:00,1,0.0,7.300000000000182,7.041172810340413
PREFADE-F,NAS100_TRAIN,2011-07-05 12:07:00+00:00,1,1.300000000000182,2.5,2.3918341608796254
PREFADE-F,NAS100_TRAIN,2011-07-07 12:53:00+00:00,-1,9.700000000000273,2.799999999999727,-9.0
PREFADE-F,NAS100_TRAIN,2011-07-12 12:45:00+00:00,-1,2.799999999999727,13.0,12.82648957866104
PREFADE-F,NAS100_TRAIN,2011-07-21 12:12:00+00:00,-1,9.599999999999909,6.0,5.222295500745986
PREFADE-F,NAS100_TRAIN,2011-07-22 11:38:00+00:00,1,4.299999999999727,1.0,-3.8912628939156093
PREFADE-F,NAS100_TRAIN,2011-07-28 12:47:00+00:00,-1,1.7999999999997272,7.800000000000182,7.656998018888771
PREFADE-F,NAS100_TRAIN,2011-08-05 12:37:00+00:00,-1,9.0,19.5,16.787021452829777
PREFADE-F,NAS100_TRAIN,2011-08-10 12:00:00+00:00,1,21.09999999999991,0.6999999999998181,-19.264001664525495
PREFADE-F,NAS100_TRAIN,2011-08-12 12:40:00+00:00,-1,8.0,18.799999999999727,14.748270363881147
PREFADE-F,NAS100_TRAIN,2011-08-24 12:55:00+00:00,-1,16.5,9.0,-16.023331058283475
PREFADE-F,NAS100_TRAIN,2011-08-26 12:09:00+00:00,1,10.300000000000182,6.699999999999818,5.04239485995231
PREFADE-F,NAS100_TRAIN,2011-09-09 13:27:00+00:00,1,13.5,5.800000000000182,5.0917995387712836
PREFADE-F,NAS100_TRAIN,2011-09-21 11:47:00+00:00,1,9.0,2.300000000000182,-8.749408406562452
PREFADE-F,NAS100_TRAIN,2011-10-07 12:36:00+00:00,-1,7.199999999999818,11.100000000000364,10.494014403657275
PREFADE-F,NAS100_TRAIN,2011-10-18 11:53:00+00:00,1,1.800000000000182,7.299999999999727,6.367802705321537
PREFADE-F,NAS100_TRAIN,2011-11-04 11:43:00+00:00,1,7.799999999999727,4.5,-7.641806977149827
PREFADE-F,NAS100_TRAIN,2011-11-04 13:14:00+00:00,1,0.0,11.700000000000273,10.642949616476471
PREFADE-F,NAS100_TRAIN,2011-11-11 13:24:00+00:00,-1,16.09999999999991,5.200000000000273,-14.076685513712164
PREFADE-F,NAS100_TRAIN,2011-11-22 13:25:00+00:00,1,6.200000000000273,8.799999999999727,8.293548571094107
PREFADE-F,NAS100_TRAIN,2011-12-05 13:54:00+00:00,-1,3.5,12.300000000000182,9.902984924643533
PREFADE-F,NAS100_TRAIN,2011-12-08 12:57:00+00:00,-1,0.29999999999972715,6.0,5.9778450863123
PREFADE-F,NAS100_TRAIN,2011-12-08 13:31:00+00:00,-1,8.0,0.7999999999997272,-7.481704250700204
PREFADE-F,NAS100_TRAIN,2011-12-08 14:07:00+00:00,1,11.0,8.5,7.416617692681484
PREFADE-F,NAS100_TRAIN,2011-12-13 12:32:00+00:00,-1,7.5,8.299999999999727,2.9249952043805933
PREFADE-F,NAS100_TRAIN,2011-12-16 13:02:00+00:00,-1,4.800000000000182,6.800000000000182,4.522630129500158
PREFADE-F,NAS100_TRAIN,2011-12-30 13:01:00+00:00,-1,0.29999999999972715,3.0,2.7517009476296153
PREFADE-F,NAS100_TRAIN,2011-12-30 14:01:00+00:00,1,3.299999999999727,3.5,1.5
PREFADE-F,NAS100_TRAIN,2012-01-03 13:11:00+00:00,1,4.299999999999727,3.5,2.7768444286307385
PREFADE-F,NAS100_TRAIN,2012-01-06 13:36:00+00:00,-1,1.199999999999818,9.5,7.911324775580397
PREFADE-F,NAS100_TRAIN,2012-01-27 13:56:00+00:00,1,2.0,10.0,6.698125478282691
PREFADE-F,NAS100_TRAIN,2012-02-16 13:38:00+00:00,-1,3.0,5.0,4.180331626626412
PREFADE-F,NAS100_TRAIN,2012-02-17 14:29:00+00:00,1,9.0,0.0,-3.286407617390978
PREFADE-F,NAS100_TRAIN,2012-03-12 11:34:00+00:00,-1,2.5,1.0,-1.3827408925099007
PREFADE-F,NAS100_TRAIN,2012-03-12 11:44:00+00:00,1,1.7999999999997272,0.0,-1.7566567933158694
PREFADE-F,NAS100_TRAIN,2012-03-12 11:52:00+00:00,1,1.0,2.0,1.7999999999997272
PREFADE-F,NAS100_TRAIN,2012-03-12 12:44:00+00:00,1,1.0,3.400000000000091,3.0958402751875838
PREFADE-F,NAS100_TRAIN,2012-03-21 12:42:00+00:00,1,0.599999999999909,4.799999999999727,4.6157422375245005
PREFADE-F,NAS100_TRAIN,2012-04-06 12:43:00+00:00,1,8.800000000000182,2.799999999999727,-4.599999999999909
PREFADE-F,NAS100_TRAIN,2012-04-19 11:36:00+00:00,1,0.0,9.900000000000091,9.220305671869028
PREFADE-F,NAS100_TRAIN,2012-04-19 12:49:00+00:00,1,5.5,8.100000000000364,7.500173275454017
PREFADE-F,NAS100_TRAIN,2012-04-30 13:05:00+00:00,1,10.300000000000182,6.5,-3.800000000000182
PREFADE-F,NAS100_TRAIN,2012-05-03 11:49:00+00:00,-1,0.5,4.799999999999727,4.706591025289526
PREFADE-F,NAS100_TRAIN,2012-05-04 12:48:00+00:00,1,11.800000000000182,1.0,-9.956494159304384
PREFADE-F,NAS100_TRAIN,2012-05-09 12:26:00+00:00,1,5.5,9.0,8.281123945448144
PREFADE-F,NAS100_TRAIN,2012-05-10 11:49:00+00:00,-1,9.799999999999727,8.700000000000273,7.35900289042047
PREFADE-F,NAS100_TRAIN,2012-05-11 13:21:00+00:00,1,2.700000000000273,7.5,7.33254388521209
PREFADE-F,NAS100_TRAIN,2012-06-11 13:20:00+00:00,1,19.09999999999991,4.199999999999818,-18.770931472913617
PREFADE-F,NAS100_TRAIN,2012-06-13 11:34:00+00:00,1,0.5,5.299999999999727,4.551325419892692
PREFADE-F,NAS100_TRAIN,2012-06-13 13:01:00+00:00,1,6.599999999999909,5.200000000000273,4.996289619786239
PREFADE-F,NAS100_TRAIN,2012-06-14 12:07:00+00:00,1,4.400000000000091,7.400000000000091,6.617522685221957
PREFADE-F,NAS100_TRAIN,2012-06-18 12:27:00+00:00,1,8.299999999999727,12.300000000000182,10.937471378789269
PREFADE-F,NAS100_TRAIN,2012-06-19 11:31:00+00:00,-1,6.799999999999727,2.599999999999909,-6.60650679839182
PREFADE-F,NAS100_TRAIN,2012-06-21 11:46:00+00:00,-1,2.100000000000364,8.699999999999818,6.423545819573974
PREFADE-F,NAS100_TRAIN,2012-06-22 13:24:00+00:00,-1,2.599999999999909,5.100000000000364,4.0486973452516395
PREFADE-F,NAS100_TRAIN,2012-06-26 12:18:00+00:00,1,0.8000000000001819,4.5,4.5
PREFADE-F,NAS100_TRAIN,2012-07-09 13:00:00+00:00,-1,6.799999999999727,4.5,-6.511189828848728
PREFADE-F,NAS100_TRAIN,2012-07-19 12:04:00+00:00,-1,4.5,1.5,-4.294448580615608
PREFADE-F,NAS100_TRAIN,2012-07-20 12:16:00+00:00,1,2.300000000000182,5.199999999999818,5.063403850351278
PREFADE-F,NAS100_TRAIN,2012-07-25 12:29:00+00:00,-1,15.199999999999818,2.5,-14.851257230043757
PREFADE-F,NAS100_TRAIN,2012-07-30 12:51:00+00:00,-1,7.199999999999818,0.1000000000003638,-6.487703428721943
PREFADE-F,NAS100_TRAIN,2012-08-02 12:12:00+00:00,-1,11.299999999999727,0.6000000000003638,-8.697705726758159
PREFADE-F,NAS100_TRAIN,2012-08-06 11:34:00+00:00,-1,1.2000000000002728,6.199999999999818,5.05277821988102
PREFADE-F,NAS100_TRAIN,2012-08-08 13:19:00+00:00,1,1.300000000000182,4.5,4.450238517865728
PREFADE-F,NAS100_TRAIN,2012-08-14 12:37:00+00:00,-1,1.0,6.899999999999636,5.06054698973503
PREFADE-F,NAS100_TRAIN,2012-08-15 13:11:00+00:00,-1,6.700000000000273,1.7999999999997272,-3.7493795815166777
PREFADE-F,NAS100_TRAIN,2012-08-16 12:36:00+00:00,-1,0.3000000000001819,4.5,3.937803807122691
PREFADE-F,NAS100_TRAIN,2012-08-17 13:16:00+00:00,-1,4.799999999999727,0.0,-4.221251242821836
PREFADE-F,NAS100_TRAIN,2012-08-20 11:47:00+00:00,1,0.0,3.5,3.107470301070407
PREFADE-F,NAS100_TRAIN,2012-08-24 11:51:00+00:00,1,0.0,5.800000000000182,4.2494596404371805
PREFADE-F,NAS100_TRAIN,2012-08-30 11:50:00+00:00,1,5.5,3.200000000000273,-5.189918025654151
PREFADE-F,NAS100_TRAIN,2012-09-17 12:55:00+00:00,-1,2.0,4.599999999999909,4.342235427955075
PREFADE-F,NAS100_TRAIN,2012-09-21 12:16:00+00:00,-1,4.400000000000091,0.599999999999909,-3.76955105227853
PREFADE-F,NAS100_TRAIN,2012-09-26 12:05:00+00:00,1,7.199999999999818,1.2000000000002728,-7.006274764918999
PREFADE-F,NAS100_TRAIN,2012-10-03 12:16:00+00:00,-1,5.300000000000182,3.699999999999818,2.8522788541599766
PREFADE-F,NAS100_TRAIN,2012-10-05 12:40:00+00:00,-1,4.200000000000273,4.699999999999818,4.452080709706479
PREFADE-F,NAS100_TRAIN,2012-10-16 11:36:00+00:00,-1,7.0,1.400000000000091,-5.728228038050929
PREFADE-F,NAS100_TRAIN,2012-10-17 13:26:00+00:00,1,2.399999999999636,5.800000000000182,4.926632368665196
PREFADE-F,NAS100_TRAIN,2012-11-02 12:36:00+00:00,-1,0.40000000000009095,3.400000000000091,3.141233709809512
PREFADE-F,NAS100_TRAIN,2012-11-02 12:46:00+00:00,-1,4.599999999999909,4.599999999999909,2.687153015423519
PREFADE-F,NAS100_TRAIN,2012-11-05 13:30:00+00:00,1,0.0,7.0,5.99172119708237
PREFADE-F,NAS100_TRAIN,2012-11-05 13:46:00+00:00,-1,7.300000000000182,3.0,-7.237093668362377
PREFADE-F,NAS100_TRAIN,2012-11-12 13:27:00+00:00,-1,3.299999999999727,4.300000000000182,4.08422253554545
PREFADE-F,NAS100_TRAIN,2012-11-13 14:30:00+00:00,1,5.100000000000364,7.699999999999818,5.832188747378041
PREFADE-F,NAS100_TRAIN,2012-11-20 13:47:00+00:00,-1,2.799999999999727,4.700000000000273,4.224253203959506
PREFADE-F,NAS100_TRAIN,2012-11-23 14:04:00+00:00,-1,11.199999999999818,0.40000000000009095,-7.336496709442599
PREFADE-F,NAS100_TRAIN,2012-11-26 13:55:00+00:00,-1,2.900000000000091,3.599999999999909,2.199999999999818
PREFADE-F,NAS100_TRAIN,2012-12-03 12:40:00+00:00,-1,7.200000000000273,2.5,0.6847040044563073
PREFADE-F,NAS100_TRAIN,2012-12-06 14:22:00+00:00,1,6.400000000000091,6.299999999999727,4.42581459169196
PREFADE-F,NAS100_TRAIN,2012-12-14 12:46:00+00:00,1,7.200000000000273,0.5,-7.200000000000273
PREFADE-F,NAS100_TRAIN,2012-12-26 14:19:00+00:00,-1,0.5,2.200000000000273,2.155555593839381
PREFADE-F,NAS100_TRAIN,2012-12-27 13:01:00+00:00,-1,0.20000000000027285,4.299999999999727,4.05850200666373
PREFADE-F,NAS100_TRAIN,2012-12-31 12:46:00+00:00,1,0.3999999999996362,5.100000000000364,4.752432237008179
PREFADE-F,NAS100_TRAIN,2013-01-03 12:50:00+00:00,1,0.7000000000002728,3.899999999999636,2.9688396757242117
PREFADE-F,NAS100_TRAIN,2013-01-04 13:32:00+00:00,-1,0.5,7.100000000000364,6.518225017307486
PREFADE-F,NAS100_TRAIN,2013-01-07 12:51:00+00:00,1,4.200000000000273,2.299999999999727,-4.088628164777674
PREFADE-F,NAS100_TRAIN,2013-01-30 13:34:00+00:00,1,1.0,4.5,4.316966914271688
PREFADE-F,NAS100_TRAIN,2013-01-31 13:31:00+00:00,1,1.900000000000091,2.300000000000182,2.2647170732607265
PREFADE-F,NAS100_TRAIN,2013-02-01 13:37:00+00:00,-1,7.0,6.899999999999636,3.702769573707883
PREFADE-F,NAS100_TRAIN,2013-02-07 13:53:00+00:00,-1,3.200000000000273,5.599999999999909,4.3657065533575405
PREFADE-F,NAS100_TRAIN,2013-02-13 13:40:00+00:00,-1,1.599999999999909,2.199999999999818,1.861773196732429
PREFADE-F,NAS100_TRAIN,2013-02-15 14:18:00+00:00,-1,6.700000000000273,1.2999999999997272,-5.147999477923349
PREFADE-F,NAS100_TRAIN,2013-02-18 14:30:00+00:00,-1,1.7999999999997272,1.7000000000002728,-1.7999999999997272
PREFADE-F,NAS100_TRAIN,2013-02-19 12:59:00+00:00,-1,5.099999999999909,1.5,-4.276023788590464
PREFADE-F,NAS100_TRAIN,2013-02-22 13:37:00+00:00,-1,1.5,4.399999999999636,4.132798962051311
PREFADE-F,NAS100_TRAIN,2013-02-27 12:35:00+00:00,-1,5.799999999999727,2.200000000000273,-4.534809201871212
PREFADE-F,NAS100_TRAIN,2013-03-05 12:45:00+00:00,-1,6.700000000000273,0.7999999999997272,-6.5
PREFADE-F,NAS100_TRAIN,2013-03-21 13:21:00+00:00,1,8.099999999999909,4.0,-7.541730489256679
PREFADE-F,NAS100_TRAIN,2013-03-26 13:26:00+00:00,-1,4.799999999999727,3.0,2.030799682685938
PREFADE-F,NAS100_TRAIN,2013-04-01 12:56:00+00:00,-1,0.5,3.799999999999727,3.671783037746536
PREFADE-F,NAS100_TRAIN,2013-04-03 11:31:00+00:00,1,0.7000000000002728,2.199999999999818,1.6135088268079016
PREFADE-F,NAS100_TRAIN,2013-04-12 13:26:00+00:00,1,0.5,8.5,8.441417453651866
PREFADE-F,NAS100_TRAIN,2013-04-18 11:57:00+00:00,-1,1.1000000000003638,7.299999999999727,7.278275638556352
PREFADE-F,NAS100_TRAIN,2013-04-24 12:16:00+00:00,1,1.7000000000002728,7.299999999999727,5.978088775982087
PREFADE-F,NAS100_TRAIN,2013-05-01 12:15:00+00:00,-1,0.0,2.200000000000273,2.049865258029058
PREFADE-F,NAS100_TRAIN,2013-05-01 13:22:00+00:00,1,0.7000000000002728,3.0,2.8231914423749913
PREFADE-F,NAS100_TRAIN,2013-05-08 13:07:00+00:00,1,0.20000000000027285,3.699999999999818,2.606191493944152
PREFADE-F,NAS100_TRAIN,2013-05-15 13:02:00+00:00,1,3.799999999999727,1.0,-3.799999999999727
PREFADE-F,NAS100_TRAIN,2013-05-17 11:49:00+00:00,-1,7.200000000000273,1.0,-4.2162859929335355
PREFADE-F,NAS100_TRAIN,2013-05-20 12:20:00+00:00,1,3.299999999999727,2.700000000000273,2.338012690567666
PREFADE-F,NAS100_TRAIN,2013-05-28 13:27:00+00:00,-1,11.099999999999909,7.200000000000273,4.9430337913072435
PREFADE-F,NAS100_TRAIN,2013-06-04 12:15:00+00:00,-1,6.0,0.7000000000002728,-5.904059934664929
PREFADE-F,NAS100_TRAIN,2013-06-06 11:40:00+00:00,-1,3.5,1.7000000000002728,-2.8200092254983247
PREFADE-F,NAS100_TRAIN,2013-06-06 12:26:00+00:00,-1,1.2999999999997272,3.700000000000273,3.2144143808859553
PREFADE-F,NAS100_TRAIN,2013-06-06 13:18:00+00:00,1,4.799999999999727,4.5,2.831834950099619
PREFADE-F,NAS100_TRAIN,2013-06-07 12:31:00+00:00,-1,6.5,7.5,-5.256364931325152
PREFADE-F,NAS100_TRAIN,2013-07-02 13:00:00+00:00,1,1.2000000000002728,6.799999999999727,6.039114724319461
PREFADE-F,NAS100_TRAIN,2013-07-04 12:35:00+00:00,-1,10.700000000000273,1.0,-9.148739504980313
PREFADE-F,NAS100_TRAIN,2013-07-05 11:37:00+00:00,1,5.0,0.29999999999972715,-4.613726914608833
PREFADE-F,NAS100_TRAIN,2013-07-05 12:31:00+00:00,1,3.200000000000273,4.399999999999636,2.388667707008608
PREFADE-F,NAS100_TRAIN,2013-07-16 12:56:00+00:00,-1,2.100000000000364,2.0,1.9226420791633245
PREFADE-F,NAS100_TRAIN,2013-08-02 11:44:00+00:00,-1,2.5,0.5,-2.33358454322115
PREFADE-F,NAS100_TRAIN,2013-08-02 12:31:00+00:00,1,5.299999999999727,0.5,-4.139795239885643
PREFADE-F,NAS100_TRAIN,2013-08-02 12:38:00+00:00,-1,0.5,3.299999999999727,3.0239518665130163
PREFADE-F,NAS100_TRAIN,2013-08-08 12:31:00+00:00,-1,3.700000000000273,4.799999999999727,3.6052547584517924
PREFADE-F,NAS100_TRAIN,2013-08-15 12:18:00+00:00,1,10.200000000000273,0.29999999999972715,-9.368898548287689
PREFADE-F,NAS100_TRAIN,2013-08-28 11:50:00+00:00,1,1.7000000000002728,5.5,5.364338368134213
PREFADE-F,NAS100_TRAIN,2013-09-02 11:53:00+00:00,-1,1.7999999999997272,4.700000000000273,4.700000000000273
PREFADE-F,NAS100_TRAIN,2013-09-06 11:58:00+00:00,-1,8.699999999999818,1.0,-8.51011262631755
PREFADE-F,NAS100_TRAIN,2013-09-06 12:37:00+00:00,-1,4.099999999999909,10.200000000000273,6.824921385147263
PREFADE-F,NAS100_TRAIN,2013-09-12 11:57:00+00:00,-1,2.5,3.200000000000273,2.7244813427250847
PREFADE-F,NAS100_TRAIN,2013-09-17 11:50:00+00:00,-1,3.5,0.20000000000027285,-3.3629629210026906
PREFADE-F,NAS100_TRAIN,2013-10-09 12:13:00+00:00,1,0.09999999999990905,3.700000000000273,3.4740069752538147
PREFADE-F,NAS100_TRAIN,2013-10-15 12:20:00+00:00,1,2.0,4.5,3.7539915026382005
PREFADE-F,NAS100_TRAIN,2013-10-15 13:24:00+00:00,1,0.20000000000027285,7.599999999999909,7.318957195364419
PREFADE-F,NAS100_TRAIN,2013-10-17 13:28:00+00:00,1,1.0,5.200000000000273,4.137538763230623
PREFADE-F,NAS100_TRAIN,2013-10-22 12:36:00+00:00,-1,10.800000000000182,1.199999999999818,-10.428433275888892
PREFADE-F,NAS100_TRAIN,2013-10-24 12:56:00+00:00,1,6.200000000000273,4.599999999999909,4.068203019566681
PREFADE-F,NAS100_TRAIN,2013-10-25 13:00:00+00:00,-1,4.299999999999727,6.0,5.3723940739373575
PREFADE-F,NAS100_TRAIN,2013-10-28 12:37:00+00:00,1,5.599999999999909,4.200000000000273,3.8019885951703145
PREFADE-F,NAS100_TRAIN,2013-11-01 12:02:00+00:00,-1,5.5,0.0,-4.21433540949829
PREFADE-F,NAS100_TRAIN,2013-11-07 12:40:00+00:00,-1,6.5,2.699999999999818,-3.685184818351445
PREFADE-F,NAS100_TRAIN,2013-11-21 14:12:00+00:00,-1,14.599999999999909,1.2000000000002728,-6.799999999999727
PREFADE-F,NAS100_TRAIN,2013-11-22 14:17:00+00:00,-1,6.700000000000273,2.5,-5.34159487572515
PREFADE-F,NAS100_TRAIN,2013-11-27 14:10:00+00:00,-1,4.799999999999727,2.700000000000273,-4.5112991047535616
PREFADE-F,NAS100_TRAIN,2013-12-04 14:04:00+00:00,1,5.5,7.200000000000273,6.458557039488369
PREFADE-F,NAS100_TRAIN,2013-12-06 13:45:00+00:00,-1,11.5,0.3000000000001819,-11.39255600569777
PREFADE-F,NAS100_TRAIN,2013-12-09 12:45:00+00:00,-1,3.5,0.20000000000027285,-3.310078126008648
PREFADE-F,NAS100_TRAIN,2013-12-17 13:06:00+00:00,-1,2.0,4.700000000000273,3.7062758884076175
PREFADE-F,NAS100_TRAIN,2013-12-26 13:15:00+00:00,-1,0.0,1.2000000000002728,0.8861791657241156
PREFADE-F,NAS100_TRAIN,2013-12-26 13:49:00+00:00,-1,1.5,0.0,-1.5
PREFADE-F,NAS100_TRAIN,2013-12-30 13:06:00+00:00,1,3.200000000000273,0.0,-3.0
PREFADE-F,NAS100_TRAIN,2013-12-31 12:33:00+00:00,-1,2.0,0.0,-2.0
PREFADE-F,NAS100_TRAIN,2014-01-20 13:02:00+00:00,-1,2.5,1.2999999999997272,-1.400000000000091
PREFADE-F,NAS100_TRAIN,2014-01-30 13:04:00+00:00,-1,12.099999999999909,6.100000000000364,-11.565454433200102
PREFADE-F,NAS100_TRAIN,2014-02-04 13:20:00+00:00,-1,8.200000000000273,1.0,-6.976344034276281
PREFADE-F,NAS100_TRAIN,2014-02-05 13:29:00+00:00,1,2.199999999999818,9.900000000000091,6.9215727573241566
PREFADE-F,NAS100_TRAIN,2014-02-06 13:26:00+00:00,-1,1.5,11.300000000000182,8.860684695883265
PREFADE-F,NAS100_TRAIN,2014-02-07 13:53:00+00:00,-1,14.0,9.0,7.720190011860723
PREFADE-F,NAS100_TRAIN,2014-02-12 14:29:00+00:00,-1,9.0,0.6000000000003638,-8.295669012927647
PREFADE-F,NAS100_TRAIN,2014-02-19 12:42:00+00:00,1,0.0,6.800000000000182,6.469111875419912
PREFADE-F,NAS100_TRAIN,2014-02-21 14:29:00+00:00,-1,0.09999999999990905,7.100000000000364,4.324962911310195
PREFADE-F,NAS100_TRAIN,2014-02-25 12:34:00+00:00,1,0.09999999999990905,4.099999999999909,4.0
PREFADE-F,NAS100_TRAIN,2014-02-25 14:14:00+00:00,-1,3.0,6.599999999999909,3.5762991053861697
PREFADE-F,NAS100_TRAIN,2014-02-26 14:15:00+00:00,1,1.5,4.300000000000182,3.3312924658876
PREFADE-F,NAS100_TRAIN,2014-03-05 12:45:00+00:00,-1,2.800000000000182,3.0,2.7847443338696394
PREFADE-F,NAS100_TRAIN,2014-03-06 14:30:00+00:00,-1,3.199999999999818,2.800000000000182,0.9292941832095494
PREFADE-F,NAS100_TRAIN,2014-03-07 13:40:00+00:00,-1,3.900000000000091,10.400000000000091,7.622456934731872
PREFADE-F,NAS100_TRAIN,2014-03-14 12:16:00+00:00,1,7.099999999999909,0.1000000000003638,-6.7990765203967385
PREFADE-F,NAS100_TRAIN,2014-03-14 12:53:00+00:00,1,0.1999999999998181,6.700000000000273,6.14275836470506
PREFADE-F,NAS100_TRAIN,2014-03-14 13:24:00+00:00,1,4.799999999999727,8.0,7.9218755609413165
PREFADE-F,NAS100_TRAIN,2014-03-25 11:32:00+00:00,-1,6.099999999999909,0.20000000000027285,-6.027500464836521
PREFADE-F,NAS100_TRAIN,2014-03-27 12:43:00+00:00,1,7.099999999999909,0.09999999999990905,-6.699999999999818
PREFADE-F,NAS100_TRAIN,2014-03-27 13:02:00+00:00,1,17.200000000000273,4.399999999999636,-9.488341667593431
PREFADE-F,NAS100_TRAIN,2014-03-31 11:51:00+00:00,-1,4.5,1.099999999999909,-3.555526125214328
PREFADE-F,NAS100_TRAIN,2014-04-04 11:48:00+00:00,-1,6.599999999999909,1.900000000000091,-5.203122402051122
PREFADE-F,NAS100_TRAIN,2014-04-09 12:37:00+00:00,-1,8.599999999999909,3.400000000000091,2.520923203496295
PREFADE-F,NAS100_TRAIN,2014-04-14 11:47:00+00:00,-1,11.200000000000273,0.0,-10.826754844280458
PREFADE-F,NAS100_TRAIN,2014-04-22 13:00:00+00:00,-1,8.099999999999909,1.199999999999818,-7.227193310307939
PREFADE-F,NAS100_TRAIN,2014-04-30 11:45:00+00:00,-1,3.899999999999636,6.200000000000273,4.431023487215043
PREFADE-F,NAS100_TRAIN,2014-05-08 12:32:00+00:00,1,10.699999999999818,3.0,-9.608480667616732
PREFADE-F,NAS100_TRAIN,2014-05-09 12:08:00+00:00,1,1.7999999999997272,7.700000000000273,6.718179758633596
PREFADE-F,NAS100_TRAIN,2014-05-13 12:42:00+00:00,1,0.5,3.599999999999909,3.089347106738387
PREFADE-F,NAS100_TRAIN,2014-05-14 12:26:00+00:00,1,4.599999999999909,4.0,3.7736690892365914
PREFADE-F,NAS100_TRAIN,2014-05-16 13:30:00+00:00,-1,0.3000000000001819,7.299999999999727,5.956899586441978
PREFADE-F,NAS100_TRAIN,2014-05-29 12:59:00+00:00,-1,4.599999999999909,1.800000000000182,-3.9870610982552535
PREFADE-F,NAS100_TRAIN,2014-06-05 11:48:00+00:00,-1,7.599999999999909,2.400000000000091,-4.6918795809001494
PREFADE-F,NAS100_TRAIN,2014-06-06 12:52:00+00:00,-1,5.799999999999727,3.400000000000091,1.7327370307552883
PREFADE-F,NAS100_TRAIN,2014-06-12 12:47:00+00:00,1,6.199999999999818,1.0,-5.438839555280538
PREFADE-F,NAS100_TRAIN,2014-06-17 12:46:00+00:00,1,7.0,4.400000000000091,3.6557447755608337
PREFADE-F,NAS100_TRAIN,2014-06-25 13:30:00+00:00,1,0.599999999999909,9.600000000000364,5.69554755677018
PREFADE-F,NAS100_TRAIN,2014-06-26 12:16:00+00:00,-1,3.400000000000091,2.199999999999818,-2.83997729799421
PREFADE-F,NAS100_TRAIN,2014-07-02 13:14:00+00:00,1,2.400000000000091,0.599999999999909,-2.2675296776628784
PREFADE-F,NAS100_TRAIN,2014-07-03 12:33:00+00:00,-1,0.599999999999909,3.800000000000182,3.48686655425945
PREFADE-F,NAS100_TRAIN,2014-07-07 12:28:00+00:00,1,1.2000000000002728,4.399999999999636,3.629786533600054
PREFADE-F,NAS100_TRAIN,2014-07-08 12:54:00+00:00,1,4.800000000000182,0.1999999999998181,-4.3630049706830505
PREFADE-F,NAS100_TRAIN,2014-07-09 12:00:00+00:00,-1,4.200000000000273,0.40000000000009095,-3.429500618597558
PREFADE-F,NAS100_TRAIN,2014-07-15 11:47:00+00:00,-1,6.800000000000182,1.800000000000182,-5.901647623422832
PREFADE-F,NAS100_TRAIN,2014-07-23 12:53:00+00:00,-1,13.399999999999636,4.200000000000273,-12.91379890229473
PREFADE-F,NAS100_TRAIN,2014-07-25 13:02:00+00:00,1,7.0,1.0,-5.838706774413367
PREFADE-F,NAS100_TRAIN,2014-07-29 12:03:00+00:00,-1,9.400000000000091,6.0,2.1179542314648643
PREFADE-F,NAS100_TRAIN,2014-08-04 12:05:00+00:00,-1,0.599999999999909,5.199999999999818,4.751934079617058
PREFADE-F,NAS100_TRAIN,2014-08-05 11:34:00+00:00,1,7.399999999999636,1.0,-7.285828474685786
PREFADE-F,NAS100_TRAIN,2014-08-07 13:21:00+00:00,-1,8.199999999999818,7.0,4.741506189802294
PREFADE-F,NAS100_TRAIN,2014-08-12 13:29:00+00:00,1,3.400000000000091,7.599999999999909,7.095194560617983
PREFADE-F,NAS100_TRAIN,2014-08-19 13:29:00+00:00,-1,2.0,2.400000000000091,2.208401713249259
PREFADE-F,NAS100_TRAIN,2014-08-20 11:40:00+00:00,-1,1.7999999999997272,4.0,3.49406557837483
PREFADE-F,NAS100_TRAIN,2014-08-26 11:41:00+00:00,-1,2.0,5.799999999999727,3.8839594931414467
PREFADE-F,NAS100_TRAIN,2014-09-12 12:30:00+00:00,1,4.200000000000273,2.199999999999818,-4.139755860408513
PREFADE-F,NAS100_TRAIN,2014-09-16 13:15:00+00:00,1,6.199999999999818,5.400000000000091,5.366652552600954
PREFADE-F,NAS100_TRAIN,2014-09-17 12:09:00+00:00,1,2.200000000000273,4.599999999999909,2.3046374478358302
PREFADE-F,NAS100_TRAIN,2014-09-17 12:43:00+00:00,-1,5.199999999999818,2.599999999999909,-4.146519155385704
PREFADE-F,NAS100_TRAIN,2014-09-25 12:41:00+00:00,1,5.599999999999909,0.0,-5.381175157848702
PREFADE-F,NAS100_TRAIN,2014-10-01 11:43:00+00:00,1,5.399999999999636,4.0,3.7378764141635656
PREFADE-F,NAS100_TRAIN,2014-10-08 11:40:00+00:00,-1,0.8000000000001819,7.0,6.240723230695039
PREFADE-F,NAS100_TRAIN,2014-10-14 12:17:00+00:00,-1,15.0,10.400000000000091,7.603546856400953
PREFADE-F,NAS100_TRAIN,2014-10-20 13:19:00+00:00,1,0.6999999999998181,19.90000000000009,15.943403529323405
PREFADE-F,NAS100_TRAIN,2014-10-24 13:01:00+00:00,-1,17.0,3.5,-16.34129160704242
PREFADE-F,NAS100_TRAIN,2014-10-27 12:40:00+00:00,1,7.900000000000091,7.0,5.758766791783273
PREFADE-F,NAS100_TRAIN,2014-11-03 13:43:00+00:00,-1,5.5,0.7000000000007276,-5.176441838736537
PREFADE-F,NAS100_TRAIN,2014-11-05 14:29:00+00:00,-1,1.5,15.400000000000546,12.639920309759873
PREFADE-F,NAS100_TRAIN,2014-11-07 13:38:00+00:00,-1,3.600000000000364,5.699999999999818,3.7634756368524904
PREFADE-F,NAS100_TRAIN,2014-11-19 12:32:00+00:00,-1,1.1000000000003638,4.399999999999636,3.831111087239151
PREFADE-F,NAS100_TRAIN,2014-12-04 13:37:00+00:00,-1,4.400000000000546,5.5,1.9713218199422045
PREFADE-F,NAS100_TRAIN,2014-12-04 13:45:00+00:00,1,14.700000000000728,4.199999999999818,-6.4759286357057135
PREFADE-F,NAS100_TRAIN,2014-12-04 14:07:00+00:00,1,0.0,11.399999999999636,10.09917450609737
PREFADE-F,NAS100_TRAIN,2014-12-10 12:50:00+00:00,1,1.300000000000182,5.199999999999818,4.6006100045988205
PREFADE-F,NAS100_TRAIN,2014-12-11 14:03:00+00:00,-1,13.399999999999636,4.800000000000182,-12.174807318538114
PREFADE-F,NAS100_TRAIN,2014-12-23 12:36:00+00:00,-1,7.599999999999454,1.0,-6.328891079355344
PREFADE-F,NAS100_TRAIN,2014-12-24 13:20:00+00:00,-1,1.0999999999994543,4.0,2.837901834181139
PREFADE-F,NAS100_VAL,2015-01-05 13:42:00+00:00,1,8.899999999999636,6.900000000000546,6.382779567831676
PREFADE-F,NAS100_VAL,2015-01-16 13:46:00+00:00,-1,20.700000000000273,6.700000000000273,-20.401086307766946
PREFADE-F,NAS100_VAL,2015-01-20 12:46:00+00:00,-1,3.9000000000005457,14.699999999999818,13.97271818448462
PREFADE-F,NAS100_VAL,2015-01-21 13:06:00+00:00,1,1.5,9.899999999999636,9.318293564687337
PREFADE-F,NAS100_VAL,2015-01-22 13:30:00+00:00,-1,18.799999999999272,5.200000000000728,-12.56422939224376
PREFADE-F,NAS100_VAL,2015-01-23 14:15:00+00:00,1,6.900000000000546,7.599999999999454,6.511648432484435
PREFADE-F,NAS100_VAL,2015-02-04 13:36:00+00:00,1,6.600000000000364,6.299999999999272,4.8796923398922445
PREFADE-F,NAS100_VAL,2015-02-06 13:46:00+00:00,-1,3.300000000000182,7.5,5.925165133780865
PREFADE-F,NAS100_VAL,2015-02-11 13:48:00+00:00,-1,0.6999999999998181,3.5,3.354825850342422
PREFADE-F,NAS100_VAL,2015-02-11 14:21:00+00:00,-1,5.0,0.3000000000001819,-4.3658249117434025
PREFADE-F,NAS100_VAL,2015-02-16 12:40:00+00:00,-1,2.5999999999994543,2.0,-1.8999999999996362
PREFADE-F,NAS100_VAL,2015-02-18 12:40:00+00:00,1,4.699999999999818,2.199999999999818,-4.527869962707882
PREFADE-F,NAS100_VAL,2015-02-20 13:00:00+00:00,1,4.699999999999818,3.199999999999818,3.1047715654922285
PREFADE-F,NAS100_VAL,2015-03-06 12:36:00+00:00,-1,3.300000000000182,0.6999999999998181,-2.6420513773136918
PREFADE-F,NAS100_VAL,2015-03-06 13:35:00+00:00,-1,2.699999999999818,7.899999999999636,3.1111520757758626
PREFADE-F,NAS100_VAL,2015-03-06 13:45:00+00:00,1,5.5,5.899999999999636,3.459487174901369
PREFADE-F,NAS100_VAL,2015-03-06 14:25:00+00:00,1,9.600000000000364,3.899999999999636,-8.223624808075328
PREFADE-F,NAS100_VAL,2015-03-12 13:10:00+00:00,1,10.199999999999818,1.2000000000007276,-10.159837869631701
PREFADE-F,NAS100_VAL,2015-03-13 11:51:00+00:00,1,7.299999999999272,0.1000000000003638,-6.883242578998761
PREFADE-F,NAS100_VAL,2015-03-13 12:54:00+00:00,1,0.1999999999998181,8.699999999999818,7.976750770138096
PREFADE-F,NAS100_VAL,2015-04-03 12:55:00+00:00,1,18.599999999999454,1.4000000000005457,-17.599999999999454
PREFADE-F,NAS100_VAL,2015-04-06 13:25:00+00:00,-1,1.0,7.700000000000728,6.587581496466555
PREFADE-F,NAS100_VAL,2015-04-24 13:29:00+00:00,-1,7.199999999999818,7.899999999999636,7.85172527641771
PREFADE-F,NAS100_VAL,2015-04-29 12:12:00+00:00,1,6.100000000000364,6.199999999999818,5.229756336468199
PREFADE-F,NAS100_VAL,2015-04-29 13:08:00+00:00,1,9.700000000000728,10.599999999999454,10.33603155741821
PREFADE-F,NAS100_VAL,2015-05-01 12:09:00+00:00,-1,0.0,5.700000000000728,5.6779945908429
PREFADE-F,NAS100_VAL,2015-05-01 13:21:00+00:00,-1,13.899999999999636,0.0,-10.347170643726713
PREFADE-F,NAS100_VAL,2015-05-05 12:53:00+00:00,1,6.399999999999636,7.800000000000182,7.492940919659304
PREFADE-F,NAS100_VAL,2015-05-08 12:13:00+00:00,1,0.1000000000003638,5.300000000000182,5.117444883847384
PREFADE-F,NAS100_VAL,2015-05-11 12:13:00+00:00,-1,3.5999999999994543,7.5,3.30334067597596
PREFADE-F,NAS100_VAL,2015-05-18 11:31:00+00:00,1,3.0,7.699999999999818,6.429141175935911
PREFADE-F,NAS100_VAL,2015-05-21 11:34:00+00:00,-1,4.5,3.4000000000005457,2.7698670425306773
PREFADE-F,NAS100_VAL,2015-05-22 13:07:00+00:00,1,3.0999999999994543,6.100000000000364,5.310991884099167
PREFADE-F,NAS100_VAL,2015-06-05 12:40:00+00:00,1,0.0,14.399999999999636,13.748389035569744
PREFADE-F,NAS100_VAL,2015-06-08 13:10:00+00:00,1,0.3999999999996362,6.400000000000546,5.004501115227868
PREFADE-F,NAS100_VAL,2015-06-11 12:38:00+00:00,-1,11.199999999999818,1.800000000000182,-10.205766113946083
PREFADE-F,NAS100_VAL,2015-06-12 12:10:00+00:00,1,5.399999999999636,8.0,8.0
PREFADE-F,NAS100_VAL,2015-06-15 12:04:00+00:00,1,8.899999999999636,3.5,-8.502406939942375
PREFADE-F,NAS100_VAL,2015-06-23 12:08:00+00:00,-1,0.5,4.699999999999818,3.3881462334311436
PREFADE-F,NAS100_VAL,2015-06-23 13:03:00+00:00,1,0.1999999999998181,4.899999999999636,4.745237756512324
PREFADE-F,NAS100_VAL,2015-07-02 12:37:00+00:00,-1,5.5,7.100000000000364,6.887714465774479
PREFADE-F,NAS100_VAL,2015-07-10 12:55:00+00:00,-1,4.0,11.199999999999818,9.908682748413412
PREFADE-F,NAS100_VAL,2015-07-14 12:36:00+00:00,-1,0.5,4.699999999999818,3.8807013467976503
PREFADE-F,NAS100_VAL,2015-07-17 11:33:00+00:00,-1,5.599999999999454,1.6000000000003638,-5.320147869511857
PREFADE-F,NAS100_VAL,2015-07-23 11:35:00+00:00,1,7.300000000000182,3.5,-6.856805410927336
PREFADE-F,NAS100_VAL,2015-07-30 13:06:00+00:00,1,2.0999999999994543,9.300000000000182,8.57453139981044
PREFADE-F,NAS100_VAL,2015-07-31 12:19:00+00:00,1,2.199999999999818,9.199999999999818,6.69930533391107
PREFADE-F,NAS100_VAL,2015-07-31 12:53:00+00:00,-1,8.400000000000546,6.399999999999636,5.11780543241548
PREFADE-F,NAS100_VAL,2015-08-07 12:31:00+00:00,1,11.800000000000182,1.5999999999994543,-11.375263844883193
PREFADE-F,NAS100_VAL,2015-08-07 12:46:00+00:00,1,0.5999999999994543,15.199999999999818,12.167904660955173
PREFADE-F,NAS100_VAL,2015-08-17 12:55:00+00:00,1,14.600000000000364,6.5,3.865777712585441
PREFADE-F,NAS100_VAL,2015-09-17 13:28:00+00:00,1,5.399999999999636,5.600000000000364,4.0102106854674275
PREFADE-F,NAS100_VAL,2015-10-14 12:05:00+00:00,-1,12.5,4.5,-10.153182128031403
PREFADE-F,NAS100_VAL,2015-10-19 12:33:00+00:00,1,8.400000000000546,6.800000000000182,6.580558561307953
PREFADE-F,NAS100_VAL,2015-10-22 12:19:00+00:00,-1,10.399999999999636,3.800000000000182,-9.74082032235583
PREFADE-F,NAS100_VAL,2015-10-22 13:12:00+00:00,-1,18.600000000000364,1.0,-16.7642058112242
PREFADE-F,NAS100_VAL,2015-11-06 12:31:00+00:00,-1,6.0,0.7000000000007276,-4.589364039432439
PREFADE-F,NAS100_VAL,2015-11-06 13:27:00+00:00,-1,0.1000000000003638,27.399999999999636,7.284972885904608
PREFADE-F,NAS100_VAL,2015-11-06 13:34:00+00:00,-1,1.300000000000182,11.800000000000182,8.769522702208633
PREFADE-F,NAS100_VAL,2015-11-06 13:37:00+00:00,1,8.699999999999818,10.300000000000182,8.134140354790361
PREFADE-F,NAS100_VAL,2015-11-10 13:06:00+00:00,1,19.100000000000364,4.099999999999454,2.6805790166563384
PREFADE-F,NAS100_VAL,2015-11-11 12:57:00+00:00,-1,0.0999999999994543,13.0,12.033044771638743
PREFADE-F,NAS100_VAL,2015-12-03 13:43:00+00:00,1,10.800000000000182,21.5,20.06677328918431
PREFADE-F,NAS100_VAL,2015-12-04 14:07:00+00:00,1,9.899999999999636,9.600000000000364,9.27352418688315
PREFADE-F,NAS100_VAL,2015-12-10 12:36:00+00:00,1,4.300000000000182,8.699999999999818,8.027499447429363
PREFADE-F,NAS100_VAL,2015-12-18 14:01:00+00:00,-1,15.699999999999818,12.300000000000182,8.61375217911882
PREFADE-F,NAS100_VAL,2016-01-21 13:47:00+00:00,-1,0.1999999999998181,51.0,47.42926076546064
PREFADE-F,NAS100_VAL,2016-01-27 14:20:00+00:00,-1,3.600000000000364,14.800000000000182,12.863736407065517
PREFADE-F,NAS100_VAL,2016-02-03 14:15:00+00:00,-1,0.8000000000001819,28.0,26.432649148952805
PREFADE-F,NAS100_VAL,2016-03-16 11:45:00+00:00,1,8.5,4.100000000000364,-7.797127348484537
PREFADE-F,NAS100_VAL,2016-04-06 13:07:00+00:00,1,4.0,9.899999999999636,8.928429355790286
PREFADE-F,NAS100_VAL,2016-05-06 12:39:00+00:00,1,11.400000000000546,0.0,-10.485823772271942
PREFADE-F,NAS100_VAL,2016-05-06 13:03:00+00:00,1,1.199999999999818,11.200000000000728,10.955426052266375
PREFADE-F,NAS100_VAL,2016-05-13 12:52:00+00:00,-1,20.299999999999272,6.0,-19.334060027506894
PREFADE-F,NAS100_VAL,2016-05-16 11:57:00+00:00,-1,1.0999999999994543,12.199999999999818,10.5956228872692
PREFADE-F,NAS100_VAL,2016-05-18 12:22:00+00:00,1,9.199999999999818,1.6000000000003638,-8.489585423913923
PREFADE-F,NAS100_VAL,2016-06-02 13:12:00+00:00,1,15.199999999999818,3.9000000000005457,-7.443320747398502
PREFADE-F,NAS100_VAL,2016-06-03 12:41:00+00:00,1,10.899999999999636,6.699999999999818,-10.38290643514938
PREFADE-F,NAS100_VAL,2016-07-01 11:42:00+00:00,-1,16.199999999999818,0.5,-9.026432973505507
PREFADE-F,NAS100_VAL,2016-07-08 12:40:00+00:00,-1,18.399999999999636,3.899999999999636,-17.897806550142377
PREFADE-F,NAS100_VAL,2016-07-15 12:38:00+00:00,-1,8.799999999999272,5.5,5.294900843226969
PREFADE-F,NAS100_VAL,2016-07-28 13:15:00+00:00,1,0.0999999999994543,9.0,8.530161423239406
PREFADE-F,NAS100_VAL,2016-08-04 12:07:00+00:00,-1,0.3000000000001819,7.400000000000546,7.150831771071353
PREFADE-F,NAS100_VAL,2016-08-05 12:50:00+00:00,-1,13.399999999999636,5.100000000000364,-9.910271348508104
PREFADE-F,NAS100_VAL,2016-08-12 12:40:00+00:00,1,6.0,1.7999999999992724,-4.198668271955285
PREFADE-F,NAS100_VAL,2016-08-16 12:48:00+00:00,1,10.300000000000182,3.5,-7.614249752620708
PREFADE-F,NAS100_VAL,2016-08-26 12:11:00+00:00,1,2.5,9.0,3.4876018812983602
PREFADE-F,NAS100_VAL,2016-08-29 12:01:00+00:00,-1,8.199999999999818,0.6000000000003638,-5.816041298084201
PREFADE-F,NAS100_VAL,2016-09-02 12:57:00+00:00,-1,17.300000000000182,2.0,-16.62265459628543
PREFADE-F,NAS100_VAL,2016-09-08 12:04:00+00:00,1,0.1000000000003638,5.199999999999818,5.100782996327325
PREFADE-F,NAS100_VAL,2016-09-08 13:02:00+00:00,1,12.100000000000364,0.5999999999994543,-11.310462591351097
PREFADE-F,NAS100_VAL,2016-09-14 13:29:00+00:00,1,0.6999999999998181,10.600000000000364,9.161562905640494
PREFADE-F,NAS100_VAL,2016-09-15 12:34:00+00:00,-1,3.399999999999636,15.100000000000364,14.854136820119493
PREFADE-F,NAS100_VAL,2016-09-16 13:27:00+00:00,-1,0.5999999999994543,12.900000000000546,11.22815434496897
PREFADE-F,NAS100_VAL,2016-09-23 12:23:00+00:00,1,0.8000000000001819,6.0,5.545508144755331
PREFADE-F,NAS100_VAL,2016-10-07 12:57:00+00:00,-1,7.899999999999636,10.400000000000546,8.304840650402184
PREFADE-F,NAS100_VAL,2016-10-10 12:21:00+00:00,-1,10.5,0.6000000000003638,-9.360957111179232
PREFADE-F,NAS100_VAL,2016-10-17 12:03:00+00:00,-1,8.599999999999454,6.100000000000364,5.529769200479677
PREFADE-F,NAS100_VAL,2016-11-02 13:04:00+00:00,-1,9.5,7.5,5.780774891149122
PREFADE-F,NAS100_VAL,2016-11-04 12:36:00+00:00,1,2.5,5.0,3.329236314571972
PREFADE-F,NAS100_VAL,2016-11-17 13:31:00+00:00,1,8.899999999999636,8.900000000000546,6.582371391327797
PREFADE-F,NAS100_VAL,2016-11-18 12:56:00+00:00,-1,1.3999999999996362,8.100000000000364,7.964336513177841
PREFADE-F,NAS100_VAL,2016-12-08 13:09:00+00:00,1,0.0,7.800000000000182,6.696459760108155
PREFADE-F,NAS100_VAL,2016-12-08 14:16:00+00:00,-1,0.8999999999996362,10.300000000000182,6.429216853947764
PREFADE-F,NAS100_VAL,2016-12-14 14:15:00+00:00,1,0.1999999999998181,5.399999999999636,3.061632354271751
PREFADE-F,NAS100_VAL,2016-12-15 12:50:00+00:00,1,5.899999999999636,8.600000000000364,6.596677693332822
PREFADE-F,NAS100_VAL,2016-12-16 13:22:00+00:00,-1,7.300000000000182,4.399999999999636,4.34631283071667
PREFADE-F,NAS100_VAL,2016-12-20 13:09:00+00:00,-1,8.099999999999454,1.0,-5.514853070391837
PREFADE-F,NAS100_VAL,2016-12-22 14:25:00+00:00,-1,1.0,11.0,6.3650957098871
PREFADE-F,NAS100_VAL,2016-12-23 13:05:00+00:00,1,4.5,4.400000000000546,3.5473808742790425
PREFADE-F,NAS100_VAL,2017-01-05 12:51:00+00:00,1,1.5,6.0,5.992995499028439
PREFADE-F,NAS100_VAL,2017-01-06 13:46:00+00:00,-1,1.300000000000182,9.5,4.923290173115674
PREFADE-F,NAS100_VAL,2017-01-13 12:55:00+00:00,-1,2.7000000000007276,2.2999999999992724,2.2999999999992724
PREFADE-F,NAS100_VAL,2017-01-13 14:19:00+00:00,-1,0.6000000000003638,3.5,3.1818967865765444
PREFADE-F,NAS100_VAL,2017-01-16 12:50:00+00:00,-1,0.1000000000003638,5.100000000000364,5.011758455285417
PREFADE-F,NAS100_VAL,2017-01-20 13:00:00+00:00,-1,6.199999999999818,4.0,-6.071598520471525
PREFADE-F,NAS100_VAL,2017-02-03 13:39:00+00:00,-1,15.399999999999636,3.699999999999818,1.199999999999818
PREFADE-F,NAS100_VAL,2017-02-15 13:31:00+00:00,1,6.0,3.5,3.204419227584367
PREFADE-F,NAS100_VAL,2017-02-16 13:37:00+00:00,1,3.600000000000364,4.399999999999636,2.5602763677188705
PREFADE-F,NAS100_VAL,2017-02-23 12:55:00+00:00,-1,4.800000000000182,1.300000000000182,-4.7821545211818375
PREFADE-F,NAS100_VAL,2017-02-27 12:48:00+00:00,1,12.0,0.3999999999996362,-10.533995924075498
PREFADE-F,NAS100_VAL,2017-02-28 12:42:00+00:00,-1,1.0,3.899999999999636,3.121461464242202
PREFADE-F,NAS100_VAL,2017-03-09 12:49:00+00:00,1,2.7999999999992724,4.400000000000546,4.210472599786954
PREFADE-F,NAS100_VAL,2017-03-09 14:30:00+00:00,1,11.699999999999818,0.8999999999996362,-5.411952289550754
PREFADE-F,NAS100_VAL,2017-03-10 13:37:00+00:00,-1,1.9000000000005457,7.399999999999636,5.906414265833519
PREFADE-F,NAS100_VAL,2017-03-17 12:31:00+00:00,-1,4.699999999999818,3.300000000000182,3.2798165259346206
PREFADE-F,NAS100_VAL,2017-04-21 13:10:00+00:00,1,7.100000000000364,2.2999999999992724,-5.5358820308492795
PREFADE-F,NAS100_VAL,2017-04-27 12:19:00+00:00,-1,7.900000000000546,3.899999999999636,-7.442761395432171
PREFADE-F,NAS100_VAL,2017-05-03 11:35:00+00:00,-1,4.5,2.5999999999994543,-4.300000000000182
PREFADE-F,NAS100_VAL,2017-05-03 13:20:00+00:00,-1,0.2999999999992724,5.0,4.6052283933586295
PREFADE-F,NAS100_VAL,2017-05-05 12:31:00+00:00,-1,9.200000000000728,5.0,3.92085963495083
PREFADE-F,NAS100_VAL,2017-05-10 12:02:00+00:00,-1,2.2000000000007276,4.299999999999272,3.699717508431604
PREFADE-F,NAS100_VAL,2017-05-11 12:29:00+00:00,1,2.0,10.5,9.908001626989062
PREFADE-F,NAS100_VAL,2017-05-16 12:29:00+00:00,-1,7.099999999999454,1.5,-6.899999999999636
PREFADE-F,NAS100_VAL,2017-05-17 13:14:00+00:00,1,23.400000000000546,11.599999999999454,-20.39079691014649
PREFADE-F,NAS100_VAL,2017-05-30 11:35:00+00:00,1,5.600000000000364,5.299999999999272,5.2753496673894915
PREFADE-F,NAS100_VAL,2017-06-08 12:22:00+00:00,-1,4.400000000000546,7.599999999999454,6.4120792365320085
PREFADE-F,NAS100_VAL,2017-06-16 12:43:00+00:00,1,14.5,0.2999999999992724,-12.461853173074815
PREFADE-F,NAS100_VAL,2017-06-26 12:16:00+00:00,-1,10.599999999999454,10.300000000000182,8.765568359272947
PREFADE-F,NAS100_VAL,2017-06-28 12:34:00+00:00,-1,9.600000000000364,20.600000000000364,19.36292531500294
PREFADE-F,NAS100_VAL,2017-07-07 12:46:00+00:00,-1,30.300000000000182,12.199999999999818,-24.712558220968276
PREFADE-F,NAS100_VAL,2017-07-13 13:30:00+00:00,1,5.899999999999636,10.100000000000364,9.772357764758453
PREFADE-F,NAS100_VAL,2017-07-18 12:00:00+00:00,1,10.200000000000728,4.0,-9.09783329408583
PREFADE-F,NAS100_VAL,2017-07-18 13:30:00+00:00,1,16.100000000000364,8.100000000000364,7.673883132771152
PREFADE-F,NAS100_VAL,2017-07-21 12:30:00+00:00,1,18.199999999999818,3.5999999999994543,-10.86711857452974
PREFADE-F,NAS100_VAL,2017-07-24 13:16:00+00:00,-1,7.0,7.0,3.534657840883483
PREFADE-F,NAS100_VAL,2017-07-26 13:29:00+00:00,-1,6.899999999999636,5.699999999999818,4.66177155585865
PREFADE-F,NAS100_VAL,2017-08-03 12:28:00+00:00,-1,4.599999999999454,17.699999999999818,9.904271355287165
PREFADE-F,NAS100_VAL,2017-08-04 12:31:00+00:00,-1,7.400000000000546,8.0,4.974903499039101
PREFADE-F,NAS100_VAL,2017-08-08 11:42:00+00:00,1,6.299999999999272,2.2000000000007276,-6.299999999999272
PREFADE-F,NAS100_VAL,2017-08-09 12:23:00+00:00,1,14.600000000000364,11.300000000000182,8.216602026303917
PREFADE-F,NAS100_VAL,2017-08-11 12:31:00+00:00,-1,14.699999999999818,2.300000000000182,-13.38353209421075
PREFADE-F,NAS100_VAL,2017-08-11 12:48:00+00:00,-1,18.899999999999636,3.5,-17.580082934003258
PREFADE-F,NAS100_VAL,2017-08-30 12:50:00+00:00,1,5.100000000000364,15.399999999999636,10.802058786135603
PREFADE-F,NAS100_VAL,2017-09-01 12:32:00+00:00,-1,12.900000000000546,0.5,-9.616418864919979
PREFADE-F,NAS100_VAL,2017-09-04 11:42:00+00:00,-1,7.600000000000364,6.600000000000364,-6.300000000000182
PREFADE-F,NAS100_VAL,2017-09-07 11:47:00+00:00,-1,6.799999999999272,8.5,6.052033798357115
PREFADE-F,NAS100_VAL,2017-09-14 12:10:00+00:00,1,6.399999999999636,0.1000000000003638,-4.2654141159555365
PREFADE-F,NAS100_VAL,2017-09-21 13:13:00+00:00,-1,0.3999999999996362,14.100000000000364,6.01753946887311
PREFADE-F,NAS100_VAL,2017-09-26 12:05:00+00:00,-1,14.800000000000182,0.9000000000005457,-13.436034143068355
PREFADE-F,NAS100_VAL,2017-10-09 12:53:00+00:00,-1,1.6000000000003638,5.100000000000364,4.962427289737207
PREFADE-F,NAS100_VAL,2017-10-10 12:10:00+00:00,-1,8.899999999999636,1.6000000000003638,-8.015241375325786
PREFADE-F,NAS100_VAL,2017-10-11 11:54:00+00:00,1,0.8999999999996362,8.899999999999636,8.414715107840493
PREFADE-F,NAS100_VAL,2017-10-12 12:06:00+00:00,1,5.299999999999272,1.7000000000007276,-5.051835320204191
PREFADE-F,NAS100_VAL,2017-10-16 13:21:00+00:00,-1,4.900000000000546,4.0,2.046375217381865
PREFADE-F,NAS100_VAL,2017-10-17 12:23:00+00:00,1,5.5,3.100000000000364,-4.874989752001966
PREFADE-F,NAS100_VAL,2017-10-23 13:01:00+00:00,-1,0.2999999999992724,9.400000000000546,8.818867784596478
PREFADE-F,NAS100_VAL,2017-10-26 11:53:00+00:00,-1,1.199999999999818,11.300000000000182,4.526235281449772
PREFADE-F,NAS100_VAL,2017-10-26 13:14:00+00:00,1,9.0,1.5,-8.055604868114642
PREFADE-F,NAS100_VAL,2017-11-03 12:26:00+00:00,-1,7.5,1.3999999999996362,-7.167753728297612
PREFADE-F,NAS100_VAL,2017-11-14 12:43:00+00:00,1,2.5999999999994543,6.200000000000728,6.006314773047961
PREFADE-F,NAS100_VAL,2017-11-22 13:33:00+00:00,-1,4.399999999999636,7.100000000000364,5.657194632372921
PREFADE-F,NAS100_VAL,2017-12-07 12:58:00+00:00,1,3.199999999999818,10.5,10.43864799880157
PREFADE-F,NAS100_VAL,2017-12-07 13:51:00+00:00,1,14.300000000000182,5.099999999999454,-14.205805375361706
PREFADE-F,NAS100_VAL,2017-12-11 13:47:00+00:00,1,0.1999999999998181,7.600000000000364,7.256965235754251
PREFADE-F,NAS100_VAL,2017-12-12 14:03:00+00:00,1,9.600000000000364,1.3999999999996362,-7.413329581893777
PREFADE-F,NAS100_VAL,2017-12-14 14:01:00+00:00,-1,2.199999999999818,5.199999999999818,4.70319649738849
PREFADE-F,NAS100_VAL,2017-12-19 13:37:00+00:00,1,6.600000000000364,0.8999999999996362,-6.5
PREFADE-F,NAS100_VAL,2017-12-21 13:36:00+00:00,-1,10.5,1.3999999999996362,-10.360384735462503
PREFADE-F,NAS100_VAL,2017-12-22 13:27:00+00:00,1,11.699999999999818,2.5999999999994543,-5.3680337425457765
PREFADE-F,NAS100_VAL,2018-01-04 12:44:00+00:00,-1,12.300000000000182,9.100000000000364,5.961947424964819
PREFADE-F,NAS100_VAL,2018-01-09 13:24:00+00:00,-1,6.5,8.799999999999272,7.331751644506767
PREFADE-F,NAS100_VAL,2018-01-11 13:05:00+00:00,-1,2.300000000000182,11.699999999999818,10.289151043959464
PREFADE-F,NAS100_VAL,2018-01-12 13:44:00+00:00,1,8.600000000000364,10.800000000000182,10.535142326825735
PREFADE-F,NAS100_VAL,2018-01-24 13:31:00+00:00,-1,11.400000000000546,10.899999999999636,8.513466395693285
PREFADE-F,NAS100_VAL,2018-01-31 14:29:00+00:00,-1,12.0,10.199999999999818,8.778174661743833
PREFADE-F,NAS100_VAL,2018-02-01 12:45:00+00:00,1,25.799999999999272,5.800000000000182,-24.626983968202694
PREFADE-F,NAS100_VAL,2018-02-09 14:23:00+00:00,-1,40.19999999999982,31.600000000000364,27.05178820571473
PREFADE-F,NAS100_VAL,2018-02-21 14:01:00+00:00,-1,24.300000000000182,9.300000000000182,-24.136218367842957
PREFADE-F,NAS100_VAL,2018-02-23 13:12:00+00:00,-1,5.600000000000364,21.099999999999454,18.84372239977074
PREFADE-F,NAS100_VAL,2018-03-09 13:30:00+00:00,1,0.3000000000001819,33.80000000000018,8.988077330388478
PREFADE-F,NAS100_VAL,2018-04-02 11:56:00+00:00,1,7.399999999999636,17.600000000000364,17.18910704505288
PREFADE-F,NAS100_VAL,2018-04-03 13:20:00+00:00,-1,7.0,32.599999999999454,23.878833601233055
PREFADE-F,NAS100_VAL,2018-04-12 11:40:00+00:00,-1,26.800000000000182,6.199999999999818,-24.65660944217052
PREFADE-F,NAS100_VAL,2018-04-18 11:40:00+00:00,-1,0.1000000000003638,13.5,12.969317690161915
PREFADE-F,NAS100_VAL,2018-05-04 12:28:00+00:00,1,0.6000000000003638,21.0,15.956809291132231
PREFADE-F,NAS100_VAL,2018-05-04 12:48:00+00:00,1,2.199999999999818,17.600000000000364,17.182383015455343
PREFADE-F,NAS100_VAL,2018-05-10 12:52:00+00:00,-1,16.299999999999272,6.700000000000728,-15.799677122685353
PREFADE-F,NAS100_VAL,2018-05-11 11:39:00+00:00,-1,1.5,15.199999999999818,12.061868624975432
PREFADE-F,NAS100_VAL,2018-05-14 11:51:00+00:00,1,2.199999999999818,11.300000000000182,8.890627477649105
PREFADE-F,NAS100_VAL,2018-05-15 11:48:00+00:00,1,20.400000000000546,7.300000000000182,-19.325701544958065
PREFADE-F,NAS100_VAL,2018-05-25 11:53:00+00:00,1,16.900000000000546,8.899999999999636,6.723090040016359
PREFADE-F,NAS100_VAL,2018-06-06 12:55:00+00:00,1,15.700000000000728,6.899999999999636,-11.721382731500853
PREFADE-F,NAS100_VAL,2018-06-07 12:44:00+00:00,1,16.400000000000546,7.0,-15.762752547212585
PREFADE-F,NAS100_VAL,2018-06-15 12:46:00+00:00,1,27.5,7.300000000000182,-22.76486668996131
PREFADE-F,NAS100_VAL,2018-06-28 12:03:00+00:00,1,26.400000000000546,2.0999999999994543,-19.538163031003023
PREFADE-F,NAS100_VAL,2018-07-18 11:51:00+00:00,1,6.700000000000728,12.5,10.212711920815309
PREFADE-F,NAS100_VAL,2018-07-30 12:23:00+00:00,-1,10.300000000000182,18.800000000000182,15.287843549605896
PREFADE-F,NAS100_VAL,2018-07-31 13:27:00+00:00,-1,24.0,5.0,-23.89610653946056
PREFADE-F,NAS100_VAL,2018-08-06 13:29:00+00:00,1,11.0,7.0,5.741406196867501
PREFADE-F,NAS100_VAL,2018-08-17 12:33:00+00:00,1,14.199999999999818,15.0,12.222631713569172
PREFADE-F,NAS100_VAL,2018-08-28 13:11:00+00:00,-1,0.1000000000003638,10.399999999999636,9.414382509788084
PREFADE-F,NAS100_VAL,2018-09-12 13:09:00+00:00,1,30.200000000000728,8.199999999999818,-23.943310666767502
PREFADE-F,NAS100_VAL,2018-09-27 11:50:00+00:00,-1,17.599999999999454,7.200000000000728,-17.251479540763285
PREFADE-F,NAS100_VAL,2018-10-16 12:07:00+00:00,-1,33.20000000000073,0.2999999999992724,-29.86725192308768
PREFADE-F,NAS100_VAL,2018-11-19 14:02:00+00:00,1,52.100000000000364,10.300000000000182,-51.34087649390494
PREFADE-F,NAS100_VAL,2018-11-21 13:25:00+00:00,-1,24.800000000000182,30.600000000000364,30.032810719149893
PREFADE-F,NAS100_VAL,2018-12-21 14:19:00+00:00,-1,6.399999999999636,57.80000000000018,30.18849567624875
PREFADE-F,NAS100_VAL,2018-12-24 12:40:00+00:00,1,27.100000000000364,34.899999999999636,33.333571835402836
PREFADE-F,NAS100_VAL,2018-12-26 13:43:00+00:00,-1,79.19999999999982,7.800000000000182,-74.81531617816199
PREFADE-F,NAS100_vault_2019_20,2019-01-08 13:17:00+00:00,-1,38.69999999999982,0.5,-34.68968444010625
PREFADE-F,NAS100_vault_2019_20,2019-01-16 14:11:00+00:00,-1,17.800000000000182,8.399999999999636,-14.428768875922287
PREFADE-F,NAS100_vault_2019_20,2019-01-31 14:08:00+00:00,1,8.0,16.400000000000546,12.594924156554043
PREFADE-F,NAS100_vault_2019_20,2019-02-06 13:46:00+00:00,-1,14.0,11.199999999999818,11.085045795408405
PREFADE-F,NAS100_vault_2019_20,2019-02-08 14:27:00+00:00,1,3.7000000000007276,21.699999999999818,18.4484906907428
PREFADE-F,NAS100_vault_2019_20,2019-03-06 13:48:00+00:00,-1,9.699999999999818,8.100000000000364,6.832835502420494
PREFADE-F,NAS100_vault_2019_20,2019-03-07 13:05:00+00:00,-1,10.699999999999818,14.300000000000182,11.633490745890413
PREFADE-F,NAS100_vault_2019_20,2019-03-26 13:27:00+00:00,-1,33.79999999999927,2.800000000000182,-30.456591371792456
PREFADE-F,NAS100_vault_2019_20,2019-03-29 11:38:00+00:00,-1,19.5,5.699999999999818,-17.610063731529408
PREFADE-F,NAS100_vault_2019_20,2019-04-05 12:57:00+00:00,-1,7.699999999999818,13.900000000000546,12.719840998580366
PREFADE-F,NAS100_vault_2019_20,2019-04-09 13:19:00+00:00,1,16.600000000000364,0.5999999999994543,-15.584886583891603
PREFADE-F,NAS100_vault_2019_20,2019-04-17 11:31:00+00:00,-1,19.600000000000364,0.1000000000003638,-18.982370551866552
PREFADE-F,NAS100_vault_2019_20,2019-04-23 12:19:00+00:00,-1,19.5,7.900000000000546,-13.489346399529495
PREFADE-F,NAS100_vault_2019_20,2019-04-25 12:13:00+00:00,-1,5.399999999999636,10.899999999999636,10.077681099804977
PREFADE-F,NAS100_vault_2019_20,2019-04-30 12:06:00+00:00,-1,0.0,21.299999999999272,12.203794202622703
PREFADE-F,NAS100_vault_2019_20,2019-05-08 12:47:00+00:00,1,7.0,40.5,36.985643692242775
PREFADE-F,NAS100_vault_2019_20,2019-05-17 11:52:00+00:00,1,25.100000000000364,22.199999999999818,17.99206145550943
PREFADE-F,NAS100_vault_2019_20,2019-06-18 12:06:00+00:00,-1,69.80000000000018,17.600000000000364,-69.27674921338257
PREFADE-F,NAS100_vault_2019_20,2019-07-04 12:41:00+00:00,-1,10.899999999999636,2.5,-8.932395355845983
PREFADE-F,NAS100_vault_2019_20,2019-07-16 12:36:00+00:00,1,0.6999999999998181,5.399999999999636,4.8777742029287765
PREFADE-F,NAS100_vault_2019_20,2019-07-25 13:13:00+00:00,1,24.200000000000728,8.299999999999272,-22.69673748434252
PREFADE-F,NAS100_vault_2019_20,2019-08-07 13:10:00+00:00,1,42.80000000000018,33.0,28.184350687394726
PREFADE-F,NAS100_vault_2019_20,2019-08-14 12:10:00+00:00,1,74.0,10.799999999999272,-72.60000000000036
PREFADE-F,NAS100_vault_2019_20,2019-08-19 11:36:00+00:00,-1,33.29999999999927,13.700000000000728,13.61655232470821
PREFADE-F,NAS100_vault_2019_20,2019-08-27 11:36:00+00:00,-1,38.69999999999982,6.0,-37.65436759684144
PREFADE-F,NAS100_vault_2019_20,2019-08-28 12:24:00+00:00,1,30.0,29.899999999999636,16.019729247217583
PREFADE-F,NAS100_vault_2019_20,2019-09-13 12:57:00+00:00,1,19.900000000000546,1.199999999999818,-18.380398991192124
PREFADE-F,NAS100_vault_2019_20,2019-09-18 11:59:00+00:00,1,0.5999999999994543,10.200000000000728,10.198016566539081
PREFADE-F,NAS100_vault_2019_20,2019-09-20 13:10:00+00:00,-1,6.899999999999636,12.100000000000364,10.665387289735008
PREFADE-F,NAS100_vault_2019_20,2019-10-04 12:56:00+00:00,-1,43.30000000000018,1.3999999999996362,-40.156187273019896
PREFADE-F,NAS100_vault_2019_20,2019-10-18 12:11:00+00:00,-1,0.3000000000001819,15.199999999999818,14.56410510407295
PREFADE-F,NAS100_vault_2019_20,2019-10-21 12:15:00+00:00,-1,13.899999999999636,2.0,-12.15257375492456
PREFADE-F,NAS100_vault_2019_20,2019-10-28 12:37:00+00:00,-1,11.700000000000728,1.0999999999994543,-10.683456008989197
PREFADE-F,NAS100_vault_2019_20,2019-10-30 12:16:00+00:00,-1,11.0,5.699999999999818,5.49811627350482
PREFADE-F,NAS100_vault_2019_20,2019-11-15 13:58:00+00:00,-1,11.400000000001455,15.099999999998545,14.662036769235783
PREFADE-F,NAS100_vault_2019_20,2019-11-25 13:11:00+00:00,1,1.1000000000003638,6.100000000000364,5.76708827632865
PREFADE-F,NAS100_vault_2019_20,2019-11-25 14:09:00+00:00,-1,11.199999999998909,4.300000000001091,-8.18117084802725
PREFADE-F,NAS100_vault_2019_20,2019-12-13 13:31:00+00:00,1,31.100000000000364,11.599999999998545,-22.63056926824538
PREFADE-F,NAS100_vault_2019_20,2019-12-18 13:26:00+00:00,-1,10.399999999999636,5.200000000000728,-10.198593589107986
PREFADE-F,NAS100_vault_2019_20,2019-12-19 13:04:00+00:00,1,2.1999999999989086,8.600000000000364,7.80391309195511
PREFADE-F,NAS100_vault_2019_20,2019-12-26 13:43:00+00:00,-1,9.200000000000728,5.799999999999272,-8.406589300015185
PREFADE-F,NAS100_vault_2019_20,2019-12-31 12:43:00+00:00,1,18.30000000000109,8.600000000000364,-17.899999999999636
PREFADE-F,NAS100_vault_2019_20,2020-01-07 14:01:00+00:00,1,1.8999999999996362,16.19999999999891,13.020219149912009
PREFADE-F,NAS100_vault_2019_20,2020-01-10 13:33:00+00:00,-1,4.199999999998909,20.0,14.17939092277993
PREFADE-F,NAS100_vault_2019_20,2020-02-07 13:44:00+00:00,1,19.799999999999272,21.399999999999636,20.915141667115677
PREFADE-F,NAS100_vault_2019_20,2020-02-19 13:39:00+00:00,-1,25.0,2.399999999999636,-22.85359174326004
PREFADE-F,NAS100_vault_2019_20,2020-02-27 12:54:00+00:00,1,93.79999999999927,16.200000000000728,-89.84488993885498
PREFADE-F,NAS100_vault_2019_20,2020-03-11 12:38:00+00:00,1,16.899999999999636,81.40000000000055,75.24772702911923
PREFADE-F,NAS100_vault_2019_20,2020-03-23 12:41:00+00:00,-1,83.70000000000073,266.89999999999964,254.11250221268347
PREFADE-F,NAS100_vault_2019_20,2020-03-27 12:01:00+00:00,1,48.30000000000018,68.30000000000018,1.5
PREFADE-F,NAS100_vault_2019_20,2020-03-31 12:08:00+00:00,1,57.30000000000018,51.899999999999636,50.95238868760953
PREFADE-F,NAS100_vault_2019_20,2020-04-09 12:19:00+00:00,1,0.0,103.19999999999982,69.01068234703689
PREFADE-F,NAS100_vault_2019_20,2020-04-13 11:39:00+00:00,-1,51.20000000000073,36.600000000000364,34.040193920661295
PREFADE-F,NAS100_vault_2019_20,2020-04-17 12:46:00+00:00,1,45.79999999999927,11.200000000000728,-45.45406700011699
PREFADE-F,NAS100_vault_2019_20,2020-04-29 12:56:00+00:00,-1,41.599999999998545,48.80000000000109,43.965806203124885
PREFADE-F,NAS100_vault_2019_20,2020-04-30 12:31:00+00:00,1,58.399999999999636,11.299999999999272,-55.87625283738453
PREFADE-F,SPX500_2026,2026-03-16 11:44:00+00:00,-1,35.30000000000018,4.5,-34.41788966515924
PREFADE-F,SPX500_2026,2026-03-18 12:31:00+00:00,1,41.339999999999236,3.2399999999997817,-35.17825097988225
PREFADE-F,SPX500_2026,2026-03-19 12:20:00+00:00,1,24.75999999999931,4.0,-23.645046654578437
PREFADE-F,SPX500_2026,2026-03-25 12:07:00+00:00,-1,2.7399999999997817,20.519999999999527,19.83011457957673
PREFADE-F,SPX500_2026,2026-04-01 11:36:00+00:00,-1,15.490000000000691,26.479999999999563,24.529594285046187
PREFADE-F,SPX500_2026,2026-04-10 12:28:00+00:00,-1,17.019999999999527,0.11999999999989086,-10.925143429462878
PREFADE-F,SPX500_2026,2026-04-10 12:39:00+00:00,-1,9.319999999999709,8.449999999999818,7.822703799884948
PREFADE-F,SPX500_2026,2026-04-14 12:04:00+00:00,-1,16.57000000000062,5.25,-14.452029573322761
PREFADE-F,SPX500_2026,2026-04-15 11:47:00+00:00,-1,3.119999999999891,1.3699999999998909,-0.0
PREFADE-F,SPX500_2026,2026-04-29 12:23:00+00:00,1,13.699999999999818,3.5200000000004366,-11.465092074273343
PREFADE-F,SPX500_2026,2026-05-14 12:02:00+00:00,-1,4.989999999999782,10.25,9.848365626284249
PREFADE-F,SPX500_2026,2026-05-22 12:46:00+00:00,-1,17.050000000000182,5.970000000000255,-16.4295730398635
PREFADE-F,SPX500_2026,2026-05-27 12:31:00+00:00,-1,0.6300000000001091,16.61999999999989,15.733527049739678
PREFADE-F,SPX500_2026,2026-06-04 11:42:00+00:00,1,3.5,8.639999999998508,7.957695988481646
PREFADE-F,SPX500_2026,2026-06-05 12:38:00+00:00,1,0.7200000000002547,9.739999999999782,9.653821162054555
PREFADE-F,SPX500_2026,2026-06-05 13:05:00+00:00,1,21.710000000000036,4.309999999999491,-19.253481076534626
PREFADE-F,SPX500_2026,2026-06-16 11:38:00+00:00,-1,3.6400000000003274,9.36999999999989,8.691074291820769
PREFADE-F,SPX500_2026,2026-06-24 12:12:00+00:00,-1,5.259999999999309,14.0,13.801282363680002
PREFADE-F,SPX500_2026,2026-06-25 12:38:00+00:00,-1,3.5100000000002183,20.960000000000036,15.07755460172666
PREFADE-F,SPX500_2026,2026-07-10 12:41:00+00:00,-1,13.300000000000182,4.399999999999636,-12.93576849172041
PREFADE-F,SPX500_2026,2026-07-15 12:49:00+00:00,-1,14.289999999999964,5.760000000000218,-11.837981632967058
PREFADE-F,SPX500_2026,2026-07-24 12:15:00+00:00,-1,0.8800000000001091,15.260000000000218,14.675627459097996
PREFADE-F,SPX500_2026,2026-07-30 12:59:00+00:00,-1,28.55999999999949,1.2600000000002183,-28.260752718087133
PREFADE-F,SPX500_2026,2026-08-03 12:55:00+00:00,-1,0.5,11.009999999999309,9.195547539121435
PREFADE-F,SPX500_2026,2026-08-05 12:36:00+00:00,-1,17.529999999999745,7.350000000000364,3.940093754218651
PREFADE-F,SPX500_2026,2026-08-11 12:20:00+00:00,-1,0.9799999999995634,11.720000000000255,11.380591232042207
PREFADE-F,SPX500_2026,2026-08-12 12:17:00+00:00,-1,17.770000000000437,9.019999999999527,-16.64260520872449
PREFADE-F,SPX500_2026,2026-08-12 12:33:00+00:00,-1,16.659999999999854,11.590000000000146,10.08882762794201
PREFADE-F,SPX500_2026,2026-08-14 11:45:00+00:00,-1,1.5099999999993088,7.490000000000691,3.9077786787293007
PREFADE-F,SPX500_2026,2026-08-14 12:47:00+00:00,-1,1.7699999999986176,7.940000000000509,3.8862389578816874
PREFADE-F,SPX500_2026,2026-08-17 12:34:00+00:00,1,11.970000000000255,1.0499999999992724,-9.566817964227994
PREFADE-F,SPX500_2026,2026-08-20 11:42:00+00:00,1,21.23999999999978,2.2700000000004366,-20.603085669344182
PREFADE-F,SPX500_2026,2026-08-21 12:06:00+00:00,-1,9.150000000000546,15.80999999999949,15.488410581984681
PREFADE-F,SPX500_2026,2026-08-28 12:39:00+00:00,-1,13.0600000000004,5.960000000000036,-10.85919006322274
PREFADE-F,SPX500_2026,2026-09-03 12:39:00+00:00,-1,19.69000000000051,3.75,-16.819499219560385
PREFADE-F,SPX500_2026,2026-09-04 12:12:00+00:00,1,3.5,9.13000000000011,5.576659757318339
PREFADE-F,SPX500_2026,2026-09-04 12:47:00+00:00,1,2.6099999999996726,15.820000000000618,15.484995326492935
PREFADE-F,SPX500_2026,2026-09-11 13:29:00+00:00,-1,10.319999999999709,17.68000000000029,-1.8099999999994907
PREFADE-F,SPX500_TRAIN,2005-01-05 12:34:00+00:00,1,1.0,0.2999999999999545,-0.9588638792201891
PREFADE-F,SPX500_TRAIN,2005-01-10 14:06:00+00:00,1,1.0,1.2999999999999545,0.8742561447609205
PREFADE-F,SPX500_TRAIN,2005-01-12 14:01:00+00:00,1,1.5,0.5,0.30971463181776926
PREFADE-F,SPX500_TRAIN,2005-01-27 13:01:00+00:00,-1,0.0,2.0,1.7999999999999545
PREFADE-F,SPX500_TRAIN,2005-01-28 13:31:00+00:00,1,0.5,0.5,0.2788815320855065
PREFADE-F,SPX500_TRAIN,2005-01-28 13:36:00+00:00,1,0.5,1.0,0.9161001801064685
PREFADE-F,SPX500_TRAIN,2005-02-01 12:38:00+00:00,-1,1.5,0.20000000000004547,-1.3392010504849168
PREFADE-F,SPX500_TRAIN,2005-02-01 14:02:00+00:00,-1,0.0,1.5,1.391742196093901
PREFADE-F,SPX500_TRAIN,2005-02-03 13:58:00+00:00,1,1.5,0.20000000000004547,-1.3252909039874794
PREFADE-F,SPX500_TRAIN,2005-02-04 14:22:00+00:00,1,0.20000000000004547,1.5,1.4443973145139353
PREFADE-F,SPX500_TRAIN,2005-02-09 13:10:00+00:00,-1,0.7999999999999545,1.0,1.0
PREFADE-F,SPX500_TRAIN,2005-02-10 13:46:00+00:00,-1,0.7999999999999545,1.0,0.7929581788632731
PREFADE-F,SPX500_TRAIN,2005-02-14 13:32:00+00:00,1,1.2000000000000455,0.5,0.20218578850631275
PREFADE-F,SPX500_TRAIN,2005-02-15 12:59:00+00:00,-1,0.20000000000004547,1.0,0.972686436137792
PREFADE-F,SPX500_TRAIN,2005-02-17 13:14:00+00:00,-1,0.20000000000004547,0.7999999999999545,0.6871155416874899
PREFADE-F,SPX500_TRAIN,2005-02-28 13:37:00+00:00,1,2.7999999999999545,0.0,-2.5
PREFADE-F,SPX500_TRAIN,2005-03-02 14:17:00+00:00,1,1.5,0.7999999999999545,0.6059082913020575
PREFADE-F,SPX500_TRAIN,2005-03-04 12:34:00+00:00,-1,3.2000000000000455,0.7999999999999545,-1.5793295614339513
PREFADE-F,SPX500_TRAIN,2005-03-08 13:30:00+00:00,-1,0.5,0.7000000000000455,0.7000000000000455
PREFADE-F,SPX500_TRAIN,2005-03-11 13:04:00+00:00,-1,0.2999999999999545,1.5,1.5
PREFADE-F,SPX500_TRAIN,2005-03-14 13:54:00+00:00,-1,0.7000000000000455,1.2999999999999545,1.0720685013197908
PREFADE-F,SPX500_TRAIN,2005-03-15 14:11:00+00:00,-1,0.5,2.5,2.163197024471174
PREFADE-F,SPX500_TRAIN,2005-03-16 12:50:00+00:00,1,4.2999999999999545,0.20000000000004547,-3.5
PREFADE-F,SPX500_TRAIN,2005-03-28 14:13:00+00:00,-1,0.2999999999999545,1.2000000000000455,1.0
PREFADE-F,SPX500_TRAIN,2005-03-31 12:40:00+00:00,-1,1.2000000000000455,0.5,-1.1663735929384984
PREFADE-F,SPX500_TRAIN,2005-04-04 11:35:00+00:00,1,0.7999999999999545,2.0,1.7119918704395332
PREFADE-F,SPX500_TRAIN,2005-04-05 12:43:00+00:00,-1,0.2999999999999545,1.2000000000000455,1.0377283077534685
PREFADE-F,SPX500_TRAIN,2005-04-12 12:42:00+00:00,1,2.2000000000000455,1.0,-1.6735716921218682
PREFADE-F,SPX500_TRAIN,2005-04-13 12:57:00+00:00,1,1.2000000000000455,0.7999999999999545,0.47945471898719916
PREFADE-F,SPX500_TRAIN,2005-04-19 11:46:00+00:00,-1,0.5,1.7999999999999545,1.7999999999999545
PREFADE-F,SPX500_TRAIN,2005-04-25 13:02:00+00:00,-1,1.2999999999999545,1.2000000000000455,1.1844955820251926
PREFADE-F,SPX500_TRAIN,2005-04-28 12:36:00+00:00,1,0.5,2.0,1.7746446576372819
PREFADE-F,SPX500_TRAIN,2005-05-06 11:41:00+00:00,-1,4.400000000000091,1.0,-2.0428258562437804
PREFADE-F,SPX500_TRAIN,2005-05-12 11:45:00+00:00,1,0.7999999999999545,2.0,0.7154311684005279
PREFADE-F,SPX500_TRAIN,2005-05-12 12:45:00+00:00,-1,0.5,1.0,0.7285364124954867
PREFADE-F,SPX500_TRAIN,2005-05-19 12:45:00+00:00,-1,1.5,0.2999999999999545,-1.5
PREFADE-F,SPX500_TRAIN,2005-05-27 11:49:00+00:00,-1,0.7000000000000455,0.7999999999999545,0.5881495516562154
PREFADE-F,SPX500_TRAIN,2005-06-01 13:00:00+00:00,1,0.2999999999999545,1.0,0.9941147420809102
PREFADE-F,SPX500_TRAIN,2005-06-03 12:31:00+00:00,1,0.7000000000000455,2.5,0.6611832519629388
PREFADE-F,SPX500_TRAIN,2005-06-06 12:41:00+00:00,1,0.5,0.7000000000000455,0.5846422521647128
PREFADE-F,SPX500_TRAIN,2005-06-13 11:37:00+00:00,1,2.0,0.0,-1.8949348241685584
PREFADE-F,SPX500_TRAIN,2005-06-14 13:28:00+00:00,1,1.5,1.2999999999999545,0.6319444199402824
PREFADE-F,SPX500_TRAIN,2005-06-15 12:54:00+00:00,-1,0.5,2.0,2.0
PREFADE-F,SPX500_TRAIN,2005-06-16 11:36:00+00:00,-1,0.5,0.7000000000000455,0.42804872175543096
PREFADE-F,SPX500_TRAIN,2005-06-23 12:14:00+00:00,1,1.5,0.7999999999999545,-1.2967351660238364
PREFADE-F,SPX500_TRAIN,2005-06-24 12:17:00+00:00,-1,0.2999999999999545,1.3999999999998636,1.2000000000000455
PREFADE-F,SPX500_TRAIN,2005-06-29 12:33:00+00:00,-1,1.2000000000000455,0.7999999999999545,0.6212239722410686
PREFADE-F,SPX500_TRAIN,2005-06-30 11:31:00+00:00,-1,2.0,0.1999999999998181,-1.8275693047171444
PREFADE-F,SPX500_TRAIN,2005-07-15 12:30:00+00:00,-1,0.7999999999999545,1.5,1.3498540424841394
PREFADE-F,SPX500_TRAIN,2005-07-18 13:12:00+00:00,1,0.20000000000004547,1.2999999999999545,1.261036349768574
PREFADE-F,SPX500_TRAIN,2005-07-27 11:57:00+00:00,-1,1.2999999999999545,0.20000000000004547,0.15307897707543816
PREFADE-F,SPX500_TRAIN,2005-07-28 12:04:00+00:00,-1,1.7000000000000455,0.2999999999999545,-1.5705200604588754
PREFADE-F,SPX500_TRAIN,2005-07-29 12:38:00+00:00,1,1.2999999999999545,0.5,-1.1833774969122715
PREFADE-F,SPX500_TRAIN,2005-08-05 12:46:00+00:00,1,4.0,0.0,-3.2090175767195888
PREFADE-F,SPX500_TRAIN,2005-08-11 12:31:00+00:00,1,1.5,1.0,0.6303525642706518
PREFADE-F,SPX500_TRAIN,2005-08-12 12:44:00+00:00,1,1.0,1.0,0.9901678804585572
PREFADE-F,SPX500_TRAIN,2005-08-16 12:08:00+00:00,1,0.3000000000001819,1.699999999999818,1.5504777834346442
PREFADE-F,SPX500_TRAIN,2005-08-16 12:47:00+00:00,1,3.0,0.0,-2.330430137543999
PREFADE-F,SPX500_TRAIN,2005-08-25 12:46:00+00:00,-1,0.20000000000004547,1.5,1.3777777842071828
PREFADE-F,SPX500_TRAIN,2005-08-26 12:26:00+00:00,1,2.7000000000000455,0.5,-1.5378085100978751
PREFADE-F,SPX500_TRAIN,2005-08-29 12:50:00+00:00,-1,6.2000000000000455,1.2999999999999545,-5.269607143784697
PREFADE-F,SPX500_TRAIN,2005-09-02 12:57:00+00:00,-1,0.1999999999998181,2.800000000000182,2.2055555566728344
PREFADE-F,SPX500_TRAIN,2005-09-07 12:45:00+00:00,1,0.5,1.0,0.8074573016874638
PREFADE-F,SPX500_TRAIN,2005-09-08 11:31:00+00:00,1,0.5,1.0,0.9041152257243539
PREFADE-F,SPX500_TRAIN,2005-09-15 12:31:00+00:00,1,0.0,0.7999999999999545,0.5
PREFADE-F,SPX500_TRAIN,2005-09-15 12:41:00+00:00,-1,1.2000000000000455,1.0,0.7999999999999545
PREFADE-F,SPX500_TRAIN,2005-09-19 12:29:00+00:00,-1,1.2000000000000455,1.2999999999999545,0.6703204447583175
PREFADE-F,SPX500_TRAIN,2005-10-05 12:16:00+00:00,-1,0.20000000000004547,1.2999999999999545,1.0505824741139804
PREFADE-F,SPX500_TRAIN,2005-10-06 12:40:00+00:00,-1,1.5,2.0,1.8167006609635337
PREFADE-F,SPX500_TRAIN,2005-10-07 12:31:00+00:00,-1,0.0,1.5,-0.0
PREFADE-F,SPX500_TRAIN,2005-10-12 12:27:00+00:00,1,0.0,1.2000000000000455,1.059496685106751
PREFADE-F,SPX500_TRAIN,2005-10-12 13:13:00+00:00,-1,2.2000000000000455,0.7999999999999545,-1.6777995200679925
PREFADE-F,SPX500_TRAIN,2005-10-18 13:09:00+00:00,1,2.5,2.2000000000000455,0.8935871779799527
PREFADE-F,SPX500_TRAIN,2005-10-24 11:39:00+00:00,-1,3.5,1.5,-2.892806890825341
PREFADE-F,SPX500_TRAIN,2005-10-26 12:10:00+00:00,1,3.0,0.5,-2.660674454866694
PREFADE-F,SPX500_TRAIN,2005-10-28 11:59:00+00:00,-1,3.7999999999999545,0.20000000000004547,-3.309113644700801
PREFADE-F,SPX500_TRAIN,2005-11-02 13:09:00+00:00,1,1.2999999999999545,1.7000000000000455,1.5767384282730745
PREFADE-F,SPX500_TRAIN,2005-11-03 13:49:00+00:00,-1,4.5,0.0,-4.392677402708841
PREFADE-F,SPX500_TRAIN,2005-11-04 13:31:00+00:00,1,0.5,0.6999999999998181,0.5831874124221486
PREFADE-F,SPX500_TRAIN,2005-11-04 13:38:00+00:00,-1,0.3999999999998636,0.8000000000001819,0.7998150547732621
PREFADE-F,SPX500_TRAIN,2005-11-04 13:47:00+00:00,-1,1.5,0.6999999999998181,-1.342189006524677
PREFADE-F,SPX500_TRAIN,2005-11-07 12:56:00+00:00,-1,2.0,0.7999999999999545,0.41424164735940394
PREFADE-F,SPX500_TRAIN,2005-11-09 12:35:00+00:00,1,1.2000000000000455,0.6999999999998181,0.3142857142856883
PREFADE-F,SPX500_TRAIN,2005-11-10 13:31:00+00:00,1,0.0,0.5,0.3967821515432206
PREFADE-F,SPX500_TRAIN,2005-11-10 14:17:00+00:00,-1,0.2999999999999545,1.2000000000000455,1.1410705005421278
PREFADE-F,SPX500_TRAIN,2005-11-16 14:01:00+00:00,-1,1.2000000000000455,1.5,1.0125062946110575
PREFADE-F,SPX500_TRAIN,2005-11-21 13:49:00+00:00,-1,0.20000000000004547,1.0,1.0
PREFADE-F,SPX500_TRAIN,2005-11-23 12:46:00+00:00,-1,0.6999999999998181,0.3000000000001819,0.3000000000001819
PREFADE-F,SPX500_TRAIN,2005-11-23 14:27:00+00:00,1,0.2999999999999545,1.0,0.7609806996556472
PREFADE-F,SPX500_TRAIN,2005-11-25 12:54:00+00:00,-1,1.2999999999999545,0.20000000000004547,-1.2999999999999545
PREFADE-F,SPX500_TRAIN,2005-12-02 13:39:00+00:00,-1,0.20000000000004547,1.7999999999999545,1.4712776372343797
PREFADE-F,SPX500_TRAIN,2005-12-05 14:11:00+00:00,1,2.0,0.5,-1.8565777715880358
PREFADE-F,SPX500_TRAIN,2005-12-06 13:31:00+00:00,-1,2.2999999999999545,0.20000000000004547,-2.1951760906649724
PREFADE-F,SPX500_TRAIN,2005-12-07 13:13:00+00:00,1,0.5,1.2999999999999545,1.0284196388831788
PREFADE-F,SPX500_TRAIN,2005-12-09 13:49:00+00:00,-1,0.5,1.7000000000000455,1.231791886199062
PREFADE-F,SPX500_TRAIN,2005-12-13 13:58:00+00:00,1,1.5,0.20000000000004547,0.15725728685083595
PREFADE-F,SPX500_TRAIN,2005-12-22 13:46:00+00:00,-1,1.7000000000000455,0.0,-1.464914927640848
PREFADE-F,SPX500_TRAIN,2005-12-23 13:31:00+00:00,-1,0.0,0.5,0.2999999999999545
PREFADE-F,SPX500_TRAIN,2005-12-23 13:53:00+00:00,1,0.0,0.5,0.2950355245711762
PREFADE-F,SPX500_TRAIN,2005-12-23 14:29:00+00:00,-1,1.0,0.0,-0.90091379852106
PREFADE-F,SPX500_TRAIN,2005-12-29 13:22:00+00:00,1,0.7999999999999545,0.7000000000000455,0.580109026906257
PREFADE-F,SPX500_TRAIN,2006-01-12 12:31:00+00:00,1,0.5,1.0,0.8078679910165647
PREFADE-F,SPX500_TRAIN,2006-01-12 13:33:00+00:00,1,0.5,0.5,0.4725721554491429
PREFADE-F,SPX500_TRAIN,2006-01-13 12:51:00+00:00,1,0.7000000000000455,1.2999999999999545,1.0019769425055074
PREFADE-F,SPX500_TRAIN,2006-01-19 13:31:00+00:00,-1,0.7000000000000455,1.5,0.9911321483575648
PREFADE-F,SPX500_TRAIN,2006-01-27 13:58:00+00:00,1,0.0,2.5,2.49462784054208
PREFADE-F,SPX500_TRAIN,2006-01-31 12:58:00+00:00,1,2.0,0.6999999999998181,-1.9712305091520648
PREFADE-F,SPX500_TRAIN,2006-02-03 14:16:00+00:00,1,4.2999999999999545,1.5,0.6942081518020586
PREFADE-F,SPX500_TRAIN,2006-02-15 13:54:00+00:00,-1,0.0,2.0,1.3058434812035102
PREFADE-F,SPX500_TRAIN,2006-02-16 14:14:00+00:00,-1,1.5,0.5,0.2328469088147358
PREFADE-F,SPX500_TRAIN,2006-02-22 12:34:00+00:00,-1,0.5,1.2999999999999545,1.2999999999999545
PREFADE-F,SPX500_TRAIN,2006-02-22 13:46:00+00:00,-1,0.2999999999999545,1.5,1.4926735043218287
PREFADE-F,SPX500_TRAIN,2006-02-24 13:34:00+00:00,1,0.5,1.7000000000000455,1.3144635870537513
PREFADE-F,SPX500_TRAIN,2006-02-27 12:45:00+00:00,1,0.20000000000004547,1.5,1.4478571426300277
PREFADE-F,SPX500_TRAIN,2006-02-28 13:35:00+00:00,1,1.5,0.20000000000004547,-1.2859949025869355
PREFADE-F,SPX500_TRAIN,2006-03-03 13:20:00+00:00,1,2.2999999999999545,0.5,-1.8203113849867805
PREFADE-F,SPX500_TRAIN,2006-03-10 14:02:00+00:00,-1,0.7999999999999545,2.5,2.4467524812503143
PREFADE-F,SPX500_TRAIN,2006-03-15 13:00:00+00:00,1,0.0,1.0,1.0
PREFADE-F,SPX500_TRAIN,2006-03-15 13:32:00+00:00,-1,0.7999999999999545,0.20000000000004547,0.13703699906659494
PREFADE-F,SPX500_TRAIN,2006-03-15 13:58:00+00:00,1,0.0,0.7000000000000455,0.7000000000000455
PREFADE-F,SPX500_TRAIN,2006-03-24 12:36:00+00:00,1,0.0,0.7999999999999545,0.7999999999999545
PREFADE-F,SPX500_TRAIN,2006-03-27 12:46:00+00:00,-1,0.0,1.2000000000000455,1.2000000000000455
PREFADE-F,SPX500_TRAIN,2006-03-27 14:26:00+00:00,1,1.5,1.0,0.9393189963473105
PREFADE-F,SPX500_TRAIN,2006-03-30 13:10:00+00:00,-1,0.5,1.2000000000000455,1.0498581551491952
PREFADE-F,SPX500_TRAIN,2006-03-30 13:57:00+00:00,1,0.0,1.5,1.4934640529108947
PREFADE-F,SPX500_TRAIN,2006-04-04 12:45:00+00:00,-1,0.20000000000004547,1.5,1.0369901202398069
PREFADE-F,SPX500_TRAIN,2006-04-05 13:10:00+00:00,-1,2.199999999999818,0.7000000000000455,-1.4857136431546678
PREFADE-F,SPX500_TRAIN,2006-04-07 12:15:00+00:00,-1,0.2999999999999545,0.7000000000000455,0.6998917403159339
PREFADE-F,SPX500_TRAIN,2006-04-07 12:31:00+00:00,-1,2.7000000000000455,0.0,-0.8410113496790927
PREFADE-F,SPX500_TRAIN,2006-04-10 12:06:00+00:00,-1,1.0,0.7999999999999545,0.7289943197347384
PREFADE-F,SPX500_TRAIN,2006-04-13 11:33:00+00:00,1,1.0,1.2999999999999545,1.185870408899973
PREFADE-F,SPX500_TRAIN,2006-04-18 11:34:00+00:00,-1,1.5,0.0,-1.168554301857057
PREFADE-F,SPX500_TRAIN,2006-04-18 12:30:00+00:00,-1,2.7000000000000455,0.5,-2.4306087187655976
PREFADE-F,SPX500_TRAIN,2006-04-19 11:44:00+00:00,-1,0.5,2.5,1.9772109034111054
PREFADE-F,SPX500_TRAIN,2006-04-19 13:12:00+00:00,1,1.5,1.2999999999999545,1.2304272640885756
PREFADE-F,SPX500_TRAIN,2006-04-20 11:41:00+00:00,-1,0.7000000000000455,1.0,0.9251141228087363
PREFADE-F,SPX500_TRAIN,2006-04-21 12:27:00+00:00,-1,2.2999999999999545,0.20000000000004547,-2.029637567676218
PREFADE-F,SPX500_TRAIN,2006-05-01 12:26:00+00:00,1,0.5,0.7000000000000455,0.7000000000000455
PREFADE-F,SPX500_TRAIN,2006-05-10 12:07:00+00:00,-1,0.0,1.0,0.9006572709956799
PREFADE-F,SPX500_TRAIN,2006-05-10 13:13:00+00:00,1,1.0,0.20000000000004547,-0.9623926406031842
PREFADE-F,SPX500_TRAIN,2006-05-16 11:59:00+00:00,-1,2.7000000000000455,0.5,-2.6774703758403575
PREFADE-F,SPX500_TRAIN,2006-05-17 12:43:00+00:00,1,2.7000000000000455,3.5,2.7999999999999545
PREFADE-F,SPX500_TRAIN,2006-06-20 12:10:00+00:00,1,0.5,1.8999999999998636,1.8632364101324583
PREFADE-F,SPX500_TRAIN,2006-06-23 12:31:00+00:00,1,3.2000000000000455,1.2999999999999545,-2.889458991865922
PREFADE-F,SPX500_TRAIN,2006-06-27 11:34:00+00:00,1,0.0,2.3999999999998636,2.337715191758889
PREFADE-F,SPX500_TRAIN,2006-06-30 13:07:00+00:00,-1,2.2000000000000455,2.2000000000000455,1.406395036304957
PREFADE-F,SPX500_TRAIN,2006-07-03 13:30:00+00:00,-1,0.5,1.0,0.945788061748317
PREFADE-F,SPX500_TRAIN,2006-07-05 12:16:00+00:00,1,2.2000000000000455,0.0,-2.0867420492083966
PREFADE-F,SPX500_TRAIN,2006-07-07 12:27:00+00:00,-1,5.2999999999999545,0.5,-2.4132845604897284
PREFADE-F,SPX500_TRAIN,2006-07-10 11:57:00+00:00,-1,1.2000000000000455,1.699999999999818,1.5671204432401282
PREFADE-F,SPX500_TRAIN,2006-07-11 11:42:00+00:00,-1,0.0,1.7000000000000455,1.400000000000091
PREFADE-F,SPX500_TRAIN,2006-07-11 13:25:00+00:00,1,1.5,0.5,0.22215699526827848
PREFADE-F,SPX500_TRAIN,2006-07-12 12:36:00+00:00,1,1.2000000000000455,1.0,0.6106459092954992
PREFADE-F,SPX500_TRAIN,2006-07-18 12:29:00+00:00,-1,0.20000000000004547,3.0,2.744395135627201
PREFADE-F,SPX500_TRAIN,2006-07-18 12:55:00+00:00,-1,3.5,0.0,-3.33884100206933
PREFADE-F,SPX500_TRAIN,2006-07-20 13:26:00+00:00,-1,1.7000000000000455,0.7999999999999545,0.7989265595451798
PREFADE-F,SPX500_TRAIN,2006-07-21 11:37:00+00:00,1,1.3999999999998636,1.2999999999999545,1.0393861340573949
PREFADE-F,SPX500_TRAIN,2006-07-25 13:07:00+00:00,1,2.0,0.5,-1.7579994164370873
PREFADE-F,SPX500_TRAIN,2006-07-26 12:48:00+00:00,-1,1.0,1.300000000000182,0.723094159498487
PREFADE-F,SPX500_TRAIN,2006-07-31 13:00:00+00:00,1,1.7999999999999545,0.7000000000000455,0.24646811168486238
PREFADE-F,SPX500_TRAIN,2006-08-01 12:42:00+00:00,1,1.8999999999998636,0.2999999999999545,-1.8742301969984965
PREFADE-F,SPX500_TRAIN,2006-08-03 11:33:00+00:00,1,2.8999999999998636,1.7999999999999545,0.3208171648775533
PREFADE-F,SPX500_TRAIN,2006-08-04 12:30:00+00:00,-1,4.2000000000000455,0.0,-2.492780973347408
PREFADE-F,SPX500_TRAIN,2006-08-08 12:44:00+00:00,1,0.20000000000004547,2.5,1.9389056615839309
PREFADE-F,SPX500_TRAIN,2006-08-09 11:36:00+00:00,-1,3.7000000000000455,0.5,-3.199426950482348
PREFADE-F,SPX500_TRAIN,2006-08-15 11:56:00+00:00,-1,1.199999999999818,0.3000000000001819,-1.1302270125456744
PREFADE-F,SPX500_TRAIN,2006-08-16 12:02:00+00:00,-1,0.20000000000004547,1.0,1.0
PREFADE-F,SPX500_TRAIN,2006-08-16 12:29:00+00:00,-1,0.5,0.0,-0.0
PREFADE-F,SPX500_TRAIN,2006-08-17 12:11:00+00:00,1,0.0,1.2000000000000455,1.0358318217276974
PREFADE-F,SPX500_TRAIN,2006-08-18 13:07:00+00:00,-1,1.7000000000000455,0.5,-1.6714079209436932
PREFADE-F,SPX500_TRAIN,2006-08-25 13:18:00+00:00,1,1.0,1.2000000000000455,0.9166806982184426
PREFADE-F,SPX500_TRAIN,2006-08-31 12:38:00+00:00,-1,0.2999999999999545,1.7000000000000455,1.6152698153541678
PREFADE-F,SPX500_TRAIN,2006-09-01 12:35:00+00:00,-1,2.0,0.0,-1.7609662537975055
PREFADE-F,SPX500_TRAIN,2006-09-06 11:34:00+00:00,1,2.5,0.7000000000000455,-2.3344124778968762
PREFADE-F,SPX500_TRAIN,2006-09-13 12:46:00+00:00,-1,0.2999999999999545,0.7000000000000455,0.699654646364479
PREFADE-F,SPX500_TRAIN,2006-09-15 12:18:00+00:00,-1,1.2999999999999545,0.0,-1.057672786054809
PREFADE-F,SPX500_TRAIN,2006-09-15 12:50:00+00:00,-1,3.7999999999999545,0.7000000000000455,-0.5584855306094596
PREFADE-F,SPX500_TRAIN,2006-09-18 12:49:00+00:00,1,2.199999999999818,0.7000000000000455,0.21047739335199367
PREFADE-F,SPX500_TRAIN,2006-09-26 12:28:00+00:00,-1,0.3000000000001819,1.3999999999998636,1.3906775624168404
PREFADE-F,SPX500_TRAIN,2006-09-27 12:44:00+00:00,1,0.5,2.2000000000000455,2.0446472809028364
PREFADE-F,SPX500_TRAIN,2006-10-04 12:35:00+00:00,1,1.2000000000000455,0.7999999999999545,0.6722518188755657
PREFADE-F,SPX500_TRAIN,2006-10-05 11:38:00+00:00,1,1.0,0.5,0.5
PREFADE-F,SPX500_TRAIN,2006-10-06 11:32:00+00:00,1,0.7000000000000455,0.7000000000000455,0.7000000000000455
PREFADE-F,SPX500_TRAIN,2006-10-10 11:55:00+00:00,-1,0.0,1.2000000000000455,1.1165588397425381
PREFADE-F,SPX500_TRAIN,2006-10-11 12:03:00+00:00,1,1.2000000000000455,1.2999999999999545,0.7999999999999545
PREFADE-F,SPX500_TRAIN,2006-10-12 12:56:00+00:00,-1,3.0,0.2999999999999545,-2.7590525435909967
PREFADE-F,SPX500_TRAIN,2006-10-13 12:10:00+00:00,1,1.0,0.7999999999999545,0.6814361103015472
PREFADE-F,SPX500_TRAIN,2006-10-16 12:31:00+00:00,-1,0.0,1.5,1.5
PREFADE-F,SPX500_TRAIN,2006-10-18 13:00:00+00:00,-1,3.0,0.7000000000000455,0.5340242523025154
PREFADE-F,SPX500_TRAIN,2006-10-19 12:32:00+00:00,-1,0.5,1.800000000000182,1.6564102260410891
PREFADE-F,SPX500_TRAIN,2006-10-24 13:16:00+00:00,-1,0.1999999999998181,1.300000000000182,1.0
PREFADE-F,SPX500_TRAIN,2006-10-27 12:33:00+00:00,1,0.2999999999999545,0.20000000000004547,0.0
PREFADE-F,SPX500_TRAIN,2006-10-31 13:28:00+00:00,-1,1.0,1.5,1.0074823703564562
PREFADE-F,SPX500_TRAIN,2006-11-02 13:41:00+00:00,1,3.2000000000000455,0.5,-0.032561312088773775
PREFADE-F,SPX500_TRAIN,2006-11-03 14:20:00+00:00,-1,0.7000000000000455,2.0,1.9859001182492193
PREFADE-F,SPX500_TRAIN,2006-11-07 13:08:00+00:00,-1,1.5,1.199999999999818,0.757597418901014
PREFADE-F,SPX500_TRAIN,2006-11-09 13:21:00+00:00,-1,1.0,0.5,0.4753592415938783
PREFADE-F,SPX500_TRAIN,2006-11-15 13:35:00+00:00,-1,0.5,0.2999999999999545,0.2999999999999545
PREFADE-F,SPX500_TRAIN,2006-11-17 13:19:00+00:00,1,0.5,0.2999999999999545,0.2999999999999545
PREFADE-F,SPX500_TRAIN,2006-11-17 14:22:00+00:00,1,2.0,0.7999999999999545,0.7999999999999545
PREFADE-F,SPX500_TRAIN,2006-12-05 12:33:00+00:00,1,0.0,1.699999999999818,1.699999999999818
PREFADE-F,SPX500_TRAIN,2006-12-06 13:10:00+00:00,1,0.2999999999999545,2.2000000000000455,1.2000000000000455
PREFADE-F,SPX500_TRAIN,2006-12-06 13:38:00+00:00,1,0.2999999999999545,2.0,1.82409086660914
PREFADE-F,SPX500_TRAIN,2006-12-07 13:33:00+00:00,-1,2.800000000000182,0.5,-2.5961280653802987
PREFADE-F,SPX500_TRAIN,2006-12-08 13:22:00+00:00,-1,3.5,1.0,-2.368597810941992
PREFADE-F,SPX500_TRAIN,2006-12-14 12:41:00+00:00,1,0.0,1.699999999999818,1.699999999999818
PREFADE-F,SPX500_TRAIN,2006-12-15 12:56:00+00:00,1,1.0,4.7999999999999545,0.8437366461298552
PREFADE-F,SPX500_TRAIN,2006-12-22 13:33:00+00:00,-1,0.7000000000000455,0.5,0.2990320638389221
PREFADE-F,SPX500_TRAIN,2006-12-26 12:44:00+00:00,-1,0.1999999999998181,0.0,-0.0
PREFADE-F,SPX500_TRAIN,2006-12-26 12:53:00+00:00,-1,0.8000000000001819,0.0,-0.4315793285982181
PREFADE-F,SPX500_TRAIN,2006-12-26 13:08:00+00:00,-1,0.3000000000001819,0.5,0.5
PREFADE-F,SPX500_TRAIN,2006-12-28 13:45:00+00:00,-1,0.0,1.5,1.0466666703814553
PREFADE-F,SPX500_TRAIN,2006-12-29 13:46:00+00:00,-1,0.20000000000004547,1.2999999999999545,1.2999999999999545
PREFADE-F,SPX500_TRAIN,2007-01-08 12:53:00+00:00,-1,0.7999999999999545,0.7000000000000455,0.5582682638264487
PREFADE-F,SPX500_TRAIN,2007-01-11 13:09:00+00:00,1,1.400000000000091,1.7999999999999545,1.7939971987141234
PREFADE-F,SPX500_TRAIN,2007-01-12 12:33:00+00:00,1,0.5,1.0,0.9681286795098458
PREFADE-F,SPX500_TRAIN,2007-01-12 13:31:00+00:00,-1,0.5,0.7000000000000455,-0.0
PREFADE-F,SPX500_TRAIN,2007-01-12 13:41:00+00:00,1,0.2999999999999545,2.0,1.8336209515234714
PREFADE-F,SPX500_TRAIN,2007-01-16 13:36:00+00:00,1,1.400000000000091,0.5,-1.3842110038726787
PREFADE-F,SPX500_TRAIN,2007-01-17 13:53:00+00:00,1,0.7000000000000455,1.7999999999999545,1.7969856640227135
PREFADE-F,SPX500_TRAIN,2007-01-19 12:39:00+00:00,1,0.2999999999999545,0.7000000000000455,0.5162176716607974
PREFADE-F,SPX500_TRAIN,2007-01-19 13:09:00+00:00,1,0.0,1.0,1.0
PREFADE-F,SPX500_TRAIN,2007-01-19 13:45:00+00:00,1,0.0,1.2000000000000455,0.931634476033878
PREFADE-F,SPX500_TRAIN,2007-01-19 14:18:00+00:00,-1,1.0,1.0,0.8178056169863339
PREFADE-F,SPX500_TRAIN,2007-01-24 13:35:00+00:00,-1,0.1999999999998181,1.5,1.1998178122473746
PREFADE-F,SPX500_TRAIN,2007-01-25 13:08:00+00:00,1,0.5,0.7999999999999545,0.7273172534085006
PREFADE-F,SPX500_TRAIN,2007-01-26 13:52:00+00:00,-1,1.2000000000000455,1.0,0.9819224160814883
PREFADE-F,SPX500_TRAIN,2007-02-01 13:51:00+00:00,-1,1.0,1.5,1.3622222356530074
PREFADE-F,SPX500_TRAIN,2007-02-06 12:52:00+00:00,-1,0.7999999999999545,1.0,0.7590681825024603
PREFADE-F,SPX500_TRAIN,2007-02-07 12:55:00+00:00,-1,1.0,0.20000000000004547,-0.9641883379333649
PREFADE-F,SPX500_TRAIN,2007-02-09 14:03:00+00:00,1,0.20000000000004547,1.0,0.7999999999999545
PREFADE-F,SPX500_TRAIN,2007-02-14 12:40:00+00:00,-1,0.5,0.7999999999999545,0.6998968260206766
PREFADE-F,SPX500_TRAIN,2007-02-15 13:27:00+00:00,1,0.5,0.5,0.20677445391856963
PREFADE-F,SPX500_TRAIN,2007-02-15 13:36:00+00:00,-1,1.2000000000000455,0.2999999999999545,-0.8170082091712629
PREFADE-F,SPX500_TRAIN,2007-02-15 14:24:00+00:00,-1,0.0,0.7999999999999545,0.7706337586887457
PREFADE-F,SPX500_TRAIN,2007-02-16 12:42:00+00:00,-1,1.5,0.5,0.4509975990240491
PREFADE-F,SPX500_TRAIN,2007-02-20 14:05:00+00:00,1,3.0,1.2999999999999545,-2.1708587873667966
PREFADE-F,SPX500_TRAIN,2007-02-22 12:43:00+00:00,-1,0.7999999999999545,1.2000000000000455,0.7237817106190505
PREFADE-F,SPX500_TRAIN,2007-03-09 13:19:00+00:00,1,1.0,1.2000000000000455,0.805144522104456
PREFADE-F,SPX500_TRAIN,2007-03-12 12:13:00+00:00,1,3.5,0.0,-3.214736123511557
PREFADE-F,SPX500_TRAIN,2007-03-13 11:42:00+00:00,1,1.5,3.0,2.872164993679462
PREFADE-F,SPX500_TRAIN,2007-03-14 12:25:00+00:00,1,0.0,4.0,3.4623745363292073
PREFADE-F,SPX500_TRAIN,2007-03-14 13:29:00+00:00,-1,4.0,0.5,-3.961878998402881
PREFADE-F,SPX500_TRAIN,2007-03-15 11:53:00+00:00,-1,1.199999999999818,4.0,2.0169891511241076
PREFADE-F,SPX500_TRAIN,2007-03-15 12:41:00+00:00,1,2.0,3.300000000000182,2.800000000000182
PREFADE-F,SPX500_TRAIN,2007-03-16 12:47:00+00:00,-1,3.5,0.7999999999999545,-3.2360663477825256
PREFADE-F,SPX500_TRAIN,2007-03-21 11:51:00+00:00,-1,2.0,0.7000000000000455,-1.4469663473487344
PREFADE-F,SPX500_TRAIN,2007-03-22 11:39:00+00:00,-1,1.2000000000000455,0.5,-1.0531252573148322
PREFADE-F,SPX500_TRAIN,2007-03-26 13:30:00+00:00,-1,0.0,2.0,1.5009656734637247
PREFADE-F,SPX500_TRAIN,2007-03-28 11:38:00+00:00,1,1.0,1.300000000000182,1.2870026056157258
PREFADE-F,SPX500_TRAIN,2007-03-28 12:38:00+00:00,1,0.0,2.3999999999998636,2.2030139888831854
PREFADE-F,SPX500_TRAIN,2007-03-29 12:37:00+00:00,-1,0.0,3.5,3.3379932239085974
PREFADE-F,SPX500_TRAIN,2007-03-30 12:12:00+00:00,-1,0.3000000000001819,1.699999999999818,1.4521093519738315
PREFADE-F,SPX500_TRAIN,2007-03-30 12:42:00+00:00,-1,0.0,2.5,2.369583299011083
PREFADE-F,SPX500_TRAIN,2007-04-04 12:09:00+00:00,1,1.0,2.0,1.3355315979151783
PREFADE-F,SPX500_TRAIN,2007-04-05 11:35:00+00:00,-1,1.0,0.2999999999999545,-0.8798924482889561
PREFADE-F,SPX500_TRAIN,2007-04-09 13:28:00+00:00,1,1.5,0.1999999999998181,-1.3619385568260896
PREFADE-F,SPX500_TRAIN,2007-04-11 12:05:00+00:00,-1,1.0,1.0,0.9823965291507193
PREFADE-F,SPX500_TRAIN,2007-04-16 12:31:00+00:00,-1,4.699999999999818,0.5,-3.699999999999818
PREFADE-F,SPX500_TRAIN,2007-04-18 12:07:00+00:00,1,1.7000000000000455,0.0,-1.6823395120040914
PREFADE-F,SPX500_TRAIN,2007-04-26 11:31:00+00:00,-1,1.5,0.6999999999998181,0.5392571844447502
PREFADE-F,SPX500_TRAIN,2007-04-30 12:27:00+00:00,-1,2.0,1.7999999999999545,1.705021754564541
PREFADE-F,SPX500_TRAIN,2007-05-04 12:31:00+00:00,-1,2.7000000000000455,1.0,0.9310082948079526
PREFADE-F,SPX500_TRAIN,2007-05-07 12:24:00+00:00,-1,0.5,0.8000000000001819,0.8000000000001819
PREFADE-F,SPX500_TRAIN,2007-05-09 12:10:00+00:00,1,1.0,1.300000000000182,1.2084201638897412
PREFADE-F,SPX500_TRAIN,2007-05-10 12:07:00+00:00,1,0.7000000000000455,1.7999999999999545,1.3693956797117153
PREFADE-F,SPX500_TRAIN,2007-05-11 12:31:00+00:00,-1,1.800000000000182,1.699999999999818,1.613189430145212
PREFADE-F,SPX500_TRAIN,2007-05-14 11:41:00+00:00,1,0.2999999999999545,2.0,1.8016327706432094
PREFADE-F,SPX500_TRAIN,2007-05-15 12:40:00+00:00,-1,2.2999999999999545,2.7000000000000455,2.3921731400191675
PREFADE-F,SPX500_TRAIN,2007-05-16 11:36:00+00:00,-1,1.7999999999999545,0.5,-1.450209384747268
PREFADE-F,SPX500_TRAIN,2007-05-17 12:45:00+00:00,1,0.900000000000091,1.2999999999999545,0.753066675186119
PREFADE-F,SPX500_TRAIN,2007-05-21 11:35:00+00:00,-1,0.7999999999999545,1.2000000000000455,0.9171627254713712
PREFADE-F,SPX500_TRAIN,2007-05-22 12:21:00+00:00,-1,0.0,1.800000000000182,1.6423572392754977
PREFADE-F,SPX500_TRAIN,2007-06-05 11:32:00+00:00,1,3.5,0.5,-3.3135465891718923
PREFADE-F,SPX500_TRAIN,2007-06-07 11:59:00+00:00,1,3.5,1.5,1.2506523060412746
PREFADE-F,SPX500_TRAIN,2007-06-11 11:33:00+00:00,1,0.20000000000004547,1.2999999999999545,1.2999999999999545
PREFADE-F,SPX500_TRAIN,2007-06-11 12:45:00+00:00,-1,1.0,2.0,1.8165409746932255
PREFADE-F,SPX500_TRAIN,2007-06-13 11:59:00+00:00,-1,1.0,3.7999999999999545,3.5869369500392168
PREFADE-F,SPX500_TRAIN,2007-06-14 12:30:00+00:00,-1,0.0,3.0,2.264396188576484
PREFADE-F,SPX500_TRAIN,2007-06-27 12:36:00+00:00,1,1.5,2.5,2.453728655599207
PREFADE-F,SPX500_TRAIN,2007-06-28 12:44:00+00:00,1,0.5,2.5,2.376962689306538
PREFADE-F,SPX500_TRAIN,2007-07-05 13:00:00+00:00,1,2.0,1.5,1.213488663869839
PREFADE-F,SPX500_TRAIN,2007-07-06 12:42:00+00:00,1,1.0,1.2000000000000455,1.2000000000000455
PREFADE-F,SPX500_TRAIN,2007-07-10 12:24:00+00:00,1,5.400000000000091,1.5,-4.633193859962148
PREFADE-F,SPX500_TRAIN,2007-07-12 11:55:00+00:00,-1,3.0,0.7000000000000455,-2.9862496085313524
PREFADE-F,SPX500_TRAIN,2007-07-13 12:30:00+00:00,-1,0.0,2.5,2.4039365831326904
PREFADE-F,SPX500_TRAIN,2007-07-18 11:44:00+00:00,-1,0.0,2.7000000000000455,2.540806833681472
PREFADE-F,SPX500_TRAIN,2007-07-20 11:49:00+00:00,1,0.6999999999998181,2.2000000000000455,2.127797418376531
PREFADE-F,SPX500_TRAIN,2007-07-23 13:13:00+00:00,-1,2.2000000000000455,2.199999999999818,2.116124162277174
PREFADE-F,SPX500_TRAIN,2007-07-24 12:27:00+00:00,1,4.7000000000000455,0.2999999999999545,-4.601130842599105
PREFADE-F,SPX500_TRAIN,2007-07-27 11:45:00+00:00,1,3.0,7.5,6.573139783951547
PREFADE-F,SPX500_TRAIN,2007-08-02 12:14:00+00:00,-1,4.0,3.2000000000000455,2.401859592548135
PREFADE-F,SPX500_TRAIN,2007-08-03 12:42:00+00:00,1,1.2000000000000455,3.5,2.5033434299698456
PREFADE-F,SPX500_TRAIN,2007-08-07 12:02:00+00:00,-1,0.7999999999999545,3.2000000000000455,1.934792189076461
PREFADE-F,SPX500_TRAIN,2007-08-07 12:45:00+00:00,1,3.7000000000000455,0.7000000000000455,-3.1057096746244497
PREFADE-F,SPX500_TRAIN,2007-08-13 13:25:00+00:00,-1,1.5,6.0,5.336390212198012
PREFADE-F,SPX500_TRAIN,2007-08-14 12:31:00+00:00,-1,3.7000000000000455,2.5,1.5145397963171945
PREFADE-F,SPX500_TRAIN,2007-08-23 12:05:00+00:00,1,4.199999999999818,1.300000000000182,-4.050968414132512
PREFADE-F,SPX500_TRAIN,2007-08-24 12:52:00+00:00,-1,0.20000000000004547,4.0,3.3451947770072366
PREFADE-F,SPX500_TRAIN,2007-08-28 13:28:00+00:00,1,5.7000000000000455,1.699999999999818,-5.252028803645317
PREFADE-F,SPX500_TRAIN,2007-09-03 13:05:00+00:00,-1,1.2999999999999545,1.5,0.20000000000004547
PREFADE-F,SPX500_TRAIN,2007-09-05 11:42:00+00:00,1,0.7000000000000455,4.7999999999999545,3.6768470882348083
PREFADE-F,SPX500_TRAIN,2007-09-12 12:19:00+00:00,1,1.0,2.5,2.058075412790913
PREFADE-F,SPX500_TRAIN,2007-09-18 12:09:00+00:00,-1,4.7999999999999545,1.2000000000000455,0.9737058203829747
PREFADE-F,SPX500_TRAIN,2007-09-20 12:53:00+00:00,-1,1.0,3.7000000000000455,2.7667793669586445
PREFADE-F,SPX500_TRAIN,2007-09-25 12:55:00+00:00,1,4.2000000000000455,1.0,-3.693154546390133
PREFADE-F,SPX500_TRAIN,2007-10-10 13:29:00+00:00,1,2.7999999999999545,1.0,-2.0786093159481425
PREFADE-F,SPX500_TRAIN,2007-10-23 13:00:00+00:00,-1,1.2000000000000455,2.0,1.7812398346459304
PREFADE-F,SPX500_TRAIN,2007-10-26 12:01:00+00:00,1,0.20000000000004547,3.0,2.6469062045662213
PREFADE-F,SPX500_TRAIN,2007-10-30 13:01:00+00:00,1,0.5,2.5,2.336870296339839
PREFADE-F,SPX500_TRAIN,2007-10-31 13:01:00+00:00,-1,0.2999999999999545,4.400000000000091,3.9802452270218964
PREFADE-F,SPX500_TRAIN,2007-11-02 12:54:00+00:00,-1,1.2000000000000455,7.0,6.568411513349247
PREFADE-F,SPX500_TRAIN,2007-11-16 13:01:00+00:00,-1,2.0,3.7000000000000455,3.564142196402372
PREFADE-F,SPX500_TRAIN,2007-12-03 12:37:00+00:00,-1,1.2999999999999545,3.2000000000000455,2.5
PREFADE-F,SPX500_TRAIN,2007-12-04 12:37:00+00:00,1,1.5,3.2000000000000455,3.0529845149883386
PREFADE-F,SPX500_TRAIN,2007-12-10 13:01:00+00:00,-1,0.7000000000000455,5.0,4.5
PREFADE-F,SPX500_TRAIN,2007-12-13 13:08:00+00:00,1,5.5,4.300000000000182,4.054674847374827
PREFADE-F,SPX500_TRAIN,2007-12-14 13:40:00+00:00,1,2.7999999999999545,4.7000000000000455,4.678059712310414
PREFADE-F,SPX500_TRAIN,2007-12-24 12:53:00+00:00,-1,3.0,1.2000000000000455,-2.733936746741392
PREFADE-F,SPX500_TRAIN,2008-01-02 12:47:00+00:00,1,2.2000000000000455,0.5,-2.082886156286577
PREFADE-F,SPX500_TRAIN,2008-01-08 13:05:00+00:00,-1,0.5,5.5,5.381083605159802
PREFADE-F,SPX500_TRAIN,2008-01-10 13:35:00+00:00,1,4.400000000000091,2.0,1.977903184108527
PREFADE-F,SPX500_TRAIN,2008-01-15 13:31:00+00:00,1,8.900000000000091,0.5,-8.569290529848104
PREFADE-F,SPX500_TRAIN,2008-01-16 12:43:00+00:00,-1,1.0,3.5,3.0931863709299705
PREFADE-F,SPX500_TRAIN,2008-01-18 13:14:00+00:00,-1,0.0,8.5,7.769852538722489
PREFADE-F,SPX500_TRAIN,2008-01-22 13:42:00+00:00,-1,4.0,19.40000000000009,11.771005125737247
PREFADE-F,SPX500_TRAIN,2008-01-29 13:27:00+00:00,-1,4.699999999999818,3.0,2.615839242597076
PREFADE-F,SPX500_TRAIN,2008-01-30 13:27:00+00:00,-1,1.5,4.2000000000000455,3.852362504462235
PREFADE-F,SPX500_TRAIN,2008-01-31 13:58:00+00:00,1,0.7999999999999545,8.5,8.258843033163203
PREFADE-F,SPX500_TRAIN,2008-02-04 13:27:00+00:00,1,4.7000000000000455,2.5,-4.283617324033912
PREFADE-F,SPX500_TRAIN,2008-02-05 12:46:00+00:00,1,6.400000000000091,1.0,-5.2000000000000455
PREFADE-F,SPX500_TRAIN,2008-02-05 14:24:00+00:00,1,7.0,6.199999999999818,-4.5
PREFADE-F,SPX500_TRAIN,2008-02-07 13:07:00+00:00,1,5.2000000000000455,6.0,4.8049500577458275
PREFADE-F,SPX500_TRAIN,2008-02-11 12:37:00+00:00,-1,3.0,4.400000000000091,4.014080336190773
PREFADE-F,SPX500_TRAIN,2008-02-15 13:09:00+00:00,1,6.2999999999999545,4.0,2.809851549456198
PREFADE-F,SPX500_TRAIN,2008-02-20 13:48:00+00:00,1,2.7999999999999545,6.2000000000000455,5.992245115228798
PREFADE-F,SPX500_TRAIN,2008-02-22 13:34:00+00:00,-1,3.5,0.0,-3.492466694272025
PREFADE-F,SPX500_TRAIN,2008-02-26 14:23:00+00:00,1,0.0,4.7000000000000455,4.5101640313287135
PREFADE-F,SPX500_TRAIN,2008-02-27 13:11:00+00:00,1,5.2999999999999545,0.20000000000004547,-4.676792158700891
PREFADE-F,SPX500_TRAIN,2008-02-27 13:46:00+00:00,1,1.0,6.0,5.306163992636812
PREFADE-F,SPX500_TRAIN,2008-02-28 13:07:00+00:00,1,3.2999999999999545,2.7000000000000455,1.7108124418268744
PREFADE-F,SPX500_TRAIN,2008-03-03 13:06:00+00:00,-1,2.2000000000000455,3.2999999999999545,3.235106440915388
PREFADE-F,SPX500_TRAIN,2008-03-06 13:31:00+00:00,1,7.7000000000000455,6.0,-4.0
PREFADE-F,SPX500_TRAIN,2008-03-07 13:31:00+00:00,1,9.5,1.0,-8.20968244017331
PREFADE-F,SPX500_TRAIN,2008-03-07 13:53:00+00:00,1,1.0,9.5,9.061892483666725
PREFADE-F,SPX500_TRAIN,2008-03-19 13:09:00+00:00,-1,6.7000000000000455,5.2999999999999545,4.529064468009437
PREFADE-F,SPX500_TRAIN,2008-04-02 11:59:00+00:00,-1,4.7999999999999545,2.7000000000000455,2.639726772353015
PREFADE-F,SPX500_TRAIN,2008-04-03 12:43:00+00:00,1,3.2000000000000455,3.0,2.9923495120440293
PREFADE-F,SPX500_TRAIN,2008-04-14 11:58:00+00:00,1,2.5,3.0,2.8847468584363014
PREFADE-F,SPX500_TRAIN,2008-04-16 12:19:00+00:00,-1,0.0,4.0,3.4365795072776564
PREFADE-F,SPX500_TRAIN,2008-04-16 12:31:00+00:00,-1,4.7999999999999545,0.20000000000004547,-4.531550304807979
PREFADE-F,SPX500_TRAIN,2008-04-17 12:16:00+00:00,1,3.7999999999999545,2.0,0.9629162459730196
PREFADE-F,SPX500_TRAIN,2008-04-24 12:45:00+00:00,-1,6.7000000000000455,2.5,-5.891032399069218
PREFADE-F,SPX500_TRAIN,2008-04-30 12:43:00+00:00,-1,1.0,3.7000000000000455,3.431482992278461
PREFADE-F,SPX500_TRAIN,2008-05-15 11:54:00+00:00,-1,2.5,1.7000000000000455,1.4904113618226802
PREFADE-F,SPX500_TRAIN,2008-05-19 12:03:00+00:00,-1,1.2999999999999545,0.5,0.3101664857263131
PREFADE-F,SPX500_TRAIN,2008-06-06 12:52:00+00:00,1,9.0,1.5,-8.998040358484104
PREFADE-F,SPX500_TRAIN,2008-06-13 12:12:00+00:00,-1,1.0,5.199999999999818,2.988870095103948
PREFADE-F,SPX500_TRAIN,2008-06-13 13:10:00+00:00,-1,1.0,5.800000000000182,5.345551768748919
PREFADE-F,SPX500_TRAIN,2008-06-16 12:49:00+00:00,1,4.5,2.5,1.719251931607232
PREFADE-F,SPX500_TRAIN,2008-06-17 12:26:00+00:00,-1,3.2000000000000455,2.7999999999999545,1.6004252222226114
PREFADE-F,SPX500_TRAIN,2008-06-19 11:37:00+00:00,-1,2.2000000000000455,2.7999999999999545,2.2999999999999545
PREFADE-F,SPX500_TRAIN,2008-06-20 11:54:00+00:00,1,6.5,5.0,-1.039407574274037
PREFADE-F,SPX500_TRAIN,2008-06-23 12:47:00+00:00,-1,1.2000000000000455,2.7999999999999545,2.623100657906889
PREFADE-F,SPX500_TRAIN,2008-07-03 12:31:00+00:00,-1,1.0,1.800000000000182,0.39177711771617396
PREFADE-F,SPX500_TRAIN,2008-07-07 13:23:00+00:00,-1,6.0,1.7000000000000455,1.074278831356878
PREFADE-F,SPX500_TRAIN,2008-07-09 12:12:00+00:00,-1,2.0,3.0,2.894638633771592
PREFADE-F,SPX500_TRAIN,2008-07-25 12:47:00+00:00,-1,0.5,4.7999999999999545,4.162632218340832
PREFADE-F,SPX500_TRAIN,2008-07-29 11:33:00+00:00,-1,2.2000000000000455,2.2999999999999545,2.169730156489777
PREFADE-F,SPX500_TRAIN,2008-07-31 11:35:00+00:00,-1,3.2000000000000455,6.5,2.3697705853981006
PREFADE-F,SPX500_TRAIN,2008-07-31 13:00:00+00:00,1,3.5,6.699999999999818,4.989114125900642
PREFADE-F,SPX500_TRAIN,2008-08-08 11:56:00+00:00,1,4.5,2.5,-3.8019263525256974
PREFADE-F,SPX500_TRAIN,2008-08-14 12:54:00+00:00,1,2.0,5.5,4.834560159292778
PREFADE-F,SPX500_TRAIN,2008-08-15 11:55:00+00:00,1,1.0,2.5,2.0239543503664663
PREFADE-F,SPX500_TRAIN,2008-08-19 11:35:00+00:00,1,6.5,0.7000000000000455,-4.490385532479422
PREFADE-F,SPX500_TRAIN,2008-08-19 12:54:00+00:00,1,4.0,5.7999999999999545,-2.5
PREFADE-F,SPX500_TRAIN,2008-08-20 12:55:00+00:00,1,0.5,3.2000000000000455,2.6188686210093692
PREFADE-F,SPX500_TRAIN,2008-08-26 12:21:00+00:00,1,0.20000000000004547,3.0,2.868329669199511
PREFADE-F,SPX500_TRAIN,2008-08-27 12:37:00+00:00,-1,0.7000000000000455,4.7999999999999545,4.696888744107582
PREFADE-F,SPX500_TRAIN,2008-08-29 11:54:00+00:00,-1,0.20000000000004547,2.7999999999999545,2.118006850241045
PREFADE-F,SPX500_TRAIN,2008-09-10 11:51:00+00:00,1,7.5,5.5,4.389632939157082
PREFADE-F,SPX500_TRAIN,2008-09-12 12:45:00+00:00,1,8.0,0.20000000000004547,-7.404987467234605
PREFADE-F,SPX500_TRAIN,2008-09-16 12:40:00+00:00,1,10.0,10.700000000000045,9.167339904083292
PREFADE-F,SPX500_TRAIN,2008-09-22 12:43:00+00:00,-1,4.2000000000000455,7.7000000000000455,7.236490501443313
PREFADE-F,SPX500_TRAIN,2008-09-23 12:21:00+00:00,1,1.2000000000000455,6.2000000000000455,5.759249539401253
PREFADE-F,SPX500_TRAIN,2008-09-25 12:35:00+00:00,-1,2.0,7.2999999999999545,7.149510569185622
PREFADE-F,SPX500_TRAIN,2008-10-03 12:46:00+00:00,-1,7.900000000000091,5.0,-7.762230222026574
PREFADE-F,SPX500_TRAIN,2008-10-07 13:25:00+00:00,-1,1.7999999999999545,18.399999999999864,14.776806848651404
PREFADE-F,SPX500_TRAIN,2008-10-08 11:56:00+00:00,-1,8.200000000000045,31.699999999999932,31.346599182958016
PREFADE-F,SPX500_TRAIN,2008-10-10 13:25:00+00:00,1,32.69999999999993,11.399999999999977,-23.199758599614484
PREFADE-F,SPX500_TRAIN,2008-10-14 12:15:00+00:00,-1,17.0,11.400000000000091,10.167771861950769
PREFADE-F,SPX500_TRAIN,2008-10-21 13:03:00+00:00,1,6.5,8.0,7.495540737684905
PREFADE-F,SPX500_TRAIN,2008-10-23 12:31:00+00:00,1,5.199999999999932,15.5,14.02430711078216
PREFADE-F,SPX500_TRAIN,2008-11-06 13:03:00+00:00,1,2.0,8.200000000000045,7.9662224611245165
PREFADE-F,SPX500_TRAIN,2008-11-07 13:56:00+00:00,1,5.0,10.399999999999977,8.7808751300945
PREFADE-F,SPX500_TRAIN,2008-11-14 13:11:00+00:00,1,2.5,6.5,5.494105541170711
PREFADE-F,SPX500_TRAIN,2008-11-20 14:03:00+00:00,1,2.2999999999999545,9.400000000000091,9.368000767216927
PREFADE-F,SPX500_TRAIN,2008-11-25 13:29:00+00:00,-1,12.200000000000045,6.5,5.883675169767685
PREFADE-F,SPX500_TRAIN,2008-11-28 12:51:00+00:00,1,0.20000000000004547,7.199999999999932,6.462493843298603
PREFADE-F,SPX500_TRAIN,2008-12-04 13:14:00+00:00,1,4.899999999999977,9.800000000000068,7.619401674525648
PREFADE-F,SPX500_TRAIN,2008-12-16 13:17:00+00:00,-1,2.7999999999999545,4.7000000000000455,4.4336325302652995
PREFADE-F,SPX500_TRAIN,2008-12-18 13:54:00+00:00,-1,0.2999999999999545,4.7000000000000455,4.680725267255298
PREFADE-F,SPX500_TRAIN,2008-12-19 13:46:00+00:00,-1,6.0,2.5,1.2904696721645905
PREFADE-F,SPX500_TRAIN,2008-12-24 12:42:00+00:00,1,1.2999999999999545,2.800000000000068,1.6051565178485134
PREFADE-F,SPX500_TRAIN,2008-12-24 14:07:00+00:00,-1,1.6999999999999318,2.0,1.7117371008430382
PREFADE-F,SPX500_TRAIN,2009-01-02 13:18:00+00:00,1,1.5,3.7000000000000455,3.548790799222729
PREFADE-F,SPX500_TRAIN,2009-01-05 13:34:00+00:00,1,1.0,4.2999999999999545,4.1811990165819
PREFADE-F,SPX500_TRAIN,2009-01-06 12:55:00+00:00,-1,6.2999999999999545,4.5,3.094877776909584
PREFADE-F,SPX500_TRAIN,2009-01-08 13:08:00+00:00,1,4.0,5.100000000000023,4.688905379767789
PREFADE-F,SPX500_TRAIN,2009-01-09 13:38:00+00:00,-1,0.8000000000000682,4.199999999999932,4.105222722087319
PREFADE-F,SPX500_TRAIN,2009-02-04 13:48:00+00:00,-1,5.2000000000000455,3.5,-5.102503602390016
PREFADE-F,SPX500_TRAIN,2009-02-11 12:34:00+00:00,1,3.2999999999999545,3.2000000000000455,2.5677785645356153
PREFADE-F,SPX500_TRAIN,2009-02-13 13:33:00+00:00,1,4.5,1.7000000000000455,-4.336409306846576
PREFADE-F,SPX500_TRAIN,2009-02-13 14:14:00+00:00,1,4.7000000000000455,3.0,2.651289730821418
PREFADE-F,SPX500_TRAIN,2009-02-17 13:54:00+00:00,1,8.299999999999955,2.2000000000000455,-6.8009647190289115
PREFADE-F,SPX500_TRAIN,2009-02-27 13:13:00+00:00,1,10.700000000000045,1.0,-10.521434525535255
PREFADE-F,SPX500_TRAIN,2009-03-06 13:31:00+00:00,-1,6.2999999999999545,2.0,1.4674362997335493
PREFADE-F,SPX500_TRAIN,2009-03-06 14:04:00+00:00,-1,0.2999999999999545,7.0,6.014099839666869
PREFADE-F,SPX500_TRAIN,2009-03-18 12:02:00+00:00,1,4.2000000000000455,2.0,-3.6019707340657305
PREFADE-F,SPX500_TRAIN,2009-03-19 12:28:00+00:00,-1,7.0,4.5,2.6299104075277455
PREFADE-F,SPX500_TRAIN,2009-03-27 12:11:00+00:00,1,5.5,3.5,1.795192425571372
PREFADE-F,SPX500_TRAIN,2009-04-01 11:32:00+00:00,-1,0.7999999999999545,5.5,4.629207407136164
PREFADE-F,SPX500_TRAIN,2009-04-17 12:16:00+00:00,-1,1.2999999999999545,4.800000000000068,4.085798680384187
PREFADE-F,SPX500_TRAIN,2009-04-21 11:34:00+00:00,1,4.100000000000023,3.5,3.4958028223724114
PREFADE-F,SPX500_TRAIN,2009-04-22 12:38:00+00:00,1,1.7999999999999545,4.300000000000068,3.4410764369902154
PREFADE-F,SPX500_TRAIN,2009-05-07 12:44:00+00:00,-1,0.6999999999999318,6.5,5.667901555193453
PREFADE-F,SPX500_TRAIN,2009-05-08 12:31:00+00:00,-1,2.2999999999999545,3.2000000000000455,2.6210982075965603
PREFADE-F,SPX500_TRAIN,2009-05-15 11:46:00+00:00,1,1.7000000000000455,3.7999999999999545,3.7999999999999545
PREFADE-F,SPX500_TRAIN,2009-05-21 12:37:00+00:00,1,4.7999999999999545,1.0,-4.505511441403996
PREFADE-F,SPX500_TRAIN,2009-06-02 11:45:00+00:00,-1,1.2999999999999545,2.800000000000068,2.700495731596561
PREFADE-F,SPX500_TRAIN,2009-06-05 12:14:00+00:00,-1,9.5,2.0,-3.9666696551510086
PREFADE-F,SPX500_TRAIN,2009-06-09 11:56:00+00:00,-1,2.5,3.2999999999999545,2.6730326796250665
PREFADE-F,SPX500_TRAIN,2009-06-11 12:33:00+00:00,1,3.2999999999999545,3.2000000000000455,1.858701869129277
PREFADE-F,SPX500_TRAIN,2009-06-12 12:23:00+00:00,1,3.5,1.7999999999999545,1.2766915747712346
PREFADE-F,SPX500_TRAIN,2009-06-17 12:04:00+00:00,1,0.2999999999999545,4.5,4.2000000000000455
PREFADE-F,SPX500_TRAIN,2009-06-18 11:55:00+00:00,1,0.5,3.5,3.5
PREFADE-F,SPX500_TRAIN,2009-06-19 12:38:00+00:00,-1,1.5,1.7000000000000455,1.2195777030012778
PREFADE-F,SPX500_TRAIN,2009-06-24 12:48:00+00:00,-1,7.5,3.0,-5.2999999999999545
PREFADE-F,SPX500_TRAIN,2009-06-26 12:51:00+00:00,1,1.6999999999999318,1.8000000000000682,1.7905897447332109
PREFADE-F,SPX500_TRAIN,2009-07-02 13:03:00+00:00,1,10.300000000000068,0.7999999999999545,-10.067383736818556
PREFADE-F,SPX500_TRAIN,2009-07-15 13:16:00+00:00,-1,4.300000000000068,1.2999999999999545,-3.955107312771702
PREFADE-F,SPX500_TRAIN,2009-07-17 11:39:00+00:00,1,3.0,2.0,1.7999999999999545
PREFADE-F,SPX500_TRAIN,2009-07-21 11:54:00+00:00,-1,3.7000000000000455,2.6000000000000227,2.2673512162226643
PREFADE-F,SPX500_TRAIN,2009-07-22 12:16:00+00:00,1,1.2000000000000455,4.2999999999999545,3.616712503556414
PREFADE-F,SPX500_TRAIN,2009-07-23 11:45:00+00:00,-1,1.2999999999999545,2.7999999999999545,2.526017034632787
PREFADE-F,SPX500_TRAIN,2009-07-28 11:31:00+00:00,1,3.5,0.2999999999999545,-3.2405109029871255
PREFADE-F,SPX500_TRAIN,2009-07-31 12:51:00+00:00,1,0.7999999999999545,4.7000000000000455,4.529713422680402
PREFADE-F,SPX500_TRAIN,2009-08-06 11:42:00+00:00,-1,3.199999999999932,2.0,1.6908560003510047
PREFADE-F,SPX500_TRAIN,2009-08-10 11:32:00+00:00,1,1.0,2.0,1.6346966593299612
PREFADE-F,SPX500_TRAIN,2009-08-11 11:48:00+00:00,1,1.0,3.0,2.386507544697679
PREFADE-F,SPX500_TRAIN,2009-08-14 12:59:00+00:00,1,0.0,2.5,2.493759531517526
PREFADE-F,SPX500_TRAIN,2009-08-28 13:11:00+00:00,-1,1.5,4.5,3.938601368000718
PREFADE-F,SPX500_TRAIN,2009-09-02 12:32:00+00:00,1,1.5,3.2999999999999545,2.368475657910153
PREFADE-F,SPX500_TRAIN,2009-09-11 11:53:00+00:00,-1,3.7000000000000455,1.2999999999999545,-3.30722393870451
PREFADE-F,SPX500_TRAIN,2009-09-15 12:26:00+00:00,-1,3.7999999999999545,1.5,-2.97335673401858
PREFADE-F,SPX500_TRAIN,2009-09-15 12:47:00+00:00,-1,0.5,4.5,4.2475027207196945
PREFADE-F,SPX500_TRAIN,2009-09-17 12:38:00+00:00,1,1.7000000000000455,2.0,1.9153689485349332
PREFADE-F,SPX500_TRAIN,2009-09-18 12:29:00+00:00,-1,3.7000000000000455,0.2999999999999545,0.1322474649994092
PREFADE-F,SPX500_TRAIN,2009-09-24 12:31:00+00:00,-1,3.300000000000182,2.2999999999999545,2.282525589344914
PREFADE-F,SPX500_TRAIN,2009-09-28 12:06:00+00:00,-1,6.5,1.7000000000000455,-6.073945722368762
PREFADE-F,SPX500_TRAIN,2009-09-29 13:27:00+00:00,-1,4.0,2.0,-3.816666866330479
PREFADE-F,SPX500_TRAIN,2009-10-01 12:31:00+00:00,1,1.7000000000000455,2.5,2.216111284502631
PREFADE-F,SPX500_TRAIN,2009-10-02 12:24:00+00:00,1,8.000000000000114,1.2999999999999545,-2.4320860304835605
PREFADE-F,SPX500_TRAIN,2009-10-13 11:54:00+00:00,-1,0.2999999999999545,2.7999999999999545,2.636712424373627
PREFADE-F,SPX500_TRAIN,2009-10-22 12:29:00+00:00,-1,0.5,3.5,2.533379145955905
PREFADE-F,SPX500_TRAIN,2009-10-29 12:44:00+00:00,-1,6.5,2.7999999999999545,-6.0552384001885
PREFADE-F,SPX500_TRAIN,2009-11-06 13:03:00+00:00,-1,2.5,8.600000000000136,1.8972272149928813
PREFADE-F,SPX500_TRAIN,2009-11-06 13:40:00+00:00,1,4.5,2.800000000000182,2.5483476422834883
PREFADE-F,SPX500_TRAIN,2009-12-02 13:09:00+00:00,-1,0.20000000000004547,2.5,2.4706083288360787
PREFADE-F,SPX500_TRAIN,2009-12-21 14:05:00+00:00,-1,4.699999999999818,0.3000000000001819,-4.578861352665399
PREFADE-F,SPX500_TRAIN,2010-02-03 14:26:00+00:00,1,0.0,4.0,3.534468827700266
PREFADE-F,SPX500_TRAIN,2010-02-11 14:18:00+00:00,1,4.7999999999999545,4.7000000000000455,3.2420637981576874
PREFADE-F,SPX500_TRAIN,2010-02-17 13:00:00+00:00,-1,0.5,3.2999999999999545,2.713537369801543
PREFADE-F,SPX500_TRAIN,2010-02-18 13:45:00+00:00,1,0.5,3.2000000000000455,2.7265383510302854
PREFADE-F,SPX500_TRAIN,2010-02-25 13:48:00+00:00,1,7.0,0.6999999999998181,-6.36789218491208
PREFADE-F,SPX500_TRAIN,2010-02-26 13:34:00+00:00,1,1.2999999999999545,2.2000000000000455,2.1703060741269837
PREFADE-F,SPX500_TRAIN,2010-03-03 13:14:00+00:00,1,0.7000000000000455,1.2999999999999545,1.2312717675404201
PREFADE-F,SPX500_TRAIN,2010-03-03 13:31:00+00:00,-1,2.2999999999999545,0.5,-2.095182271718386
PREFADE-F,SPX500_TRAIN,2010-03-03 14:15:00+00:00,-1,3.2999999999999545,1.2000000000000455,-2.8747125579827753
PREFADE-F,SPX500_TRAIN,2010-03-04 12:55:00+00:00,-1,3.2000000000000455,1.5,0.5786861486294583
PREFADE-F,SPX500_TRAIN,2010-03-19 11:40:00+00:00,1,0.0,1.0,1.0
PREFADE-F,SPX500_TRAIN,2010-03-19 12:53:00+00:00,-1,1.5,0.5,-1.3657151877696379
PREFADE-F,SPX500_TRAIN,2010-03-23 12:05:00+00:00,1,0.20000000000004547,1.7999999999999545,1.5073137312253948
PREFADE-F,SPX500_TRAIN,2010-03-31 12:21:00+00:00,1,2.7999999999999545,0.5,-2.7166300709729967
PREFADE-F,SPX500_TRAIN,2010-04-02 12:32:00+00:00,-1,2.5,0.2999999999999545,-2.194023019902943
PREFADE-F,SPX500_TRAIN,2010-04-02 12:39:00+00:00,-1,3.0,0.5,-2.2000000000000455
PREFADE-F,SPX500_TRAIN,2010-04-06 13:02:00+00:00,1,0.2999999999999545,2.5,2.3415708954801175
PREFADE-F,SPX500_TRAIN,2010-04-07 11:37:00+00:00,1,1.7999999999999545,1.0,0.9223427018137045
PREFADE-F,SPX500_TRAIN,2010-04-13 12:21:00+00:00,-1,1.0,1.6000000000001364,1.5822181199544048
PREFADE-F,SPX500_TRAIN,2010-04-14 11:49:00+00:00,-1,2.5,0.3000000000001819,-1.9502216183416294
PREFADE-F,SPX500_TRAIN,2010-05-03 12:41:00+00:00,-1,3.5,1.7999999999999545,0.787572583930114
PREFADE-F,SPX500_TRAIN,2010-05-05 12:17:00+00:00,1,5.7999999999999545,0.5,-4.82081138963963
PREFADE-F,SPX500_TRAIN,2010-06-04 11:33:00+00:00,1,12.799999999999955,1.2000000000000455,-9.024187001876726
PREFADE-F,SPX500_TRAIN,2010-06-09 11:40:00+00:00,-1,5.5,0.5,-1.0
PREFADE-F,SPX500_TRAIN,2010-06-10 13:29:00+00:00,-1,10.299999999999955,1.0,-3.2999999999999545
PREFADE-F,SPX500_TRAIN,2010-06-11 12:46:00+00:00,1,4.5,4.199999999999818,2.443511878675281
PREFADE-F,SPX500_TRAIN,2010-06-16 12:11:00+00:00,1,2.199999999999818,2.5,2.354554329337816
PREFADE-F,SPX500_TRAIN,2010-06-28 12:50:00+00:00,1,1.0,2.5,2.2802507338421947
PREFADE-F,SPX500_TRAIN,2010-07-02 12:33:00+00:00,-1,0.0,3.2999999999999545,2.982381238497055
PREFADE-F,SPX500_TRAIN,2010-07-02 13:24:00+00:00,-1,1.5,4.0,3.4530727123137694
PREFADE-F,SPX500_TRAIN,2010-07-05 13:30:00+00:00,1,2.300000000000068,0.7999999999999545,-1.8000000000000682
PREFADE-F,SPX500_TRAIN,2010-07-07 13:01:00+00:00,-1,5.5,1.5,-5.022398016476018
PREFADE-F,SPX500_TRAIN,2010-07-09 11:33:00+00:00,-1,0.5,1.7999999999999545,1.554888581714522
PREFADE-F,SPX500_TRAIN,2010-07-15 12:20:00+00:00,-1,1.2000000000000455,5.0,4.867614938173119
PREFADE-F,SPX500_TRAIN,2010-07-23 13:22:00+00:00,1,3.0,4.0,2.8592742971152347
PREFADE-F,SPX500_TRAIN,2010-07-26 11:37:00+00:00,1,0.3000000000001819,3.699999999999818,2.876160248255246
PREFADE-F,SPX500_TRAIN,2010-07-28 12:37:00+00:00,1,1.0,3.2000000000000455,3.0168278201635985
PREFADE-F,SPX500_TRAIN,2010-08-04 12:25:00+00:00,-1,5.5,1.0,-4.081462243190117
PREFADE-F,SPX500_TRAIN,2010-08-05 12:54:00+00:00,1,3.699999999999818,2.800000000000182,2.1867573742877084
PREFADE-F,SPX500_TRAIN,2010-08-19 12:43:00+00:00,1,0.20000000000004547,5.599999999999909,4.942014609076523
PREFADE-F,SPX500_TRAIN,2010-08-25 12:18:00+00:00,1,6.2000000000000455,0.7999999999999545,-5.9258978027210105
PREFADE-F,SPX500_TRAIN,2010-08-30 12:50:00+00:00,1,6.2999999999999545,2.2000000000000455,-5.5
PREFADE-F,SPX500_TRAIN,2010-09-02 12:31:00+00:00,-1,2.0,2.2999999999999545,2.2117797310436345
PREFADE-F,SPX500_TRAIN,2010-09-09 13:02:00+00:00,-1,4.0,3.0,0.20000000000004547
PREFADE-F,SPX500_TRAIN,2010-09-15 12:35:00+00:00,1,1.0,4.5,3.3057170757026597
PREFADE-F,SPX500_TRAIN,2010-09-16 12:35:00+00:00,1,0.7000000000000455,2.2999999999999545,2.099109564652963
PREFADE-F,SPX500_TRAIN,2010-09-21 13:01:00+00:00,-1,0.7000000000000455,3.099999999999909,2.982538668314646
PREFADE-F,SPX500_TRAIN,2010-10-05 12:12:00+00:00,-1,4.800000000000182,0.2999999999999545,-4.397439834049692
PREFADE-F,SPX500_TRAIN,2010-10-06 12:05:00+00:00,-1,0.6999999999998181,3.6000000000001364,1.8465196811562237
PREFADE-F,SPX500_TRAIN,2010-10-06 12:29:00+00:00,1,2.0,1.7999999999999545,1.584948523832736
PREFADE-F,SPX500_TRAIN,2010-10-07 11:34:00+00:00,-1,0.20000000000004547,2.0,1.5870954948836697
PREFADE-F,SPX500_TRAIN,2010-10-15 12:48:00+00:00,-1,1.5,4.0,3.7012941463690368
PREFADE-F,SPX500_TRAIN,2010-10-19 12:57:00+00:00,1,5.0,0.7000000000000455,-4.690586489081625
PREFADE-F,SPX500_TRAIN,2010-10-22 12:08:00+00:00,-1,2.0,2.0,1.9142091658509344
PREFADE-F,SPX500_TRAIN,2010-10-26 11:51:00+00:00,1,3.2999999999999545,0.5,-3.0033400808069928
PREFADE-F,SPX500_TRAIN,2010-11-05 12:46:00+00:00,-1,0.20000000000004547,3.7999999999999545,3.7976813945201684
PREFADE-F,SPX500_TRAIN,2010-11-10 13:10:00+00:00,1,1.0,2.0,1.9539150845382665
PREFADE-F,SPX500_TRAIN,2010-11-10 13:50:00+00:00,-1,0.20000000000004547,2.0,1.908446414616492
PREFADE-F,SPX500_TRAIN,2010-11-15 13:25:00+00:00,-1,1.7999999999999545,3.0,2.572574157028157
PREFADE-F,SPX500_TRAIN,2010-11-16 14:24:00+00:00,1,2.5,2.7999999999999545,2.694965406495612
PREFADE-F,SPX500_TRAIN,2010-11-23 12:33:00+00:00,1,7.2000000000000455,2.0,-3.0
PREFADE-F,SPX500_TRAIN,2010-11-24 13:38:00+00:00,-1,6.2999999999999545,0.5,-5.965153202223519
PREFADE-F,SPX500_TRAIN,2010-11-30 12:35:00+00:00,1,4.7999999999999545,2.0,-4.748268083463245
PREFADE-F,SPX500_TRAIN,2010-12-03 13:46:00+00:00,1,2.7999999999999545,4.0,3.8378946073692077
PREFADE-F,SPX500_TRAIN,2010-12-10 13:02:00+00:00,-1,0.5,2.0,1.9768237654022869
PREFADE-F,SPX500_TRAIN,2010-12-16 12:33:00+00:00,-1,0.5,2.2000000000000455,2.133733836451711
PREFADE-F,SPX500_TRAIN,2010-12-22 12:33:00+00:00,-1,1.5,0.5,-1.3842023786298796
PREFADE-F,SPX500_TRAIN,2010-12-23 12:55:00+00:00,1,1.599999999999909,0.0,-1.4215540760985732
PREFADE-F,SPX500_TRAIN,2010-12-23 13:34:00+00:00,1,0.0,2.0,1.7596360041741264
PREFADE-F,SPX500_TRAIN,2010-12-30 12:39:00+00:00,1,0.0,1.699999999999818,1.5490440087774004
PREFADE-F,SPX500_TRAIN,2011-01-03 13:04:00+00:00,-1,5.0,1.599999999999909,-4.926796782943711
PREFADE-F,SPX500_TRAIN,2011-01-07 14:11:00+00:00,-1,2.0,2.5,2.330558704480609
PREFADE-F,SPX500_TRAIN,2011-01-13 12:51:00+00:00,-1,0.5,3.7999999999999545,1.5722566761585313
PREFADE-F,SPX500_TRAIN,2011-01-13 13:45:00+00:00,1,0.5,1.7999999999999545,1.7999999999999545
PREFADE-F,SPX500_TRAIN,2011-01-14 13:31:00+00:00,1,1.0,3.7999999999999545,3.2225503438867236
PREFADE-F,SPX500_TRAIN,2011-01-19 13:00:00+00:00,-1,0.5,2.0,1.139187412067713
PREFADE-F,SPX500_TRAIN,2011-01-19 13:15:00+00:00,1,2.5,0.5,-2.329122435903173
PREFADE-F,SPX500_TRAIN,2011-01-20 12:49:00+00:00,1,0.20000000000004547,3.2999999999999545,3.105362601164643
PREFADE-F,SPX500_TRAIN,2011-01-21 13:54:00+00:00,-1,4.5,2.7000000000000455,2.517635383378547
PREFADE-F,SPX500_TRAIN,2011-01-28 13:25:00+00:00,-1,3.2999999999999545,1.7000000000000455,1.2403390225242674
PREFADE-F,SPX500_TRAIN,2011-02-01 13:08:00+00:00,-1,5.2000000000000455,0.5,-4.4270447634635275
PREFADE-F,SPX500_TRAIN,2011-02-02 13:48:00+00:00,1,2.5,2.0,1.7999999999999545
PREFADE-F,SPX500_TRAIN,2011-02-03 13:23:00+00:00,1,0.7999999999999545,2.0,1.9693584421440846
PREFADE-F,SPX500_TRAIN,2011-02-04 12:33:00+00:00,-1,1.7999999999999545,0.20000000000004547,-1.6732212736314978
PREFADE-F,SPX500_TRAIN,2011-02-04 13:32:00+00:00,-1,1.0,2.0,1.7919867236944356
PREFADE-F,SPX500_TRAIN,2011-02-08 12:34:00+00:00,1,0.1999999999998181,2.0,1.757236185224201
PREFADE-F,SPX500_TRAIN,2011-02-09 13:30:00+00:00,1,0.2999999999999545,2.5,2.001830044416238
PREFADE-F,SPX500_TRAIN,2011-02-15 13:37:00+00:00,1,0.7000000000000455,1.7999999999999545,1.7053569319339204
PREFADE-F,SPX500_TRAIN,2011-02-17 13:00:00+00:00,-1,0.0,1.300000000000182,1.1491928543057384
PREFADE-F,SPX500_TRAIN,2011-03-04 13:47:00+00:00,1,1.2999999999999545,3.0,2.549448235200998
PREFADE-F,SPX500_TRAIN,2011-03-25 12:42:00+00:00,1,1.7999999999999545,1.800000000000182,1.4757163101428432
PREFADE-F,SPX500_TRAIN,2011-03-31 12:36:00+00:00,1,1.5,1.2000000000000455,1.1880791187986688
PREFADE-F,SPX500_TRAIN,2011-04-01 11:47:00+00:00,-1,4.0,0.0,-3.4226355398627675
PREFADE-F,SPX500_TRAIN,2011-04-01 13:01:00+00:00,-1,2.0,3.2999999999999545,3.2999999999999545
PREFADE-F,SPX500_TRAIN,2011-04-07 11:38:00+00:00,-1,2.2000000000000455,0.7999999999999545,-1.9724424598650785
PREFADE-F,SPX500_TRAIN,2011-04-07 12:36:00+00:00,-1,0.7999999999999545,3.0,2.5927646134377937
PREFADE-F,SPX500_TRAIN,2011-04-13 12:36:00+00:00,-1,0.7000000000000455,3.7999999999999545,3.5137070519310782
PREFADE-F,SPX500_TRAIN,2011-04-15 13:28:00+00:00,-1,1.2000000000000455,3.2999999999999545,3.073806583531905
PREFADE-F,SPX500_TRAIN,2011-04-19 12:03:00+00:00,-1,2.2999999999999545,2.7000000000000455,2.2727897522829608
PREFADE-F,SPX500_TRAIN,2011-04-21 12:51:00+00:00,1,0.0,2.5,2.5
PREFADE-F,SPX500_TRAIN,2011-04-27 13:09:00+00:00,-1,0.5,2.5,2.3043294110161696
PREFADE-F,SPX500_TRAIN,2011-04-28 11:56:00+00:00,1,3.0,2.2999999999999545,1.835758136250206
PREFADE-F,SPX500_TRAIN,2011-04-29 11:44:00+00:00,-1,2.2999999999999545,1.0,0.6236072941064776
PREFADE-F,SPX500_TRAIN,2011-05-03 11:58:00+00:00,1,0.3000000000001819,3.199999999999818,3.199999999999818
PREFADE-F,SPX500_TRAIN,2011-05-09 12:39:00+00:00,1,3.0,2.2999999999999545,2.202202502759519
PREFADE-F,SPX500_TRAIN,2011-05-18 11:48:00+00:00,1,2.0,2.7999999999999545,1.9812069133886325
PREFADE-F,SPX500_TRAIN,2011-05-26 13:21:00+00:00,1,0.3000000000001819,3.5,3.438511486375319
PREFADE-F,SPX500_TRAIN,2011-06-06 12:15:00+00:00,1,0.20000000000004547,2.5,2.4550293580330163
PREFADE-F,SPX500_TRAIN,2011-06-13 12:35:00+00:00,-1,2.5,2.0,1.3828617216763632
PREFADE-F,SPX500_TRAIN,2011-06-15 12:22:00+00:00,1,6.2999999999999545,0.0,-3.8308222004068284
PREFADE-F,SPX500_TRAIN,2011-06-16 11:57:00+00:00,1,1.7000000000000455,4.5,3.9835961391297587
PREFADE-F,SPX500_TRAIN,2011-06-17 11:51:00+00:00,-1,1.2000000000000455,5.599999999999909,5.099999999999909
PREFADE-F,SPX500_TRAIN,2011-06-23 11:59:00+00:00,1,4.5,0.2999999999999545,-3.9094233533053284
PREFADE-F,SPX500_TRAIN,2011-06-24 11:42:00+00:00,1,2.7000000000000455,4.2999999999999545,3.6289162879866126
PREFADE-F,SPX500_TRAIN,2011-06-28 12:56:00+00:00,-1,6.2999999999999545,3.0,-5.816176076175452
PREFADE-F,SPX500_TRAIN,2011-07-01 12:39:00+00:00,-1,0.2999999999999545,2.0,1.9185944083844788
PREFADE-F,SPX500_TRAIN,2011-07-08 12:27:00+00:00,-1,0.8000000000001819,4.7999999999999545,2.5136432630356467
PREFADE-F,SPX500_TRAIN,2011-07-15 12:13:00+00:00,-1,3.2999999999999545,3.0,1.9399693229131572
PREFADE-F,SPX500_TRAIN,2011-07-21 12:32:00+00:00,-1,8.800000000000182,3.5,-8.691757107836338
PREFADE-F,SPX500_TRAIN,2011-07-22 11:47:00+00:00,1,3.099999999999909,1.0,-2.7063983983123308
PREFADE-F,SPX500_TRAIN,2011-07-27 11:43:00+00:00,1,2.800000000000182,0.5,-2.5894615788151896
PREFADE-F,SPX500_TRAIN,2011-07-27 12:38:00+00:00,1,5.5,1.699999999999818,-5.354278560425428
PREFADE-F,SPX500_TRAIN,2011-07-28 12:47:00+00:00,-1,0.5,4.5,3.8361739856284203
PREFADE-F,SPX500_TRAIN,2011-08-04 12:19:00+00:00,1,16.600000000000136,9.199999999999818,-10.800000000000182
PREFADE-F,SPX500_TRAIN,2011-08-10 12:49:00+00:00,1,14.700000000000045,0.2999999999999545,-14.42201048951165
PREFADE-F,SPX500_TRAIN,2011-08-24 12:37:00+00:00,-1,9.700000000000045,3.7999999999999545,-8.394052739398603
PREFADE-F,SPX500_TRAIN,2011-08-26 11:31:00+00:00,1,7.5,1.2999999999999545,-6.982742034217836
PREFADE-F,SPX500_TRAIN,2011-08-30 12:14:00+00:00,1,2.2000000000000455,4.5,4.354562751109597
PREFADE-F,SPX500_TRAIN,2011-09-15 13:14:00+00:00,-1,5.7000000000000455,5.7999999999999545,5.375470759919608
PREFADE-F,SPX500_TRAIN,2011-09-21 11:59:00+00:00,1,3.5,4.7999999999999545,4.040628746358152
PREFADE-F,SPX500_TRAIN,2011-10-07 11:31:00+00:00,1,0.7999999999999545,4.2000000000000455,2.8995674301731924
PREFADE-F,SPX500_TRAIN,2011-10-07 12:36:00+00:00,-1,4.7999999999999545,8.0,7.031457792719721
PREFADE-F,SPX500_TRAIN,2011-10-17 12:45:00+00:00,1,10.0,0.7999999999999545,-9.701312959713277
PREFADE-F,SPX500_TRAIN,2011-10-18 11:48:00+00:00,1,2.300000000000182,4.199999999999818,3.6755816198171942
PREFADE-F,SPX500_TRAIN,2011-10-18 13:23:00+00:00,-1,2.0,4.7999999999999545,4.2671215827326705
PREFADE-F,SPX500_TRAIN,2011-10-26 13:11:00+00:00,-1,3.5,3.5,2.848832286503921
PREFADE-F,SPX500_TRAIN,2011-11-04 12:56:00+00:00,1,6.599999999999909,0.7000000000000455,-5.8073714749780265
PREFADE-F,SPX500_TRAIN,2011-11-08 12:46:00+00:00,-1,3.0,5.2999999999999545,4.169789391480208
PREFADE-F,SPX500_TRAIN,2011-11-25 14:22:00+00:00,-1,9.5,1.0,-6.554369631471445
PREFADE-F,SPX500_TRAIN,2011-12-01 13:30:00+00:00,-1,0.0,3.7999999999999545,3.5504366677680537
PREFADE-F,SPX500_TRAIN,2011-12-05 13:17:00+00:00,-1,6.5,1.0,-6.3009564466690335
PREFADE-F,SPX500_TRAIN,2011-12-08 14:01:00+00:00,1,9.0,1.0,-8.415423559526744
PREFADE-F,SPX500_TRAIN,2011-12-13 12:34:00+00:00,-1,6.5,3.0,-6.4734932430692425
PREFADE-F,SPX500_TRAIN,2011-12-14 12:39:00+00:00,1,7.7000000000000455,4.7999999999999545,-5.903009900333018
PREFADE-F,SPX500_TRAIN,2011-12-27 12:31:00+00:00,1,0.1999999999998181,1.800000000000182,1.7275712449311413
PREFADE-F,SPX500_TRAIN,2012-01-03 12:37:00+00:00,1,2.0,1.7999999999999545,1.4619418598413176
PREFADE-F,SPX500_TRAIN,2012-01-04 12:42:00+00:00,1,2.099999999999909,2.0,1.6523326295284733
PREFADE-F,SPX500_TRAIN,2012-01-06 13:22:00+00:00,-1,5.2999999999999545,2.2999999999999545,1.6753933356110338
PREFADE-F,SPX500_TRAIN,2012-01-13 13:24:00+00:00,1,5.2999999999999545,1.0,-4.8446321481771975
PREFADE-F,SPX500_TRAIN,2012-01-18 14:10:00+00:00,1,1.2999999999999545,3.2999999999999545,3.0416130108255857
PREFADE-F,SPX500_TRAIN,2012-01-19 13:31:00+00:00,-1,2.2999999999999545,2.2000000000000455,1.9435176916128967
PREFADE-F,SPX500_TRAIN,2012-01-30 14:05:00+00:00,1,3.800000000000182,2.0,1.9335700139904475
PREFADE-F,SPX500_TRAIN,2012-02-02 12:36:00+00:00,1,0.5,3.7000000000000455,3.614133159805533
PREFADE-F,SPX500_TRAIN,2012-02-16 13:37:00+00:00,-1,3.300000000000182,0.1999999999998181,-3.287026513326282
PREFADE-F,SPX500_TRAIN,2012-02-17 13:45:00+00:00,-1,3.2000000000000455,1.0,-3.0335077933580123
PREFADE-F,SPX500_TRAIN,2012-02-29 13:31:00+00:00,-1,0.5,0.7999999999999545,0.6878941677712191
PREFADE-F,SPX500_TRAIN,2012-03-12 11:47:00+00:00,1,1.5,0.0,-1.2000000000000455
PREFADE-F,SPX500_TRAIN,2012-03-12 12:50:00+00:00,1,0.5,2.599999999999909,1.8452573822764862
PREFADE-F,SPX500_TRAIN,2012-03-16 13:23:00+00:00,-1,0.7999999999999545,2.7000000000000455,2.4175360169481337
PREFADE-F,SPX500_TRAIN,2012-03-26 11:46:00+00:00,-1,4.399999999999864,1.0,-4.298745757984761
PREFADE-F,SPX500_TRAIN,2012-03-28 12:57:00+00:00,1,0.599999999999909,3.0,3.0
PREFADE-F,SPX500_TRAIN,2012-04-03 11:47:00+00:00,1,1.0,2.2000000000000455,2.2000000000000455
PREFADE-F,SPX500_TRAIN,2012-04-19 11:36:00+00:00,1,0.0,5.400000000000091,5.024127668015581
PREFADE-F,SPX500_TRAIN,2012-04-27 12:55:00+00:00,-1,1.7999999999999545,7.400000000000091,6.320173103372781
PREFADE-F,SPX500_TRAIN,2012-04-30 12:40:00+00:00,1,3.7999999999999545,2.6000000000001364,-1.7999999999999545
PREFADE-F,SPX500_TRAIN,2012-05-03 11:49:00+00:00,-1,2.0,2.2000000000000455,1.6149068058966805
PREFADE-F,SPX500_TRAIN,2012-05-09 12:26:00+00:00,1,6.599999999999909,4.0,3.165513833659361
PREFADE-F,SPX500_TRAIN,2012-05-10 11:48:00+00:00,-1,5.599999999999909,2.800000000000182,2.2704367579158315
PREFADE-F,SPX500_TRAIN,2012-06-04 12:22:00+00:00,-1,3.400000000000091,7.0,6.433439525922722
PREFADE-F,SPX500_TRAIN,2012-06-13 11:39:00+00:00,1,3.2999999999999545,2.2000000000000455,-2.974782389581833
PREFADE-F,SPX500_TRAIN,2012-06-14 11:57:00+00:00,1,2.0,3.3999999999998636,3.2331506136324606
PREFADE-F,SPX500_TRAIN,2012-06-25 11:33:00+00:00,1,5.900000000000091,2.5,-5.2164544505812955
PREFADE-F,SPX500_TRAIN,2012-06-27 12:00:00+00:00,-1,1.2000000000000455,2.7999999999999545,2.2443147828844303
PREFADE-F,SPX500_TRAIN,2012-07-06 12:30:00+00:00,1,3.7000000000000455,0.0,-3.281356413409185
PREFADE-F,SPX500_TRAIN,2012-07-23 12:34:00+00:00,1,8.799999999999955,0.0,-2.0
PREFADE-F,SPX500_TRAIN,2012-07-27 12:36:00+00:00,-1,6.7999999999999545,4.600000000000136,-6.2275201844222465
PREFADE-F,SPX500_TRAIN,2012-08-02 13:01:00+00:00,1,1.7999999999999545,9.399999999999864,9.085301635223686
PREFADE-F,SPX500_TRAIN,2012-08-07 12:36:00+00:00,-1,5.600000000000136,1.3999999999998636,-5.4603159601608695
PREFADE-F,SPX500_TRAIN,2012-08-08 12:42:00+00:00,1,1.2999999999999545,2.7000000000000455,1.938475309867954
PREFADE-F,SPX500_TRAIN,2012-08-17 12:07:00+00:00,1,0.5,1.0,1.0
PREFADE-F,SPX500_TRAIN,2012-08-17 13:24:00+00:00,-1,2.2000000000000455,0.3999999999998636,-1.635322238886829
PREFADE-F,SPX500_TRAIN,2012-08-20 11:33:00+00:00,1,3.0,0.7999999999999545,-2.0362197691028996
PREFADE-F,SPX500_TRAIN,2012-08-24 12:09:00+00:00,1,2.2999999999999545,2.0,1.5
PREFADE-F,SPX500_TRAIN,2012-08-31 12:12:00+00:00,-1,6.0,4.5,3.1831394508456015
PREFADE-F,SPX500_TRAIN,2012-09-04 13:30:00+00:00,1,4.5,1.0,-3.735852080008044
PREFADE-F,SPX500_TRAIN,2012-09-05 13:01:00+00:00,-1,0.5,4.2999999999999545,3.6586731338852587
PREFADE-F,SPX500_TRAIN,2012-09-26 12:06:00+00:00,1,4.0,1.0,-3.3164468208046856
PREFADE-F,SPX500_TRAIN,2012-10-05 12:39:00+00:00,-1,3.6000000000001364,2.199999999999818,1.7999999999999545
PREFADE-F,SPX500_TRAIN,2012-10-12 13:14:00+00:00,1,2.400000000000091,2.2000000000000455,1.8253371562034317
PREFADE-F,SPX500_TRAIN,2012-10-18 11:55:00+00:00,1,2.5,1.5,-2.3796469222638734
PREFADE-F,SPX500_TRAIN,2012-11-01 12:16:00+00:00,-1,4.599999999999909,0.599999999999909,-4.3575141660710415
PREFADE-F,SPX500_TRAIN,2012-11-02 12:41:00+00:00,-1,3.199999999999818,4.300000000000182,3.5618908251481116
PREFADE-F,SPX500_TRAIN,2012-11-12 13:56:00+00:00,-1,0.0,3.099999999999909,2.942265761488443
PREFADE-F,SPX500_TRAIN,2012-11-22 12:59:00+00:00,-1,0.0,2.0,2.0
PREFADE-F,SPX500_TRAIN,2012-11-28 13:33:00+00:00,1,3.3999999999998636,0.7999999999999545,-3.314580144217416
PREFADE-F,SPX500_TRAIN,2012-12-07 13:27:00+00:00,1,0.5,7.7999999999999545,2.878387350320736
PREFADE-F,SPX500_TRAIN,2012-12-14 13:51:00+00:00,1,4.600000000000136,2.3999999999998636,-4.396660014305326
PREFADE-F,SPX500_TRAIN,2012-12-18 13:33:00+00:00,1,3.400000000000091,1.7999999999999545,-3.361111480148793
PREFADE-F,SPX500_TRAIN,2012-12-19 12:47:00+00:00,-1,1.7999999999999545,1.400000000000091,1.1770566866948684
PREFADE-F,SPX500_TRAIN,2013-01-03 14:27:00+00:00,-1,0.3999999999998636,2.6000000000001364,2.1176260877011828
PREFADE-F,SPX500_TRAIN,2013-01-04 13:30:00+00:00,-1,2.300000000000182,1.5,-0.0
PREFADE-F,SPX500_TRAIN,2013-01-04 13:37:00+00:00,-1,1.199999999999818,2.2000000000000455,1.9947912629186249
PREFADE-F,SPX500_TRAIN,2013-01-24 13:31:00+00:00,-1,3.6000000000001364,0.20000000000004547,-3.3653503642797205
PREFADE-F,SPX500_TRAIN,2013-01-28 12:43:00+00:00,-1,0.7999999999999545,1.2000000000000455,1.2000000000000455
PREFADE-F,SPX500_TRAIN,2013-01-28 13:44:00+00:00,-1,1.6000000000001364,1.3999999999998636,1.2854455857047924
PREFADE-F,SPX500_TRAIN,2013-01-30 13:15:00+00:00,1,1.900000000000091,0.0,-1.5962717856023119
PREFADE-F,SPX500_TRAIN,2013-01-31 13:33:00+00:00,1,0.20000000000004547,2.0,1.4934380352128755
PREFADE-F,SPX500_TRAIN,2013-02-01 13:26:00+00:00,-1,2.0,3.0,1.906772651672327
PREFADE-F,SPX500_TRAIN,2013-02-08 13:29:00+00:00,1,0.20000000000004547,1.7999999999999545,1.5622812424985568
PREFADE-F,SPX500_TRAIN,2013-02-08 14:07:00+00:00,-1,2.3999999999998636,0.40000000000009095,-2.2197770490529365
PREFADE-F,SPX500_TRAIN,2013-02-13 13:35:00+00:00,-1,2.0,0.7999999999999545,-1.673733177150325
PREFADE-F,SPX500_TRAIN,2013-02-18 13:32:00+00:00,1,0.0,1.0,1.0
PREFADE-F,SPX500_TRAIN,2013-02-19 13:29:00+00:00,-1,3.2000000000000455,1.0,-2.8873936057632363
PREFADE-F,SPX500_TRAIN,2013-02-20 13:29:00+00:00,1,1.2000000000000455,1.3999999999998636,1.0957446957675074
PREFADE-F,SPX500_TRAIN,2013-02-22 13:45:00+00:00,-1,0.0,3.0,2.8275870607940305
PREFADE-F,SPX500_TRAIN,2013-02-26 14:09:00+00:00,-1,2.7999999999999545,3.6000000000001364,2.874050577762773
PREFADE-F,SPX500_TRAIN,2013-02-27 12:38:00+00:00,-1,2.400000000000091,0.1999999999998181,-2.208283875151892
PREFADE-F,SPX500_TRAIN,2013-02-27 13:18:00+00:00,-1,0.20000000000004547,2.7999999999999545,2.1637064667643244
PREFADE-F,SPX500_TRAIN,2013-02-27 13:31:00+00:00,-1,0.40000000000009095,2.0,1.8701143246159972
PREFADE-F,SPX500_TRAIN,2013-03-01 13:31:00+00:00,1,4.800000000000182,4.199999999999818,3.246785702031275
PREFADE-F,SPX500_TRAIN,2013-03-07 14:07:00+00:00,-1,0.0,2.199999999999818,2.0422698168845272
PREFADE-F,SPX500_TRAIN,2013-03-11 11:31:00+00:00,1,0.40000000000009095,1.599999999999909,1.5952208475712268
PREFADE-F,SPX500_TRAIN,2013-04-09 12:40:00+00:00,-1,1.2000000000000455,1.400000000000091,1.2238241491559165
PREFADE-F,SPX500_TRAIN,2013-04-24 12:36:00+00:00,1,0.599999999999909,3.7999999999999545,2.741313297974102
PREFADE-F,SPX500_TRAIN,2013-05-01 11:51:00+00:00,-1,0.0,1.599999999999909,1.52325813660309
PREFADE-F,SPX500_TRAIN,2013-05-02 11:50:00+00:00,-1,2.7999999999999545,1.2000000000000455,-2.513872001276013
PREFADE-F,SPX500_TRAIN,2013-05-06 11:40:00+00:00,1,0.40000000000009095,1.599999999999909,1.180423324826961
PREFADE-F,SPX500_TRAIN,2013-05-08 11:33:00+00:00,-1,0.20000000000004547,1.7999999999999545,1.427262168583411
PREFADE-F,SPX500_TRAIN,2013-05-09 12:14:00+00:00,1,0.40000000000009095,1.7999999999999545,1.3859360368282978
PREFADE-F,SPX500_TRAIN,2013-05-15 13:07:00+00:00,1,1.6000000000001364,2.199999999999818,1.599999999999909
PREFADE-F,SPX500_TRAIN,2013-05-16 12:08:00+00:00,-1,0.8000000000001819,3.199999999999818,2.2123060879316654
PREFADE-F,SPX500_TRAIN,2013-05-17 12:19:00+00:00,-1,3.400000000000091,1.0,-3.069615794757283
PREFADE-F,SPX500_TRAIN,2013-05-22 12:55:00+00:00,-1,6.0,1.400000000000091,-3.2404128084294825
PREFADE-F,SPX500_TRAIN,2013-06-04 12:15:00+00:00,-1,4.599999999999909,1.0,-3.9010045058453215
PREFADE-F,SPX500_TRAIN,2013-06-06 12:52:00+00:00,1,3.7999999999999545,0.40000000000009095,-3.5496546404988294
PREFADE-F,SPX500_TRAIN,2013-06-07 12:18:00+00:00,-1,3.6000000000001364,0.0,-2.924336800879928
PREFADE-F,SPX500_TRAIN,2013-06-07 12:56:00+00:00,-1,10.0,5.800000000000182,-9.620900925087653
PREFADE-F,SPX500_TRAIN,2013-06-13 12:51:00+00:00,-1,7.0,1.0,-6.7213276765019145
PREFADE-F,SPX500_TRAIN,2013-07-02 12:18:00+00:00,1,2.6000000000001364,3.0,2.412085286640149
PREFADE-F,SPX500_TRAIN,2013-07-05 12:09:00+00:00,1,0.40000000000009095,3.0,2.0926129342290096
PREFADE-F,SPX500_TRAIN,2013-07-05 12:29:00+00:00,-1,2.400000000000091,2.7999999999999545,0.23631640841517765
PREFADE-F,SPX500_TRAIN,2013-07-05 12:32:00+00:00,-1,3.199999999999818,0.8000000000001819,0.5953457500918375
PREFADE-F,SPX500_TRAIN,2013-07-05 13:19:00+00:00,1,7.7999999999999545,3.400000000000091,-7.106173433141748
PREFADE-F,SPX500_TRAIN,2013-07-12 11:38:00+00:00,-1,0.40000000000009095,2.7999999999999545,2.2068415677226767
PREFADE-F,SPX500_TRAIN,2013-07-16 13:27:00+00:00,-1,1.0,1.199999999999818,1.146816790246021
PREFADE-F,SPX500_TRAIN,2013-07-17 12:44:00+00:00,-1,3.800000000000182,2.7999999999999545,0.599999999999909
PREFADE-F,SPX500_TRAIN,2013-07-30 11:38:00+00:00,-1,1.7999999999999545,1.3999999999998636,1.143524968429574
PREFADE-F,SPX500_TRAIN,2013-08-02 12:28:00+00:00,-1,0.599999999999909,4.100000000000136,1.2627149445715986
PREFADE-F,SPX500_TRAIN,2013-08-02 12:40:00+00:00,1,2.2000000000000455,0.0,-2.084242997387946
PREFADE-F,SPX500_TRAIN,2013-08-05 12:37:00+00:00,1,2.199999999999818,0.6000000000001364,-2.013347350468166
PREFADE-F,SPX500_TRAIN,2013-08-08 13:11:00+00:00,-1,1.599999999999909,2.400000000000091,2.3956542270359478
PREFADE-F,SPX500_TRAIN,2013-08-28 11:51:00+00:00,1,2.0,3.3999999999998636,2.9644581662655582
PREFADE-F,SPX500_TRAIN,2013-08-29 13:23:00+00:00,1,0.599999999999909,6.2000000000000455,5.212596931616417
PREFADE-F,SPX500_TRAIN,2013-09-06 11:58:00+00:00,-1,3.599999999999909,0.20000000000004547,-3.4851107376036907
PREFADE-F,SPX500_TRAIN,2013-09-06 12:37:00+00:00,-1,1.7999999999999545,6.2000000000000455,4.70795875806175
PREFADE-F,SPX500_TRAIN,2013-09-13 12:13:00+00:00,-1,2.800000000000182,1.599999999999909,1.4103487011109337
PREFADE-F,SPX500_TRAIN,2013-09-17 12:06:00+00:00,-1,2.2000000000000455,0.40000000000009095,-2.0886626635572156
PREFADE-F,SPX500_TRAIN,2013-09-18 13:11:00+00:00,1,1.2000000000000455,0.7999999999999545,0.7999999999999545
PREFADE-F,SPX500_TRAIN,2013-09-20 11:41:00+00:00,-1,0.20000000000004547,1.7999999999999545,1.5301533931299218
PREFADE-F,SPX500_TRAIN,2013-09-20 12:13:00+00:00,1,1.199999999999818,1.400000000000091,1.400000000000091
PREFADE-F,SPX500_TRAIN,2013-09-25 13:10:00+00:00,-1,0.0,2.7999999999999545,2.65733776613024
PREFADE-F,SPX500_TRAIN,2013-09-30 11:50:00+00:00,1,4.2000000000000455,0.7999999999999545,-2.618983419520873
PREFADE-F,SPX500_TRAIN,2013-10-01 13:19:00+00:00,1,0.7999999999999545,5.0,4.021702739170678
PREFADE-F,SPX500_TRAIN,2013-10-03 13:28:00+00:00,-1,1.2000000000000455,3.400000000000091,3.0691968615433325
PREFADE-F,SPX500_TRAIN,2013-10-15 13:24:00+00:00,1,3.400000000000091,4.199999999999818,3.712067092300458
PREFADE-F,SPX500_TRAIN,2013-10-22 11:33:00+00:00,-1,1.2000000000000455,0.7999999999999545,-1.0812142213712832
PREFADE-F,SPX500_TRAIN,2013-10-31 11:37:00+00:00,-1,2.400000000000091,1.2000000000000455,1.1641446326673304
PREFADE-F,SPX500_TRAIN,2013-11-01 12:57:00+00:00,-1,2.2000000000000455,1.400000000000091,-2.2000000000000455
PREFADE-F,SPX500_TRAIN,2013-11-13 13:58:00+00:00,1,0.40000000000009095,4.599999999999909,4.502781721027532
PREFADE-F,SPX500_TRAIN,2013-11-14 12:37:00+00:00,1,0.20000000000004547,2.199999999999818,2.199999999999818
PREFADE-F,SPX500_TRAIN,2013-11-14 14:14:00+00:00,1,1.800000000000182,1.7999999999999545,1.7142182061136282
PREFADE-F,SPX500_TRAIN,2013-11-20 13:55:00+00:00,-1,1.800000000000182,2.199999999999818,1.9839513525580514
PREFADE-F,SPX500_TRAIN,2013-11-22 13:28:00+00:00,-1,0.20000000000004547,2.2000000000000455,1.7982705028521195
PREFADE-F,SPX500_TRAIN,2013-12-04 12:44:00+00:00,1,3.199999999999818,0.20000000000004547,-3.012966790730843
PREFADE-F,SPX500_TRAIN,2013-12-05 14:01:00+00:00,1,2.800000000000182,1.0,-2.7698114621018703
PREFADE-F,SPX500_TRAIN,2013-12-06 13:45:00+00:00,-1,7.0,0.0,-6.572426999051913
PREFADE-F,SPX500_TRAIN,2013-12-09 13:38:00+00:00,-1,2.2000000000000455,1.2000000000000455,-2.1301605828589345
PREFADE-F,SPX500_TRAIN,2013-12-17 12:39:00+00:00,-1,1.6000000000001364,1.3999999999998636,1.3585460861831962
PREFADE-F,SPX500_TRAIN,2013-12-27 13:40:00+00:00,-1,2.3999999999998636,0.20000000000004547,-1.9570773442512746
PREFADE-F,SPX500_TRAIN,2013-12-31 13:53:00+00:00,-1,3.3999999999998636,1.0,-2.9481537513208877
PREFADE-F,SPX500_TRAIN,2014-01-22 14:28:00+00:00,-1,0.0,2.7999999999999545,2.655444520465835
PREFADE-F,SPX500_TRAIN,2014-01-28 13:39:00+00:00,1,0.3999999999998636,6.400000000000091,5.609869128207038
PREFADE-F,SPX500_TRAIN,2014-02-04 13:43:00+00:00,-1,3.2000000000000455,2.400000000000091,2.392262578203372
PREFADE-F,SPX500_TRAIN,2014-02-05 13:30:00+00:00,1,0.3999999999998636,5.800000000000182,4.7072755761973895
PREFADE-F,SPX500_TRAIN,2014-02-06 13:52:00+00:00,1,1.1000000000001364,4.099999999999909,3.867465411735566
PREFADE-F,SPX500_TRAIN,2014-02-07 13:53:00+00:00,-1,7.2000000000000455,4.599999999999909,-6.400000000000091
PREFADE-F,SPX500_TRAIN,2014-02-26 14:06:00+00:00,1,3.7999999999999545,0.7999999999999545,-3.2000000000000455
PREFADE-F,SPX500_TRAIN,2014-03-06 14:17:00+00:00,-1,3.0,0.599999999999909,-2.9414123114220274
PREFADE-F,SPX500_TRAIN,2014-03-11 12:40:00+00:00,-1,3.0,0.20000000000004547,-2.1133338762797393
PREFADE-F,SPX500_TRAIN,2014-03-14 12:00:00+00:00,1,4.400000000000091,0.3999999999998636,-3.4886883224173744
PREFADE-F,SPX500_TRAIN,2014-03-19 12:11:00+00:00,-1,0.3999999999998636,2.5,2.2538760397194437
PREFADE-F,SPX500_TRAIN,2014-03-27 12:43:00+00:00,1,3.7000000000000455,0.0,-2.84601693654281
PREFADE-F,SPX500_TRAIN,2014-03-27 13:07:00+00:00,1,5.800000000000182,2.599999999999909,-4.285759560599445
PREFADE-F,SPX500_TRAIN,2014-03-31 12:00:00+00:00,-1,1.7000000000000455,1.0,-1.6852591806127748
PREFADE-F,SPX500_TRAIN,2014-04-01 12:46:00+00:00,-1,3.7999999999999545,0.20000000000004547,-3.619335768466044
PREFADE-F,SPX500_TRAIN,2014-04-02 12:37:00+00:00,1,0.3999999999998636,2.6000000000001364,2.480968599929838
PREFADE-F,SPX500_TRAIN,2014-04-04 11:45:00+00:00,-1,0.5,0.7999999999999545,0.7045292605332634
PREFADE-F,SPX500_TRAIN,2014-04-15 11:47:00+00:00,-1,3.7000000000000455,1.5,-3.4595731540262022
PREFADE-F,SPX500_TRAIN,2014-04-17 11:31:00+00:00,-1,1.7999999999999545,0.20000000000004547,-1.7326490123696203
PREFADE-F,SPX500_TRAIN,2014-04-21 12:39:00+00:00,1,1.1000000000001364,2.8999999999998636,1.6922052628981419
PREFADE-F,SPX500_TRAIN,2014-04-22 13:09:00+00:00,-1,2.3999999999998636,0.3000000000001819,-2.2524455774860144
PREFADE-F,SPX500_TRAIN,2014-04-23 11:39:00+00:00,1,2.0,1.5,1.3999999999998636
PREFADE-F,SPX500_TRAIN,2014-04-24 12:41:00+00:00,-1,1.0,2.5,1.8680457470463807
PREFADE-F,SPX500_TRAIN,2014-04-25 12:52:00+00:00,1,4.5,2.0,-4.295130115637676
PREFADE-F,SPX500_TRAIN,2014-04-29 12:32:00+00:00,-1,0.20000000000004547,2.099999999999909,1.983530634910494
PREFADE-F,SPX500_TRAIN,2014-05-01 12:56:00+00:00,1,2.1000000000001364,1.3999999999998636,-2.0658533922010065
PREFADE-F,SPX500_TRAIN,2014-05-02 13:04:00+00:00,1,1.2999999999999545,4.5,3.4948102349280816
PREFADE-F,SPX500_TRAIN,2014-05-06 11:39:00+00:00,1,3.400000000000091,0.7000000000000455,-3.400000000000091
PREFADE-F,SPX500_TRAIN,2014-05-08 12:18:00+00:00,1,3.1000000000001364,1.099999999999909,-3.1000000000001364
PREFADE-F,SPX500_TRAIN,2014-05-08 13:23:00+00:00,1,0.2999999999999545,4.0,3.6462955736310505
PREFADE-F,SPX500_TRAIN,2014-05-13 12:31:00+00:00,1,0.6999999999998181,0.6000000000001364,0.41183627587201954
PREFADE-F,SPX500_TRAIN,2014-05-13 12:38:00+00:00,1,0.7999999999999545,1.5,1.2000000000000455
PREFADE-F,SPX500_TRAIN,2014-05-14 11:48:00+00:00,1,2.699999999999818,2.1000000000001364,1.1532526200219309
PREFADE-F,SPX500_TRAIN,2014-05-16 12:29:00+00:00,1,0.09999999999990905,2.6000000000001364,2.478106885236457
PREFADE-F,SPX500_TRAIN,2014-05-23 11:31:00+00:00,-1,0.1999999999998181,1.0,1.0
PREFADE-F,SPX500_TRAIN,2014-05-23 13:08:00+00:00,1,0.20000000000004547,0.6000000000001364,0.6000000000001364
PREFADE-F,SPX500_TRAIN,2014-05-29 13:00:00+00:00,-1,1.800000000000182,0.7999999999999545,0.6268842612387289
PREFADE-F,SPX500_TRAIN,2014-06-05 11:46:00+00:00,1,1.0,0.8000000000001819,0.0
PREFADE-F,SPX500_TRAIN,2014-06-05 11:48:00+00:00,-1,1.599999999999909,1.400000000000091,1.3945661582990851
PREFADE-F,SPX500_TRAIN,2014-06-06 12:42:00+00:00,-1,3.400000000000091,2.0,-2.8332466983581526
PREFADE-F,SPX500_TRAIN,2014-06-12 12:31:00+00:00,1,2.2000000000000455,0.0,-2.2000000000000455
PREFADE-F,SPX500_TRAIN,2014-06-26 12:45:00+00:00,-1,0.0,1.0,0.9585108417456922
PREFADE-F,SPX500_TRAIN,2014-06-30 11:50:00+00:00,1,0.0,2.3999999999998636,2.102019288224028
PREFADE-F,SPX500_TRAIN,2014-07-01 11:32:00+00:00,-1,2.3999999999998636,0.40000000000009095,-2.021981922570376
PREFADE-F,SPX500_TRAIN,2014-07-02 11:49:00+00:00,-1,1.7999999999999545,0.40000000000009095,-1.2489375998075047
PREFADE-F,SPX500_TRAIN,2014-07-07 12:36:00+00:00,1,1.6000000000001364,2.0,1.0472163805438868
PREFADE-F,SPX500_TRAIN,2014-07-08 13:20:00+00:00,1,3.199999999999818,0.8000000000001819,-2.444186831969091
PREFADE-F,SPX500_TRAIN,2014-07-09 11:53:00+00:00,-1,1.7999999999999545,0.20000000000004547,-1.4757010030348283
PREFADE-F,SPX500_TRAIN,2014-07-15 11:53:00+00:00,-1,3.400000000000091,1.3999999999998636,-3.3291300354069335
PREFADE-F,SPX500_TRAIN,2014-07-21 13:27:00+00:00,1,2.199999999999818,2.2000000000000455,2.013373014359331
PREFADE-F,SPX500_TRAIN,2014-07-22 13:19:00+00:00,-1,5.2000000000000455,1.6000000000001364,-4.399999999999864
PREFADE-F,SPX500_TRAIN,2014-07-25 13:15:00+00:00,1,3.2000000000000455,0.40000000000009095,-3.0284801607499503
PREFADE-F,SPX500_TRAIN,2014-07-28 12:47:00+00:00,-1,2.0,2.400000000000091,2.253701682756855
PREFADE-F,SPX500_TRAIN,2014-07-29 13:09:00+00:00,-1,3.2000000000000455,2.7999999999999545,2.7405811267251465
PREFADE-F,SPX500_TRAIN,2014-07-30 13:01:00+00:00,-1,2.3999999999998636,5.0,3.3820790507231777
PREFADE-F,SPX500_TRAIN,2014-08-12 12:10:00+00:00,1,3.0,1.599999999999909,-2.6923451305560775
PREFADE-F,SPX500_TRAIN,2014-08-18 11:57:00+00:00,-1,0.40000000000009095,2.7999999999999545,2.7826608167056293
PREFADE-F,SPX500_TRAIN,2014-08-20 11:36:00+00:00,-1,1.400000000000091,2.3999999999998636,1.615112798016753
PREFADE-F,SPX500_TRAIN,2014-08-27 12:45:00+00:00,1,0.7999999999999545,1.6000000000001364,1.3164845334504207
PREFADE-F,SPX500_TRAIN,2014-09-05 12:43:00+00:00,-1,0.20000000000004547,5.0,4.642397656356934
PREFADE-F,SPX500_TRAIN,2014-09-09 11:32:00+00:00,-1,0.20000000000004547,2.599999999999909,2.4776540160089553
PREFADE-F,SPX500_TRAIN,2014-09-11 12:06:00+00:00,1,2.2000000000000455,3.2000000000000455,2.9739013005623747
PREFADE-F,SPX500_TRAIN,2014-09-12 12:30:00+00:00,1,2.0,0.7999999999999545,-1.5304996649847453
PREFADE-F,SPX500_TRAIN,2014-09-16 13:14:00+00:00,1,1.400000000000091,1.599999999999909,1.5322861922252287
PREFADE-F,SPX500_TRAIN,2014-09-17 12:21:00+00:00,1,0.1999999999998181,2.400000000000091,1.0045186358026967
PREFADE-F,SPX500_TRAIN,2014-09-17 12:43:00+00:00,-1,2.599999999999909,1.2000000000000455,-2.06717808946496
PREFADE-F,SPX500_TRAIN,2014-09-25 12:22:00+00:00,1,2.2000000000000455,0.7999999999999545,-2.2000000000000455
PREFADE-F,SPX500_TRAIN,2014-10-01 12:04:00+00:00,1,2.400000000000091,2.599999999999909,2.3999999999998636
PREFADE-F,SPX500_TRAIN,2014-10-02 13:23:00+00:00,1,1.199999999999818,5.0,4.590522261139768
PREFADE-F,SPX500_TRAIN,2014-10-14 12:17:00+00:00,-1,6.400000000000091,5.0,4.352324943353096
PREFADE-F,SPX500_TRAIN,2014-10-15 11:33:00+00:00,1,12.799999999999955,3.2000000000000455,-12.26053445761886
PREFADE-F,SPX500_TRAIN,2014-11-03 12:40:00+00:00,1,0.0,2.0,2.0
PREFADE-F,SPX500_TRAIN,2014-11-05 12:44:00+00:00,-1,4.0,3.800000000000182,3.347754271028407
PREFADE-F,SPX500_TRAIN,2014-11-06 13:43:00+00:00,-1,6.0,1.0,-5.835084761219605
PREFADE-F,SPX500_TRAIN,2014-11-07 14:26:00+00:00,1,5.0,1.6000000000001364,-4.469977747047778
PREFADE-F,SPX500_TRAIN,2014-11-11 12:31:00+00:00,-1,0.3999999999998636,2.2000000000000455,2.2000000000000455
PREFADE-F,SPX500_TRAIN,2014-11-12 12:47:00+00:00,1,1.7999999999999545,3.0,2.810592015584234
PREFADE-F,SPX500_TRAIN,2014-11-19 12:33:00+00:00,-1,0.1999999999998181,2.200000000000273,2.200000000000273
PREFADE-F,SPX500_TRAIN,2014-11-26 12:51:00+00:00,1,2.199999999999818,0.6000000000003638,-2.0950256189198626
PREFADE-F,SPX500_TRAIN,2014-11-26 14:00:00+00:00,1,1.599999999999909,1.900000000000091,1.900000000000091
PREFADE-F,SPX500_TRAIN,2014-12-04 13:37:00+00:00,-1,1.599999999999909,0.599999999999909,0.5019034000492866
PREFADE-F,SPX500_TRAIN,2014-12-04 13:51:00+00:00,1,5.0,0.20000000000027285,-3.5693820040100945
PREFADE-F,SPX500_TRAIN,2014-12-04 14:07:00+00:00,1,0.40000000000009095,4.200000000000273,4.105877433796195
PREFADE-F,SPX500_TRAIN,2014-12-05 13:13:00+00:00,-1,3.099999999999909,1.199999999999818,-2.7107740580636346
PREFADE-F,SPX500_TRAIN,2014-12-05 14:08:00+00:00,1,0.0,2.800000000000182,2.6031022538277284
PREFADE-F,SPX500_TRAIN,2014-12-10 13:40:00+00:00,1,4.200000000000273,0.599999999999909,-3.95728861810494
PREFADE-F,SPX500_TRAIN,2014-12-11 14:01:00+00:00,-1,7.0,2.7999999999999545,-6.379158163089642
PREFADE-F,SPX500_VAL,2015-01-09 13:11:00+00:00,1,1.3999999999996362,4.0,3.6370470460233264
PREFADE-F,SPX500_VAL,2015-01-23 14:05:00+00:00,1,6.199999999999818,2.199999999999818,-5.631215592949047
PREFADE-F,SPX500_VAL,2015-02-02 14:13:00+00:00,-1,1.6000000000001364,5.0,4.1505888065978525
PREFADE-F,SPX500_VAL,2015-02-06 13:30:00+00:00,-1,7.400000000000091,0.0,-3.0106673387958836
PREFADE-F,SPX500_VAL,2015-02-10 12:41:00+00:00,-1,2.400000000000091,7.0,5.185247784950661
PREFADE-F,SPX500_VAL,2015-02-11 13:09:00+00:00,1,0.1999999999998181,2.800000000000182,2.599999999999909
PREFADE-F,SPX500_VAL,2015-02-18 12:49:00+00:00,1,2.800000000000182,0.3999999999996362,-2.800000000000182
PREFADE-F,SPX500_VAL,2015-03-02 12:34:00+00:00,1,2.599999999999909,0.20000000000027285,-2.588590322678101
PREFADE-F,SPX500_VAL,2015-03-03 12:55:00+00:00,1,2.199999999999818,0.0,-2.199999999999818
PREFADE-F,SPX500_VAL,2015-03-05 12:47:00+00:00,-1,3.399999999999636,0.20000000000027285,-2.9099221333399328
PREFADE-F,SPX500_VAL,2015-03-06 13:17:00+00:00,-1,0.40000000000009095,1.2000000000002728,1.001574335744408
PREFADE-F,SPX500_VAL,2015-03-06 13:31:00+00:00,-1,2.200000000000273,0.0,-1.8584920539619816
PREFADE-F,SPX500_VAL,2015-03-06 13:33:00+00:00,1,0.40000000000009095,1.0,0.0
PREFADE-F,SPX500_VAL,2015-03-06 13:35:00+00:00,-1,0.599999999999909,2.200000000000273,0.9660055940303209
PREFADE-F,SPX500_VAL,2015-03-06 13:42:00+00:00,1,3.800000000000182,0.599999999999909,-2.9247592154697486
PREFADE-F,SPX500_VAL,2015-03-09 11:56:00+00:00,-1,3.799999999999727,1.0,-3.4009857299593023
PREFADE-F,SPX500_VAL,2015-04-03 12:50:00+00:00,1,9.400000000000091,0.0,-8.400000000000091
PREFADE-F,SPX500_VAL,2015-04-06 13:25:00+00:00,-1,5.0,1.0,-4.261498638977173
PREFADE-F,SPX500_VAL,2015-04-28 11:46:00+00:00,1,0.0,4.800000000000182,4.260233019443149
PREFADE-F,SPX500_VAL,2015-04-29 11:43:00+00:00,1,2.799999999999727,0.20000000000027285,-2.7942695216652282
PREFADE-F,SPX500_VAL,2015-04-29 13:09:00+00:00,1,2.0,9.0,7.952124971883677
PREFADE-F,SPX500_VAL,2015-05-05 12:52:00+00:00,1,2.400000000000091,3.0,2.7679415957150013
PREFADE-F,SPX500_VAL,2015-05-08 12:41:00+00:00,-1,10.599999999999909,0.0,-10.199999999999818
PREFADE-F,SPX500_VAL,2015-05-11 11:57:00+00:00,-1,0.599999999999909,2.400000000000091,1.8075168131836108
PREFADE-F,SPX500_VAL,2015-05-13 13:11:00+00:00,1,0.20000000000027285,5.400000000000091,4.430487600272954
PREFADE-F,SPX500_VAL,2015-05-20 12:17:00+00:00,-1,0.20000000000027285,3.0,1.821011434396496
PREFADE-F,SPX500_VAL,2015-05-27 11:53:00+00:00,-1,2.0,3.199999999999818,2.7801773592232166
PREFADE-F,SPX500_VAL,2015-06-08 13:10:00+00:00,1,1.599999999999909,3.400000000000091,2.442185157464337
PREFADE-F,SPX500_VAL,2015-06-11 11:40:00+00:00,-1,2.199999999999818,0.40000000000009095,-1.7447462918553356
PREFADE-F,SPX500_VAL,2015-06-11 12:39:00+00:00,-1,3.799999999999727,0.5,-2.975998451920532
PREFADE-F,SPX500_VAL,2015-06-12 12:10:00+00:00,1,5.799999999999727,2.599999999999909,-4.945584092311492
PREFADE-F,SPX500_VAL,2015-06-15 12:05:00+00:00,1,4.599999999999909,1.0,-4.599999999999909
PREFADE-F,SPX500_VAL,2015-07-09 13:29:00+00:00,-1,2.900000000000091,8.400000000000091,7.998535904338041
PREFADE-F,SPX500_VAL,2015-07-14 13:19:00+00:00,1,0.5,1.5,1.0009975281141124
PREFADE-F,SPX500_VAL,2015-07-17 12:50:00+00:00,-1,0.5,2.5,1.9417972126457244
PREFADE-F,SPX500_VAL,2015-07-22 12:47:00+00:00,1,0.7000000000002728,2.900000000000091,2.637466414582377
PREFADE-F,SPX500_VAL,2015-07-23 12:26:00+00:00,1,3.0,1.2000000000002728,-2.830569114892569
PREFADE-F,SPX500_VAL,2015-07-24 13:29:00+00:00,1,5.0,1.5,-4.937439612062008
PREFADE-F,SPX500_VAL,2015-07-30 12:49:00+00:00,1,2.5,3.099999999999909,2.878411743041852
PREFADE-F,SPX500_VAL,2015-07-31 12:02:00+00:00,1,2.199999999999818,3.699999999999818,2.7899873601791114
PREFADE-F,SPX500_VAL,2015-07-31 13:14:00+00:00,-1,2.300000000000182,4.099999999999909,3.5261286361264865
PREFADE-F,SPX500_VAL,2015-08-07 12:31:00+00:00,1,4.300000000000182,1.199999999999818,0.9538259740484136
PREFADE-F,SPX500_VAL,2015-08-10 11:46:00+00:00,-1,6.5,1.0,-6.5
PREFADE-F,SPX500_VAL,2015-08-11 12:21:00+00:00,1,7.400000000000091,4.199999999999818,-6.100000000000364
PREFADE-F,SPX500_VAL,2015-09-01 13:01:00+00:00,1,1.5,15.299999999999955,14.005506546393235
PREFADE-F,SPX500_VAL,2015-09-02 13:30:00+00:00,-1,0.0,9.299999999999955,9.00214554911372
PREFADE-F,SPX500_VAL,2015-09-10 12:52:00+00:00,1,0.0,15.0,14.665202972096722
PREFADE-F,SPX500_VAL,2015-09-16 13:30:00+00:00,-1,3.2999999999999545,3.0,2.211061537573414
PREFADE-F,SPX500_VAL,2015-10-02 12:18:00+00:00,-1,3.2000000000000455,17.09999999999991,5.092954868733614
PREFADE-F,SPX500_VAL,2015-10-06 13:17:00+00:00,-1,6.2999999999999545,1.5,-5.694609745700745
PREFADE-F,SPX500_VAL,2015-10-16 11:33:00+00:00,1,0.1999999999998181,3.300000000000182,3.2571163661930314
PREFADE-F,SPX500_VAL,2015-10-19 12:21:00+00:00,1,4.2000000000000455,3.199999999999818,3.1713374300823034
PREFADE-F,SPX500_VAL,2015-10-22 12:31:00+00:00,-1,0.7999999999999545,2.5,2.280419932058294
PREFADE-F,SPX500_VAL,2015-10-26 12:49:00+00:00,-1,2.599999999999909,2.400000000000091,2.3701711336402695
PREFADE-F,SPX500_VAL,2015-10-27 13:09:00+00:00,1,2.599999999999909,2.599999999999909,2.4147677997502797
PREFADE-F,SPX500_VAL,2015-11-06 13:27:00+00:00,-1,1.400000000000091,11.599999999999909,2.8842235093306954
PREFADE-F,SPX500_VAL,2015-11-06 13:33:00+00:00,1,0.0,8.0,1.674386778402095
PREFADE-F,SPX500_VAL,2015-11-06 13:56:00+00:00,1,2.0,6.199999999999818,6.140398845662276
PREFADE-F,SPX500_VAL,2015-11-12 13:34:00+00:00,1,9.400000000000091,0.599999999999909,-8.54775072377106
PREFADE-F,SPX500_VAL,2015-11-18 13:05:00+00:00,-1,5.800000000000182,1.199999999999818,-5.767267525955958
PREFADE-F,SPX500_VAL,2015-11-20 13:56:00+00:00,-1,7.400000000000091,2.400000000000091,-6.703185938768456
PREFADE-F,SPX500_VAL,2015-12-02 13:53:00+00:00,1,0.20000000000027285,3.399999999999636,3.2383300613610118
PREFADE-F,SPX500_VAL,2015-12-03 13:43:00+00:00,1,5.199999999999818,8.599999999999909,7.400000000000091
PREFADE-F,SPX500_VAL,2015-12-16 13:28:00+00:00,-1,4.399999999999636,3.400000000000091,3.2703326550390557
PREFADE-F,SPX500_VAL,2016-01-15 14:29:00+00:00,1,9.399999999999864,18.799999999999955,-6.0
PREFADE-F,SPX500_VAL,2016-01-25 13:46:00+00:00,1,2.7999999999999545,6.2000000000000455,5.2351324962226045
PREFADE-F,SPX500_VAL,2016-02-02 13:58:00+00:00,1,10.0,2.599999999999909,-6.600000000000136
PREFADE-F,SPX500_VAL,2016-02-03 14:15:00+00:00,-1,0.0,12.600000000000136,12.321334147973403
PREFADE-F,SPX500_VAL,2016-02-04 12:46:00+00:00,1,10.0,0.40000000000009095,-9.726976963826246
PREFADE-F,SPX500_VAL,2016-02-05 13:39:00+00:00,1,3.3999999999998636,5.400000000000091,5.0
PREFADE-F,SPX500_VAL,2016-02-19 13:47:00+00:00,1,9.799999999999955,5.600000000000136,4.655370368395097
PREFADE-F,SPX500_VAL,2016-03-04 12:33:00+00:00,-1,6.2000000000000455,0.7999999999999545,-3.8433142392689206
PREFADE-F,SPX500_VAL,2016-03-10 12:46:00+00:00,-1,7.7999999999999545,0.599999999999909,-7.184151601504709
PREFADE-F,SPX500_VAL,2016-03-14 12:13:00+00:00,1,0.8000000000001819,3.0,2.5720708921535334
PREFADE-F,SPX500_VAL,2016-03-16 11:41:00+00:00,1,3.2000000000000455,0.599999999999909,-3.187801651480868
PREFADE-F,SPX500_VAL,2016-03-31 11:45:00+00:00,-1,3.0,3.0,-1.400000000000091
PREFADE-F,SPX500_VAL,2016-04-06 12:37:00+00:00,1,5.7999999999999545,0.8000000000001819,-5.051596551097873
PREFADE-F,SPX500_VAL,2016-04-14 12:23:00+00:00,-1,4.200000000000273,3.0,2.399999999999636
PREFADE-F,SPX500_VAL,2016-05-06 12:40:00+00:00,1,3.3999999999998636,9.0,5.258346116940174
PREFADE-F,SPX500_VAL,2016-05-18 12:20:00+00:00,1,4.0,1.2000000000000455,-3.805257208033254
PREFADE-F,SPX500_VAL,2016-05-26 12:03:00+00:00,-1,0.7999999999997272,3.400000000000091,3.2368658189652706
PREFADE-F,SPX500_VAL,2016-06-02 13:02:00+00:00,1,3.400000000000091,1.400000000000091,-3.2644134960282827
PREFADE-F,SPX500_VAL,2016-06-03 12:23:00+00:00,-1,0.599999999999909,7.599999999999909,2.1124092751665557
PREFADE-F,SPX500_VAL,2016-06-03 12:36:00+00:00,1,6.400000000000091,2.199999999999818,-6.314541279967671
PREFADE-F,SPX500_VAL,2016-06-08 12:39:00+00:00,-1,4.599999999999909,1.0,-4.504557203441436
PREFADE-F,SPX500_VAL,2016-06-27 11:58:00+00:00,1,0.0,10.600000000000136,10.46186952285143
PREFADE-F,SPX500_VAL,2016-07-01 11:45:00+00:00,-1,5.800000000000182,0.0,-4.20704231879472
PREFADE-F,SPX500_VAL,2016-07-08 11:33:00+00:00,-1,10.400000000000091,1.7999999999997272,-6.781864449252225
PREFADE-F,SPX500_VAL,2016-07-08 12:42:00+00:00,-1,11.399999999999636,3.200000000000273,-10.0
PREFADE-F,SPX500_VAL,2016-07-13 12:25:00+00:00,-1,3.599999999999909,3.199999999999818,3.199999999999818
PREFADE-F,SPX500_VAL,2016-07-15 13:20:00+00:00,-1,3.800000000000182,4.800000000000182,4.599999999999909
PREFADE-F,SPX500_VAL,2016-08-04 11:54:00+00:00,-1,0.40000000000009095,4.400000000000091,3.7292561366461996
PREFADE-F,SPX500_VAL,2016-08-05 12:40:00+00:00,-1,5.0,0.6000000000003638,-3.639931545865238
PREFADE-F,SPX500_VAL,2016-08-10 12:31:00+00:00,-1,0.6000000000003638,3.0,2.9195958969166895
PREFADE-F,SPX500_VAL,2016-08-12 12:40:00+00:00,1,3.400000000000091,0.599999999999909,-2.2521811900819557
PREFADE-F,SPX500_VAL,2016-08-19 12:04:00+00:00,1,2.800000000000182,3.799999999999727,2.3307422814109486
PREFADE-F,SPX500_VAL,2016-08-25 11:45:00+00:00,1,1.800000000000182,2.800000000000182,2.3879119654789065
PREFADE-F,SPX500_VAL,2016-09-02 12:47:00+00:00,-1,6.599999999999909,0.599999999999909,-5.8412022898246505
PREFADE-F,SPX500_VAL,2016-09-05 12:04:00+00:00,1,1.599999999999909,0.1999999999998181,-1.4751550295668494
PREFADE-F,SPX500_VAL,2016-09-07 13:03:00+00:00,1,1.7999999999997272,1.6000000000003638,1.6000000000003638
PREFADE-F,SPX500_VAL,2016-09-15 11:57:00+00:00,-1,3.800000000000182,4.799999999999727,4.43212495013222
PREFADE-F,SPX500_VAL,2016-09-20 12:21:00+00:00,-1,1.800000000000182,3.400000000000091,3.249077643513374
PREFADE-F,SPX500_VAL,2016-09-27 13:11:00+00:00,1,2.400000000000091,10.199999999999818,9.658393924355096
PREFADE-F,SPX500_VAL,2016-10-04 11:41:00+00:00,1,1.599999999999909,3.0,2.3393218513201646
PREFADE-F,SPX500_VAL,2016-10-05 13:28:00+00:00,-1,6.0,0.1999999999998181,-5.494063888071196
PREFADE-F,SPX500_VAL,2016-10-07 13:00:00+00:00,-1,1.599999999999909,5.199999999999818,4.926706585912598
PREFADE-F,SPX500_VAL,2016-10-10 12:14:00+00:00,-1,5.0,0.1999999999998181,-4.415650979940892
PREFADE-F,SPX500_VAL,2016-10-12 12:30:00+00:00,1,2.599999999999909,4.400000000000091,3.266336465304448
PREFADE-F,SPX500_VAL,2016-10-17 12:01:00+00:00,-1,4.599999999999909,2.0,-4.381114586231433
PREFADE-F,SPX500_VAL,2016-10-19 12:45:00+00:00,-1,1.3999999999996362,3.0,2.754857499517584
PREFADE-F,SPX500_VAL,2016-10-20 13:07:00+00:00,1,3.599999999999909,3.800000000000182,2.9272710679078955
PREFADE-F,SPX500_VAL,2016-11-01 12:16:00+00:00,1,4.400000000000091,3.0,-4.020771440571934
PREFADE-F,SPX500_VAL,2016-11-02 12:07:00+00:00,-1,0.0,5.0,4.799999999999727
PREFADE-F,SPX500_VAL,2016-11-03 12:29:00+00:00,-1,0.40000000000009095,6.400000000000091,6.070687236690446
PREFADE-F,SPX500_VAL,2016-11-04 13:07:00+00:00,-1,0.599999999999909,2.200000000000273,1.8463591156414623
PREFADE-F,SPX500_VAL,2016-11-08 14:03:00+00:00,1,3.599999999999909,2.599999999999909,2.599999999999909
PREFADE-F,SPX500_VAL,2016-11-30 12:36:00+00:00,-1,3.799999999999727,3.200000000000273,2.477371643928109
PREFADE-F,SPX500_VAL,2016-12-02 13:34:00+00:00,-1,0.0,3.200000000000273,2.9958654318206754
PREFADE-F,SPX500_VAL,2016-12-02 14:10:00+00:00,-1,4.400000000000091,1.400000000000091,-4.07158117823019
PREFADE-F,SPX500_VAL,2016-12-07 13:00:00+00:00,1,2.199999999999818,0.0,-2.199999999999818
PREFADE-F,SPX500_VAL,2016-12-08 12:55:00+00:00,-1,0.7999999999997272,2.200000000000273,2.1258810422909846
PREFADE-F,SPX500_VAL,2016-12-14 13:37:00+00:00,1,2.0,0.20000000000027285,-1.8909287458695871
PREFADE-F,SPX500_VAL,2016-12-15 13:33:00+00:00,1,0.0,4.399999999999636,3.799999999999727
PREFADE-F,SPX500_VAL,2016-12-19 13:18:00+00:00,1,2.0,0.7999999999997272,-2.0
PREFADE-F,SPX500_VAL,2016-12-21 13:06:00+00:00,1,0.0,1.7999999999997272,1.7999999999997272
PREFADE-F,SPX500_VAL,2016-12-22 13:34:00+00:00,-1,0.20000000000027285,1.599999999999909,1.599999999999909
PREFADE-F,SPX500_VAL,2016-12-23 14:04:00+00:00,1,1.0,1.800000000000182,1.7361006250921491
PREFADE-F,SPX500_VAL,2016-12-27 13:50:00+00:00,-1,2.0,0.0,-1.8027973568300695
PREFADE-F,SPX500_VAL,2017-01-06 13:50:00+00:00,-1,1.7999999999997272,3.0,1.427521016785704
PREFADE-F,SPX500_VAL,2017-01-09 13:22:00+00:00,1,3.800000000000182,0.3999999999996362,-3.599721625451366
PREFADE-F,SPX500_VAL,2017-01-13 13:04:00+00:00,-1,0.0,1.800000000000182,1.4287689525558562
PREFADE-F,SPX500_VAL,2017-01-13 14:17:00+00:00,-1,1.800000000000182,0.1999999999998181,-1.7444589457613802
PREFADE-F,SPX500_VAL,2017-01-20 14:12:00+00:00,-1,0.20000000000027285,2.0,1.773492228392115
PREFADE-F,SPX500_VAL,2017-01-24 13:56:00+00:00,-1,2.400000000000091,1.199999999999818,-2.1935729097367584
PREFADE-F,SPX500_VAL,2017-01-25 13:35:00+00:00,-1,5.400000000000091,0.0,-5.071297819451047
PREFADE-F,SPX500_VAL,2017-01-26 14:24:00+00:00,1,1.400000000000091,3.199999999999818,2.9054309040975568
PREFADE-F,SPX500_VAL,2017-02-01 13:26:00+00:00,-1,3.199999999999818,1.6000000000003638,0.968535661255828
PREFADE-F,SPX500_VAL,2017-02-08 14:29:00+00:00,1,2.199999999999818,2.800000000000182,2.5212409579689847
PREFADE-F,SPX500_VAL,2017-02-13 12:54:00+00:00,-1,2.599999999999909,1.400000000000091,-2.32306910529951
PREFADE-F,SPX500_VAL,2017-02-15 13:50:00+00:00,1,1.0,2.799999999999727,2.799999999999727
PREFADE-F,SPX500_VAL,2017-02-23 12:55:00+00:00,-1,3.799999999999727,0.20000000000027285,-3.599999999999909
PREFADE-F,SPX500_VAL,2017-03-08 13:52:00+00:00,-1,4.200000000000273,3.199999999999818,2.2808065875969987
PREFADE-F,SPX500_VAL,2017-03-23 13:16:00+00:00,1,2.599999999999909,4.599999999999909,3.137793841407074
PREFADE-F,SPX500_VAL,2017-04-05 12:50:00+00:00,-1,6.0,0.3999999999996362,-5.7952096038857235
PREFADE-F,SPX500_VAL,2017-04-06 12:45:00+00:00,-1,7.400000000000091,4.199999999999818,-7.039535434415939
PREFADE-F,SPX500_VAL,2017-04-19 11:44:00+00:00,-1,4.400000000000091,0.20000000000027285,-3.8842308915609465
PREFADE-F,SPX500_VAL,2017-04-21 13:27:00+00:00,1,3.200000000000273,0.7999999999997272,-2.360170317766915
PREFADE-F,SPX500_VAL,2017-04-24 12:44:00+00:00,-1,0.0,5.199999999999818,4.687733857485455
PREFADE-F,SPX500_VAL,2017-04-27 12:37:00+00:00,-1,0.40000000000009095,2.800000000000182,2.200000000000273
PREFADE-F,SPX500_VAL,2017-04-27 13:24:00+00:00,-1,1.0,2.400000000000091,1.9913438087983195
PREFADE-F,SPX500_VAL,2017-05-09 13:30:00+00:00,-1,2.399999999999636,1.400000000000091,1.2039772241878381
PREFADE-F,SPX500_VAL,2017-05-10 13:25:00+00:00,-1,1.3999999999996362,1.400000000000091,1.3735579486283314
PREFADE-F,SPX500_VAL,2017-05-17 13:14:00+00:00,1,1.599999999999909,5.800000000000182,5.463293840817187
PREFADE-F,SPX500_VAL,2017-05-26 12:20:00+00:00,1,0.20000000000027285,2.599999999999909,2.5160287176145175
PREFADE-F,SPX500_VAL,2017-05-30 12:15:00+00:00,1,0.599999999999909,2.400000000000091,2.0967396757027927
PREFADE-F,SPX500_VAL,2017-06-01 11:49:00+00:00,1,0.1999999999998181,1.2000000000002728,1.0592528100655727
PREFADE-F,SPX500_VAL,2017-06-01 12:48:00+00:00,-1,1.599999999999909,1.599999999999909,1.398468865288578
PREFADE-F,SPX500_VAL,2017-06-07 12:13:00+00:00,-1,1.3999999999996362,1.6000000000003638,1.6000000000003638
PREFADE-F,SPX500_VAL,2017-06-29 13:01:00+00:00,1,3.799999999999727,1.2000000000002728,-3.736238932860033
PREFADE-F,SPX500_VAL,2017-07-05 12:04:00+00:00,-1,2.400000000000091,1.599999999999909,1.599999999999909
PREFADE-F,SPX500_VAL,2017-07-07 12:46:00+00:00,-1,5.800000000000182,1.7999999999997272,-4.599999999999909
PREFADE-F,SPX500_VAL,2017-07-10 11:43:00+00:00,1,3.400000000000091,0.40000000000009095,-3.400000000000091
PREFADE-F,SPX500_VAL,2017-07-11 11:33:00+00:00,1,0.599999999999909,3.199999999999818,2.599999999999909
PREFADE-F,SPX500_VAL,2017-07-19 13:17:00+00:00,-1,1.599999999999909,0.0,-1.4423193982206612
PREFADE-F,SPX500_VAL,2017-08-02 11:54:00+00:00,1,0.0,1.6000000000003638,1.400000000000091
PREFADE-F,SPX500_VAL,2017-08-17 12:07:00+00:00,1,2.400000000000091,2.599999999999909,2.3027356488846635
PREFADE-F,SPX500_VAL,2017-09-01 12:33:00+00:00,-1,1.400000000000091,2.599999999999909,1.980882650442254
PREFADE-F,SPX500_VAL,2017-09-19 13:25:00+00:00,-1,0.20000000000027285,2.0,1.6390077386899975
PREFADE-F,SPX500_VAL,2017-09-27 13:12:00+00:00,-1,3.199999999999818,4.200000000000273,3.599999999999909
PREFADE-F,SPX500_VAL,2017-09-29 12:06:00+00:00,-1,0.0,0.8000000000001819,0.759289582049405
PREFADE-F,SPX500_VAL,2017-09-29 12:31:00+00:00,-1,0.0,0.8000000000001819,0.7518518205311011
PREFADE-F,SPX500_VAL,2017-10-04 13:23:00+00:00,1,0.1999999999998181,2.400000000000091,1.599999999999909
PREFADE-F,SPX500_VAL,2017-10-05 13:20:00+00:00,-1,2.800000000000182,1.0,-2.4512309386918787
PREFADE-F,SPX500_VAL,2017-10-06 11:59:00+00:00,1,1.0,0.40000000000009095,-1.0
PREFADE-F,SPX500_VAL,2017-10-06 12:34:00+00:00,1,2.199999999999818,0.40000000000009095,-2.1586410223317216
PREFADE-F,SPX500_VAL,2017-10-10 12:13:00+00:00,-1,3.800000000000182,0.1999999999998181,-2.6952128072284722
PREFADE-F,SPX500_VAL,2017-10-12 12:12:00+00:00,1,1.400000000000091,1.400000000000091,1.3312634703720505
PREFADE-F,SPX500_VAL,2017-10-24 12:03:00+00:00,-1,0.8000000000001819,3.799999999999727,2.238145671679831
PREFADE-F,SPX500_VAL,2017-11-02 12:36:00+00:00,-1,1.2000000000002728,4.599999999999909,4.148639570044907
PREFADE-F,SPX500_VAL,2017-11-03 12:31:00+00:00,-1,2.199999999999818,0.8000000000001819,-1.7651340328288825
PREFADE-F,SPX500_VAL,2017-11-09 12:36:00+00:00,1,7.0,2.0,1.199999999999818
PREFADE-F,SPX500_VAL,2017-11-13 13:26:00+00:00,1,1.800000000000182,6.199999999999818,6.003326330830532
PREFADE-F,SPX500_VAL,2017-11-14 13:04:00+00:00,1,3.399999999999636,1.800000000000182,-3.399999999999636
PREFADE-F,SPX500_VAL,2017-11-24 13:00:00+00:00,-1,2.0,1.599999999999909,-0.0
PREFADE-F,SPX500_VAL,2017-12-07 13:20:00+00:00,1,2.199999999999818,3.0,2.710839190564002
PREFADE-F,SPX500_VAL,2017-12-13 14:23:00+00:00,-1,4.799999999999727,0.8000000000001819,-0.7999999999997272
PREFADE-F,SPX500_VAL,2017-12-15 12:54:00+00:00,-1,7.400000000000091,1.599999999999909,-5.820403246364094
PREFADE-F,SPX500_VAL,2017-12-22 13:51:00+00:00,1,3.599999999999909,0.8000000000001819,-1.8466876714792306
PREFADE-F,SPX500_VAL,2017-12-27 13:36:00+00:00,-1,0.7999999999997272,1.2000000000002728,1.2000000000002728
PREFADE-F,SPX500_VAL,2018-01-05 13:42:00+00:00,-1,0.6000000000003638,5.799999999999727,5.132991076800863
PREFADE-F,SPX500_VAL,2018-01-22 12:59:00+00:00,-1,3.400000000000091,2.599999999999909,-3.400000000000091
PREFADE-F,SPX500_VAL,2018-01-25 13:16:00+00:00,-1,4.0,6.199999999999818,5.998689956271846
PREFADE-F,SPX500_VAL,2018-01-26 12:32:00+00:00,-1,2.0,2.600000000000364,2.5279588130483717
PREFADE-F,SPX500_VAL,2018-01-30 14:27:00+00:00,1,13.400000000000091,7.0,-12.8723215520954
PREFADE-F,SPX500_VAL,2018-02-16 13:46:00+00:00,1,8.800000000000182,1.199999999999818,-8.195152763123133
PREFADE-F,SPX500_VAL,2018-02-19 12:32:00+00:00,1,7.0,0.8000000000001819,-6.680036149316493
PREFADE-F,SPX500_VAL,2018-02-28 14:28:00+00:00,-1,6.0,5.799999999999727,4.774921709609771
PREFADE-F,SPX500_VAL,2018-03-02 14:20:00+00:00,1,6.400000000000091,10.0,9.358435369368635
PREFADE-F,SPX500_VAL,2018-03-09 13:24:00+00:00,1,6.099999999999909,0.0,-4.442689900870391
PREFADE-F,SPX500_VAL,2018-03-13 12:41:00+00:00,-1,0.7999999999997272,11.400000000000091,9.850018539428675
PREFADE-F,SPX500_VAL,2018-03-16 13:04:00+00:00,-1,1.0,4.799999999999727,4.435610601064127
PREFADE-F,SPX500_VAL,2018-03-21 13:19:00+00:00,1,2.599999999999909,3.400000000000091,3.1852820517083273
PREFADE-F,SPX500_VAL,2018-03-23 13:18:00+00:00,-1,11.599999999999909,9.0,8.342931992957801
PREFADE-F,SPX500_VAL,2018-03-28 12:21:00+00:00,-1,2.799999999999727,11.200000000000273,10.48552762015197
PREFADE-F,SPX500_VAL,2018-03-29 11:44:00+00:00,-1,5.599999999999909,6.799999999999727,5.788028391358694
PREFADE-F,SPX500_VAL,2018-04-12 11:39:00+00:00,-1,9.799999999999727,2.600000000000364,-8.875509149298068
PREFADE-F,SPX500_VAL,2018-04-19 12:40:00+00:00,1,7.0,0.599999999999909,-6.4650806813242525
PREFADE-F,SPX500_VAL,2018-05-01 13:29:00+00:00,1,9.200000000000273,1.599999999999909,-7.295483351487746
PREFADE-F,SPX500_VAL,2018-05-04 12:48:00+00:00,1,8.800000000000182,5.400000000000091,-7.75742328322076
PREFADE-F,SPX500_VAL,2018-05-14 12:50:00+00:00,1,0.1999999999998181,3.800000000000182,3.4246186758796284
PREFADE-F,SPX500_VAL,2018-05-16 13:01:00+00:00,1,0.0,4.599999999999909,4.389915677349563
PREFADE-F,SPX500_VAL,2018-05-18 12:29:00+00:00,1,5.599999999999909,0.20000000000027285,-5.0
PREFADE-F,SPX500_VAL,2018-05-31 13:18:00+00:00,1,5.800000000000182,0.599999999999909,-5.401810702723196
PREFADE-F,SPX500_VAL,2018-06-01 12:59:00+00:00,-1,11.600000000000364,1.199999999999818,-9.504552562319986
PREFADE-F,SPX500_VAL,2018-06-14 12:10:00+00:00,-1,7.400000000000091,0.40000000000009095,-7.3597385929397205
PREFADE-F,SPX500_VAL,2018-06-28 12:03:00+00:00,1,9.0,0.1999999999998181,-6.183845758442658
PREFADE-F,SPX500_VAL,2018-07-16 12:01:00+00:00,1,4.599999999999909,2.800000000000182,-4.031739723513056
PREFADE-F,SPX500_VAL,2018-07-18 11:51:00+00:00,1,3.0,2.199999999999818,2.1559165176281567
PREFADE-F,SPX500_VAL,2018-07-25 11:37:00+00:00,1,0.599999999999909,2.599999999999909,2.599999999999909
PREFADE-F,SPX500_VAL,2018-09-19 12:56:00+00:00,1,0.40000000000009095,3.0,3.0
PREFADE-F,SPX500_VAL,2018-09-26 13:28:00+00:00,1,0.8000000000001819,3.199999999999818,3.0050841776042034
PREFADE-F,SPX500_VAL,2018-10-03 13:27:00+00:00,-1,5.0,3.799999999999727,-1.6000000000003638
PREFADE-F,SPX500_VAL,2018-10-10 12:11:00+00:00,1,6.599999999999909,0.40000000000009095,-5.829905523567959
PREFADE-F,SPX500_VAL,2018-10-11 12:56:00+00:00,-1,15.0,13.799999999999727,12.991940393069399
PREFADE-F,SPX500_VAL,2018-10-25 11:32:00+00:00,-1,0.8000000000001819,13.0,11.939648903442503
PREFADE-F,SPX500_VAL,2018-11-01 11:31:00+00:00,-1,0.0,9.0,8.642757232679742
PREFADE-F,SPX500_VAL,2018-11-23 13:28:00+00:00,1,7.600000000000364,1.3999999999996362,-7.043652121884861
PREFADE-F,SPX500_VAL,2018-11-30 12:39:00+00:00,1,1.7999999999997272,8.600000000000364,6.026222034054626
PREFADE-F,SPX500_VAL,2018-12-12 12:42:00+00:00,-1,10.599999999999909,5.200000000000273,0.8000000000001819
PREFADE-F,SPX500_VAL,2018-12-17 13:08:00+00:00,1,13.200000000000273,2.199999999999818,-11.65288951705952
PREFADE-F,SPX500_VAL,2018-12-31 12:37:00+00:00,-1,1.599999999999909,6.400000000000091,5.531557365459321
PREFADE-F,SPX500_vault_2019_20,2019-01-08 13:17:00+00:00,-1,13.200000000000273,0.0,-12.824881317314976
PREFADE-F,SPX500_vault_2019_20,2019-01-11 13:00:00+00:00,1,6.0,1.0,-5.403822130164826
PREFADE-F,SPX500_vault_2019_20,2019-01-31 14:06:00+00:00,1,4.400000000000091,4.400000000000091,3.712361646181762
PREFADE-F,SPX500_vault_2019_20,2019-02-01 12:42:00+00:00,1,4.799999999999727,3.800000000000182,3.1735100849232367
PREFADE-F,SPX500_vault_2019_20,2019-02-25 13:04:00+00:00,-1,5.599999999999909,0.599999999999909,-5.4497668581770995
PREFADE-F,SPX500_vault_2019_20,2019-03-06 13:58:00+00:00,-1,3.599999999999909,0.0,-3.2454355927347933
PREFADE-F,SPX500_vault_2019_20,2019-03-21 12:32:00+00:00,1,0.6000000000003638,8.399999999999636,8.29120977776256
PREFADE-F,SPX500_vault_2019_20,2019-03-26 11:51:00+00:00,-1,10.0,3.0,-8.748405770452337
PREFADE-F,SPX500_vault_2019_20,2019-04-02 12:36:00+00:00,-1,1.3999999999996362,3.400000000000091,3.184352329706144
PREFADE-F,SPX500_vault_2019_20,2019-04-26 12:51:00+00:00,-1,3.199999999999818,7.200000000000273,5.44999477943702
PREFADE-F,SPX500_vault_2019_20,2019-04-30 11:59:00+00:00,-1,2.200000000000273,3.599999999999909,3.0
PREFADE-F,SPX500_vault_2019_20,2019-05-03 12:55:00+00:00,-1,10.0,2.0,-10.0
PREFADE-F,SPX500_vault_2019_20,2019-05-08 11:48:00+00:00,1,1.599999999999909,13.0,12.541379649843293
PREFADE-F,SPX500_vault_2019_20,2019-05-09 13:29:00+00:00,1,17.199999999999818,5.200000000000273,3.377591714080154
PREFADE-F,SPX500_vault_2019_20,2019-05-10 12:09:00+00:00,1,19.59999999999991,14.0,-19.421585300030983
PREFADE-F,SPX500_vault_2019_20,2019-05-17 11:41:00+00:00,1,6.599999999999909,8.199999999999818,7.466004612134839
PREFADE-F,SPX500_vault_2019_20,2019-06-11 13:02:00+00:00,-1,5.200000000000273,7.0,6.742677640974762
PREFADE-F,SPX500_vault_2019_20,2019-07-04 12:02:00+00:00,-1,2.400000000000091,0.3999999999996362,-2.400000000000091
PREFADE-F,SPX500_vault_2019_20,2019-07-10 12:41:00+00:00,-1,12.800000000000182,1.599999999999909,-11.909244819875767
PREFADE-F,SPX500_vault_2019_20,2019-07-16 11:55:00+00:00,-1,1.800000000000182,1.400000000000091,1.245397214179775
PREFADE-F,SPX500_vault_2019_20,2019-07-22 12:08:00+00:00,-1,5.0,4.0,2.229805875424063
PREFADE-F,SPX500_vault_2019_20,2019-07-25 11:55:00+00:00,-1,3.399999999999636,2.0,1.5433855066712567
PREFADE-F,SPX500_vault_2019_20,2019-07-29 11:41:00+00:00,-1,1.6000000000003638,2.399999999999636,2.2038475011217997
PREFADE-F,SPX500_vault_2019_20,2019-08-07 13:27:00+00:00,1,20.0,13.400000000000091,13.096819245458391
PREFADE-F,SPX500_vault_2019_20,2019-08-20 13:19:00+00:00,1,9.800000000000182,2.400000000000091,-8.876268992064524
PREFADE-F,SPX500_vault_2019_20,2019-09-06 11:54:00+00:00,-1,3.400000000000091,5.599999999999909,3.7637875669270215
PREFADE-F,SPX500_vault_2019_20,2019-09-18 11:36:00+00:00,1,3.0,2.200000000000273,1.654218981978829
PREFADE-F,SPX500_vault_2019_20,2019-10-03 12:12:00+00:00,1,1.599999999999909,6.0,4.988883962486398
PREFADE-F,SPX500_vault_2019_20,2019-10-04 12:55:00+00:00,-1,11.799999999999727,1.400000000000091,-11.340464627647634
PREFADE-F,SPX500_vault_2019_20,2019-10-07 12:08:00+00:00,-1,2.199999999999818,5.0,4.487215418685082
PREFADE-F,SPX500_vault_2019_20,2019-10-24 11:55:00+00:00,-1,4.0,3.0,3.0
PREFADE-F,SPX500_vault_2019_20,2019-10-30 12:31:00+00:00,-1,2.599999999999909,2.800000000000182,1.800000000000182
PREFADE-F,SPX500_vault_2019_20,2019-11-25 12:37:00+00:00,1,0.6000000000003638,2.199999999999818,1.5419006874953993
PREFADE-F,SPX500_vault_2019_20,2019-11-25 13:11:00+00:00,1,0.0,2.200000000000273,2.0989872951918187
PREFADE-F,SPX500_vault_2019_20,2019-12-12 12:36:00+00:00,1,4.800000000000182,1.400000000000091,-3.732102356910218
PREFADE-F,SPX500_vault_2019_20,2019-12-13 12:42:00+00:00,1,3.800000000000182,0.0,-3.531911398759803
PREFADE-F,SPX500_vault_2019_20,2019-12-13 14:07:00+00:00,1,10.199999999999818,0.8000000000001819,-8.59688776140456
PREFADE-F,SPX500_vault_2019_20,2019-12-17 14:14:00+00:00,-1,2.0,4.0,3.74292951821144
PREFADE-F,SPX500_vault_2019_20,2019-12-18 13:40:00+00:00,-1,3.199999999999818,2.800000000000182,2.400000000000091
PREFADE-F,SPX500_vault_2019_20,2019-12-19 13:31:00+00:00,1,1.0,3.400000000000091,3.284067691627115
PREFADE-F,SPX500_vault_2019_20,2019-12-31 12:45:00+00:00,1,4.799999999999727,3.0,-4.727329055786413
PREFADE-F,SPX500_vault_2019_20,2020-01-17 13:41:00+00:00,-1,1.3999999999996362,6.400000000000091,5.194193237495256
PREFADE-F,SPX500_vault_2019_20,2020-02-07 13:44:00+00:00,1,6.599999999999909,6.599999999999909,6.599999999999909
PREFADE-F,SPX500_vault_2019_20,2020-03-03 13:07:00+00:00,1,0.1999999999998181,24.200000000000273,23.20849222374136
PREFADE-F,SPX500_vault_2019_20,2020-03-23 12:42:00+00:00,-1,17.700000000000273,93.29999999999973,91.34573916357112
PREFADE-F,SPX500_vault_2019_20,2020-03-27 12:01:00+00:00,1,20.799999999999727,28.800000000000182,5.200000000000273
PREFADE-F,SPX500_vault_2019_20,2020-03-30 13:10:00+00:00,-1,40.0,23.200000000000273,-26.199999999999818
PREFADE-F,SPX500_vault_2019_20,2020-04-02 12:55:00+00:00,1,32.69999999999982,6.400000000000091,-26.899565811883804
PREFADE-F,SPX500_vault_2019_20,2020-04-21 11:35:00+00:00,1,13.800000000000182,15.599999999999909,-1.800000000000182
PREFADE-F,SPX500_vault_2019_20,2020-04-29 12:55:00+00:00,-1,16.299999999999727,10.5,-15.5
PREFADE-F,SPX500_vault_2019_20,2020-04-30 11:47:00+00:00,1,20.199999999999818,1.2000000000002728,-19.32265321508521
PREFADE-S,NAS100_2026,2026-03-13 12:46:00+00:00,-1,80.27000000000044,112.09999999999854,105.26292121951337
PREFADE-S,NAS100_2026,2026-03-16 11:35:00+00:00,-1,115.64999999999782,2.930000000000291,-110.53012577120899
PREFADE-S,NAS100_2026,2026-03-17 12:10:00+00:00,-1,82.29999999999927,7.25,-81.96847540968884
PREFADE-S,NAS100_2026,2026-03-18 12:20:00+00:00,1,181.59999999999854,27.87000000000262,-141.17558069120787
PREFADE-S,NAS100_2026,2026-03-19 11:36:00+00:00,1,109.0,40.5,-105.97317161506362
PREFADE-S,NAS100_2026,2026-03-19 13:24:00+00:00,1,103.25,113.69999999999709,108.15250264656788
PREFADE-S,NAS100_2026,2026-03-25 11:39:00+00:00,-1,22.38000000000102,89.5,88.01957126796697
PREFADE-S,NAS100_2026,2026-03-26 12:00:00+00:00,1,34.849999999998545,124.40000000000146,123.07923826916885
PREFADE-S,NAS100_2026,2026-03-27 12:04:00+00:00,1,207.22000000000116,12.649999999997817,-114.60000000000218
PREFADE-S,NAS100_2026,2026-03-30 11:31:00+00:00,-1,65.08000000000175,149.66999999999825,136.84144616220146
PREFADE-S,NAS100_2026,2026-04-01 11:39:00+00:00,-1,58.31999999999971,116.75,116.25056122997921
PREFADE-S,NAS100_2026,2026-04-03 12:59:00+00:00,1,8.25,22.93000000000029,16.0
PREFADE-S,NAS100_2026,2026-04-07 12:07:00+00:00,1,26.0,111.43000000000029,97.78799240631997
PREFADE-S,NAS100_2026,2026-04-09 12:42:00+00:00,-1,65.52000000000044,14.430000000000291,-53.099377308386465
PREFADE-S,NAS100_2026,2026-04-10 11:32:00+00:00,-1,74.06999999999971,36.38000000000102,-62.848434483021265
PREFADE-S,NAS100_2026,2026-04-10 12:39:00+00:00,-1,64.02000000000044,31.850000000002183,27.690018563447666
PREFADE-S,NAS100_2026,2026-04-13 13:25:00+00:00,-1,156.52000000000044,42.47999999999956,-152.52000000000044
PREFADE-S,NAS100_2026,2026-04-14 11:58:00+00:00,-1,80.32999999999811,29.200000000000728,-74.22798395938662
PREFADE-S,NAS100_2026,2026-04-15 11:47:00+00:00,-1,13.5,4.869999999998981,-0.0
PREFADE-S,NAS100_2026,2026-04-20 12:44:00+00:00,-1,88.39999999999782,5.75,-74.54260580654955
PREFADE-S,NAS100_2026,2026-04-21 12:10:00+00:00,-1,0.0,49.87999999999738,48.93605851758912
PREFADE-S,NAS100_2026,2026-04-22 12:07:00+00:00,-1,32.0,47.25,46.2786160328651
PREFADE-S,NAS100_2026,2026-04-22 13:29:00+00:00,-1,7.400000000001455,71.34999999999854,58.619719630230975
PREFADE-S,NAS100_2026,2026-04-29 12:32:00+00:00,1,61.85000000000218,37.0,-61.598999735728285
PREFADE-S,NAS100_2026,2026-05-01 11:31:00+00:00,1,9.879999999993743,74.62000000000626,53.55962532831836
PREFADE-S,NAS100_2026,2026-05-05 12:15:00+00:00,-1,146.77000000000044,22.25,-139.52000000000044
PREFADE-S,NAS100_2026,2026-05-08 12:36:00+00:00,-1,207.02000000000044,98.93000000000393,-193.72013917896402
PREFADE-S,NAS100_2026,2026-05-11 11:36:00+00:00,-1,0.5,62.25,57.25886388632716
PREFADE-S,NAS100_2026,2026-05-11 12:48:00+00:00,1,11.380000000004657,75.0199999999968,46.70511209905089
PREFADE-S,NAS100_2026,2026-05-12 12:07:00+00:00,1,13.369999999998981,138.65000000000146,122.41480519187098
PREFADE-S,NAS100_2026,2026-05-14 12:54:00+00:00,1,55.87999999999738,84.52000000000044,69.36397549028334
PREFADE-S,NAS100_2026,2026-05-18 11:41:00+00:00,-1,190.1800000000003,96.92000000000189,92.2353179550446
PREFADE-S,NAS100_2026,2026-05-19 12:02:00+00:00,1,44.5,151.03000000000247,135.03100540698142
PREFADE-S,NAS100_2026,2026-05-20 12:27:00+00:00,-1,53.40000000000509,132.4799999999923,125.62108667891152
PREFADE-S,NAS100_2026,2026-05-22 11:32:00+00:00,1,2.25,110.62000000000262,77.4379978510151
PREFADE-S,NAS100_2026,2026-05-26 12:34:00+00:00,-1,26.899999999997817,80.47999999999956,70.2598032588794
PREFADE-S,NAS100_2026,2026-05-27 12:19:00+00:00,-1,90.37000000000262,154.59999999999854,119.24648601366425
PREFADE-S,NAS100_2026,2026-05-29 13:30:00+00:00,-1,101.52999999999884,16.599999999998545,-93.59417013319398
PREFADE-S,NAS100_2026,2026-06-01 13:12:00+00:00,1,73.62000000000262,102.14999999999782,82.51761927187908
PREFADE-S,NAS100_2026,2026-06-03 11:57:00+00:00,-1,11.62999999999738,74.12000000000262,73.17034730931846
PREFADE-S,NAS100_2026,2026-06-04 11:35:00+00:00,1,86.17999999999665,126.65000000000146,89.15000000000146
PREFADE-S,NAS100_2026,2026-06-05 12:35:00+00:00,1,155.35000000000218,73.25,-149.0267604517394
PREFADE-S,NAS100_2026,2026-06-12 13:03:00+00:00,1,149.0,124.95000000000073,100.14242801687578
PREFADE-S,NAS100_2026,2026-06-18 12:58:00+00:00,-1,85.28000000000247,138.54999999999927,119.94710998219307
PREFADE-S,NAS100_2026,2026-06-22 13:01:00+00:00,-1,106.40000000000146,164.7300000000032,145.27579678549228
PREFADE-S,NAS100_2026,2026-06-25 12:31:00+00:00,-1,3.0,175.0,154.16995921926355
PREFADE-S,NAS100_2026,2026-06-29 11:32:00+00:00,-1,7.930000000000291,173.54999999999563,145.76965708342686
PREFADE-S,NAS100_2026,2026-07-01 12:35:00+00:00,1,180.84999999999854,19.75,-157.66793664238503
PREFADE-S,NAS100_2026,2026-07-02 12:31:00+00:00,-1,42.25,269.22000000000116,206.51142713552326
PREFADE-S,NAS100_2026,2026-07-09 11:54:00+00:00,-1,209.65000000000146,35.349999999998545,-203.9084123628345
PREFADE-S,NAS100_2026,2026-07-14 12:31:00+00:00,-1,26.43000000000029,326.6700000000019,303.5223195523213
PREFADE-S,NAS100_2026,2026-07-20 12:29:00+00:00,-1,158.90000000000146,106.34999999999854,98.54084459137084
PREFADE-S,NAS100_2026,2026-07-22 11:44:00+00:00,1,60.18000000000029,141.65000000000146,139.08870500147168
PREFADE-S,NAS100_2026,2026-07-23 11:36:00+00:00,1,194.75,47.95000000000073,-184.68031729690847
PREFADE-S,NAS100_2026,2026-08-03 11:39:00+00:00,1,149.22000000000116,27.75,-129.19968622689703
PREFADE-S,NAS100_2026,2026-08-04 13:21:00+00:00,-1,248.78000000000247,59.599999999998545,-247.96499035237866
PREFADE-S,NAS100_2026,2026-08-05 13:30:00+00:00,-1,97.15000000000146,63.099999999998545,48.38748598526945
PREFADE-S,NAS100_2026,2026-08-06 12:02:00+00:00,1,125.97999999999956,31.12000000000262,-123.53096449905934
PREFADE-S,NAS100_2026,2026-08-07 12:02:00+00:00,-1,127.75,26.679999999996653,-118.4397800806073
PREFADE-S,NAS100_2026,2026-08-10 12:35:00+00:00,1,75.22999999999956,66.65000000000146,55.90280546803842
PREFADE-S,NAS100_2026,2026-08-12 12:30:00+00:00,-1,95.70000000000073,155.0,30.92000000000189
PREFADE-S,NAS100_2026,2026-08-13 13:05:00+00:00,-1,71.90000000000146,44.72999999999956,-64.56603952843943
PREFADE-S,NAS100_2026,2026-08-14 11:35:00+00:00,-1,31.38000000000102,54.719999999997526,47.51871299733466
PREFADE-S,NAS100_2026,2026-08-19 12:37:00+00:00,-1,115.5,3.1300000000010186,-107.50680508601363
PREFADE-S,NAS100_2026,2026-08-21 12:31:00+00:00,-1,19.61999999999898,111.97999999999956,111.31020072369938
PREFADE-S,NAS100_2026,2026-09-09 12:07:00+00:00,1,27.36999999999898,142.89999999999782,140.71145655860528
PREFADE-S,NAS100_2026,2026-09-11 12:30:00+00:00,-1,113.18000000000029,176.75,-100.07999999999811
PREFADE-S,NAS100_TRAIN,2005-01-04 14:30:00+00:00,-1,1.0,2.0,1.8882539683331743
PREFADE-S,NAS100_TRAIN,2005-01-05 13:44:00+00:00,1,4.5,3.0,2.128059071762891
PREFADE-S,NAS100_TRAIN,2005-01-07 13:30:00+00:00,-1,1.0,5.899999999999864,3.2283950609739804
PREFADE-S,NAS100_TRAIN,2005-01-07 13:35:00+00:00,-1,2.0,4.0,3.4078947365596832
PREFADE-S,NAS100_TRAIN,2005-01-10 12:34:00+00:00,1,2.900000000000091,1.5,-2.867669928013129
PREFADE-S,NAS100_TRAIN,2005-01-12 12:33:00+00:00,-1,0.8999999999998636,2.5,2.5
PREFADE-S,NAS100_TRAIN,2005-01-12 13:54:00+00:00,1,2.5,2.5,1.3529185877039254
PREFADE-S,NAS100_TRAIN,2005-01-19 13:35:00+00:00,-1,1.8999999999998636,3.0,2.2945714277029765
PREFADE-S,NAS100_TRAIN,2005-01-24 12:33:00+00:00,1,1.0,3.0,2.8289637908953864
PREFADE-S,NAS100_TRAIN,2005-01-27 13:46:00+00:00,-1,0.5,3.400000000000091,3.013883297688153
PREFADE-S,NAS100_TRAIN,2005-01-28 13:31:00+00:00,1,2.0,1.0,1.0
PREFADE-S,NAS100_TRAIN,2005-01-28 13:54:00+00:00,-1,0.5,4.0,2.2600619195968648
PREFADE-S,NAS100_TRAIN,2005-01-31 13:13:00+00:00,1,0.0,3.0,2.466422472921522
PREFADE-S,NAS100_TRAIN,2005-02-01 13:17:00+00:00,-1,1.5,3.0,2.0057113161153666
PREFADE-S,NAS100_TRAIN,2005-02-02 12:35:00+00:00,-1,0.5,3.5,1.7327868839104212
PREFADE-S,NAS100_TRAIN,2005-02-02 12:59:00+00:00,-1,0.5,2.0,2.0
PREFADE-S,NAS100_TRAIN,2005-02-02 14:23:00+00:00,1,3.0,0.0,-2.094534142505154
PREFADE-S,NAS100_TRAIN,2005-02-03 13:00:00+00:00,-1,1.0,1.5,0.8176567690795764
PREFADE-S,NAS100_TRAIN,2005-02-03 13:40:00+00:00,1,2.0,0.0,-1.9535013886713841
PREFADE-S,NAS100_TRAIN,2005-02-03 14:19:00+00:00,1,3.3999999999998636,2.0,0.7034071538478202
PREFADE-S,NAS100_TRAIN,2005-02-04 13:31:00+00:00,1,0.5,4.0,3.6652078759489086
PREFADE-S,NAS100_TRAIN,2005-02-07 13:41:00+00:00,-1,0.0,1.0,1.0
PREFADE-S,NAS100_TRAIN,2005-02-09 13:00:00+00:00,-1,4.0,0.0,-4.0
PREFADE-S,NAS100_TRAIN,2005-02-10 13:46:00+00:00,-1,1.5,1.5,1.162445411697945
PREFADE-S,NAS100_TRAIN,2005-02-16 13:24:00+00:00,1,4.5,1.0,-3.6862678794511794
PREFADE-S,NAS100_TRAIN,2005-02-16 13:43:00+00:00,1,1.5,8.5,4.653050740146455
PREFADE-S,NAS100_TRAIN,2005-02-17 13:13:00+00:00,-1,2.0,0.5,-1.7855724483677022
PREFADE-S,NAS100_TRAIN,2005-02-17 14:18:00+00:00,-1,0.5,2.0,1.6419753086420315
PREFADE-S,NAS100_TRAIN,2005-02-18 13:31:00+00:00,1,4.5,0.0,-3.200697159574702
PREFADE-S,NAS100_TRAIN,2005-02-23 13:11:00+00:00,-1,6.0,1.0,-2.9001110451704335
PREFADE-S,NAS100_TRAIN,2005-02-24 13:05:00+00:00,1,1.5,2.5,1.7873873932942388
PREFADE-S,NAS100_TRAIN,2005-02-25 13:30:00+00:00,-1,0.5,3.0,2.453377627930422
PREFADE-S,NAS100_TRAIN,2005-02-28 13:31:00+00:00,1,3.5,0.0,-3.208076329439564
PREFADE-S,NAS100_TRAIN,2005-02-28 14:01:00+00:00,1,3.0,4.0,3.796852088714786
PREFADE-S,NAS100_TRAIN,2005-03-01 13:35:00+00:00,-1,6.5,1.0,-5.800315841725251
PREFADE-S,NAS100_TRAIN,2005-03-02 13:56:00+00:00,1,2.5,0.0,-2.3197084065059244
PREFADE-S,NAS100_TRAIN,2005-03-02 14:21:00+00:00,1,2.0,2.5,2.1970797625360774
PREFADE-S,NAS100_TRAIN,2005-03-04 13:30:00+00:00,-1,5.5,0.5,-4.113691682248827
PREFADE-S,NAS100_TRAIN,2005-03-04 13:35:00+00:00,-1,4.5,4.0,3.0535353487910015
PREFADE-S,NAS100_TRAIN,2005-03-07 13:52:00+00:00,1,1.0,2.5,2.4420497946355226
PREFADE-S,NAS100_TRAIN,2005-03-08 13:19:00+00:00,-1,0.5,3.5,2.0598555209098777
PREFADE-S,NAS100_TRAIN,2005-03-09 13:08:00+00:00,1,4.5,2.0,1.821461830758608
PREFADE-S,NAS100_TRAIN,2005-03-10 12:47:00+00:00,1,0.5,2.5,2.2528556544089042
PREFADE-S,NAS100_TRAIN,2005-03-10 13:39:00+00:00,-1,3.0,2.400000000000091,1.4128063756973006
PREFADE-S,NAS100_TRAIN,2005-03-11 13:56:00+00:00,1,0.5,3.0,2.713126848809452
PREFADE-S,NAS100_TRAIN,2005-03-15 13:06:00+00:00,-1,4.5,0.0,-3.7159049955585033
PREFADE-S,NAS100_TRAIN,2005-03-16 13:50:00+00:00,1,7.5,0.0,-6.39274527193993
PREFADE-S,NAS100_TRAIN,2005-03-18 12:54:00+00:00,-1,1.5,1.0,1.0
PREFADE-S,NAS100_TRAIN,2005-03-21 13:22:00+00:00,-1,0.5,1.5,1.5
PREFADE-S,NAS100_TRAIN,2005-03-21 14:23:00+00:00,-1,1.0,2.0,1.5059829120623363
PREFADE-S,NAS100_TRAIN,2005-03-22 13:03:00+00:00,-1,3.0,0.5,-2.1431084256053055
PREFADE-S,NAS100_TRAIN,2005-03-22 13:49:00+00:00,-1,5.400000000000091,1.0,-4.873641366998527
PREFADE-S,NAS100_TRAIN,2005-03-23 13:31:00+00:00,1,4.0,3.5,3.377737451140547
PREFADE-S,NAS100_TRAIN,2005-03-28 12:44:00+00:00,-1,1.400000000000091,1.5,1.5
PREFADE-S,NAS100_TRAIN,2005-03-31 12:41:00+00:00,-1,2.0,0.0,-1.960964557502166
PREFADE-S,NAS100_TRAIN,2005-03-31 13:31:00+00:00,-1,2.400000000000091,2.0,2.0
PREFADE-S,NAS100_TRAIN,2005-04-01 13:31:00+00:00,-1,6.0,0.5,-5.403651564203074
PREFADE-S,NAS100_TRAIN,2005-04-01 13:51:00+00:00,-1,3.0,4.399999999999864,4.399999999999864
PREFADE-S,NAS100_TRAIN,2005-04-04 11:35:00+00:00,1,1.400000000000091,2.5,2.5
PREFADE-S,NAS100_TRAIN,2005-04-05 12:30:00+00:00,-1,0.5,2.5,2.5
PREFADE-S,NAS100_TRAIN,2005-04-06 12:28:00+00:00,-1,3.0,3.5,1.8555372784207975
PREFADE-S,NAS100_TRAIN,2005-04-07 11:36:00+00:00,1,4.5,0.5,-3.410436815750927
PREFADE-S,NAS100_TRAIN,2005-04-08 11:39:00+00:00,-1,1.0,1.0,1.0
PREFADE-S,NAS100_TRAIN,2005-04-08 12:35:00+00:00,-1,0.5,1.5,1.5
PREFADE-S,NAS100_TRAIN,2005-04-12 11:31:00+00:00,1,0.0,1.5,1.5
PREFADE-S,NAS100_TRAIN,2005-04-12 12:35:00+00:00,1,1.0,2.400000000000091,1.2641914047226237
PREFADE-S,NAS100_TRAIN,2005-04-12 12:54:00+00:00,1,0.5,1.400000000000091,1.144444432600494
PREFADE-S,NAS100_TRAIN,2005-04-13 12:31:00+00:00,1,1.5,0.5,0.5
PREFADE-S,NAS100_TRAIN,2005-04-13 13:29:00+00:00,1,2.5,0.0,-2.063319045699245
PREFADE-S,NAS100_TRAIN,2005-04-15 11:34:00+00:00,1,0.5,3.0,3.0
PREFADE-S,NAS100_TRAIN,2005-04-15 12:40:00+00:00,-1,0.5,3.5,3.395004956906405
PREFADE-S,NAS100_TRAIN,2005-04-18 12:01:00+00:00,-1,8.900000000000091,3.0,-8.535605062368404
PREFADE-S,NAS100_TRAIN,2005-04-19 11:31:00+00:00,-1,1.5,3.0,2.348909653198689
PREFADE-S,NAS100_TRAIN,2005-04-19 13:21:00+00:00,-1,1.0,2.0,1.9663547218801796
PREFADE-S,NAS100_TRAIN,2005-04-20 12:31:00+00:00,1,2.5,3.0,2.573068897186431
PREFADE-S,NAS100_TRAIN,2005-04-25 12:22:00+00:00,-1,3.0,1.0,-2.925687127270976
PREFADE-S,NAS100_TRAIN,2005-04-27 12:37:00+00:00,1,7.400000000000091,2.5,-6.573961165517858
PREFADE-S,NAS100_TRAIN,2005-04-28 12:31:00+00:00,1,2.5,3.0,2.4977528171784797
PREFADE-S,NAS100_TRAIN,2005-05-05 12:31:00+00:00,-1,1.5,2.0,2.0
PREFADE-S,NAS100_TRAIN,2005-05-06 11:36:00+00:00,-1,0.5,2.0,2.0
PREFADE-S,NAS100_TRAIN,2005-05-06 12:13:00+00:00,-1,8.5,1.5,-1.8098958650473378
PREFADE-S,NAS100_TRAIN,2005-05-06 12:51:00+00:00,-1,2.0,5.0,4.150317882549643
PREFADE-S,NAS100_TRAIN,2005-05-10 12:06:00+00:00,1,4.0,0.5,-0.10165719454244027
PREFADE-S,NAS100_TRAIN,2005-05-12 11:31:00+00:00,1,0.5,6.0,2.602060594992281
PREFADE-S,NAS100_TRAIN,2005-05-12 12:42:00+00:00,-1,0.0,3.0,2.930741549876984
PREFADE-S,NAS100_TRAIN,2005-05-13 11:31:00+00:00,-1,1.5,1.3999999999998636,1.3999999999998636
PREFADE-S,NAS100_TRAIN,2005-05-16 11:41:00+00:00,-1,2.5,3.0,0.7960526218539599
PREFADE-S,NAS100_TRAIN,2005-05-18 12:24:00+00:00,-1,3.5,1.5,-2.9216522258611803
PREFADE-S,NAS100_TRAIN,2005-05-18 12:36:00+00:00,-1,2.0,2.5,2.0242564138998205
PREFADE-S,NAS100_TRAIN,2005-05-19 12:36:00+00:00,-1,2.0,1.0,0.8368474165358748
PREFADE-S,NAS100_TRAIN,2005-05-20 13:26:00+00:00,-1,0.5,3.0,1.422173929214523
PREFADE-S,NAS100_TRAIN,2005-05-23 12:01:00+00:00,-1,1.5,2.5,2.1264775176421153
PREFADE-S,NAS100_TRAIN,2005-05-24 11:40:00+00:00,1,0.0,3.0,2.5720858908869104
PREFADE-S,NAS100_TRAIN,2005-05-26 12:30:00+00:00,-1,0.5,5.0,4.00513428856425
PREFADE-S,NAS100_TRAIN,2005-05-27 11:51:00+00:00,-1,2.0,1.0,0.5112612623352106
PREFADE-S,NAS100_TRAIN,2005-06-01 13:29:00+00:00,1,0.0,2.5,2.0022222224870347
PREFADE-S,NAS100_TRAIN,2005-06-02 12:31:00+00:00,1,0.0,1.0,1.0
PREFADE-S,NAS100_TRAIN,2005-06-02 12:58:00+00:00,1,2.0,1.0,0.5331465995614053
PREFADE-S,NAS100_TRAIN,2005-06-03 12:06:00+00:00,1,0.0,1.5,1.5
PREFADE-S,NAS100_TRAIN,2005-06-03 12:31:00+00:00,1,0.5,7.0,1.3353825375681936
PREFADE-S,NAS100_TRAIN,2005-06-06 12:17:00+00:00,1,2.5,0.0,-2.5
PREFADE-S,NAS100_TRAIN,2005-06-09 12:10:00+00:00,-1,0.0,3.0,3.0
PREFADE-S,NAS100_TRAIN,2005-06-13 12:11:00+00:00,1,1.5,3.5,1.8472677946090243
PREFADE-S,NAS100_TRAIN,2005-06-14 12:05:00+00:00,-1,11.0,0.5,-1.9808901052251713
PREFADE-S,NAS100_TRAIN,2005-06-15 12:31:00+00:00,-1,4.0,0.5,-4.0
PREFADE-S,NAS100_TRAIN,2005-06-17 13:26:00+00:00,-1,4.0,4.0,3.88098765390896
PREFADE-S,NAS100_TRAIN,2005-06-21 11:53:00+00:00,1,0.0,1.5,1.5
PREFADE-S,NAS100_TRAIN,2005-06-21 13:16:00+00:00,-1,0.0,2.0,1.368270940703951
PREFADE-S,NAS100_TRAIN,2005-06-23 12:20:00+00:00,1,1.0,1.0,0.9414965814473817
PREFADE-S,NAS100_TRAIN,2005-06-29 12:14:00+00:00,-1,2.5,2.0,1.9438514896446577
PREFADE-S,NAS100_TRAIN,2005-06-30 12:42:00+00:00,-1,3.0,0.5,-2.7855324090521663
PREFADE-S,NAS100_TRAIN,2005-07-05 12:31:00+00:00,1,0.0,3.900000000000091,3.808939976345073
PREFADE-S,NAS100_TRAIN,2005-07-06 12:38:00+00:00,1,3.0,0.0,-2.0291442835809903
PREFADE-S,NAS100_TRAIN,2005-07-08 12:26:00+00:00,-1,0.5,3.5,3.1377551074538133
PREFADE-S,NAS100_TRAIN,2005-07-13 11:40:00+00:00,-1,2.5,0.5,-1.9342999458640406
PREFADE-S,NAS100_TRAIN,2005-07-13 12:19:00+00:00,-1,1.0,1.8999999999998636,1.331506836468634
PREFADE-S,NAS100_TRAIN,2005-07-14 12:32:00+00:00,-1,6.0,3.0,1.6897467203293672
PREFADE-S,NAS100_TRAIN,2005-07-15 12:31:00+00:00,-1,0.0,2.5,2.5
PREFADE-S,NAS100_TRAIN,2005-07-15 13:27:00+00:00,-1,1.0,2.5,2.5
PREFADE-S,NAS100_TRAIN,2005-07-19 11:57:00+00:00,-1,0.5,2.0,2.0
PREFADE-S,NAS100_TRAIN,2005-07-21 12:41:00+00:00,1,0.0,6.5,6.5
PREFADE-S,NAS100_TRAIN,2005-07-22 12:18:00+00:00,-1,5.0,1.0,-4.0
PREFADE-S,NAS100_TRAIN,2005-07-22 13:18:00+00:00,-1,5.0,1.5,1.2797634686182846
PREFADE-S,NAS100_TRAIN,2005-07-27 12:51:00+00:00,-1,0.5,2.5,2.052777756524847
PREFADE-S,NAS100_TRAIN,2005-07-28 12:06:00+00:00,-1,2.5,0.40000000000009095,-2.5
PREFADE-S,NAS100_TRAIN,2005-07-28 12:35:00+00:00,-1,0.0,3.400000000000091,3.1651264908291523
PREFADE-S,NAS100_TRAIN,2005-07-29 12:32:00+00:00,1,0.5,1.5,1.4264475436277735
PREFADE-S,NAS100_TRAIN,2005-07-29 13:02:00+00:00,1,2.3999999999998636,0.10000000000013642,-2.03037465186344
PREFADE-S,NAS100_TRAIN,2005-08-02 11:41:00+00:00,-1,1.0,1.0,0.9821596451208734
PREFADE-S,NAS100_TRAIN,2005-08-02 12:50:00+00:00,-1,0.5,2.5,1.2019607989498127
PREFADE-S,NAS100_TRAIN,2005-08-03 12:55:00+00:00,1,1.0,1.5,1.246802323432803
PREFADE-S,NAS100_TRAIN,2005-08-05 12:31:00+00:00,-1,1.0,0.0,-0.0
PREFADE-S,NAS100_TRAIN,2005-08-05 12:33:00+00:00,1,0.0,1.5,1.063568781476988
PREFADE-S,NAS100_TRAIN,2005-08-05 12:37:00+00:00,1,4.0,1.0,-2.7087694998556344
PREFADE-S,NAS100_TRAIN,2005-08-05 12:53:00+00:00,1,1.0,4.5,3.876947639363152
PREFADE-S,NAS100_TRAIN,2005-08-09 12:32:00+00:00,-1,4.0,1.5,-3.878733890486501
PREFADE-S,NAS100_TRAIN,2005-08-11 12:23:00+00:00,1,3.0,1.5,1.2242641249249573
PREFADE-S,NAS100_TRAIN,2005-08-12 12:24:00+00:00,1,3.0,0.5,-2.637429288432486
PREFADE-S,NAS100_TRAIN,2005-08-15 12:33:00+00:00,1,0.0,3.0,2.8940397411784033
PREFADE-S,NAS100_TRAIN,2005-08-16 12:44:00+00:00,1,4.0,0.0,-3.36161732343885
PREFADE-S,NAS100_TRAIN,2005-08-17 12:31:00+00:00,1,2.0,3.0,2.5950276063290403
PREFADE-S,NAS100_TRAIN,2005-08-25 12:47:00+00:00,-1,0.5,2.5,2.0
PREFADE-S,NAS100_TRAIN,2005-08-26 11:33:00+00:00,-1,0.0,2.0,2.0
PREFADE-S,NAS100_TRAIN,2005-08-26 12:41:00+00:00,1,3.0,0.0,-2.636284984566146
PREFADE-S,NAS100_TRAIN,2005-08-30 11:43:00+00:00,1,3.5,2.0,-3.397441850391033
PREFADE-S,NAS100_TRAIN,2005-09-01 12:16:00+00:00,-1,0.5,2.0,1.5
PREFADE-S,NAS100_TRAIN,2005-09-02 12:58:00+00:00,-1,0.5,3.0,2.977099252475
PREFADE-S,NAS100_TRAIN,2005-09-07 11:39:00+00:00,1,2.5,0.5,-2.072250848697422
PREFADE-S,NAS100_TRAIN,2005-09-08 11:42:00+00:00,1,2.0,1.5,1.0362214243371
PREFADE-S,NAS100_TRAIN,2005-09-15 12:31:00+00:00,1,0.5,1.0,0.2728937589204179
PREFADE-S,NAS100_TRAIN,2005-09-15 12:48:00+00:00,-1,0.0,1.5,1.5
PREFADE-S,NAS100_TRAIN,2005-09-19 13:05:00+00:00,-1,0.5,2.0,1.5064270310153915
PREFADE-S,NAS100_TRAIN,2005-09-20 11:51:00+00:00,-1,0.5,2.400000000000091,2.400000000000091
PREFADE-S,NAS100_TRAIN,2005-09-21 11:50:00+00:00,1,2.0,2.5,2.454256842198447
PREFADE-S,NAS100_TRAIN,2005-09-22 12:03:00+00:00,1,0.5,2.5,2.17348993488622
PREFADE-S,NAS100_TRAIN,2005-09-23 11:44:00+00:00,-1,0.5,2.3999999999998636,2.128629015530123
PREFADE-S,NAS100_TRAIN,2005-09-26 13:02:00+00:00,1,0.0,1.900000000000091,1.8852564033406907
PREFADE-S,NAS100_TRAIN,2005-09-29 12:04:00+00:00,1,5.400000000000091,2.5,-3.8803822731561013
PREFADE-S,NAS100_TRAIN,2005-10-03 11:38:00+00:00,-1,0.0,2.0,1.5521052285243968
PREFADE-S,NAS100_TRAIN,2005-10-05 13:07:00+00:00,-1,0.5,1.5,1.5
PREFADE-S,NAS100_TRAIN,2005-10-07 12:21:00+00:00,1,1.0,1.0,1.0
PREFADE-S,NAS100_TRAIN,2005-10-07 12:31:00+00:00,-1,0.0,1.5,-0.0
PREFADE-S,NAS100_TRAIN,2005-10-07 12:33:00+00:00,1,0.5,3.0,2.7409972302471033
PREFADE-S,NAS100_TRAIN,2005-10-07 12:47:00+00:00,-1,3.5,2.0,-3.107284907588337
PREFADE-S,NAS100_TRAIN,2005-10-10 12:35:00+00:00,-1,0.5,2.5,2.5
PREFADE-S,NAS100_TRAIN,2005-10-10 13:24:00+00:00,1,1.0,3.0,3.0
PREFADE-S,NAS100_TRAIN,2005-10-12 13:25:00+00:00,-1,3.5,2.0,-3.325240902301175
PREFADE-S,NAS100_TRAIN,2005-10-13 12:33:00+00:00,1,2.0,3.5,3.0678076598346706
PREFADE-S,NAS100_TRAIN,2005-10-14 11:42:00+00:00,-1,2.900000000000091,0.5,-2.7594757122265037
PREFADE-S,NAS100_TRAIN,2005-10-14 12:31:00+00:00,-1,3.5,1.900000000000091,1.4753067471499435
PREFADE-S,NAS100_TRAIN,2005-10-18 12:31:00+00:00,1,2.5,2.5,2.5
PREFADE-S,NAS100_TRAIN,2005-10-24 11:32:00+00:00,-1,1.0,2.0,1.8324431294856822
PREFADE-S,NAS100_TRAIN,2005-10-26 12:02:00+00:00,1,4.0,0.5,-3.547758939676214
PREFADE-S,NAS100_TRAIN,2005-10-28 12:22:00+00:00,-1,3.5,2.5,2.0221609752259155
PREFADE-S,NAS100_TRAIN,2005-10-31 12:36:00+00:00,-1,1.0,3.8999999999998636,2.5
PREFADE-S,NAS100_TRAIN,2005-11-01 12:38:00+00:00,-1,0.0,1.5,1.5
PREFADE-S,NAS100_TRAIN,2005-11-01 13:19:00+00:00,-1,1.5,1.0,1.0
PREFADE-S,NAS100_TRAIN,2005-11-02 12:55:00+00:00,1,4.399999999999864,0.0,-4.295369303369625
PREFADE-S,NAS100_TRAIN,2005-11-02 14:16:00+00:00,1,0.8999999999998636,4.5,4.023737363622786
PREFADE-S,NAS100_TRAIN,2005-11-03 13:31:00+00:00,-1,3.8999999999998636,0.0,-3.0234245775081945
PREFADE-S,NAS100_TRAIN,2005-11-03 13:49:00+00:00,-1,7.5,1.5,-0.566069908946929
PREFADE-S,NAS100_TRAIN,2005-11-04 13:27:00+00:00,-1,1.0,1.900000000000091,1.0936197374016956
PREFADE-S,NAS100_TRAIN,2005-11-04 13:38:00+00:00,-1,0.5,1.900000000000091,1.001234523602534
PREFADE-S,NAS100_TRAIN,2005-11-04 14:09:00+00:00,-1,1.0,1.900000000000091,1.7809759717426914
PREFADE-S,NAS100_TRAIN,2005-11-07 13:35:00+00:00,-1,3.5,1.5,1.3748622703158162
PREFADE-S,NAS100_TRAIN,2005-11-08 14:04:00+00:00,1,0.0,3.0,2.7773946715497004
PREFADE-S,NAS100_TRAIN,2005-11-09 13:00:00+00:00,1,0.0,1.0,1.0
PREFADE-S,NAS100_TRAIN,2005-11-09 13:23:00+00:00,1,2.5,0.5,-2.2608197964361807
PREFADE-S,NAS100_TRAIN,2005-11-10 12:35:00+00:00,-1,0.0,1.0,0.8489096200355561
PREFADE-S,NAS100_TRAIN,2005-11-10 13:03:00+00:00,1,1.5,0.0,-1.5
PREFADE-S,NAS100_TRAIN,2005-11-10 13:37:00+00:00,1,0.5,2.5,1.1252159153241337
PREFADE-S,NAS100_TRAIN,2005-11-10 14:03:00+00:00,-1,1.0,4.0,3.7339285526957156
PREFADE-S,NAS100_TRAIN,2005-11-11 13:24:00+00:00,-1,0.5,2.0,1.823993147675992
PREFADE-S,NAS100_TRAIN,2005-11-14 13:48:00+00:00,-1,0.5,2.5,1.857863841929884
PREFADE-S,NAS100_TRAIN,2005-11-15 13:32:00+00:00,-1,1.5,1.5,1.5
PREFADE-S,NAS100_TRAIN,2005-11-18 12:45:00+00:00,-1,3.5,0.5,-2.184324544808078
PREFADE-S,NAS100_TRAIN,2005-11-22 12:32:00+00:00,1,0.40000000000009095,2.099999999999909,2.099999999999909
PREFADE-S,NAS100_TRAIN,2005-11-23 12:59:00+00:00,-1,0.5,2.0,2.0
PREFADE-S,NAS100_TRAIN,2005-11-23 14:22:00+00:00,1,0.5,2.5,1.1625265335580934
PREFADE-S,NAS100_TRAIN,2005-11-24 13:14:00+00:00,1,2.0,0.5,-2.0
PREFADE-S,NAS100_TRAIN,2005-11-25 14:13:00+00:00,-1,2.8999999999998636,0.5,-2.676983452518698
PREFADE-S,NAS100_TRAIN,2005-11-29 12:45:00+00:00,-1,3.0,0.0,-2.0643211818705822
PREFADE-S,NAS100_TRAIN,2005-11-29 13:33:00+00:00,-1,1.0,2.5,1.7987179393951465
PREFADE-S,NAS100_TRAIN,2005-12-02 12:36:00+00:00,-1,0.0,1.5,1.447286880016236
PREFADE-S,NAS100_TRAIN,2005-12-02 13:31:00+00:00,-1,2.0,0.5,0.5
PREFADE-S,NAS100_TRAIN,2005-12-02 14:18:00+00:00,1,1.5,3.0,1.8428250794988799
PREFADE-S,NAS100_TRAIN,2005-12-05 13:59:00+00:00,1,4.0,0.0,-3.3977043484444494
PREFADE-S,NAS100_TRAIN,2005-12-06 13:32:00+00:00,-1,4.0,0.0,-3.24118946364797
PREFADE-S,NAS100_TRAIN,2005-12-07 13:01:00+00:00,1,1.0,1.5,1.2155555287997686
PREFADE-S,NAS100_TRAIN,2005-12-08 13:55:00+00:00,-1,3.5,2.0,1.9291128083409603
PREFADE-S,NAS100_TRAIN,2005-12-13 12:32:00+00:00,-1,1.0,1.0,0.5
PREFADE-S,NAS100_TRAIN,2005-12-13 13:31:00+00:00,1,1.0,1.0,1.0
PREFADE-S,NAS100_TRAIN,2005-12-13 13:56:00+00:00,1,2.5,1.0,-2.0486953506981536
PREFADE-S,NAS100_TRAIN,2005-12-15 14:18:00+00:00,-1,2.5,2.0,2.0
PREFADE-S,NAS100_TRAIN,2005-12-16 14:27:00+00:00,1,0.0,6.0,4.972378708163433
PREFADE-S,NAS100_TRAIN,2005-12-20 13:31:00+00:00,-1,0.0,3.5,3.4790509858064524
PREFADE-S,NAS100_TRAIN,2005-12-22 13:51:00+00:00,-1,2.5,1.0,-2.2554518223896594
PREFADE-S,NAS100_TRAIN,2005-12-23 13:00:00+00:00,1,0.5,1.5,1.307925451051915
PREFADE-S,NAS100_TRAIN,2005-12-23 14:04:00+00:00,-1,2.5,0.5,-2.0
PREFADE-S,NAS100_TRAIN,2005-12-29 13:39:00+00:00,-1,1.0,1.0,0.9797297674256242
PREFADE-S,NAS100_TRAIN,2006-01-04 13:15:00+00:00,-1,4.0,0.5,-3.248131466132918
PREFADE-S,NAS100_TRAIN,2006-01-04 14:00:00+00:00,-1,7.0,2.0,-5.5
PREFADE-S,NAS100_TRAIN,2006-01-05 12:31:00+00:00,-1,0.0,2.8999999999998636,2.8999999999998636
PREFADE-S,NAS100_TRAIN,2006-01-06 12:59:00+00:00,-1,1.0,4.900000000000091,2.1423280235321727
PREFADE-S,NAS100_TRAIN,2006-01-06 13:32:00+00:00,-1,4.0,3.5,2.1575156137726026
PREFADE-S,NAS100_TRAIN,2006-01-09 14:25:00+00:00,-1,0.0,2.5,1.6657992992259096
PREFADE-S,NAS100_TRAIN,2006-01-11 13:57:00+00:00,-1,1.0,3.5,2.198532485962005
PREFADE-S,NAS100_TRAIN,2006-01-12 13:14:00+00:00,1,1.0,1.5,1.4995049710321382
PREFADE-S,NAS100_TRAIN,2006-01-19 13:18:00+00:00,-1,3.0,1.5,1.4268801417065333
PREFADE-S,NAS100_TRAIN,2006-01-20 14:26:00+00:00,-1,2.0,2.3999999999998636,2.0345058783811965
PREFADE-S,NAS100_TRAIN,2006-01-23 14:27:00+00:00,-1,0.5,5.5,5.281710877812429
PREFADE-S,NAS100_TRAIN,2006-01-25 13:07:00+00:00,-1,3.5,2.5,2.0530598827638187
PREFADE-S,NAS100_TRAIN,2006-01-27 13:38:00+00:00,1,0.0,4.5,4.294712360135236
PREFADE-S,NAS100_TRAIN,2006-01-30 13:36:00+00:00,1,0.0,2.0,1.5
PREFADE-S,NAS100_TRAIN,2006-01-30 13:56:00+00:00,1,1.0,3.0,1.6153692899349608
PREFADE-S,NAS100_TRAIN,2006-01-31 13:30:00+00:00,1,1.5,1.5,1.2485171655741851
PREFADE-S,NAS100_TRAIN,2006-02-01 12:42:00+00:00,-1,4.0,1.0,-3.633361477784547
PREFADE-S,NAS100_TRAIN,2006-02-03 13:02:00+00:00,-1,3.0,4.5,2.944164050039035
PREFADE-S,NAS100_TRAIN,2006-02-03 13:38:00+00:00,1,7.399999999999864,4.5,-6.772675560455127
PREFADE-S,NAS100_TRAIN,2006-02-03 14:18:00+00:00,1,7.0,4.0,2.6688522525741973
PREFADE-S,NAS100_TRAIN,2006-02-09 12:47:00+00:00,-1,3.5,0.5,0.45011182983466824
PREFADE-S,NAS100_TRAIN,2006-02-10 13:40:00+00:00,1,0.5,3.5,3.316905400677797
PREFADE-S,NAS100_TRAIN,2006-02-15 14:30:00+00:00,1,2.5,0.0,-2.4690884482363344
PREFADE-S,NAS100_TRAIN,2006-02-16 12:42:00+00:00,-1,2.0,2.0,1.5
PREFADE-S,NAS100_TRAIN,2006-02-17 13:31:00+00:00,-1,0.40000000000009095,1.0,-0.0
PREFADE-S,NAS100_TRAIN,2006-02-17 14:21:00+00:00,1,3.0,0.5,-2.6196171524986767
PREFADE-S,NAS100_TRAIN,2006-02-22 13:33:00+00:00,-1,1.0,2.0,1.851162806539378
PREFADE-S,NAS100_TRAIN,2006-02-24 13:14:00+00:00,1,2.0,3.0,1.5
PREFADE-S,NAS100_TRAIN,2006-02-24 13:29:00+00:00,1,1.0,2.5,2.2782359893378725
PREFADE-S,NAS100_TRAIN,2006-02-27 13:04:00+00:00,1,0.5,1.5,1.3242152795662605
PREFADE-S,NAS100_TRAIN,2006-03-02 12:33:00+00:00,1,3.5,2.0,-2.8033070532669626
PREFADE-S,NAS100_TRAIN,2006-03-03 13:50:00+00:00,1,13.0,0.5,-4.015017861545402
PREFADE-S,NAS100_TRAIN,2006-03-07 13:34:00+00:00,1,2.0,1.5,1.1628352761267706
PREFADE-S,NAS100_TRAIN,2006-03-10 13:31:00+00:00,-1,0.5,1.0,-0.0
PREFADE-S,NAS100_TRAIN,2006-03-10 13:33:00+00:00,1,0.0,1.0,0.0
PREFADE-S,NAS100_TRAIN,2006-03-10 13:35:00+00:00,-1,1.0,4.0,3.6859648748447853
PREFADE-S,NAS100_TRAIN,2006-03-10 14:03:00+00:00,-1,1.5,4.0,2.6104492860154096
PREFADE-S,NAS100_TRAIN,2006-03-13 14:16:00+00:00,-1,5.5,1.0,-5.109490807846669
PREFADE-S,NAS100_TRAIN,2006-03-15 13:24:00+00:00,-1,3.0,0.5,-2.323942731547959
PREFADE-S,NAS100_TRAIN,2006-03-16 13:09:00+00:00,-1,3.0,1.0,-2.5
PREFADE-S,NAS100_TRAIN,2006-03-17 13:44:00+00:00,1,1.0,3.3999999999998636,2.642577005968633
PREFADE-S,NAS100_TRAIN,2006-03-21 14:22:00+00:00,-1,2.3999999999998636,3.5,1.78604650016905
PREFADE-S,NAS100_TRAIN,2006-03-24 12:41:00+00:00,-1,1.5,1.400000000000091,1.2777777799853993
PREFADE-S,NAS100_TRAIN,2006-03-27 12:47:00+00:00,-1,0.5,3.0,3.0
PREFADE-S,NAS100_TRAIN,2006-03-27 14:21:00+00:00,1,1.8999999999998636,3.0,2.77237383414149
PREFADE-S,NAS100_TRAIN,2006-03-30 12:40:00+00:00,-1,4.0,1.5,-3.333686878733488
PREFADE-S,NAS100_TRAIN,2006-03-31 13:35:00+00:00,-1,3.8999999999998636,2.0,-3.42359290150398
PREFADE-S,NAS100_TRAIN,2006-04-04 11:53:00+00:00,-1,1.2000000000000455,0.0,-0.9040099665560319
PREFADE-S,NAS100_TRAIN,2006-04-05 13:00:00+00:00,-1,2.7999999999999545,0.20000000000004547,-2.1526099485436134
PREFADE-S,NAS100_TRAIN,2006-04-05 13:23:00+00:00,-1,5.900000000000091,2.0,-4.2072472709876365
PREFADE-S,NAS100_TRAIN,2006-04-06 12:40:00+00:00,1,0.20000000000004547,0.5,0.4723057705655265
PREFADE-S,NAS100_TRAIN,2006-04-06 12:48:00+00:00,-1,0.20000000000004547,0.7999999999999545,0.7999999999999545
PREFADE-S,NAS100_TRAIN,2006-04-06 13:02:00+00:00,-1,0.2999999999999545,1.2000000000000455,0.8711500908200378
PREFADE-S,NAS100_TRAIN,2006-04-07 12:18:00+00:00,-1,2.400000000000091,1.0,-1.8874178849739565
PREFADE-S,NAS100_TRAIN,2006-04-11 12:29:00+00:00,-1,1.5,2.7999999999999545,2.154904759611327
PREFADE-S,NAS100_TRAIN,2006-04-12 12:31:00+00:00,-1,0.5,2.5,2.5
PREFADE-S,NAS100_TRAIN,2006-04-13 12:35:00+00:00,-1,0.2999999999999545,1.0,0.9726666634423964
PREFADE-S,NAS100_TRAIN,2006-04-13 13:02:00+00:00,1,1.7999999999999545,1.7000000000000455,1.3393939406184927
PREFADE-S,NAS100_TRAIN,2006-04-17 11:42:00+00:00,1,0.5,2.5,2.26916996179375
PREFADE-S,NAS100_TRAIN,2006-04-18 12:33:00+00:00,-1,4.7999999999999545,1.7000000000000455,-4.639936469266104
PREFADE-S,NAS100_TRAIN,2006-04-19 11:44:00+00:00,-1,2.5,1.7000000000000455,1.2176172375225178
PREFADE-S,NAS100_TRAIN,2006-04-19 13:15:00+00:00,1,2.2000000000000455,2.7999999999999545,2.7050345097331956
PREFADE-S,NAS100_TRAIN,2006-04-20 11:38:00+00:00,-1,0.20000000000004547,2.2999999999999545,2.274734036212294
PREFADE-S,NAS100_TRAIN,2006-04-21 12:15:00+00:00,-1,0.7000000000000455,1.5,1.0304394289612446
PREFADE-S,NAS100_TRAIN,2006-04-21 13:17:00+00:00,1,1.2999999999999545,2.2000000000000455,1.900000000000091
PREFADE-S,NAS100_TRAIN,2006-04-21 13:29:00+00:00,-1,0.7000000000000455,3.0,2.6410987785236557
PREFADE-S,NAS100_TRAIN,2006-04-24 12:14:00+00:00,-1,0.20000000000004547,2.5,2.422406626440079
PREFADE-S,NAS100_TRAIN,2006-04-25 12:11:00+00:00,-1,0.0,4.2000000000000455,2.7000000000000455
PREFADE-S,NAS100_TRAIN,2006-04-26 12:26:00+00:00,-1,0.7999999999999545,2.5,0.9991836723017968
PREFADE-S,NAS100_TRAIN,2006-04-26 13:24:00+00:00,1,0.20000000000004547,2.7999999999999545,1.6373517807292046
PREFADE-S,NAS100_TRAIN,2006-04-28 12:11:00+00:00,1,1.2000000000000455,1.5,1.3917829530184918
PREFADE-S,NAS100_TRAIN,2006-04-28 12:50:00+00:00,-1,0.7999999999999545,1.7000000000000455,1.588612832267927
PREFADE-S,NAS100_TRAIN,2006-05-01 12:26:00+00:00,1,1.7000000000000455,0.2999999999999545,-1.652146753606985
PREFADE-S,NAS100_TRAIN,2006-05-02 13:26:00+00:00,-1,1.7000000000000455,3.7000000000000455,2.6173194961065747
PREFADE-S,NAS100_TRAIN,2006-05-03 11:46:00+00:00,-1,1.699999999999818,1.7000000000000455,1.5612565446690496
PREFADE-S,NAS100_TRAIN,2006-05-05 12:31:00+00:00,-1,5.7000000000000455,1.0,-5.297808696149332
PREFADE-S,NAS100_TRAIN,2006-05-08 12:42:00+00:00,1,0.20000000000004547,2.0,1.2769633516591057
PREFADE-S,NAS100_TRAIN,2006-05-10 13:29:00+00:00,1,2.7000000000000455,1.2999999999999545,0.9420482596053716
PREFADE-S,NAS100_TRAIN,2006-05-16 12:01:00+00:00,-1,4.2999999999999545,2.2000000000000455,-3.5991208844261564
PREFADE-S,NAS100_TRAIN,2006-05-17 12:31:00+00:00,1,6.0,1.2000000000000455,-4.990380854763998
PREFADE-S,NAS100_TRAIN,2006-05-23 11:33:00+00:00,-1,4.800000000000182,0.0,-4.800000000000182
PREFADE-S,NAS100_TRAIN,2006-05-25 11:43:00+00:00,-1,5.5,0.20000000000004547,-5.3989671067597556
PREFADE-S,NAS100_TRAIN,2006-05-25 12:39:00+00:00,-1,3.2999999999999545,4.2000000000000455,3.30897807809788
PREFADE-S,NAS100_TRAIN,2006-05-26 12:31:00+00:00,-1,2.0,6.7000000000000455,4.203874538833361
PREFADE-S,NAS100_TRAIN,2006-05-26 13:14:00+00:00,-1,0.0,4.5,3.8654019865348346
PREFADE-S,NAS100_TRAIN,2006-06-01 12:34:00+00:00,-1,7.5,5.0,-7.458148320342161
PREFADE-S,NAS100_TRAIN,2006-06-02 11:36:00+00:00,-1,10.799999999999955,0.0,-5.262164650589511
PREFADE-S,NAS100_TRAIN,2006-06-06 11:46:00+00:00,1,1.0,2.5,2.5
PREFADE-S,NAS100_TRAIN,2006-06-06 13:12:00+00:00,1,1.5,2.7999999999999545,1.9206451385252876
PREFADE-S,NAS100_TRAIN,2006-06-13 11:44:00+00:00,1,0.7999999999999545,4.2000000000000455,3.8676596053103367
PREFADE-S,NAS100_TRAIN,2006-06-13 13:30:00+00:00,-1,0.0,5.2000000000000455,5.1099326364922035
PREFADE-S,NAS100_TRAIN,2006-06-14 12:33:00+00:00,1,0.7000000000000455,10.5,9.136320728176088
PREFADE-S,NAS100_TRAIN,2006-06-16 12:46:00+00:00,1,4.7000000000000455,3.2999999999999545,1.8276701105965003
PREFADE-S,NAS100_TRAIN,2006-06-19 11:57:00+00:00,-1,3.2999999999999545,1.900000000000091,1.4406962767941422
PREFADE-S,NAS100_TRAIN,2006-06-20 11:44:00+00:00,1,1.7000000000000455,2.5,2.0
PREFADE-S,NAS100_TRAIN,2006-06-20 13:26:00+00:00,-1,0.5,3.400000000000091,2.962870375315333
PREFADE-S,NAS100_TRAIN,2006-06-21 11:31:00+00:00,1,0.0,2.8999999999998636,2.7993569352618124
PREFADE-S,NAS100_TRAIN,2006-06-22 13:19:00+00:00,1,2.7000000000000455,3.199999999999818,2.9845472021597743
PREFADE-S,NAS100_TRAIN,2006-06-23 12:30:00+00:00,1,2.0,2.2000000000000455,2.0878582041727896
PREFADE-S,NAS100_TRAIN,2006-06-23 13:08:00+00:00,1,4.7000000000000455,2.0,-4.118420442294791
PREFADE-S,NAS100_TRAIN,2006-06-27 11:34:00+00:00,1,0.0,3.2000000000000455,3.0
PREFADE-S,NAS100_TRAIN,2006-06-27 13:07:00+00:00,-1,2.7999999999999545,1.900000000000091,1.0702727735788358
PREFADE-S,NAS100_TRAIN,2006-06-30 12:33:00+00:00,-1,4.2000000000000455,0.2999999999999545,-3.737135749711797
PREFADE-S,NAS100_TRAIN,2006-07-03 13:30:00+00:00,-1,1.0,3.2000000000000455,2.094341931747749
PREFADE-S,NAS100_TRAIN,2006-07-05 11:55:00+00:00,1,3.7000000000000455,0.5,-3.578710953086329
PREFADE-S,NAS100_TRAIN,2006-07-06 12:27:00+00:00,-1,1.0,2.2000000000000455,1.9396283141143158
PREFADE-S,NAS100_TRAIN,2006-07-07 12:02:00+00:00,-1,0.0,2.7999999999999545,2.7629239651193984
PREFADE-S,NAS100_TRAIN,2006-07-07 12:31:00+00:00,-1,0.5,5.7000000000000455,5.010818359238101
PREFADE-S,NAS100_TRAIN,2006-07-07 13:05:00+00:00,1,9.899999999999864,0.0,-8.55121549525029
PREFADE-S,NAS100_TRAIN,2006-07-11 12:20:00+00:00,1,1.0,3.7000000000000455,3.4363802484447206
PREFADE-S,NAS100_TRAIN,2006-07-12 12:30:00+00:00,1,2.3999999999998636,2.5,1.3033375066870576
PREFADE-S,NAS100_TRAIN,2006-07-13 11:55:00+00:00,1,9.400000000000091,1.2999999999999545,-9.02533735076986
PREFADE-S,NAS100_TRAIN,2006-07-18 11:40:00+00:00,-1,1.5,2.5,2.3964058129683963
PREFADE-S,NAS100_TRAIN,2006-07-18 13:01:00+00:00,-1,5.7000000000000455,0.5,-4.8981660227661905
PREFADE-S,NAS100_TRAIN,2006-07-19 12:14:00+00:00,-1,3.7000000000000455,0.7999999999999545,-3.343985774414932
PREFADE-S,NAS100_TRAIN,2006-07-19 12:35:00+00:00,1,0.7999999999999545,3.7000000000000455,3.560411894075969
PREFADE-S,NAS100_TRAIN,2006-07-20 11:31:00+00:00,-1,0.7000000000000455,3.2000000000000455,2.56698355565959
PREFADE-S,NAS100_TRAIN,2006-07-20 12:14:00+00:00,-1,2.2000000000000455,2.0,1.812042148558703
PREFADE-S,NAS100_TRAIN,2006-07-20 13:07:00+00:00,-1,2.7999999999999545,2.5,1.7583277266330697
PREFADE-S,NAS100_TRAIN,2006-07-21 11:31:00+00:00,1,4.5,1.199999999999818,-4.096547923950084
PREFADE-S,NAS100_TRAIN,2006-07-21 12:17:00+00:00,1,8.700000000000045,7.0,0.20726285883438322
PREFADE-S,NAS100_TRAIN,2006-07-25 12:43:00+00:00,1,3.7000000000000455,1.0,-3.4077245416740425
PREFADE-S,NAS100_TRAIN,2006-07-26 12:41:00+00:00,-1,2.2999999999999545,0.5,-2.292880817044079
PREFADE-S,NAS100_TRAIN,2006-07-26 13:17:00+00:00,-1,0.0,3.699999999999818,2.825863129854497
PREFADE-S,NAS100_TRAIN,2006-07-28 11:42:00+00:00,1,0.20000000000004547,2.5,2.185355635367614
PREFADE-S,NAS100_TRAIN,2006-07-28 12:31:00+00:00,-1,2.2999999999999545,0.20000000000004547,-0.0
PREFADE-S,NAS100_TRAIN,2006-07-28 12:41:00+00:00,-1,2.7000000000000455,0.0,-2.5478365001858947
PREFADE-S,NAS100_TRAIN,2006-07-31 12:04:00+00:00,-1,0.2999999999999545,1.2000000000000455,1.0412541364285062
PREFADE-S,NAS100_TRAIN,2006-08-01 12:18:00+00:00,1,0.7999999999999545,1.7000000000000455,1.6439716034747107
PREFADE-S,NAS100_TRAIN,2006-08-01 12:34:00+00:00,1,2.7000000000000455,0.0,-2.6166989698763246
PREFADE-S,NAS100_TRAIN,2006-08-01 12:58:00+00:00,1,5.7000000000000455,0.0,-5.580585938818103
PREFADE-S,NAS100_TRAIN,2006-08-03 12:44:00+00:00,1,3.5,3.2000000000000455,3.153137946594825
PREFADE-S,NAS100_TRAIN,2006-08-04 12:03:00+00:00,-1,8.5,0.6999999999998181,-3.609044878269742
PREFADE-S,NAS100_TRAIN,2006-08-04 12:43:00+00:00,-1,2.5,7.7000000000000455,6.71089091722547
PREFADE-S,NAS100_TRAIN,2006-08-08 12:38:00+00:00,1,0.5,2.8999999999998636,2.699999999999818
PREFADE-S,NAS100_TRAIN,2006-08-09 12:03:00+00:00,-1,4.5,0.20000000000004547,-4.260757795636891
PREFADE-S,NAS100_TRAIN,2006-08-09 13:12:00+00:00,-1,5.2999999999999545,2.2000000000000455,1.5149558228181377
PREFADE-S,NAS100_TRAIN,2006-08-11 12:31:00+00:00,1,2.7000000000000455,2.0,-2.694589324675917
PREFADE-S,NAS100_TRAIN,2006-08-15 12:00:00+00:00,-1,11.399999999999864,0.3000000000001819,-3.2793903793319714
PREFADE-S,NAS100_TRAIN,2006-08-16 12:25:00+00:00,1,0.20000000000004547,1.7999999999999545,1.1524031018100231
PREFADE-S,NAS100_TRAIN,2006-08-16 12:31:00+00:00,-1,5.399999999999864,1.2999999999999545,-5.289634611170641
PREFADE-S,NAS100_TRAIN,2006-08-17 12:18:00+00:00,1,3.2000000000000455,0.5,-2.9282494050266905
PREFADE-S,NAS100_TRAIN,2006-08-18 12:45:00+00:00,1,0.0,2.0,1.7000000000000455
PREFADE-S,NAS100_TRAIN,2006-08-18 13:11:00+00:00,-1,1.5,2.0,1.9440321789602422
PREFADE-S,NAS100_TRAIN,2006-08-23 12:29:00+00:00,-1,3.5,0.7999999999999545,-3.1740740997108787
PREFADE-S,NAS100_TRAIN,2006-08-25 13:02:00+00:00,1,2.7999999999999545,1.2000000000000455,-2.6167320881193064
PREFADE-S,NAS100_TRAIN,2006-08-29 11:55:00+00:00,-1,0.7000000000000455,2.7999999999999545,1.834232377016633
PREFADE-S,NAS100_TRAIN,2006-08-30 12:31:00+00:00,-1,2.5,0.2999999999999545,-2.253707638392143
PREFADE-S,NAS100_TRAIN,2006-08-31 12:31:00+00:00,-1,1.7999999999999545,1.7000000000000455,1.6840197828691998
PREFADE-S,NAS100_TRAIN,2006-09-01 11:47:00+00:00,-1,8.0,0.7000000000000455,-2.0600368284599426
PREFADE-S,NAS100_TRAIN,2006-09-06 11:46:00+00:00,1,2.7000000000000455,0.5,-2.679934933935783
PREFADE-S,NAS100_TRAIN,2006-09-06 13:17:00+00:00,1,4.2000000000000455,2.0,1.775211916592525
PREFADE-S,NAS100_TRAIN,2006-09-12 13:24:00+00:00,-1,5.2000000000000455,0.2999999999999545,-4.65545941055484
PREFADE-S,NAS100_TRAIN,2006-09-13 12:19:00+00:00,-1,2.0,2.2000000000000455,1.7000000000000455
PREFADE-S,NAS100_TRAIN,2006-09-14 13:13:00+00:00,1,3.2000000000000455,2.2999999999999545,1.5974702341216016
PREFADE-S,NAS100_TRAIN,2006-09-15 11:38:00+00:00,-1,1.699999999999818,0.0,-1.6320262698916395
PREFADE-S,NAS100_TRAIN,2006-09-15 12:21:00+00:00,-1,5.0,1.2000000000000455,-3.1734840073550004
PREFADE-S,NAS100_TRAIN,2006-09-15 12:37:00+00:00,-1,7.900000000000091,1.0,-6.9289450502142245
PREFADE-S,NAS100_TRAIN,2006-09-18 12:44:00+00:00,1,3.2000000000000455,1.7000000000000455,1.0316847076003341
PREFADE-S,NAS100_TRAIN,2006-09-19 12:31:00+00:00,-1,3.5,2.199999999999818,1.694357462545213
PREFADE-S,NAS100_TRAIN,2006-09-20 11:38:00+00:00,-1,4.7000000000000455,1.0,-4.450334405710919
PREFADE-S,NAS100_TRAIN,2006-09-22 12:05:00+00:00,1,0.7000000000000455,3.5,3.2853623162145595
PREFADE-S,NAS100_TRAIN,2006-09-26 12:34:00+00:00,-1,1.5,2.199999999999818,2.1247638379995806
PREFADE-S,NAS100_TRAIN,2006-09-27 12:36:00+00:00,1,2.2999999999999545,2.7000000000000455,2.112422110209991
PREFADE-S,NAS100_TRAIN,2006-09-28 12:30:00+00:00,-1,0.0,2.5,1.1482482517803874
PREFADE-S,NAS100_TRAIN,2006-09-28 13:20:00+00:00,1,0.20000000000004547,1.2999999999999545,1.0324970127433062
PREFADE-S,NAS100_TRAIN,2006-09-29 12:11:00+00:00,-1,0.3000000000001819,2.3999999999998636,1.413213195170556
PREFADE-S,NAS100_TRAIN,2006-09-29 12:48:00+00:00,-1,1.300000000000182,1.699999999999818,1.2166666555870052
PREFADE-S,NAS100_TRAIN,2006-10-02 11:39:00+00:00,1,3.199999999999818,0.20000000000004547,-3.1896954590083624
PREFADE-S,NAS100_TRAIN,2006-10-04 12:45:00+00:00,1,0.7999999999999545,2.2000000000000455,1.85904762050086
PREFADE-S,NAS100_TRAIN,2006-10-05 11:49:00+00:00,1,0.5,2.2000000000000455,2.2000000000000455
PREFADE-S,NAS100_TRAIN,2006-10-06 11:42:00+00:00,1,6.400000000000091,3.699999999999818,-2.2529383747762495
PREFADE-S,NAS100_TRAIN,2006-10-06 12:35:00+00:00,1,3.400000000000091,1.2999999999999545,-3.153410464445642
PREFADE-S,NAS100_TRAIN,2006-10-09 13:20:00+00:00,-1,4.0,0.7000000000000455,-3.7420998717002476
PREFADE-S,NAS100_TRAIN,2006-10-10 11:48:00+00:00,-1,1.5,2.0,1.2250612988191278
PREFADE-S,NAS100_TRAIN,2006-10-11 12:05:00+00:00,1,2.2000000000000455,1.5,1.204490733146713
PREFADE-S,NAS100_TRAIN,2006-10-12 12:17:00+00:00,-1,3.5,0.5,-3.3640038559849472
PREFADE-S,NAS100_TRAIN,2006-10-13 12:47:00+00:00,1,1.0,2.2000000000000455,2.157274710937827
PREFADE-S,NAS100_TRAIN,2006-10-16 11:46:00+00:00,-1,2.7000000000000455,2.5,2.3748563415017543
PREFADE-S,NAS100_TRAIN,2006-10-17 12:31:00+00:00,1,7.0,3.7000000000000455,-5.87278931358901
PREFADE-S,NAS100_TRAIN,2006-10-18 12:31:00+00:00,-1,3.7000000000000455,0.2999999999999545,-3.1847485231714927
PREFADE-S,NAS100_TRAIN,2006-10-18 12:49:00+00:00,-1,5.2999999999999545,1.400000000000091,0.5886215925527267
PREFADE-S,NAS100_TRAIN,2006-10-19 12:35:00+00:00,-1,0.0,3.400000000000091,3.2000000000000455
PREFADE-S,NAS100_TRAIN,2006-10-19 13:23:00+00:00,1,3.2000000000000455,3.0,2.4286889651777983
PREFADE-S,NAS100_TRAIN,2006-10-20 11:45:00+00:00,1,3.2000000000000455,0.7999999999999545,-1.9442470358733317
PREFADE-S,NAS100_TRAIN,2006-10-20 13:14:00+00:00,1,0.2999999999999545,2.7000000000000455,2.5224147867702413
PREFADE-S,NAS100_TRAIN,2006-10-27 12:49:00+00:00,1,0.20000000000004547,4.2999999999999545,3.970357740554846
PREFADE-S,NAS100_TRAIN,2006-10-30 12:38:00+00:00,-1,1.0,2.5,2.0
PREFADE-S,NAS100_TRAIN,2006-11-01 12:55:00+00:00,-1,3.0,0.5,-2.199999999999818
PREFADE-S,NAS100_TRAIN,2006-11-02 12:41:00+00:00,-1,0.0,3.2999999999999545,2.343565917569549
PREFADE-S,NAS100_TRAIN,2006-11-02 13:31:00+00:00,1,4.0,0.40000000000009095,-3.4514957930471155
PREFADE-S,NAS100_TRAIN,2006-11-03 13:26:00+00:00,1,2.2999999999999545,4.7000000000000455,-1.5339147494089502
PREFADE-S,NAS100_TRAIN,2006-11-03 13:34:00+00:00,-1,2.2000000000000455,1.5,1.2778242753640825
PREFADE-S,NAS100_TRAIN,2006-11-07 13:08:00+00:00,-1,1.2000000000000455,2.2000000000000455,1.8647573746475246
PREFADE-S,NAS100_TRAIN,2006-11-08 13:47:00+00:00,1,5.2000000000000455,3.5,1.920503070071618
PREFADE-S,NAS100_TRAIN,2006-11-09 13:16:00+00:00,-1,1.2000000000000455,2.5,2.287450989554827
PREFADE-S,NAS100_TRAIN,2006-11-09 14:24:00+00:00,-1,0.7999999999999545,3.7000000000000455,1.7720855677191594
PREFADE-S,NAS100_TRAIN,2006-11-14 13:31:00+00:00,-1,4.2000000000000455,2.2000000000000455,-4.13055895102957
PREFADE-S,NAS100_TRAIN,2006-11-15 12:57:00+00:00,1,0.0,1.5,1.3207584603817395
PREFADE-S,NAS100_TRAIN,2006-11-15 13:34:00+00:00,-1,0.7000000000000455,1.5,1.2350146352198408
PREFADE-S,NAS100_TRAIN,2006-11-16 12:47:00+00:00,1,1.2000000000000455,1.7999999999999545,1.7252631501146425
PREFADE-S,NAS100_TRAIN,2006-11-16 13:31:00+00:00,-1,1.2000000000000455,3.2999999999999545,3.196956836898835
PREFADE-S,NAS100_TRAIN,2006-11-17 13:31:00+00:00,1,3.7000000000000455,0.1999999999998181,-2.7317019716804225
PREFADE-S,NAS100_TRAIN,2006-11-17 14:29:00+00:00,1,1.0,4.5,3.5552380988710865
PREFADE-S,NAS100_TRAIN,2006-11-21 12:59:00+00:00,-1,0.2999999999999545,2.0,2.0
PREFADE-S,NAS100_TRAIN,2006-11-22 13:46:00+00:00,1,1.0,1.0,1.0
PREFADE-S,NAS100_TRAIN,2006-11-28 13:16:00+00:00,1,4.5,1.2000000000000455,-4.0964414889767795
PREFADE-S,NAS100_TRAIN,2006-11-29 13:37:00+00:00,-1,4.0,0.7000000000000455,-3.511624963888835
PREFADE-S,NAS100_TRAIN,2006-11-30 13:25:00+00:00,-1,0.7000000000000455,4.5,2.5630859222262643
PREFADE-S,NAS100_TRAIN,2006-11-30 14:28:00+00:00,1,1.2999999999999545,2.5,2.4257910807825738
PREFADE-S,NAS100_TRAIN,2006-12-01 13:38:00+00:00,1,0.5,2.7000000000000455,2.0151015873993856
PREFADE-S,NAS100_TRAIN,2006-12-04 13:35:00+00:00,-1,3.7999999999999545,2.0,-3.3889390173833362
PREFADE-S,NAS100_TRAIN,2006-12-05 13:32:00+00:00,-1,3.5,0.0,-2.7000000000000455
PREFADE-S,NAS100_TRAIN,2006-12-06 12:41:00+00:00,1,1.199999999999818,2.800000000000182,1.6143382640445907
PREFADE-S,NAS100_TRAIN,2006-12-06 13:23:00+00:00,1,5.2000000000000455,3.699999999999818,-4.843134222947128
PREFADE-S,NAS100_TRAIN,2006-12-07 13:06:00+00:00,-1,2.5,1.5,1.4535373960222842
PREFADE-S,NAS100_TRAIN,2006-12-08 13:01:00+00:00,-1,1.5,0.0,-1.5
PREFADE-S,NAS100_TRAIN,2006-12-08 13:31:00+00:00,-1,0.7999999999999545,3.5,3.1224390088057135
PREFADE-S,NAS100_TRAIN,2006-12-08 14:06:00+00:00,1,3.0,5.300000000000182,3.830258673420758
PREFADE-S,NAS100_TRAIN,2006-12-11 13:09:00+00:00,-1,0.0,2.0,2.0
PREFADE-S,NAS100_TRAIN,2006-12-11 13:52:00+00:00,1,2.7999999999999545,1.2000000000000455,-2.495852975335538
PREFADE-S,NAS100_TRAIN,2006-12-12 14:30:00+00:00,1,3.0,0.7999999999999545,-2.398992899241648
PREFADE-S,NAS100_TRAIN,2006-12-13 13:50:00+00:00,-1,1.7999999999999545,6.2000000000000455,4.9135281624733125
PREFADE-S,NAS100_TRAIN,2006-12-14 13:29:00+00:00,-1,1.0,2.0,2.0
PREFADE-S,NAS100_TRAIN,2006-12-14 13:50:00+00:00,-1,3.7999999999999545,1.7000000000000455,-2.9405039447842682
PREFADE-S,NAS100_TRAIN,2006-12-15 13:31:00+00:00,-1,10.900000000000091,2.7000000000000455,-5.687541198931285
PREFADE-S,NAS100_TRAIN,2006-12-21 13:40:00+00:00,1,0.0,1.699999999999818,1.6629096865938209
PREFADE-S,NAS100_TRAIN,2006-12-22 13:31:00+00:00,1,0.5,2.0,1.2138238399722923
PREFADE-S,NAS100_TRAIN,2006-12-22 14:22:00+00:00,1,3.400000000000091,0.5,-2.427412791150118
PREFADE-S,NAS100_TRAIN,2006-12-26 12:49:00+00:00,-1,1.0,0.0,-1.0
PREFADE-S,NAS100_TRAIN,2006-12-26 13:15:00+00:00,-1,1.5,1.699999999999818,0.3333333197092543
PREFADE-S,NAS100_TRAIN,2006-12-29 12:38:00+00:00,-1,2.0,1.400000000000091,1.285682347637021
PREFADE-S,NAS100_TRAIN,2007-01-03 14:29:00+00:00,1,1.7000000000000455,2.0,1.9346837870216405
PREFADE-S,NAS100_TRAIN,2007-01-05 12:44:00+00:00,1,2.7000000000000455,7.5,3.8944302572278957
PREFADE-S,NAS100_TRAIN,2007-01-08 13:09:00+00:00,-1,0.5,2.5,1.986631495342408
PREFADE-S,NAS100_TRAIN,2007-01-08 13:47:00+00:00,-1,3.400000000000091,0.2999999999999545,-2.68566790546447
PREFADE-S,NAS100_TRAIN,2007-01-11 12:31:00+00:00,1,0.5,2.5,2.5
PREFADE-S,NAS100_TRAIN,2007-01-11 13:10:00+00:00,1,1.5,2.2000000000000455,2.2000000000000455
PREFADE-S,NAS100_TRAIN,2007-01-12 12:42:00+00:00,1,0.7999999999999545,1.900000000000091,1.900000000000091
PREFADE-S,NAS100_TRAIN,2007-01-12 13:31:00+00:00,-1,0.20000000000004547,1.0,-0.0
PREFADE-S,NAS100_TRAIN,2007-01-12 13:36:00+00:00,1,2.0,3.5,1.4429799491606445
PREFADE-S,NAS100_TRAIN,2007-01-16 13:33:00+00:00,1,2.5,0.5,-2.2806794289635945
PREFADE-S,NAS100_TRAIN,2007-01-16 14:18:00+00:00,1,3.7000000000000455,1.7999999999999545,0.6548519992459205
PREFADE-S,NAS100_TRAIN,2007-01-17 13:34:00+00:00,1,3.0,2.2000000000000455,0.8468335095253678
PREFADE-S,NAS100_TRAIN,2007-01-19 12:31:00+00:00,1,0.5,3.2000000000000455,2.486646280084642
PREFADE-S,NAS100_TRAIN,2007-01-24 13:32:00+00:00,-1,5.400000000000091,1.2999999999999545,-4.178564710678984
PREFADE-S,NAS100_TRAIN,2007-01-25 12:51:00+00:00,1,1.300000000000182,2.699999999999818,2.6234042668172606
PREFADE-S,NAS100_TRAIN,2007-01-26 13:19:00+00:00,-1,2.0,2.5,1.896421855452445
PREFADE-S,NAS100_TRAIN,2007-01-26 13:38:00+00:00,-1,2.5,1.7000000000000455,1.6877246577280403
PREFADE-S,NAS100_TRAIN,2007-01-30 12:57:00+00:00,-1,1.2999999999999545,3.7000000000000455,3.5684426499194615
PREFADE-S,NAS100_TRAIN,2007-02-01 13:31:00+00:00,-1,3.2000000000000455,1.2000000000000455,-3.098562795167709
PREFADE-S,NAS100_TRAIN,2007-02-01 14:10:00+00:00,-1,4.5,3.900000000000091,1.7611042891544457
PREFADE-S,NAS100_TRAIN,2007-02-02 13:09:00+00:00,1,3.2000000000000455,4.0,-1.7917020298739317
PREFADE-S,NAS100_TRAIN,2007-02-02 13:33:00+00:00,-1,3.2000000000000455,0.5,-2.5988074222148043
PREFADE-S,NAS100_TRAIN,2007-02-05 12:43:00+00:00,1,1.0,1.2999999999999545,1.2943969438558725
PREFADE-S,NAS100_TRAIN,2007-02-05 14:00:00+00:00,-1,0.7999999999999545,1.7000000000000455,1.4369503650259503
PREFADE-S,NAS100_TRAIN,2007-02-07 12:47:00+00:00,-1,2.7999999999999545,0.5,-2.532497219140623
PREFADE-S,NAS100_TRAIN,2007-02-13 14:01:00+00:00,-1,3.7000000000000455,0.7999999999999545,-2.553176103606347
PREFADE-S,NAS100_TRAIN,2007-02-14 12:39:00+00:00,-1,3.0,0.8999999999998636,-2.3016803767980036
PREFADE-S,NAS100_TRAIN,2007-02-16 12:46:00+00:00,-1,2.0,2.2999999999999545,1.6845238162545684
PREFADE-S,NAS100_TRAIN,2007-02-16 14:25:00+00:00,1,2.5,1.7999999999999545,1.712351359487002
PREFADE-S,NAS100_TRAIN,2007-02-21 13:31:00+00:00,1,3.5,2.5,1.6302758426038508
PREFADE-S,NAS100_TRAIN,2007-02-22 13:15:00+00:00,-1,3.0,0.5,-2.8325762440135804
PREFADE-S,NAS100_TRAIN,2007-02-23 12:47:00+00:00,-1,0.0,0.5,0.2861035165085468
PREFADE-S,NAS100_TRAIN,2007-03-01 12:43:00+00:00,1,14.700000000000045,4.0,-12.579866869790067
PREFADE-S,NAS100_TRAIN,2007-03-02 13:17:00+00:00,1,6.0,8.799999999999955,7.695046914509476
PREFADE-S,NAS100_TRAIN,2007-03-09 13:31:00+00:00,-1,3.7000000000000455,4.2999999999999545,3.7712444368996785
PREFADE-S,NAS100_TRAIN,2007-03-12 12:26:00+00:00,1,5.5,5.0,3.1158059209724343
PREFADE-S,NAS100_TRAIN,2007-03-13 12:31:00+00:00,1,1.7000000000000455,4.5,4.105365286461165
PREFADE-S,NAS100_TRAIN,2007-03-14 11:44:00+00:00,1,0.0,5.7999999999999545,4.7999999999999545
PREFADE-S,NAS100_TRAIN,2007-03-14 13:29:00+00:00,-1,5.0,3.0,2.1408684754280785
PREFADE-S,NAS100_TRAIN,2007-03-15 12:32:00+00:00,1,4.5,2.7000000000000455,2.4528344722020847
PREFADE-S,NAS100_TRAIN,2007-03-16 12:12:00+00:00,1,0.0,6.399999999999864,3.2207843205508198
PREFADE-S,NAS100_TRAIN,2007-03-16 12:35:00+00:00,-1,0.1999999999998181,3.0,2.9914430134217582
PREFADE-S,NAS100_TRAIN,2007-03-16 12:45:00+00:00,1,0.5,3.199999999999818,1.918039629581017
PREFADE-S,NAS100_TRAIN,2007-03-16 13:01:00+00:00,-1,4.0,0.6999999999998181,-3.9526176838744504
PREFADE-S,NAS100_TRAIN,2007-03-20 12:36:00+00:00,-1,0.20000000000004547,3.7000000000000455,3.4094202949052033
PREFADE-S,NAS100_TRAIN,2007-03-22 11:44:00+00:00,-1,1.7000000000000455,0.0,-1.6396368973753397
PREFADE-S,NAS100_TRAIN,2007-03-22 12:23:00+00:00,-1,4.7000000000000455,1.2999999999999545,-2.994228882178504
PREFADE-S,NAS100_TRAIN,2007-03-22 12:53:00+00:00,-1,2.0,2.400000000000091,1.4279342871877816
PREFADE-S,NAS100_TRAIN,2007-03-23 11:56:00+00:00,-1,1.0,2.7000000000000455,2.0633758268538713
PREFADE-S,NAS100_TRAIN,2007-03-23 13:08:00+00:00,1,0.2999999999999545,2.2000000000000455,2.147386263829958
PREFADE-S,NAS100_TRAIN,2007-03-28 11:47:00+00:00,1,3.2999999999999545,2.400000000000091,1.1829470581251371
PREFADE-S,NAS100_TRAIN,2007-03-29 12:31:00+00:00,-1,2.2999999999999545,2.400000000000091,2.3968669286070963
PREFADE-S,NAS100_TRAIN,2007-03-30 12:31:00+00:00,-1,1.5,5.0,4.993556979365167
PREFADE-S,NAS100_TRAIN,2007-04-02 11:51:00+00:00,-1,1.699999999999818,3.5,2.4839606515026844
PREFADE-S,NAS100_TRAIN,2007-04-04 12:16:00+00:00,1,3.2000000000000455,0.0,-3.0009265989608593
PREFADE-S,NAS100_TRAIN,2007-04-04 13:12:00+00:00,-1,1.0,1.5,0.5446516976428484
PREFADE-S,NAS100_TRAIN,2007-04-05 12:13:00+00:00,-1,0.0,1.2000000000000455,1.1708898803228749
PREFADE-S,NAS100_TRAIN,2007-04-06 11:54:00+00:00,-1,7.7000000000000455,1.7999999999999545,-2.147426947350368
PREFADE-S,NAS100_TRAIN,2007-04-06 12:34:00+00:00,-1,3.300000000000182,0.0,-2.300000000000182
PREFADE-S,NAS100_TRAIN,2007-04-09 13:06:00+00:00,1,3.7000000000000455,1.0,-2.0827049793863353
PREFADE-S,NAS100_TRAIN,2007-04-13 11:39:00+00:00,1,1.400000000000091,1.2999999999999545,0.9806615290749505
PREFADE-S,NAS100_TRAIN,2007-04-13 12:31:00+00:00,-1,0.7999999999999545,4.400000000000091,4.208552318968032
PREFADE-S,NAS100_TRAIN,2007-04-17 12:31:00+00:00,-1,4.2999999999999545,0.20000000000004547,-4.285117916041145
PREFADE-S,NAS100_TRAIN,2007-04-17 12:45:00+00:00,-1,0.0,5.7999999999999545,5.278848175727944
PREFADE-S,NAS100_TRAIN,2007-04-18 11:44:00+00:00,1,2.7000000000000455,1.0,-2.6419340969262066
PREFADE-S,NAS100_TRAIN,2007-04-18 12:39:00+00:00,1,0.5,4.2000000000000455,3.3731648733182737
PREFADE-S,NAS100_TRAIN,2007-04-20 11:34:00+00:00,-1,8.700000000000045,2.0,-7.801609764117757
PREFADE-S,NAS100_TRAIN,2007-04-26 11:33:00+00:00,-1,1.5,1.5,1.314803748265831
PREFADE-S,NAS100_TRAIN,2007-04-26 13:30:00+00:00,1,0.5,2.8999999999998636,2.54488779307394
PREFADE-S,NAS100_TRAIN,2007-04-27 12:31:00+00:00,1,2.699999999999818,0.5,-2.6640621596329765
PREFADE-S,NAS100_TRAIN,2007-04-30 12:30:00+00:00,-1,2.2999999999999545,0.0,-2.1293525094104098
PREFADE-S,NAS100_TRAIN,2007-04-30 12:32:00+00:00,-1,0.5,2.2000000000000455,1.9200780035691878
PREFADE-S,NAS100_TRAIN,2007-05-03 11:32:00+00:00,-1,1.2000000000000455,2.5,2.2999999999999545
PREFADE-S,NAS100_TRAIN,2007-05-03 12:31:00+00:00,-1,3.7999999999999545,1.0,-3.7219995868319984
PREFADE-S,NAS100_TRAIN,2007-05-04 12:31:00+00:00,-1,4.900000000000091,2.0,1.5063893675155668
PREFADE-S,NAS100_TRAIN,2007-05-07 13:29:00+00:00,1,0.2999999999999545,1.900000000000091,1.2949778400461582
PREFADE-S,NAS100_TRAIN,2007-05-08 11:37:00+00:00,1,1.0,3.900000000000091,2.99363233211443
PREFADE-S,NAS100_TRAIN,2007-05-09 12:01:00+00:00,1,3.7000000000000455,0.5,-2.993724661694614
PREFADE-S,NAS100_TRAIN,2007-05-10 11:56:00+00:00,1,2.2999999999999545,2.0,0.95202490191582
PREFADE-S,NAS100_TRAIN,2007-05-11 12:31:00+00:00,-1,0.5,1.5,1.3752314978175946
PREFADE-S,NAS100_TRAIN,2007-05-11 12:36:00+00:00,-1,0.0,6.0,5.0
PREFADE-S,NAS100_TRAIN,2007-05-11 12:50:00+00:00,1,0.2999999999999545,3.0,2.541898334056441
PREFADE-S,NAS100_TRAIN,2007-05-14 11:32:00+00:00,1,0.1999999999998181,3.5,3.2805684010554614
PREFADE-S,NAS100_TRAIN,2007-05-15 12:33:00+00:00,-1,2.8999999999998636,3.0,2.4676493922079317
PREFADE-S,NAS100_TRAIN,2007-05-17 12:30:00+00:00,-1,0.5,1.7000000000000455,1.4846153526514172
PREFADE-S,NAS100_TRAIN,2007-05-17 12:45:00+00:00,1,1.0,1.5,1.5
PREFADE-S,NAS100_TRAIN,2007-05-17 13:04:00+00:00,1,2.3999999999998636,0.5,-2.1081851005512817
PREFADE-S,NAS100_TRAIN,2007-05-18 12:30:00+00:00,-1,2.0,3.0,2.839153427331439
PREFADE-S,NAS100_TRAIN,2007-05-22 11:33:00+00:00,-1,1.7000000000000455,1.7999999999999545,1.7999999999999545
PREFADE-S,NAS100_TRAIN,2007-05-24 12:23:00+00:00,-1,1.800000000000182,3.199999999999818,1.8628590081161747
PREFADE-S,NAS100_TRAIN,2007-05-24 12:48:00+00:00,-1,2.199999999999818,3.2000000000000455,2.312004502146465
PREFADE-S,NAS100_TRAIN,2007-05-25 11:33:00+00:00,-1,1.5,2.2000000000000455,2.059341204482962
PREFADE-S,NAS100_TRAIN,2007-05-30 13:17:00+00:00,1,5.7000000000000455,2.7000000000000455,2.6329836777040327
PREFADE-S,NAS100_TRAIN,2007-05-31 11:42:00+00:00,-1,3.099999999999909,1.7000000000000455,1.479102322492281
PREFADE-S,NAS100_TRAIN,2007-06-01 12:31:00+00:00,-1,3.5,2.5,1.3120265090103658
PREFADE-S,NAS100_TRAIN,2007-06-04 12:32:00+00:00,1,3.300000000000182,2.199999999999818,1.5439359507788595
PREFADE-S,NAS100_TRAIN,2007-06-05 11:41:00+00:00,1,1.199999999999818,2.5,2.004829232178963
PREFADE-S,NAS100_TRAIN,2007-06-07 11:32:00+00:00,1,6.0,2.2999999999999545,-5.875276866740933
PREFADE-S,NAS100_TRAIN,2007-06-11 12:25:00+00:00,-1,2.2999999999999545,2.5,2.0
PREFADE-S,NAS100_TRAIN,2007-06-13 12:09:00+00:00,-1,0.5,5.7999999999999545,4.993251552464926
PREFADE-S,NAS100_TRAIN,2007-06-13 12:42:00+00:00,-1,5.599999999999909,2.900000000000091,2.7520775765924554
PREFADE-S,NAS100_TRAIN,2007-06-15 12:31:00+00:00,-1,9.600000000000136,1.2999999999999545,-8.218654673786887
PREFADE-S,NAS100_TRAIN,2007-06-19 12:02:00+00:00,1,2.400000000000091,1.5,1.2708573357870137
PREFADE-S,NAS100_TRAIN,2007-06-25 13:26:00+00:00,1,5.0,3.2000000000000455,-4.512022716353158
PREFADE-S,NAS100_TRAIN,2007-06-27 12:26:00+00:00,1,3.8999999999998636,2.5,2.0513609423439902
PREFADE-S,NAS100_TRAIN,2007-06-28 11:40:00+00:00,1,0.2999999999999545,3.2000000000000455,3.0350093060144445
PREFADE-S,NAS100_TRAIN,2007-06-28 13:12:00+00:00,1,0.5,3.2000000000000455,2.517414308104435
PREFADE-S,NAS100_TRAIN,2007-06-29 12:31:00+00:00,-1,7.899999999999864,0.7000000000000455,-7.015100620886187
PREFADE-S,NAS100_TRAIN,2007-07-06 12:27:00+00:00,-1,2.0,3.0,2.534939701257599
PREFADE-S,NAS100_TRAIN,2007-07-06 13:20:00+00:00,-1,0.20000000000004547,3.699999999999818,2.900660826117928
PREFADE-S,NAS100_TRAIN,2007-07-12 11:55:00+00:00,-1,3.0,1.0,0.8427947492057228
PREFADE-S,NAS100_TRAIN,2007-07-13 11:34:00+00:00,-1,1.5,2.699999999999818,1.8771642427502684
PREFADE-S,NAS100_TRAIN,2007-07-16 12:35:00+00:00,-1,0.20000000000004547,3.2999999999999545,3.282244299487502
PREFADE-S,NAS100_TRAIN,2007-07-17 11:54:00+00:00,-1,0.2999999999999545,4.399999999999864,3.941876746960361
PREFADE-S,NAS100_TRAIN,2007-07-17 12:32:00+00:00,-1,5.2000000000000455,3.3999999999998636,0.473275568920144
PREFADE-S,NAS100_TRAIN,2007-07-20 12:46:00+00:00,-1,0.5,2.400000000000091,2.229271725446324
PREFADE-S,NAS100_TRAIN,2007-07-23 11:36:00+00:00,-1,0.3000000000001819,3.699999999999818,3.663155112776167
PREFADE-S,NAS100_TRAIN,2007-07-24 11:43:00+00:00,1,5.7000000000000455,1.2999999999999545,-5.555032317068708
PREFADE-S,NAS100_TRAIN,2007-07-24 13:06:00+00:00,1,2.7000000000000455,4.2999999999999545,4.292393728824891
PREFADE-S,NAS100_TRAIN,2007-07-25 11:36:00+00:00,-1,2.300000000000182,2.699999999999818,2.3501375236996864
PREFADE-S,NAS100_TRAIN,2007-07-27 11:50:00+00:00,1,1.0,10.700000000000045,8.480162097334187
PREFADE-S,NAS100_TRAIN,2007-08-02 11:58:00+00:00,-1,4.7000000000000455,4.7000000000000455,3.9113715309649706
PREFADE-S,NAS100_TRAIN,2007-08-03 12:27:00+00:00,-1,1.5,6.2000000000000455,1.102946000793736
PREFADE-S,NAS100_TRAIN,2007-08-03 12:38:00+00:00,1,1.5,3.0,2.504955394015269
PREFADE-S,NAS100_TRAIN,2007-08-03 13:22:00+00:00,1,1.5,3.2000000000000455,2.4545279343003585
PREFADE-S,NAS100_TRAIN,2007-08-07 12:04:00+00:00,-1,2.7999999999999545,2.7000000000000455,1.7210727845115343
PREFADE-S,NAS100_TRAIN,2007-08-07 12:48:00+00:00,1,4.399999999999864,2.0,1.7934837160091774
PREFADE-S,NAS100_TRAIN,2007-08-08 11:49:00+00:00,-1,1.5,3.7000000000000455,3.7000000000000455
PREFADE-S,NAS100_TRAIN,2007-08-09 11:38:00+00:00,1,13.200000000000045,4.7000000000000455,-10.870793310044746
PREFADE-S,NAS100_TRAIN,2007-08-13 12:31:00+00:00,-1,1.7999999999999545,6.7000000000000455,4.900000000000091
PREFADE-S,NAS100_TRAIN,2007-08-14 12:42:00+00:00,-1,3.0,4.0,3.0242326773295645
PREFADE-S,NAS100_TRAIN,2007-08-15 11:34:00+00:00,1,3.5,3.7999999999999545,3.7145113833935284
PREFADE-S,NAS100_TRAIN,2007-08-17 12:16:00+00:00,-1,6.900000000000091,37.399999999999864,23.735109511977498
PREFADE-S,NAS100_TRAIN,2007-08-21 12:05:00+00:00,-1,0.0,8.200000000000045,7.990023570723679
PREFADE-S,NAS100_TRAIN,2007-08-23 12:02:00+00:00,1,4.7000000000000455,1.5,-4.689075553499379
PREFADE-S,NAS100_TRAIN,2007-08-24 12:31:00+00:00,-1,1.0,4.0,3.582579341388964
PREFADE-S,NAS100_TRAIN,2007-08-30 13:08:00+00:00,1,5.5,0.7000000000000455,-5.192939090519076
PREFADE-S,NAS100_TRAIN,2007-09-03 12:56:00+00:00,-1,1.7999999999999545,0.8999999999998636,-0.10000000000013642
PREFADE-S,NAS100_TRAIN,2007-09-05 12:30:00+00:00,1,2.5,2.7999999999999545,2.7677461136190686
PREFADE-S,NAS100_TRAIN,2007-09-06 13:18:00+00:00,-1,0.5,7.899999999999864,6.915832502591456
PREFADE-S,NAS100_TRAIN,2007-09-07 12:31:00+00:00,1,8.400000000000091,4.7999999999999545,-8.335398502672206
PREFADE-S,NAS100_TRAIN,2007-09-07 13:12:00+00:00,1,15.900000000000091,2.0,-15.034254079971788
PREFADE-S,NAS100_TRAIN,2007-09-10 12:46:00+00:00,-1,10.400000000000091,2.0,-8.1100154648243
PREFADE-S,NAS100_TRAIN,2007-09-11 11:39:00+00:00,-1,3.0,5.2999999999999545,4.410373855305579
PREFADE-S,NAS100_TRAIN,2007-09-12 11:54:00+00:00,1,1.5,3.5,2.6943786838351116
PREFADE-S,NAS100_TRAIN,2007-09-13 12:31:00+00:00,-1,5.0,4.0,3.3446502104218325
PREFADE-S,NAS100_TRAIN,2007-09-18 12:05:00+00:00,-1,10.199999999999818,0.0,-7.839652524429539
PREFADE-S,NAS100_TRAIN,2007-09-19 12:51:00+00:00,-1,6.300000000000182,0.0,-6.2356902201736375
PREFADE-S,NAS100_TRAIN,2007-09-20 11:44:00+00:00,1,0.5,4.7999999999999545,4.208333376737755
PREFADE-S,NAS100_TRAIN,2007-09-25 11:39:00+00:00,1,0.5,2.199999999999818,2.186490676417634
PREFADE-S,NAS100_TRAIN,2007-09-26 11:36:00+00:00,-1,1.5,4.699999999999818,3.199999999999818
PREFADE-S,NAS100_TRAIN,2007-09-28 12:50:00+00:00,-1,4.199999999999818,2.200000000000273,1.1319562128037433
PREFADE-S,NAS100_TRAIN,2007-10-04 12:29:00+00:00,-1,2.0,5.400000000000091,2.115903050776069
PREFADE-S,NAS100_TRAIN,2007-10-05 11:34:00+00:00,-1,8.199999999999818,0.5,-4.788488857574066
PREFADE-S,NAS100_TRAIN,2007-10-09 12:09:00+00:00,-1,3.0,1.900000000000091,1.6589142230900507
PREFADE-S,NAS100_TRAIN,2007-10-10 12:34:00+00:00,-1,0.0,2.399999999999636,2.0874690564564844
PREFADE-S,NAS100_TRAIN,2007-10-12 12:17:00+00:00,-1,5.0,1.0,-3.862478028384885
PREFADE-S,NAS100_TRAIN,2007-10-12 12:36:00+00:00,-1,7.0,1.5,-6.277774824512562
PREFADE-S,NAS100_TRAIN,2007-10-15 12:32:00+00:00,-1,1.699999999999818,2.5,2.4288095357464954
PREFADE-S,NAS100_TRAIN,2007-10-17 13:06:00+00:00,-1,2.199999999999818,5.700000000000273,5.699029119269653
PREFADE-S,NAS100_TRAIN,2007-10-18 12:12:00+00:00,1,4.299999999999727,5.200000000000273,4.641649963765303
PREFADE-S,NAS100_TRAIN,2007-10-23 12:05:00+00:00,-1,6.0,0.7000000000002728,-5.618759256050907
PREFADE-S,NAS100_TRAIN,2007-10-24 12:56:00+00:00,-1,2.699999999999818,4.5,3.984872746302244
PREFADE-S,NAS100_TRAIN,2007-10-26 11:48:00+00:00,1,0.5,6.0,4.560434545742737
PREFADE-S,NAS100_TRAIN,2007-10-26 12:10:00+00:00,-1,5.200000000000273,0.7999999999997272,-5.163655632698465
PREFADE-S,NAS100_TRAIN,2007-10-26 12:36:00+00:00,-1,9.700000000000273,1.0,-9.237011731589519
PREFADE-S,NAS100_TRAIN,2007-10-30 11:33:00+00:00,1,1.0,2.5,2.321692233760132
PREFADE-S,NAS100_TRAIN,2007-10-30 12:58:00+00:00,1,2.5,2.900000000000091,1.7588666753767939
PREFADE-S,NAS100_TRAIN,2007-11-01 12:13:00+00:00,1,8.699999999999818,2.800000000000182,-8.471721753158818
PREFADE-S,NAS100_TRAIN,2007-11-02 12:31:00+00:00,-1,7.699999999999818,8.200000000000273,5.618933559055677
PREFADE-S,NAS100_TRAIN,2007-11-13 12:53:00+00:00,-1,12.200000000000045,0.1999999999998181,-12.153391542954978
PREFADE-S,NAS100_TRAIN,2007-11-14 13:23:00+00:00,-1,11.700000000000273,0.7999999999997272,-6.863590560197736
PREFADE-S,NAS100_TRAIN,2007-11-15 13:37:00+00:00,-1,0.0,8.900000000000091,8.549701356074138
PREFADE-S,NAS100_TRAIN,2007-11-16 12:54:00+00:00,-1,12.400000000000091,0.5,-8.605750892077594
PREFADE-S,NAS100_TRAIN,2007-11-16 13:50:00+00:00,-1,1.7999999999999545,11.200000000000045,10.557996963201731
PREFADE-S,NAS100_TRAIN,2007-11-26 13:40:00+00:00,1,3.2000000000000455,7.7999999999999545,5.277244448343936
PREFADE-S,NAS100_TRAIN,2007-11-29 12:51:00+00:00,-1,3.5,3.699999999999818,2.99867301630411
PREFADE-S,NAS100_TRAIN,2007-11-29 13:40:00+00:00,1,1.0,6.5,5.574748404946149
PREFADE-S,NAS100_TRAIN,2007-12-03 14:13:00+00:00,1,6.5,4.200000000000273,4.117952084269746
PREFADE-S,NAS100_TRAIN,2007-12-05 13:35:00+00:00,-1,10.800000000000182,2.5,-10.538704204447185
PREFADE-S,NAS100_TRAIN,2007-12-06 13:40:00+00:00,1,7.700000000000273,1.0,-6.443332693618231
PREFADE-S,NAS100_TRAIN,2007-12-07 13:12:00+00:00,-1,7.5,0.0,-5.433327618149178
PREFADE-S,NAS100_TRAIN,2007-12-07 13:33:00+00:00,-1,4.699999999999818,4.5,3.8370136182015813
PREFADE-S,NAS100_TRAIN,2007-12-10 12:56:00+00:00,-1,1.2000000000002728,5.799999999999727,5.769543643792531
PREFADE-S,NAS100_TRAIN,2007-12-12 12:52:00+00:00,-1,0.29999999999972715,9.200000000000273,8.834539175896225
PREFADE-S,NAS100_TRAIN,2007-12-12 14:01:00+00:00,-1,15.900000000000091,0.0,-10.923602919151563
PREFADE-S,NAS100_TRAIN,2007-12-13 13:14:00+00:00,1,5.199999999999818,9.5,7.88736463298892
PREFADE-S,NAS100_TRAIN,2007-12-14 13:31:00+00:00,1,9.700000000000273,0.5,-6.993457122667678
PREFADE-S,NAS100_TRAIN,2007-12-14 13:55:00+00:00,1,0.7999999999997272,8.5,7.542736554874864
PREFADE-S,NAS100_TRAIN,2007-12-20 13:05:00+00:00,-1,9.0,2.0,-6.832723437370987
PREFADE-S,NAS100_TRAIN,2007-12-21 14:04:00+00:00,-1,1.800000000000182,8.099999999999909,6.134018739941439
PREFADE-S,NAS100_TRAIN,2007-12-24 13:11:00+00:00,-1,1.800000000000182,2.399999999999636,2.307968386071934
PREFADE-S,NAS100_TRAIN,2007-12-26 12:34:00+00:00,1,4.900000000000091,1.5,-4.141325944712207
PREFADE-S,NAS100_TRAIN,2007-12-27 13:32:00+00:00,1,2.299999999999727,4.700000000000273,3.2198136691749824
PREFADE-S,NAS100_TRAIN,2007-12-28 12:38:00+00:00,-1,6.700000000000273,0.29999999999972715,-6.2320802609956445
PREFADE-S,NAS100_TRAIN,2007-12-31 13:25:00+00:00,1,3.799999999999727,1.0,-2.320823523652507
PREFADE-S,NAS100_TRAIN,2008-01-02 12:56:00+00:00,1,4.200000000000273,0.5,-3.5957385022061317
PREFADE-S,NAS100_TRAIN,2008-01-02 14:18:00+00:00,1,2.300000000000182,4.199999999999818,4.127879486477013
PREFADE-S,NAS100_TRAIN,2008-01-04 13:14:00+00:00,1,15.099999999999909,3.5,-5.786810746697029
PREFADE-S,NAS100_TRAIN,2008-01-07 14:25:00+00:00,1,1.7000000000000455,4.699999999999818,4.545091111457168
PREFADE-S,NAS100_TRAIN,2008-01-08 12:46:00+00:00,-1,3.5,5.2000000000000455,4.211988283458368
PREFADE-S,NAS100_TRAIN,2008-01-09 13:17:00+00:00,1,0.5,7.2000000000000455,5.8098731797674645
PREFADE-S,NAS100_TRAIN,2008-01-09 14:00:00+00:00,1,5.7000000000000455,9.5,4.947278792392581
PREFADE-S,NAS100_TRAIN,2008-01-10 13:35:00+00:00,1,8.900000000000091,0.5,-8.700000000000045
PREFADE-S,NAS100_TRAIN,2008-01-11 12:34:00+00:00,1,1.0,6.899999999999864,6.620290943085365
PREFADE-S,NAS100_TRAIN,2008-01-14 12:34:00+00:00,-1,9.200000000000045,0.0,-9.116470352569877
PREFADE-S,NAS100_TRAIN,2008-01-15 12:35:00+00:00,1,7.5,2.5,2.371071895524665
PREFADE-S,NAS100_TRAIN,2008-01-16 13:11:00+00:00,-1,12.099999999999909,7.0,-10.125954679443566
PREFADE-S,NAS100_TRAIN,2008-01-17 12:32:00+00:00,1,1.0,9.399999999999864,8.977232781039902
PREFADE-S,NAS100_TRAIN,2008-01-17 13:51:00+00:00,-1,5.2000000000000455,8.200000000000045,7.728429628593176
PREFADE-S,NAS100_TRAIN,2008-01-18 12:54:00+00:00,-1,4.399999999999864,5.5,5.195782425432753
PREFADE-S,NAS100_TRAIN,2008-01-18 14:29:00+00:00,1,5.5,9.700000000000045,9.63074534546513
PREFADE-S,NAS100_TRAIN,2008-01-22 13:21:00+00:00,-1,23.299999999999955,25.59999999999991,21.247917386915333
PREFADE-S,NAS100_TRAIN,2008-01-23 12:49:00+00:00,1,27.299999999999955,7.0,-25.90904251251618
PREFADE-S,NAS100_TRAIN,2008-01-25 13:39:00+00:00,-1,9.0,6.7000000000000455,3.7023868372411926
PREFADE-S,NAS100_TRAIN,2008-01-29 13:31:00+00:00,-1,2.5,7.7000000000000455,7.590990989677039
PREFADE-S,NAS100_TRAIN,2008-01-31 13:37:00+00:00,1,2.2000000000000455,9.0,8.040540282007669
PREFADE-S,NAS100_TRAIN,2008-02-05 12:34:00+00:00,1,1.7000000000000455,3.2999999999999545,3.1648470472098325
PREFADE-S,NAS100_TRAIN,2008-02-05 13:44:00+00:00,1,10.5,1.0,-6.643986233033502
PREFADE-S,NAS100_TRAIN,2008-02-07 12:53:00+00:00,1,4.5,8.700000000000045,5.612957176220334
PREFADE-S,NAS100_TRAIN,2008-02-11 12:37:00+00:00,-1,10.700000000000045,2.0,-9.733324005934719
PREFADE-S,NAS100_TRAIN,2008-02-12 13:05:00+00:00,-1,6.0,4.900000000000091,4.477550729075119
PREFADE-S,NAS100_TRAIN,2008-02-13 13:31:00+00:00,-1,8.0,4.5,4.208581247673919
PREFADE-S,NAS100_TRAIN,2008-02-14 13:31:00+00:00,-1,1.5,1.5,1.019660552480218
PREFADE-S,NAS100_TRAIN,2008-02-14 13:36:00+00:00,-1,0.1999999999998181,3.0,1.9565898071789434
PREFADE-S,NAS100_TRAIN,2008-02-14 14:02:00+00:00,-1,0.0,3.300000000000182,2.6354536943658786
PREFADE-S,NAS100_TRAIN,2008-02-15 12:59:00+00:00,1,8.200000000000045,5.2999999999999545,3.9919309192682704
PREFADE-S,NAS100_TRAIN,2008-02-20 13:31:00+00:00,1,8.699999999999818,6.5,4.0930676998737
PREFADE-S,NAS100_TRAIN,2008-02-22 13:27:00+00:00,-1,5.2000000000000455,0.20000000000004547,-5.1646855778210465
PREFADE-S,NAS100_TRAIN,2008-02-22 14:10:00+00:00,-1,0.0,6.2000000000000455,5.223037149228048
PREFADE-S,NAS100_TRAIN,2008-02-25 12:36:00+00:00,1,7.400000000000091,0.599999999999909,-7.269015407208826
PREFADE-S,NAS100_TRAIN,2008-02-26 13:31:00+00:00,1,6.0,4.2999999999999545,2.7671419500156844
PREFADE-S,NAS100_TRAIN,2008-02-27 12:56:00+00:00,1,7.7000000000000455,1.5,-6.74283311156546
PREFADE-S,NAS100_TRAIN,2008-02-27 13:31:00+00:00,1,3.2000000000000455,5.7999999999999545,5.642094339071036
PREFADE-S,NAS100_TRAIN,2008-02-28 13:31:00+00:00,1,1.800000000000182,5.0,3.911417310152274
PREFADE-S,NAS100_TRAIN,2008-03-03 13:25:00+00:00,-1,1.2999999999999545,6.7000000000000455,4.427837040371287
PREFADE-S,NAS100_TRAIN,2008-03-06 13:21:00+00:00,1,1.300000000000182,10.699999999999818,9.165349814892807
PREFADE-S,NAS100_TRAIN,2008-03-07 13:16:00+00:00,-1,0.1999999999998181,15.300000000000182,12.330212353748948
PREFADE-S,NAS100_TRAIN,2008-03-07 13:40:00+00:00,1,4.0,6.2999999999999545,6.072734086920491
PREFADE-S,NAS100_TRAIN,2008-03-11 12:32:00+00:00,-1,10.299999999999955,0.20000000000004547,-9.853967534809044
PREFADE-S,NAS100_TRAIN,2008-03-14 12:31:00+00:00,-1,14.200000000000045,0.0,-13.302653102589147
PREFADE-S,NAS100_TRAIN,2008-03-19 13:04:00+00:00,-1,11.299999999999955,0.0,-11.299999999999955
PREFADE-S,NAS100_TRAIN,2008-03-24 12:48:00+00:00,-1,8.899999999999864,3.2999999999999545,-8.237883643955229
PREFADE-S,NAS100_TRAIN,2008-03-25 11:34:00+00:00,-1,0.7000000000000455,6.0,5.482900903700283
PREFADE-S,NAS100_TRAIN,2008-03-26 11:51:00+00:00,1,0.0,4.899999999999864,3.9086286579627085
PREFADE-S,NAS100_TRAIN,2008-03-26 12:31:00+00:00,1,1.199999999999818,3.0,2.752270874084388
PREFADE-S,NAS100_TRAIN,2008-04-02 11:38:00+00:00,-1,7.7000000000000455,4.0,2.143349456787064
PREFADE-S,NAS100_TRAIN,2008-04-03 12:31:00+00:00,1,5.5,4.199999999999818,3.692523666547686
PREFADE-S,NAS100_TRAIN,2008-04-04 11:44:00+00:00,-1,6.199999999999818,0.3000000000001819,-4.566199991193116
PREFADE-S,NAS100_TRAIN,2008-04-04 12:34:00+00:00,1,0.0,8.699999999999818,6.754258084145249
PREFADE-S,NAS100_TRAIN,2008-04-08 12:22:00+00:00,1,3.7999999999999545,2.5,2.226773362223412
PREFADE-S,NAS100_TRAIN,2008-04-10 12:20:00+00:00,1,0.0,8.200000000000045,7.819216649690361
PREFADE-S,NAS100_TRAIN,2008-04-14 12:00:00+00:00,1,4.0,5.0,4.533333321678128
PREFADE-S,NAS100_TRAIN,2008-04-15 12:18:00+00:00,-1,0.7000000000000455,5.5,3.627898518589973
PREFADE-S,NAS100_TRAIN,2008-04-15 12:33:00+00:00,-1,5.5,2.2000000000000455,2.0733362979046888
PREFADE-S,NAS100_TRAIN,2008-04-16 12:02:00+00:00,-1,2.0,3.5,3.334576032649693
PREFADE-S,NAS100_TRAIN,2008-04-16 12:31:00+00:00,-1,3.2999999999999545,3.0,2.0965491149167974
PREFADE-S,NAS100_TRAIN,2008-04-17 12:10:00+00:00,1,7.2999999999999545,1.2000000000000455,-5.246241025295831
PREFADE-S,NAS100_TRAIN,2008-04-18 13:01:00+00:00,-1,4.2999999999999545,7.7000000000000455,7.4944404279121954
PREFADE-S,NAS100_TRAIN,2008-04-22 11:36:00+00:00,-1,2.0,3.5,3.120738480565251
PREFADE-S,NAS100_TRAIN,2008-04-23 13:13:00+00:00,-1,1.7000000000000455,7.7999999999999545,6.52630169510644
PREFADE-S,NAS100_TRAIN,2008-04-24 12:16:00+00:00,-1,6.0,2.2999999999999545,-5.828548294378379
PREFADE-S,NAS100_TRAIN,2008-04-30 12:31:00+00:00,-1,1.7000000000000455,6.2000000000000455,5.7000000000000455
PREFADE-S,NAS100_TRAIN,2008-05-01 12:13:00+00:00,-1,0.20000000000004547,4.7999999999999545,2.606367005480479
PREFADE-S,NAS100_TRAIN,2008-05-01 13:07:00+00:00,1,3.0,2.5,2.4153686582856153
PREFADE-S,NAS100_TRAIN,2008-05-02 12:16:00+00:00,-1,0.0,4.0,3.666198627927315
PREFADE-S,NAS100_TRAIN,2008-05-02 12:31:00+00:00,-1,9.199999999999818,1.0,-7.908474387040542
PREFADE-S,NAS100_TRAIN,2008-05-06 12:05:00+00:00,1,0.20000000000004547,7.0,6.27324861256875
PREFADE-S,NAS100_TRAIN,2008-05-08 11:45:00+00:00,-1,0.5,3.2000000000000455,2.617927980856166
PREFADE-S,NAS100_TRAIN,2008-05-13 12:46:00+00:00,-1,0.7999999999999545,4.900000000000091,4.833851865569386
PREFADE-S,NAS100_TRAIN,2008-05-14 12:31:00+00:00,-1,9.0,1.300000000000182,-6.401799858043205
PREFADE-S,NAS100_TRAIN,2008-05-15 11:39:00+00:00,-1,2.7999999999999545,2.0,1.7000000000000455
PREFADE-S,NAS100_TRAIN,2008-05-19 11:56:00+00:00,-1,2.7000000000000455,0.2999999999999545,-2.6690236771069067
PREFADE-S,NAS100_TRAIN,2008-05-19 13:16:00+00:00,-1,0.0,5.2999999999999545,3.47414014293895
PREFADE-S,NAS100_TRAIN,2008-05-20 12:34:00+00:00,1,8.699999999999818,1.0,-6.375529406112719
PREFADE-S,NAS100_TRAIN,2008-05-22 11:45:00+00:00,1,5.199999999999818,3.800000000000182,3.546487290549294
PREFADE-S,NAS100_TRAIN,2008-05-28 11:37:00+00:00,-1,8.799999999999955,0.20000000000004547,-7.991160834711309
PREFADE-S,NAS100_TRAIN,2008-05-29 13:00:00+00:00,1,0.20000000000004547,5.7999999999999545,4.848803440729625
PREFADE-S,NAS100_TRAIN,2008-05-30 12:31:00+00:00,-1,2.7000000000000455,2.7999999999999545,2.5009045506778875
PREFADE-S,NAS100_TRAIN,2008-06-03 12:09:00+00:00,-1,2.2999999999999545,3.7000000000000455,2.748468389298523
PREFADE-S,NAS100_TRAIN,2008-06-05 12:27:00+00:00,-1,3.5,5.5,4.615346619949378
PREFADE-S,NAS100_TRAIN,2008-06-06 12:31:00+00:00,1,7.7000000000000455,4.2999999999999545,-6.405414733645557
PREFADE-S,NAS100_TRAIN,2008-06-06 13:25:00+00:00,1,17.200000000000045,3.7999999999999545,-16.58134709321189
PREFADE-S,NAS100_TRAIN,2008-06-10 12:50:00+00:00,1,2.7999999999999545,8.200000000000045,7.915297267705228
PREFADE-S,NAS100_TRAIN,2008-06-11 13:13:00+00:00,1,8.0,1.5,-7.40522953140794
PREFADE-S,NAS100_TRAIN,2008-06-12 12:31:00+00:00,-1,0.1999999999998181,10.0,9.01371926921638
PREFADE-S,NAS100_TRAIN,2008-06-13 12:32:00+00:00,-1,9.0,0.0,-8.955134113216218
PREFADE-S,NAS100_TRAIN,2008-06-16 12:34:00+00:00,1,4.5,3.5,1.8513889726002617
PREFADE-S,NAS100_TRAIN,2008-06-17 12:26:00+00:00,-1,2.7000000000000455,5.7999999999999545,3.90047071120307
PREFADE-S,NAS100_TRAIN,2008-06-18 11:45:00+00:00,1,9.699999999999818,0.8000000000001819,-8.699999999999818
PREFADE-S,NAS100_TRAIN,2008-06-19 12:15:00+00:00,-1,2.5,4.7999999999999545,4.7999999999999545
PREFADE-S,NAS100_TRAIN,2008-06-20 11:35:00+00:00,1,11.700000000000045,4.399999999999864,-10.776813576533414
PREFADE-S,NAS100_TRAIN,2008-06-23 11:55:00+00:00,1,2.0,5.5,4.091458821475044
PREFADE-S,NAS100_TRAIN,2008-06-26 11:36:00+00:00,1,6.0,0.0,-5.398677995255184
PREFADE-S,NAS100_TRAIN,2008-06-26 12:35:00+00:00,1,16.399999999999864,1.300000000000182,-16.254989152908138
PREFADE-S,NAS100_TRAIN,2008-06-27 11:35:00+00:00,1,6.7000000000000455,6.0,4.930147242491557
PREFADE-S,NAS100_TRAIN,2008-07-03 11:48:00+00:00,1,2.5,7.2000000000000455,4.009606797069864
PREFADE-S,NAS100_TRAIN,2008-07-03 12:33:00+00:00,-1,8.0,5.2000000000000455,-7.8425390939924
PREFADE-S,NAS100_TRAIN,2008-07-04 12:42:00+00:00,1,0.20000000000004547,6.5,5.281978220280735
PREFADE-S,NAS100_TRAIN,2008-07-07 11:53:00+00:00,-1,9.900000000000091,3.2999999999999545,-9.734650351667597
PREFADE-S,NAS100_TRAIN,2008-07-08 12:27:00+00:00,-1,14.399999999999864,7.0,-13.471766962654101
PREFADE-S,NAS100_TRAIN,2008-07-10 13:01:00+00:00,1,4.5,9.700000000000045,7.52347944137432
PREFADE-S,NAS100_TRAIN,2008-07-16 12:13:00+00:00,-1,0.5,12.5,12.244203202601057
PREFADE-S,NAS100_TRAIN,2008-07-18 11:46:00+00:00,-1,4.2000000000000455,10.5,8.886590015050842
PREFADE-S,NAS100_TRAIN,2008-07-24 13:22:00+00:00,-1,0.7999999999999545,5.2000000000000455,4.646009742727756
PREFADE-S,NAS100_TRAIN,2008-07-25 11:50:00+00:00,-1,7.0,2.2999999999999545,0.44555600462922484
PREFADE-S,NAS100_TRAIN,2008-07-29 11:51:00+00:00,-1,3.7000000000000455,4.5,4.0734974095216785
PREFADE-S,NAS100_TRAIN,2008-07-30 12:16:00+00:00,-1,7.7999999999999545,3.8999999999998636,-7.272346325693206
PREFADE-S,NAS100_TRAIN,2008-07-31 12:04:00+00:00,-1,3.5,9.900000000000091,4.458366247787808
PREFADE-S,NAS100_TRAIN,2008-07-31 12:34:00+00:00,1,12.900000000000091,1.7999999999999545,-12.376297921485047
PREFADE-S,NAS100_TRAIN,2008-08-01 12:31:00+00:00,-1,4.5,4.7999999999999545,4.183563924683767
PREFADE-S,NAS100_TRAIN,2008-08-07 12:32:00+00:00,1,7.2000000000000455,4.7999999999999545,4.7562091249192235
PREFADE-S,NAS100_TRAIN,2008-08-08 11:59:00+00:00,1,0.0,5.7000000000000455,5.661699612821167
PREFADE-S,NAS100_TRAIN,2008-08-08 12:22:00+00:00,1,7.400000000000091,3.5,-5.996418308164721
PREFADE-S,NAS100_TRAIN,2008-08-11 11:36:00+00:00,-1,1.7999999999999545,5.0,4.7000000000000455
PREFADE-S,NAS100_TRAIN,2008-08-13 12:06:00+00:00,1,0.0,3.0,2.2382540800213064
PREFADE-S,NAS100_TRAIN,2008-08-13 12:14:00+00:00,1,1.2000000000000455,3.5,2.578869737005107
PREFADE-S,NAS100_TRAIN,2008-08-13 12:42:00+00:00,1,0.0,6.0,3.8680602359233944
PREFADE-S,NAS100_TRAIN,2008-08-14 12:31:00+00:00,1,3.0,5.2999999999999545,4.097289604807429
PREFADE-S,NAS100_TRAIN,2008-08-15 11:41:00+00:00,1,1.5,3.2000000000000455,3.2000000000000455
PREFADE-S,NAS100_TRAIN,2008-08-15 12:36:00+00:00,-1,1.2000000000000455,3.5,3.2999999999999545
PREFADE-S,NAS100_TRAIN,2008-08-15 13:12:00+00:00,1,1.0,5.5,3.710294393838467
PREFADE-S,NAS100_TRAIN,2008-08-19 11:44:00+00:00,1,7.5,0.2999999999999545,-6.120127039920135
PREFADE-S,NAS100_TRAIN,2008-08-20 12:29:00+00:00,1,1.5,5.800000000000182,4.007690781968904
PREFADE-S,NAS100_TRAIN,2008-08-21 13:11:00+00:00,1,1.0,5.7000000000000455,5.1649308345797635
PREFADE-S,NAS100_TRAIN,2008-08-22 11:40:00+00:00,-1,10.700000000000045,1.7999999999999545,-10.58976052983735
PREFADE-S,NAS100_TRAIN,2008-08-25 11:53:00+00:00,-1,2.2999999999999545,3.2000000000000455,2.5455938816071466
PREFADE-S,NAS100_TRAIN,2008-08-25 12:37:00+00:00,1,8.299999999999955,1.0,-4.660310254603473
PREFADE-S,NAS100_TRAIN,2008-08-26 12:08:00+00:00,1,1.5,4.900000000000091,4.813216525581993
PREFADE-S,NAS100_TRAIN,2008-08-27 12:32:00+00:00,-1,1.7999999999999545,5.2000000000000455,4.767201153113092
PREFADE-S,NAS100_TRAIN,2008-08-28 12:29:00+00:00,-1,10.0,0.5,-7.968002677567256
PREFADE-S,NAS100_TRAIN,2008-08-29 11:56:00+00:00,-1,0.2999999999999545,4.399999999999864,2.8999999999998636
PREFADE-S,NAS100_TRAIN,2008-08-29 12:37:00+00:00,1,2.5,3.0,2.2713929902263317
PREFADE-S,NAS100_TRAIN,2008-08-29 13:23:00+00:00,1,6.0,0.5,-5.221075557158656
PREFADE-S,NAS100_TRAIN,2008-09-01 12:07:00+00:00,-1,0.5,3.0,2.804694693301144
PREFADE-S,NAS100_TRAIN,2008-09-03 11:39:00+00:00,1,0.5,11.0,9.910139055572472
PREFADE-S,NAS100_TRAIN,2008-09-04 12:31:00+00:00,1,8.200000000000045,0.2999999999999545,-8.099424029404872
PREFADE-S,NAS100_TRAIN,2008-09-05 12:31:00+00:00,1,8.0,7.5,7.085352581137386
PREFADE-S,NAS100_TRAIN,2008-09-08 13:02:00+00:00,1,9.0,0.2999999999999545,-7.535675258519177
PREFADE-S,NAS100_TRAIN,2008-09-10 11:43:00+00:00,1,3.5,4.0,3.716123991726363
PREFADE-S,NAS100_TRAIN,2008-09-11 12:31:00+00:00,1,1.0,11.400000000000091,10.437772116365977
PREFADE-S,NAS100_TRAIN,2008-09-12 11:33:00+00:00,-1,0.1999999999998181,4.800000000000182,4.408661905924646
PREFADE-S,NAS100_TRAIN,2008-09-12 12:36:00+00:00,1,6.300000000000182,3.199999999999818,-6.051343831934673
PREFADE-S,NAS100_TRAIN,2008-09-16 12:58:00+00:00,1,5.7000000000000455,11.0,10.778237060320407
PREFADE-S,NAS100_TRAIN,2008-09-18 13:26:00+00:00,-1,6.5,13.299999999999955,10.439907494237787
PREFADE-S,NAS100_TRAIN,2008-09-19 12:13:00+00:00,-1,31.299999999999955,1.5,-26.38252654088228
PREFADE-S,NAS100_TRAIN,2008-09-22 12:41:00+00:00,-1,11.200000000000045,6.7000000000000455,5.765819185146711
PREFADE-S,NAS100_TRAIN,2008-09-23 11:54:00+00:00,1,2.0,6.899999999999864,6.49517105303903
PREFADE-S,NAS100_TRAIN,2008-09-23 13:04:00+00:00,-1,12.400000000000091,5.5,-11.483279114925153
PREFADE-S,NAS100_TRAIN,2008-09-24 11:38:00+00:00,1,6.400000000000091,7.2999999999999545,6.525112065148505
PREFADE-S,NAS100_TRAIN,2008-09-26 12:20:00+00:00,1,14.400000000000091,2.0,-11.354274508922572
PREFADE-S,NAS100_TRAIN,2008-10-01 12:25:00+00:00,1,5.7000000000000455,6.5,4.42130848301781
PREFADE-S,NAS100_TRAIN,2008-10-02 12:32:00+00:00,1,23.09999999999991,3.7000000000000455,-21.061280736313165
PREFADE-S,NAS100_TRAIN,2008-10-03 12:27:00+00:00,1,5.0,7.0,6.031831583516805
PREFADE-S,NAS100_TRAIN,2008-10-03 12:39:00+00:00,-1,2.2999999999999545,6.2000000000000455,6.2000000000000455
PREFADE-S,NAS100_TRAIN,2008-10-07 12:51:00+00:00,1,12.0,25.59999999999991,11.00568807464333
PREFADE-S,NAS100_TRAIN,2008-10-07 13:07:00+00:00,-1,3.0,19.40000000000009,16.926917193266263
PREFADE-S,NAS100_TRAIN,2008-10-10 13:00:00+00:00,1,3.2999999999999545,14.400000000000091,13.603077487333167
PREFADE-S,NAS100_TRAIN,2008-10-15 12:31:00+00:00,1,7.900000000000091,12.5,12.102952655179706
PREFADE-S,NAS100_TRAIN,2008-10-16 12:47:00+00:00,-1,6.5,21.09999999999991,20.03326620904363
PREFADE-S,NAS100_TRAIN,2008-10-21 11:38:00+00:00,1,9.700000000000045,7.2000000000000455,4.0
PREFADE-S,NAS100_TRAIN,2008-10-23 11:43:00+00:00,1,11.700000000000045,8.400000000000091,7.481645704459197
PREFADE-S,NAS100_TRAIN,2008-10-29 11:39:00+00:00,-1,16.5,13.200000000000045,8.045609089410164
PREFADE-S,NAS100_TRAIN,2008-11-06 12:32:00+00:00,-1,3.7999999999999545,17.399999999999864,11.17324136340767
PREFADE-S,NAS100_TRAIN,2008-11-07 13:32:00+00:00,1,0.0,8.0,6.736721382736505
PREFADE-S,NAS100_TRAIN,2008-11-07 14:00:00+00:00,1,2.5,11.200000000000045,10.541848982978081
PREFADE-S,NAS100_TRAIN,2008-11-10 14:12:00+00:00,1,12.5,3.0,-12.498984796155128
PREFADE-S,NAS100_TRAIN,2008-11-14 13:07:00+00:00,1,11.299999999999955,3.5,-9.98924171061185
PREFADE-S,NAS100_TRAIN,2008-11-18 13:47:00+00:00,-1,7.0,12.299999999999955,10.507518456854541
PREFADE-S,NAS100_TRAIN,2008-11-19 13:50:00+00:00,1,2.400000000000091,8.5,8.191084059342074
PREFADE-S,NAS100_TRAIN,2008-11-20 13:55:00+00:00,1,1.2000000000000455,11.5,10.438423328841054
PREFADE-S,NAS100_TRAIN,2008-11-25 13:20:00+00:00,-1,8.0,12.299999999999955,11.819463506393959
PREFADE-S,NAS100_TRAIN,2008-11-26 13:31:00+00:00,1,1.7999999999999545,6.5,5.783744391477967
PREFADE-S,NAS100_TRAIN,2008-12-03 12:53:00+00:00,1,11.700000000000045,3.0,2.979097143523404
PREFADE-S,NAS100_TRAIN,2008-12-04 13:10:00+00:00,1,8.0,5.7000000000000455,5.633030204851366
PREFADE-S,NAS100_TRAIN,2008-12-05 13:30:00+00:00,1,13.699999999999818,3.0,2.959810055221851
PREFADE-S,NAS100_TRAIN,2008-12-18 13:33:00+00:00,1,0.0,1.2999999999999545,0.0
PREFADE-S,NAS100_TRAIN,2008-12-19 13:13:00+00:00,-1,5.7999999999999545,3.2000000000000455,2.417237350947971
PREFADE-S,NAS100_TRAIN,2008-12-23 13:01:00+00:00,1,1.2000000000000455,4.0,2.5197475237941944
PREFADE-S,NAS100_TRAIN,2008-12-24 13:53:00+00:00,-1,0.7999999999999545,2.7000000000000455,2.393630629132531
PREFADE-S,NAS100_TRAIN,2008-12-26 12:36:00+00:00,-1,2.7999999999999545,0.20000000000004547,-2.7999999999999545
PREFADE-S,NAS100_TRAIN,2008-12-31 13:14:00+00:00,1,0.7999999999999545,5.0,3.7430319371196674
PREFADE-S,NAS100_TRAIN,2008-12-31 14:16:00+00:00,1,2.7000000000000455,4.7999999999999545,2.5
PREFADE-S,NAS100_TRAIN,2009-01-02 13:18:00+00:00,1,3.2000000000000455,4.5,3.910597280822003
PREFADE-S,NAS100_TRAIN,2009-01-05 13:11:00+00:00,1,3.0,3.7999999999999545,3.3021106918226906
PREFADE-S,NAS100_TRAIN,2009-01-07 13:16:00+00:00,1,11.0,1.7000000000000455,-7.308523809962253
PREFADE-S,NAS100_TRAIN,2009-01-08 12:37:00+00:00,1,6.699999999999818,2.800000000000182,2.5863934438737033
PREFADE-S,NAS100_TRAIN,2009-01-09 13:31:00+00:00,-1,5.5,3.5,3.413225270460316
PREFADE-S,NAS100_TRAIN,2009-01-15 13:27:00+00:00,-1,9.299999999999955,3.2000000000000455,-7.537670640218494
PREFADE-S,NAS100_TRAIN,2009-01-19 12:59:00+00:00,1,11.200000000000045,0.2999999999999545,-10.718878429539473
PREFADE-S,NAS100_TRAIN,2009-01-22 13:32:00+00:00,1,10.799999999999955,5.0,-10.178390059214735
PREFADE-S,NAS100_TRAIN,2009-01-29 12:32:00+00:00,-1,1.7000000000000455,6.0,5.7999999999999545
PREFADE-S,NAS100_TRAIN,2009-01-30 12:36:00+00:00,1,6.5,9.299999999999955,4.603506802122183
PREFADE-S,NAS100_TRAIN,2009-02-03 14:13:00+00:00,-1,1.5,7.7000000000000455,4.8002395709236225
PREFADE-S,NAS100_TRAIN,2009-02-04 13:35:00+00:00,-1,7.5,4.0,-5.855138793585638
PREFADE-S,NAS100_TRAIN,2009-02-06 13:33:00+00:00,-1,12.200000000000045,2.7999999999999545,-7.664830839593378
PREFADE-S,NAS100_TRAIN,2009-02-10 12:42:00+00:00,-1,1.2000000000000455,7.5,6.453157010153973
PREFADE-S,NAS100_TRAIN,2009-02-11 12:34:00+00:00,1,6.5,1.5,-6.4353106535681945
PREFADE-S,NAS100_TRAIN,2009-02-12 14:22:00+00:00,1,3.2999999999999545,7.7000000000000455,6.5285206396479225
PREFADE-S,NAS100_TRAIN,2009-02-13 13:20:00+00:00,1,7.7000000000000455,2.2999999999999545,-7.090374604108092
PREFADE-S,NAS100_TRAIN,2009-02-17 13:34:00+00:00,1,5.7999999999999545,4.2000000000000455,3.6324315731390016
PREFADE-S,NAS100_TRAIN,2009-02-18 13:48:00+00:00,-1,5.0,5.2000000000000455,4.611556306902912
PREFADE-S,NAS100_TRAIN,2009-02-19 14:13:00+00:00,-1,4.0,6.0,5.622890591451551
PREFADE-S,NAS100_TRAIN,2009-02-27 13:21:00+00:00,1,3.0,10.700000000000045,10.557772604578076
PREFADE-S,NAS100_TRAIN,2009-03-06 13:31:00+00:00,-1,7.5,0.5,0.42769882149832483
PREFADE-S,NAS100_TRAIN,2009-03-06 13:54:00+00:00,-1,2.0,7.0,6.647235647200205
PREFADE-S,NAS100_TRAIN,2009-03-12 12:33:00+00:00,-1,1.2000000000000455,6.2999999999999545,4.587187392772194
PREFADE-S,NAS100_TRAIN,2009-03-12 13:16:00+00:00,-1,2.2000000000000455,6.5,4.931465969436431
PREFADE-S,NAS100_TRAIN,2009-03-17 12:12:00+00:00,1,1.2000000000000455,6.0,5.903233973185252
PREFADE-S,NAS100_TRAIN,2009-03-18 13:11:00+00:00,1,2.2999999999999545,1.7000000000000455,1.563768220984457
PREFADE-S,NAS100_TRAIN,2009-03-19 11:39:00+00:00,-1,6.5,4.0,2.582775188975347
PREFADE-S,NAS100_TRAIN,2009-03-20 11:49:00+00:00,-1,1.2999999999999545,5.2999999999999545,5.027659179737611
PREFADE-S,NAS100_TRAIN,2009-03-25 13:17:00+00:00,-1,7.0,3.0,-6.631393646022389
PREFADE-S,NAS100_TRAIN,2009-03-26 12:30:00+00:00,-1,6.5,7.2000000000000455,4.181706467169761
PREFADE-S,NAS100_TRAIN,2009-03-27 12:02:00+00:00,1,4.0,4.7999999999999545,4.257267889932336
PREFADE-S,NAS100_TRAIN,2009-04-01 13:28:00+00:00,1,6.0,5.0,4.385601323535866
PREFADE-S,NAS100_TRAIN,2009-04-03 12:31:00+00:00,-1,3.7999999999999545,8.5,5.840994586777242
PREFADE-S,NAS100_TRAIN,2009-04-08 12:11:00+00:00,-1,13.0,0.3000000000001819,-11.917296766661593
PREFADE-S,NAS100_TRAIN,2009-04-09 12:02:00+00:00,-1,8.5,2.0,-7.589207092061088
PREFADE-S,NAS100_TRAIN,2009-04-14 12:11:00+00:00,-1,0.5,10.5,9.75944878531368
PREFADE-S,NAS100_TRAIN,2009-04-16 12:20:00+00:00,-1,10.599999999999909,4.0,1.623343174561569
PREFADE-S,NAS100_TRAIN,2009-04-17 11:59:00+00:00,-1,1.2000000000000455,6.2999999999999545,6.179200539301746
PREFADE-S,NAS100_TRAIN,2009-04-21 11:34:00+00:00,1,5.7999999999999545,7.7000000000000455,5.059917748372527
PREFADE-S,NAS100_TRAIN,2009-04-22 11:54:00+00:00,-1,0.0,8.5,5.789077746341263
PREFADE-S,NAS100_TRAIN,2009-04-24 11:47:00+00:00,-1,2.7000000000000455,8.299999999999955,6.69466607969639
PREFADE-S,NAS100_TRAIN,2009-05-06 12:16:00+00:00,-1,5.2999999999999545,6.0,5.520327695943706
PREFADE-S,NAS100_TRAIN,2009-05-08 11:56:00+00:00,-1,2.0,5.7999999999999545,5.46565753378286
PREFADE-S,NAS100_TRAIN,2009-05-08 13:30:00+00:00,1,0.20000000000004547,9.0,7.0952711360503145
PREFADE-S,NAS100_TRAIN,2009-05-14 11:54:00+00:00,-1,1.0,5.0,4.817545637744161
PREFADE-S,NAS100_TRAIN,2009-05-14 12:43:00+00:00,-1,1.0,4.2999999999999545,4.1207806029215135
PREFADE-S,NAS100_TRAIN,2009-05-18 11:41:00+00:00,-1,3.5,6.199999999999818,6.179865240171694
PREFADE-S,NAS100_TRAIN,2009-05-19 12:39:00+00:00,1,6.0,4.699999999999818,4.0144176088949735
PREFADE-S,NAS100_TRAIN,2009-05-21 12:36:00+00:00,1,6.7999999999999545,1.0,-6.32150133735604
PREFADE-S,NAS100_TRAIN,2009-05-27 11:40:00+00:00,1,4.2000000000000455,2.5,-3.782662906381802
PREFADE-S,NAS100_TRAIN,2009-06-02 11:58:00+00:00,-1,0.7999999999999545,5.7999999999999545,5.0
PREFADE-S,NAS100_TRAIN,2009-06-03 12:53:00+00:00,1,1.2000000000000455,6.5,5.702446026589996
PREFADE-S,NAS100_TRAIN,2009-06-05 11:36:00+00:00,-1,13.5,2.5,-3.7122146101332874
PREFADE-S,NAS100_TRAIN,2009-06-09 11:48:00+00:00,-1,1.0,5.7999999999999545,4.325687317995744
PREFADE-S,NAS100_TRAIN,2009-06-11 12:11:00+00:00,1,6.0,2.2000000000000455,-4.957331597735902
PREFADE-S,NAS100_TRAIN,2009-06-11 12:42:00+00:00,1,3.0,5.7999999999999545,5.389114815133553
PREFADE-S,NAS100_TRAIN,2009-06-12 11:35:00+00:00,1,6.0,3.2000000000000455,-5.728921587981404
PREFADE-S,NAS100_TRAIN,2009-06-16 12:21:00+00:00,-1,2.0,5.2999999999999545,4.014395310393411
PREFADE-S,NAS100_TRAIN,2009-06-19 12:38:00+00:00,-1,9.5,3.0,-9.029003618273464
PREFADE-S,NAS100_TRAIN,2009-06-24 12:31:00+00:00,-1,7.7999999999999545,0.0,-7.3619751136809555
PREFADE-S,NAS100_TRAIN,2009-06-25 12:31:00+00:00,1,8.299999999999955,4.7000000000000455,4.168510261019264
PREFADE-S,NAS100_TRAIN,2009-06-26 12:31:00+00:00,-1,0.5,4.2000000000000455,3.5401461517601547
PREFADE-S,NAS100_TRAIN,2009-06-26 12:50:00+00:00,1,2.7999999999999545,4.5,2.596064844498187
PREFADE-S,NAS100_TRAIN,2009-06-29 11:32:00+00:00,-1,0.5,7.0,5.8173003572626385
PREFADE-S,NAS100_TRAIN,2009-07-02 12:31:00+00:00,1,1.300000000000182,4.5,3.4502918507096183
PREFADE-S,NAS100_TRAIN,2009-07-02 12:49:00+00:00,1,7.300000000000182,3.0,-6.80571308616436
PREFADE-S,NAS100_TRAIN,2009-07-08 13:02:00+00:00,-1,1.2999999999999545,3.2000000000000455,2.7437549651938298
PREFADE-S,NAS100_TRAIN,2009-07-09 12:31:00+00:00,-1,2.7000000000000455,3.0,2.4008055023987254
PREFADE-S,NAS100_TRAIN,2009-07-13 12:13:00+00:00,-1,6.0,7.7000000000000455,5.895319457125879
PREFADE-S,NAS100_TRAIN,2009-07-14 11:43:00+00:00,-1,3.5,5.0,4.2495077875637435
PREFADE-S,NAS100_TRAIN,2009-07-14 13:03:00+00:00,1,0.0,5.7999999999999545,5.7992879690145855
PREFADE-S,NAS100_TRAIN,2009-07-16 12:31:00+00:00,-1,1.0,4.7000000000000455,4.7000000000000455
PREFADE-S,NAS100_TRAIN,2009-07-21 11:31:00+00:00,-1,5.5,1.5,0.42656651198103646
PREFADE-S,NAS100_TRAIN,2009-07-23 12:16:00+00:00,-1,0.0,4.5,4.381965035325948
PREFADE-S,NAS100_TRAIN,2009-07-28 11:35:00+00:00,1,4.699999999999818,2.0,0.8411604025095585
PREFADE-S,NAS100_TRAIN,2009-07-30 12:31:00+00:00,-1,9.799999999999955,5.7000000000000455,-8.679738627544111
PREFADE-S,NAS100_TRAIN,2009-07-31 12:13:00+00:00,-1,1.7999999999999545,6.2000000000000455,3.655546647712754
PREFADE-S,NAS100_TRAIN,2009-07-31 12:36:00+00:00,1,5.2000000000000455,2.5,2.258482632394589
PREFADE-S,NAS100_TRAIN,2009-08-06 12:12:00+00:00,-1,5.2999999999999545,4.7000000000000455,3.3198233086743585
PREFADE-S,NAS100_TRAIN,2009-08-07 12:26:00+00:00,-1,13.200000000000045,2.0,-4.906627135354256
PREFADE-S,NAS100_TRAIN,2009-08-10 12:39:00+00:00,1,1.0,3.7999999999999545,3.7761157074912717
PREFADE-S,NAS100_TRAIN,2009-08-11 12:58:00+00:00,1,7.2999999999999545,0.0,-6.964011148138525
PREFADE-S,NAS100_TRAIN,2009-08-14 12:32:00+00:00,1,4.7999999999999545,1.2000000000000455,-4.650424407230275
PREFADE-S,NAS100_TRAIN,2009-08-14 13:16:00+00:00,1,13.5,3.7999999999999545,-9.872330391591959
PREFADE-S,NAS100_TRAIN,2009-08-20 12:46:00+00:00,1,5.2999999999999545,4.5,4.115712425373204
PREFADE-S,NAS100_TRAIN,2009-08-25 11:54:00+00:00,-1,6.5,3.2999999999999545,2.648204724357811
PREFADE-S,NAS100_TRAIN,2009-08-27 12:28:00+00:00,-1,1.2000000000000455,6.0,5.716161662848435
PREFADE-S,NAS100_TRAIN,2009-08-28 13:01:00+00:00,-1,12.5,0.5,-9.359167982725467
PREFADE-S,NAS100_TRAIN,2009-09-03 11:34:00+00:00,-1,3.0,6.2000000000000455,5.323179756833497
PREFADE-S,NAS100_TRAIN,2009-09-04 12:36:00+00:00,-1,4.0,4.5,4.221355090455745
PREFADE-S,NAS100_TRAIN,2009-09-09 11:51:00+00:00,-1,2.5,5.5,3.7004052144022808
PREFADE-S,NAS100_TRAIN,2009-09-11 11:34:00+00:00,-1,4.0,0.7999999999999545,-3.621441291043766
PREFADE-S,NAS100_TRAIN,2009-09-15 12:00:00+00:00,-1,5.0,1.0,-4.743873519067847
PREFADE-S,NAS100_TRAIN,2009-09-16 12:50:00+00:00,-1,2.5,3.2000000000000455,1.8634226142344232
PREFADE-S,NAS100_TRAIN,2009-09-17 11:56:00+00:00,1,3.0,4.0,3.370615656596101
PREFADE-S,NAS100_TRAIN,2009-09-18 12:29:00+00:00,-1,6.599999999999909,0.0,-6.511469485022872
PREFADE-S,NAS100_TRAIN,2009-09-24 12:22:00+00:00,-1,5.5,5.199999999999818,4.803202845247142
PREFADE-S,NAS100_TRAIN,2009-09-25 12:32:00+00:00,1,3.0,5.5,5.034972856066815
PREFADE-S,NAS100_TRAIN,2009-09-30 12:33:00+00:00,-1,0.0,5.0,4.523641453045002
PREFADE-S,NAS100_TRAIN,2009-10-01 12:31:00+00:00,1,2.5,3.2000000000000455,2.9027980352823306
PREFADE-S,NAS100_TRAIN,2009-10-02 12:31:00+00:00,1,5.300000000000182,0.6999999999998181,-4.673064671961356
PREFADE-S,NAS100_TRAIN,2009-10-07 12:47:00+00:00,1,3.0,4.2000000000000455,3.7364834119493935
PREFADE-S,NAS100_TRAIN,2009-10-08 13:22:00+00:00,1,0.20000000000004547,5.0,4.704895276974639
PREFADE-S,NAS100_TRAIN,2009-10-09 12:12:00+00:00,1,1.7999999999999545,3.7000000000000455,3.652187646233415
PREFADE-S,NAS100_TRAIN,2009-10-15 12:22:00+00:00,1,1.2999999999999545,6.0,5.555018258616883
PREFADE-S,NAS100_TRAIN,2009-10-16 12:21:00+00:00,1,13.699999999999818,6.0,-11.597358264268678
PREFADE-S,NAS100_TRAIN,2009-10-21 11:43:00+00:00,1,0.20000000000004547,7.5,7.025206776082996
PREFADE-S,NAS100_TRAIN,2009-10-22 12:08:00+00:00,-1,3.2000000000000455,5.2999999999999545,3.520006259453112
PREFADE-S,NAS100_TRAIN,2009-10-23 12:31:00+00:00,-1,4.0,1.2999999999999545,-3.9002682561624624
PREFADE-S,NAS100_TRAIN,2009-10-28 13:09:00+00:00,1,0.0,12.200000000000045,12.087083775574229
PREFADE-S,NAS100_TRAIN,2009-10-29 12:31:00+00:00,-1,6.2999999999999545,3.0,-6.127650143651181
PREFADE-S,NAS100_TRAIN,2009-10-30 11:37:00+00:00,1,0.5,3.5,2.9179606334023447
PREFADE-S,NAS100_TRAIN,2009-11-04 13:31:00+00:00,-1,3.7000000000000455,2.5,2.0671070795863216
PREFADE-S,NAS100_TRAIN,2009-11-05 14:08:00+00:00,-1,19.0,2.7999999999999545,-18.066742838804203
PREFADE-S,NAS100_TRAIN,2009-11-06 12:42:00+00:00,-1,13.200000000000045,1.2999999999999545,-3.796711633721543
PREFADE-S,NAS100_TRAIN,2009-11-06 13:31:00+00:00,1,6.5,4.0,-5.691560881421765
PREFADE-S,NAS100_TRAIN,2009-11-18 13:31:00+00:00,1,5.0,3.5,-4.856358529699037
PREFADE-S,NAS100_TRAIN,2009-11-24 12:36:00+00:00,-1,0.7000000000000455,4.7999999999999545,4.590960005231182
PREFADE-S,NAS100_TRAIN,2009-12-04 13:31:00+00:00,-1,10.200000000000045,3.5,-9.166639413076155
PREFADE-S,NAS100_TRAIN,2009-12-08 12:34:00+00:00,1,5.0,8.5,7.525972619666618
PREFADE-S,NAS100_TRAIN,2009-12-10 13:18:00+00:00,-1,2.0,7.0,6.868131110790728
PREFADE-S,NAS100_TRAIN,2009-12-15 13:31:00+00:00,1,3.5,3.2999999999999545,1.8786410592520042
PREFADE-S,NAS100_TRAIN,2009-12-18 14:30:00+00:00,-1,0.7999999999999545,4.0,3.231623564143092
PREFADE-S,NAS100_TRAIN,2009-12-31 13:50:00+00:00,-1,0.2999999999999545,1.7000000000000455,1.6532345635550882
PREFADE-S,NAS100_TRAIN,2010-01-04 14:01:00+00:00,-1,4.7999999999999545,3.7000000000000455,-2.7999999999999545
PREFADE-S,NAS100_TRAIN,2010-01-05 12:50:00+00:00,-1,0.7999999999999545,3.2000000000000455,2.5648656012212996
PREFADE-S,NAS100_TRAIN,2010-01-06 13:51:00+00:00,-1,3.5,1.7000000000000455,-3.5
PREFADE-S,NAS100_TRAIN,2010-01-08 13:30:00+00:00,-1,0.0,8.5,1.0890135628837925
PREFADE-S,NAS100_TRAIN,2010-01-11 14:13:00+00:00,1,5.7000000000000455,2.5,-4.664159487055485
PREFADE-S,NAS100_TRAIN,2010-01-13 12:36:00+00:00,-1,0.5,3.7999999999999545,3.6822016936760065
PREFADE-S,NAS100_TRAIN,2010-01-14 13:49:00+00:00,1,2.0,3.7000000000000455,3.6069596583474777
PREFADE-S,NAS100_TRAIN,2010-01-19 13:01:00+00:00,1,1.2000000000000455,7.7999999999999545,7.508398105690503
PREFADE-S,NAS100_TRAIN,2010-01-28 13:51:00+00:00,1,8.200000000000045,0.5,-7.691855059714271
PREFADE-S,NAS100_TRAIN,2010-01-29 13:23:00+00:00,-1,9.299999999999955,4.2000000000000455,3.0194490734763804
PREFADE-S,NAS100_TRAIN,2010-02-03 13:02:00+00:00,1,1.7000000000000455,4.5,3.7999999999999545
PREFADE-S,NAS100_TRAIN,2010-02-03 13:30:00+00:00,1,2.5,3.2999999999999545,2.4587885381031356
PREFADE-S,NAS100_TRAIN,2010-02-05 13:31:00+00:00,1,3.5,4.7999999999999545,2.7384344164661343
PREFADE-S,NAS100_TRAIN,2010-02-05 13:35:00+00:00,-1,6.2999999999999545,3.2000000000000455,3.051021958158117
PREFADE-S,NAS100_TRAIN,2010-02-08 12:31:00+00:00,1,1.2000000000000455,7.7999999999999545,6.536548743199319
PREFADE-S,NAS100_TRAIN,2010-02-11 14:02:00+00:00,1,7.0,3.0,-6.080705755392273
PREFADE-S,NAS100_TRAIN,2010-02-12 14:24:00+00:00,1,2.5,7.5,6.418289909362784
PREFADE-S,NAS100_TRAIN,2010-02-17 12:46:00+00:00,-1,2.7000000000000455,2.0,1.4798985583806825
PREFADE-S,NAS100_TRAIN,2010-02-19 13:31:00+00:00,-1,9.5,3.7000000000000455,-9.25691889726727
PREFADE-S,NAS100_TRAIN,2010-02-22 12:54:00+00:00,-1,3.5,4.5,2.779246870494717
PREFADE-S,NAS100_TRAIN,2010-02-24 12:43:00+00:00,-1,6.2000000000000455,3.5,-5.2203458024155225
PREFADE-S,NAS100_TRAIN,2010-02-25 13:33:00+00:00,1,10.0,3.0,-9.080744101434675
PREFADE-S,NAS100_TRAIN,2010-02-26 13:27:00+00:00,1,2.5,3.7000000000000455,3.5965443423481247
PREFADE-S,NAS100_TRAIN,2010-03-01 12:56:00+00:00,1,0.5,4.0,3.992549075712077
PREFADE-S,NAS100_TRAIN,2010-03-02 12:47:00+00:00,-1,4.2000000000000455,3.5,1.830008503403178
PREFADE-S,NAS100_TRAIN,2010-03-03 12:40:00+00:00,1,1.7000000000000455,3.0,2.0261967490598636
PREFADE-S,NAS100_TRAIN,2010-03-03 13:34:00+00:00,-1,1.7000000000000455,2.5,1.9195774990816972
PREFADE-S,NAS100_TRAIN,2010-03-04 13:41:00+00:00,-1,3.5,4.0,3.4731135661645567
PREFADE-S,NAS100_TRAIN,2010-03-05 12:41:00+00:00,-1,5.2999999999999545,3.0,-4.541415046038082
PREFADE-S,NAS100_TRAIN,2010-03-11 13:34:00+00:00,1,2.7000000000000455,2.0,1.7481284171683455
PREFADE-S,NAS100_TRAIN,2010-03-12 13:31:00+00:00,-1,4.0,0.0,-3.8762840430372307
PREFADE-S,NAS100_TRAIN,2010-03-16 12:32:00+00:00,-1,0.0,2.7000000000000455,2.7000000000000455
PREFADE-S,NAS100_TRAIN,2010-03-16 13:15:00+00:00,-1,0.7999999999999545,2.2000000000000455,2.0674055844463055
PREFADE-S,NAS100_TRAIN,2010-03-18 12:36:00+00:00,-1,0.7000000000000455,3.0,2.762986461747687
PREFADE-S,NAS100_TRAIN,2010-03-19 12:01:00+00:00,-1,2.7000000000000455,0.2999999999999545,-2.319654908959137
PREFADE-S,NAS100_TRAIN,2010-03-19 13:25:00+00:00,-1,2.5,4.0,2.863604000301166
PREFADE-S,NAS100_TRAIN,2010-03-23 13:02:00+00:00,-1,0.3000000000001819,4.0,2.842742704557395
PREFADE-S,NAS100_TRAIN,2010-03-25 12:11:00+00:00,-1,6.5,2.5,0.40114628045807876
PREFADE-S,NAS100_TRAIN,2010-03-31 12:17:00+00:00,1,4.300000000000182,1.199999999999818,-3.800000000000182
PREFADE-S,NAS100_TRAIN,2010-04-02 12:31:00+00:00,1,0.0,3.7000000000000455,0.06466620309015525
PREFADE-S,NAS100_TRAIN,2010-04-02 12:39:00+00:00,-1,4.5,0.20000000000004547,-4.0
PREFADE-S,NAS100_TRAIN,2010-04-05 12:34:00+00:00,1,1.5,3.0,3.0
PREFADE-S,NAS100_TRAIN,2010-04-06 12:19:00+00:00,1,1.5,2.5,1.9983871835961509
PREFADE-S,NAS100_TRAIN,2010-04-07 11:37:00+00:00,1,1.2999999999999545,1.7000000000000455,1.7000000000000455
PREFADE-S,NAS100_TRAIN,2010-04-07 13:26:00+00:00,-1,0.5,3.0,2.2442213528397588
PREFADE-S,NAS100_TRAIN,2010-04-12 12:28:00+00:00,1,0.5,5.2999999999999545,4.819095429425033
PREFADE-S,NAS100_TRAIN,2010-04-13 12:21:00+00:00,-1,1.7000000000000455,1.7999999999999545,1.6542740188176595
PREFADE-S,NAS100_TRAIN,2010-04-14 11:36:00+00:00,-1,3.5,0.7999999999999545,-2.698270581036013
PREFADE-S,NAS100_TRAIN,2010-04-23 12:30:00+00:00,-1,3.0,6.7000000000000455,6.542176259040389
PREFADE-S,NAS100_TRAIN,2010-04-28 12:15:00+00:00,-1,2.0,9.299999999999955,8.093324901376263
PREFADE-S,NAS100_TRAIN,2010-04-29 11:33:00+00:00,-1,8.0,1.5,-7.455690563514281
PREFADE-S,NAS100_TRAIN,2010-05-04 11:46:00+00:00,1,17.199999999999818,3.800000000000182,-10.773585008691498
PREFADE-S,NAS100_TRAIN,2010-05-05 11:35:00+00:00,1,6.7000000000000455,4.5,-6.6546211498950925
PREFADE-S,NAS100_TRAIN,2010-05-06 12:46:00+00:00,1,9.200000000000045,5.7999999999999545,4.674099044799732
PREFADE-S,NAS100_TRAIN,2010-05-12 11:43:00+00:00,-1,17.100000000000136,1.0,-16.43505784109766
PREFADE-S,NAS100_TRAIN,2010-05-13 13:04:00+00:00,1,0.2999999999999545,7.7000000000000455,6.4461932928893475
PREFADE-S,NAS100_TRAIN,2010-05-14 12:33:00+00:00,1,16.799999999999955,8.0,-15.113099400561396
PREFADE-S,NAS100_TRAIN,2010-05-20 12:32:00+00:00,1,28.5,6.5,-6.7999999999999545
PREFADE-S,NAS100_TRAIN,2010-05-21 12:31:00+00:00,1,14.200000000000045,14.799999999999955,14.718403547330354
PREFADE-S,NAS100_TRAIN,2010-05-24 13:04:00+00:00,-1,15.5,5.7000000000000455,-14.849910693640595
PREFADE-S,NAS100_TRAIN,2010-05-26 12:03:00+00:00,-1,3.5,8.800000000000182,8.36457124149706
PREFADE-S,NAS100_TRAIN,2010-05-28 11:45:00+00:00,-1,5.2000000000000455,5.5,5.237849045929806
PREFADE-S,NAS100_TRAIN,2010-06-02 11:47:00+00:00,-1,0.20000000000004547,6.7999999999999545,6.443186258428341
PREFADE-S,NAS100_TRAIN,2010-06-04 11:32:00+00:00,1,19.699999999999818,3.300000000000182,-14.951818030183176
PREFADE-S,NAS100_TRAIN,2010-06-09 11:31:00+00:00,-1,9.299999999999955,0.5,-9.020586039801628
PREFADE-S,NAS100_TRAIN,2010-06-11 12:31:00+00:00,1,4.5,6.5,6.035701502796201
PREFADE-S,NAS100_TRAIN,2010-06-14 12:06:00+00:00,-1,7.5,1.5,-6.762071491210463
PREFADE-S,NAS100_TRAIN,2010-06-16 12:26:00+00:00,1,3.7999999999999545,3.5,2.7001251536205473
PREFADE-S,NAS100_TRAIN,2010-06-18 12:30:00+00:00,1,1.0,3.7999999999999545,3.4662606991387293
PREFADE-S,NAS100_TRAIN,2010-06-18 13:25:00+00:00,-1,0.7000000000000455,4.0,3.917479726985448
PREFADE-S,NAS100_TRAIN,2010-06-23 12:12:00+00:00,-1,0.5,4.5,4.5
PREFADE-S,NAS100_TRAIN,2010-06-28 12:50:00+00:00,1,1.7000000000000455,4.7999999999999545,4.5540404977396065
PREFADE-S,NAS100_TRAIN,2010-06-30 12:19:00+00:00,1,7.5,4.5,3.2537783486502576
PREFADE-S,NAS100_TRAIN,2010-07-01 12:58:00+00:00,-1,9.699999999999818,1.800000000000182,-9.199999999999818
PREFADE-S,NAS100_TRAIN,2010-07-02 12:30:00+00:00,-1,6.300000000000182,10.199999999999818,5.96885499772452
PREFADE-S,NAS100_TRAIN,2010-07-02 12:37:00+00:00,1,1.199999999999818,9.0,8.124087947362796
PREFADE-S,NAS100_TRAIN,2010-07-02 13:23:00+00:00,-1,2.0,7.300000000000182,5.361252732345974
PREFADE-S,NAS100_TRAIN,2010-07-07 12:34:00+00:00,-1,0.0,6.100000000000136,5.78427336854179
PREFADE-S,NAS100_TRAIN,2010-07-07 13:24:00+00:00,-1,8.300000000000182,1.199999999999818,-7.301312257630116
PREFADE-S,NAS100_TRAIN,2010-07-08 12:31:00+00:00,-1,6.5,1.0,-6.474674521739871
PREFADE-S,NAS100_TRAIN,2010-07-08 13:30:00+00:00,-1,3.199999999999818,9.300000000000182,8.009313188118767
PREFADE-S,NAS100_TRAIN,2010-07-09 12:34:00+00:00,1,2.5,3.300000000000182,3.1973585416410515
PREFADE-S,NAS100_TRAIN,2010-07-12 13:13:00+00:00,-1,7.5,3.2000000000000455,-7.392830481798228
PREFADE-S,NAS100_TRAIN,2010-07-14 12:14:00+00:00,1,7.7999999999999545,0.7000000000000455,-7.356629045989621
PREFADE-S,NAS100_TRAIN,2010-07-15 12:31:00+00:00,-1,1.2000000000000455,2.2999999999999545,1.7312140774972704
PREFADE-S,NAS100_TRAIN,2010-07-20 12:06:00+00:00,1,7.5,4.5,3.246065908941091
PREFADE-S,NAS100_TRAIN,2010-07-21 12:01:00+00:00,-1,6.2999999999999545,0.0,-6.262206460764901
PREFADE-S,NAS100_TRAIN,2010-07-21 12:56:00+00:00,-1,3.0,7.5,6.100559077174694
PREFADE-S,NAS100_TRAIN,2010-07-23 13:18:00+00:00,1,4.5,4.7000000000000455,4.597752038624776
PREFADE-S,NAS100_TRAIN,2010-07-26 11:34:00+00:00,1,0.5,5.7999999999999545,4.961247271312004
PREFADE-S,NAS100_TRAIN,2010-07-28 12:32:00+00:00,1,3.0,5.7000000000000455,4.5
PREFADE-S,NAS100_TRAIN,2010-07-29 13:00:00+00:00,-1,4.7000000000000455,4.2999999999999545,3.752348851971419
PREFADE-S,NAS100_TRAIN,2010-07-30 12:31:00+00:00,1,7.5,0.7000000000000455,-6.8386204429446025
PREFADE-S,NAS100_TRAIN,2010-08-03 12:54:00+00:00,-1,1.5,4.2000000000000455,3.491695974688355
PREFADE-S,NAS100_TRAIN,2010-08-04 12:19:00+00:00,-1,9.799999999999955,0.7000000000000455,-7.301666506948322
PREFADE-S,NAS100_TRAIN,2010-08-05 12:31:00+00:00,1,4.5,3.7999999999999545,2.897212049890868
PREFADE-S,NAS100_TRAIN,2010-08-06 12:31:00+00:00,1,8.0,3.2999999999999545,-6.577378143240821
PREFADE-S,NAS100_TRAIN,2010-08-10 12:19:00+00:00,1,10.5,2.7000000000000455,-8.048612346799473
PREFADE-S,NAS100_TRAIN,2010-08-12 12:31:00+00:00,1,10.5,8.0,6.2888769217427125
PREFADE-S,NAS100_TRAIN,2010-08-18 12:19:00+00:00,-1,1.2000000000000455,6.7999999999999545,4.407995355819594
PREFADE-S,NAS100_TRAIN,2010-08-19 12:21:00+00:00,-1,1.0,12.799999999999955,7.10477759746459
PREFADE-S,NAS100_TRAIN,2010-08-23 11:44:00+00:00,-1,5.699999999999818,4.5,2.699017523386374
PREFADE-S,NAS100_TRAIN,2010-08-24 12:14:00+00:00,1,12.199999999999818,0.5,-11.58203387290564
PREFADE-S,NAS100_TRAIN,2010-08-25 12:07:00+00:00,1,9.0,4.0,3.3299086775409705
PREFADE-S,NAS100_TRAIN,2010-08-26 12:01:00+00:00,1,1.800000000000182,3.199999999999818,3.1718059429861114
PREFADE-S,NAS100_TRAIN,2010-08-26 12:31:00+00:00,-1,4.0,3.800000000000182,3.7527042428009736
PREFADE-S,NAS100_TRAIN,2010-08-27 12:31:00+00:00,-1,5.2000000000000455,6.5,5.528259457011927
PREFADE-S,NAS100_TRAIN,2010-08-30 11:55:00+00:00,1,5.5,4.0,3.9068556523393454
PREFADE-S,NAS100_TRAIN,2010-09-02 12:26:00+00:00,-1,2.2000000000000455,3.7999999999999545,3.463279411282656
PREFADE-S,NAS100_TRAIN,2010-09-03 12:30:00+00:00,-1,13.700000000000045,0.0,-5.263480690735605
PREFADE-S,NAS100_TRAIN,2010-09-06 12:04:00+00:00,-1,2.7999999999999545,2.7000000000000455,2.424070824109549
PREFADE-S,NAS100_TRAIN,2010-09-07 11:41:00+00:00,1,0.0,7.2000000000000455,7.050710543551304
PREFADE-S,NAS100_TRAIN,2010-09-08 12:25:00+00:00,-1,11.0,6.5,-10.814027519105139
PREFADE-S,NAS100_TRAIN,2010-09-09 12:31:00+00:00,-1,6.5,3.7999999999999545,3.168149645659696
PREFADE-S,NAS100_TRAIN,2010-09-15 12:30:00+00:00,1,1.7999999999999545,6.2000000000000455,5.5
PREFADE-S,NAS100_TRAIN,2010-09-16 12:35:00+00:00,1,1.5,2.0,2.0
PREFADE-S,NAS100_TRAIN,2010-09-17 12:10:00+00:00,1,1.5,7.0,6.60074070726705
PREFADE-S,NAS100_TRAIN,2010-09-21 13:02:00+00:00,-1,0.5,4.800000000000182,4.219804786958775
PREFADE-S,NAS100_TRAIN,2010-09-23 12:31:00+00:00,1,2.7999999999999545,8.799999999999955,8.277168395708259
PREFADE-S,NAS100_TRAIN,2010-09-24 12:08:00+00:00,-1,8.5,0.5,-8.428953154893179
PREFADE-S,NAS100_TRAIN,2010-09-30 12:31:00+00:00,-1,7.0,1.199999999999818,-6.167008107063566
PREFADE-S,NAS100_TRAIN,2010-10-01 12:31:00+00:00,-1,4.5,4.0,3.9490673549146322
PREFADE-S,NAS100_TRAIN,2010-10-05 12:13:00+00:00,-1,8.5,0.20000000000004547,-8.253930788798016
PREFADE-S,NAS100_TRAIN,2010-10-05 13:23:00+00:00,-1,16.299999999999955,2.5,-15.105659843051171
PREFADE-S,NAS100_TRAIN,2010-10-06 12:16:00+00:00,1,3.7000000000000455,2.2999999999999545,2.1922149355284546
PREFADE-S,NAS100_TRAIN,2010-10-07 12:31:00+00:00,-1,0.5,2.0,0.7559846655890397
PREFADE-S,NAS100_TRAIN,2010-10-07 12:45:00+00:00,-1,8.199999999999818,0.8000000000001819,-5.72392559534228
PREFADE-S,NAS100_TRAIN,2010-10-08 12:31:00+00:00,1,0.20000000000004547,10.799999999999955,4.687855268647809
PREFADE-S,NAS100_TRAIN,2010-10-08 12:44:00+00:00,-1,0.3000000000001819,6.7999999999999545,5.5140596976116285
PREFADE-S,NAS100_TRAIN,2010-10-12 12:57:00+00:00,-1,0.5,8.200000000000045,7.051529251973761
PREFADE-S,NAS100_TRAIN,2010-10-14 13:04:00+00:00,1,7.0,2.0,-6.642382024243489
PREFADE-S,NAS100_TRAIN,2010-10-15 12:16:00+00:00,-1,5.0,4.0,3.065640708765841
PREFADE-S,NAS100_TRAIN,2010-10-15 13:19:00+00:00,-1,4.5,5.799999999999727,5.299999999999727
PREFADE-S,NAS100_TRAIN,2010-10-18 12:17:00+00:00,-1,3.0,7.0,5.00614380313209
PREFADE-S,NAS100_TRAIN,2010-10-19 13:06:00+00:00,1,5.199999999999818,5.800000000000182,4.4367025541369
PREFADE-S,NAS100_TRAIN,2010-10-22 11:45:00+00:00,-1,4.700000000000273,3.5,3.2629412015107846
PREFADE-S,NAS100_TRAIN,2010-10-26 11:54:00+00:00,1,5.200000000000273,2.299999999999727,-4.369730825766965
PREFADE-S,NAS100_TRAIN,2010-10-28 12:24:00+00:00,-1,6.0,0.5,-5.319134284303345
PREFADE-S,NAS100_TRAIN,2010-10-28 12:46:00+00:00,-1,0.8000000000001819,6.0,5.489946403065005
PREFADE-S,NAS100_TRAIN,2010-10-29 12:53:00+00:00,-1,6.699999999999818,3.300000000000182,-6.442995539548065
PREFADE-S,NAS100_TRAIN,2010-11-01 12:11:00+00:00,1,2.5,4.699999999999818,3.069018390684505
PREFADE-S,NAS100_TRAIN,2010-11-02 11:32:00+00:00,-1,7.5,1.5,-6.775197182932516
PREFADE-S,NAS100_TRAIN,2010-11-05 12:22:00+00:00,1,0.0,12.699999999999818,3.2730294874118044
PREFADE-S,NAS100_TRAIN,2010-11-05 12:41:00+00:00,-1,0.5,5.5,5.0
PREFADE-S,NAS100_TRAIN,2010-11-10 13:49:00+00:00,-1,0.5,5.0,4.610325778742208
PREFADE-S,NAS100_TRAIN,2010-11-11 12:54:00+00:00,1,8.699999999999818,3.300000000000182,-7.467134413385338
PREFADE-S,NAS100_TRAIN,2010-11-15 12:36:00+00:00,-1,4.800000000000182,3.699999999999818,3.330131261057886
PREFADE-S,NAS100_TRAIN,2010-11-19 12:31:00+00:00,1,1.0,6.300000000000182,5.891445680055767
PREFADE-S,NAS100_TRAIN,2010-11-22 13:04:00+00:00,1,10.5,3.800000000000182,3.6538818456619993
PREFADE-S,NAS100_TRAIN,2010-11-24 13:30:00+00:00,-1,11.299999999999727,4.0,-9.182616890345344
PREFADE-S,NAS100_TRAIN,2010-11-29 13:14:00+00:00,1,18.0,7.0,-14.425548665822134
PREFADE-S,NAS100_TRAIN,2010-11-30 12:50:00+00:00,1,11.700000000000273,0.5,-10.01478116927683
PREFADE-S,NAS100_TRAIN,2010-12-02 12:48:00+00:00,-1,0.0,9.5,7.086515190818318
PREFADE-S,NAS100_TRAIN,2010-12-03 12:51:00+00:00,-1,4.800000000000182,0.5,-4.231486402254177
PREFADE-S,NAS100_TRAIN,2010-12-03 13:31:00+00:00,1,8.199999999999818,0.5,-7.0013576397168436
PREFADE-S,NAS100_TRAIN,2010-12-03 13:51:00+00:00,1,3.699999999999818,11.300000000000182,9.454067698758081
PREFADE-S,NAS100_TRAIN,2010-12-08 13:25:00+00:00,-1,7.200000000000273,3.799999999999727,2.65743212173129
PREFADE-S,NAS100_TRAIN,2010-12-10 12:58:00+00:00,-1,1.699999999999818,3.5,2.800000000000182
PREFADE-S,NAS100_TRAIN,2010-12-17 14:17:00+00:00,-1,1.5,3.300000000000182,2.1592593100222075
PREFADE-S,NAS100_TRAIN,2010-12-22 12:53:00+00:00,-1,2.0,0.5,-1.8977455058538908
PREFADE-S,NAS100_TRAIN,2010-12-23 13:12:00+00:00,1,2.300000000000182,4.0,2.7698485518944835
PREFADE-S,NAS100_TRAIN,2010-12-28 14:30:00+00:00,-1,1.5,2.5,2.200000000000273
PREFADE-S,NAS100_TRAIN,2010-12-30 13:00:00+00:00,1,0.20000000000027285,3.0,2.382991908571512
PREFADE-S,NAS100_TRAIN,2010-12-31 13:13:00+00:00,1,5.299999999999727,2.0,-4.4302089944130785
PREFADE-S,NAS100_TRAIN,2011-01-03 12:51:00+00:00,-1,13.700000000000273,1.7999999999997272,-12.208501469766816
PREFADE-S,NAS100_TRAIN,2011-01-04 13:12:00+00:00,-1,3.700000000000273,3.299999999999727,2.7265997333133782
PREFADE-S,NAS100_TRAIN,2011-01-07 13:04:00+00:00,-1,3.5,10.0,3.29698160977523
PREFADE-S,NAS100_TRAIN,2011-01-07 14:01:00+00:00,-1,3.199999999999818,3.0,2.728854840680924
PREFADE-S,NAS100_TRAIN,2011-01-11 13:43:00+00:00,-1,0.3000000000001819,6.199999999999818,5.716134091427193
PREFADE-S,NAS100_TRAIN,2011-01-13 12:38:00+00:00,-1,1.199999999999818,5.800000000000182,2.5558205898619235
PREFADE-S,NAS100_TRAIN,2011-01-13 13:56:00+00:00,1,0.5,2.699999999999818,2.5737333881256745
PREFADE-S,NAS100_TRAIN,2011-01-14 12:55:00+00:00,1,3.299999999999727,3.5,3.5
PREFADE-S,NAS100_TRAIN,2011-01-17 13:46:00+00:00,1,5.299999999999727,0.0,-5.0521218149874585
PREFADE-S,NAS100_TRAIN,2011-01-19 13:17:00+00:00,1,1.7999999999997272,3.5,3.2830175522121863
PREFADE-S,NAS100_TRAIN,2011-01-20 12:44:00+00:00,1,1.5,3.700000000000273,3.613226078779917
PREFADE-S,NAS100_TRAIN,2011-01-21 13:23:00+00:00,-1,6.0,4.5,3.8009920839072038
PREFADE-S,NAS100_TRAIN,2011-01-27 12:33:00+00:00,-1,1.5,5.0,4.371062975723817
PREFADE-S,NAS100_TRAIN,2011-01-28 13:27:00+00:00,-1,4.800000000000182,4.0,2.544199840082456
PREFADE-S,NAS100_TRAIN,2011-02-01 13:28:00+00:00,-1,7.199999999999818,2.0,-6.953096862700022
PREFADE-S,NAS100_TRAIN,2011-02-02 13:31:00+00:00,1,4.0,1.199999999999818,-3.1437914637836
PREFADE-S,NAS100_TRAIN,2011-02-03 13:07:00+00:00,1,0.5,5.0,4.641846947185968
PREFADE-S,NAS100_TRAIN,2011-02-04 12:44:00+00:00,-1,3.0,1.0,-3.0
PREFADE-S,NAS100_TRAIN,2011-02-04 13:32:00+00:00,-1,3.5,3.300000000000182,1.486795558560516
PREFADE-S,NAS100_TRAIN,2011-02-11 13:06:00+00:00,-1,1.0,4.0,3.834038489271279
PREFADE-S,NAS100_TRAIN,2011-02-15 13:37:00+00:00,1,1.5,5.0,3.4267086423678847
PREFADE-S,NAS100_TRAIN,2011-02-17 13:31:00+00:00,1,1.5,1.0,0.8380080269198515
PREFADE-S,NAS100_TRAIN,2011-02-17 13:45:00+00:00,1,4.5,0.7000000000002728,-3.43038328483226
PREFADE-S,NAS100_TRAIN,2011-02-18 14:02:00+00:00,-1,1.5,3.799999999999727,2.841346832995441
PREFADE-S,NAS100_TRAIN,2011-02-21 14:06:00+00:00,1,6.800000000000182,2.199999999999818,-6.517329633536065
PREFADE-S,NAS100_TRAIN,2011-02-23 14:30:00+00:00,1,1.0,7.300000000000182,6.783739835847882
PREFADE-S,NAS100_TRAIN,2011-02-24 14:09:00+00:00,-1,9.5,7.699999999999818,6.893715329372299
PREFADE-S,NAS100_TRAIN,2011-03-04 13:31:00+00:00,-1,0.5,6.0,3.512927945213505
PREFADE-S,NAS100_TRAIN,2011-03-04 13:37:00+00:00,1,3.299999999999727,3.0,2.753248642967719
PREFADE-S,NAS100_TRAIN,2011-03-08 12:33:00+00:00,1,8.5,7.0,-7.526176581636264
PREFADE-S,NAS100_TRAIN,2011-03-09 14:08:00+00:00,1,8.200000000000273,3.299999999999727,-7.12288671074657
PREFADE-S,NAS100_TRAIN,2011-03-16 13:30:00+00:00,1,2.300000000000182,9.0,8.74002426036077
PREFADE-S,NAS100_TRAIN,2011-03-22 13:06:00+00:00,-1,1.2999999999997272,5.700000000000273,5.221409711061824
PREFADE-S,NAS100_TRAIN,2011-03-24 11:39:00+00:00,-1,4.0,8.700000000000273,7.666148159581098
PREFADE-S,NAS100_TRAIN,2011-03-25 12:30:00+00:00,1,3.5,2.299999999999727,1.5191308737635154
PREFADE-S,NAS100_TRAIN,2011-04-01 12:31:00+00:00,-1,3.5,3.199999999999818,3.153829092228534
PREFADE-S,NAS100_TRAIN,2011-04-07 11:57:00+00:00,-1,3.5,0.3000000000001819,-3.3178825585237064
PREFADE-S,NAS100_TRAIN,2011-04-07 12:33:00+00:00,-1,1.0,4.0,3.8647542323983544
PREFADE-S,NAS100_TRAIN,2011-04-08 11:49:00+00:00,-1,4.300000000000182,4.0,3.0105178479107053
PREFADE-S,NAS100_TRAIN,2011-04-11 12:18:00+00:00,1,0.0,4.699999999999818,4.3030774461281
PREFADE-S,NAS100_TRAIN,2011-04-15 13:17:00+00:00,-1,0.5,5.5,5.035009350339351
PREFADE-S,NAS100_TRAIN,2011-04-18 13:03:00+00:00,1,12.0,2.799999999999727,-11.722767221307095
PREFADE-S,NAS100_TRAIN,2011-04-19 11:57:00+00:00,-1,3.0,4.5,4.318314751726575
PREFADE-S,NAS100_TRAIN,2011-04-28 12:33:00+00:00,1,1.5,4.799999999999727,4.477438138535945
PREFADE-S,NAS100_TRAIN,2011-04-29 11:55:00+00:00,-1,0.20000000000027285,3.299999999999727,2.8274827756667946
PREFADE-S,NAS100_TRAIN,2011-05-05 12:31:00+00:00,1,3.5,11.800000000000182,11.145251325034678
PREFADE-S,NAS100_TRAIN,2011-05-06 12:31:00+00:00,-1,10.300000000000182,0.6999999999998181,-10.274690975501017
PREFADE-S,NAS100_TRAIN,2011-05-06 13:13:00+00:00,-1,0.0,18.0,15.520579842832376
PREFADE-S,NAS100_TRAIN,2011-05-09 12:54:00+00:00,1,3.799999999999727,5.200000000000273,4.644346741620666
PREFADE-S,NAS100_TRAIN,2011-05-11 11:58:00+00:00,1,4.0,0.0,-3.8329551504853043
PREFADE-S,NAS100_TRAIN,2011-05-11 13:18:00+00:00,1,3.699999999999818,4.300000000000182,3.4269255456629253
PREFADE-S,NAS100_TRAIN,2011-05-13 13:20:00+00:00,1,9.200000000000273,1.5,-8.527425117883922
PREFADE-S,NAS100_TRAIN,2011-05-17 12:54:00+00:00,1,5.799999999999727,5.700000000000273,4.465146988548895
PREFADE-S,NAS100_TRAIN,2011-05-18 11:38:00+00:00,1,5.0,3.5,2.7461970885847222
PREFADE-S,NAS100_TRAIN,2011-05-19 12:31:00+00:00,-1,0.5,6.200000000000273,5.652448208571059
PREFADE-S,NAS100_TRAIN,2011-05-20 11:38:00+00:00,1,0.3000000000001819,5.5,4.694983127652449
PREFADE-S,NAS100_TRAIN,2011-05-24 12:19:00+00:00,-1,1.0,5.199999999999818,3.5830519400683443
PREFADE-S,NAS100_TRAIN,2011-05-26 12:32:00+00:00,1,4.0,4.800000000000182,3.816835376135714
PREFADE-S,NAS100_TRAIN,2011-06-01 12:17:00+00:00,1,1.699999999999818,6.800000000000182,6.728839093950683
PREFADE-S,NAS100_TRAIN,2011-06-03 12:31:00+00:00,1,7.200000000000273,6.5,6.1933058103250005
PREFADE-S,NAS100_TRAIN,2011-06-10 13:16:00+00:00,1,0.0,5.800000000000182,4.921283408765703
PREFADE-S,NAS100_TRAIN,2011-06-13 12:34:00+00:00,-1,2.0,4.299999999999727,3.1322124527864617
PREFADE-S,NAS100_TRAIN,2011-06-15 12:26:00+00:00,1,7.0,0.0,-6.893837663993054
PREFADE-S,NAS100_TRAIN,2011-06-15 13:00:00+00:00,1,1.199999999999818,7.800000000000182,7.499501671669805
PREFADE-S,NAS100_TRAIN,2011-06-16 11:59:00+00:00,1,0.1999999999998181,7.800000000000182,7.5
PREFADE-S,NAS100_TRAIN,2011-06-23 11:49:00+00:00,1,6.0,1.800000000000182,-5.38685797786502
PREFADE-S,NAS100_TRAIN,2011-06-24 12:00:00+00:00,1,1.5,6.5,6.241172810340231
PREFADE-S,NAS100_TRAIN,2011-06-28 12:34:00+00:00,-1,2.5,7.0,6.613954452955113
PREFADE-S,NAS100_TRAIN,2011-07-05 12:07:00+00:00,1,1.300000000000182,2.5,2.3918341608796254
PREFADE-S,NAS100_TRAIN,2011-07-07 12:16:00+00:00,-1,8.0,2.200000000000273,-6.747623638990262
PREFADE-S,NAS100_TRAIN,2011-07-08 12:18:00+00:00,-1,2.0,21.0,5.726406148508431
PREFADE-S,NAS100_TRAIN,2011-07-08 13:03:00+00:00,1,8.5,14.800000000000182,0.0
PREFADE-S,NAS100_TRAIN,2011-07-11 11:49:00+00:00,1,3.5,6.300000000000182,5.246587434283356
PREFADE-S,NAS100_TRAIN,2011-07-12 12:09:00+00:00,-1,6.299999999999727,9.5,9.32648957866104
PREFADE-S,NAS100_TRAIN,2011-07-15 13:02:00+00:00,-1,5.0,7.700000000000273,5.972857609501716
PREFADE-S,NAS100_TRAIN,2011-07-21 12:07:00+00:00,-1,10.800000000000182,4.799999999999727,4.022295500745713
PREFADE-S,NAS100_TRAIN,2011-07-22 11:38:00+00:00,1,4.299999999999727,1.0,-3.8912628939156093
PREFADE-S,NAS100_TRAIN,2011-07-27 12:06:00+00:00,1,5.0,1.0,-4.810199588670002
PREFADE-S,NAS100_TRAIN,2011-07-28 12:47:00+00:00,-1,1.7999999999997272,7.800000000000182,7.656998018888771
PREFADE-S,NAS100_TRAIN,2011-07-29 12:35:00+00:00,1,11.5,5.199999999999818,4.40403213620948
PREFADE-S,NAS100_TRAIN,2011-08-01 12:58:00+00:00,1,1.300000000000182,7.0,5.74411575314025
PREFADE-S,NAS100_TRAIN,2011-08-02 12:25:00+00:00,1,2.5,9.299999999999727,8.764643236499523
PREFADE-S,NAS100_TRAIN,2011-08-05 12:31:00+00:00,-1,2.0,26.5,23.787021452829777
PREFADE-S,NAS100_TRAIN,2011-08-10 12:00:00+00:00,1,21.09999999999991,0.6999999999998181,-19.264001664525495
PREFADE-S,NAS100_TRAIN,2011-08-11 11:37:00+00:00,1,23.5,15.0,12.747426067919605
PREFADE-S,NAS100_TRAIN,2011-08-12 12:40:00+00:00,-1,8.0,18.799999999999727,14.748270363881147
PREFADE-S,NAS100_TRAIN,2011-08-15 12:32:00+00:00,1,4.700000000000273,5.5,5.4963378652687425
PREFADE-S,NAS100_TRAIN,2011-08-24 12:31:00+00:00,-1,14.0,4.0,-12.612058563605387
PREFADE-S,NAS100_TRAIN,2011-08-25 13:12:00+00:00,-1,16.700000000000273,0.7999999999997272,-16.059574082144536
PREFADE-S,NAS100_TRAIN,2011-08-26 11:33:00+00:00,1,12.300000000000182,4.699999999999818,3.04239485995231
PREFADE-S,NAS100_TRAIN,2011-08-30 12:10:00+00:00,1,4.800000000000182,5.199999999999818,4.936645245264117
PREFADE-S,NAS100_TRAIN,2011-09-02 12:31:00+00:00,1,18.5,3.0,-6.5
PREFADE-S,NAS100_TRAIN,2011-09-07 13:19:00+00:00,-1,11.700000000000273,3.5,-11.0
PREFADE-S,NAS100_TRAIN,2011-09-08 12:39:00+00:00,1,4.300000000000182,8.699999999999818,8.514168190821692
PREFADE-S,NAS100_TRAIN,2011-09-09 13:13:00+00:00,1,16.0,3.300000000000182,2.5917995387712836
PREFADE-S,NAS100_TRAIN,2011-09-12 12:06:00+00:00,1,4.300000000000182,17.0,16.066834237200965
PREFADE-S,NAS100_TRAIN,2011-09-15 13:01:00+00:00,-1,9.800000000000182,13.0,9.238885645479058
PREFADE-S,NAS100_TRAIN,2011-09-16 13:29:00+00:00,-1,11.100000000000364,4.199999999999818,-10.763795272574043
PREFADE-S,NAS100_TRAIN,2011-09-21 11:47:00+00:00,1,9.0,2.300000000000182,-8.749408406562452
PREFADE-S,NAS100_TRAIN,2011-09-27 11:41:00+00:00,-1,3.700000000000273,13.799999999999727,12.715263908482939
PREFADE-S,NAS100_TRAIN,2011-09-29 12:51:00+00:00,-1,1.5,17.300000000000182,17.05055772091191
PREFADE-S,NAS100_TRAIN,2011-10-04 11:39:00+00:00,1,7.2999999999999545,10.700000000000273,10.12292117739753
PREFADE-S,NAS100_TRAIN,2011-10-07 12:31:00+00:00,-1,10.699999999999818,7.600000000000364,6.994014403657275
PREFADE-S,NAS100_TRAIN,2011-10-11 11:32:00+00:00,-1,2.299999999999727,3.5,3.3794393525668056
PREFADE-S,NAS100_TRAIN,2011-10-14 12:31:00+00:00,-1,8.800000000000182,5.199999999999818,4.591112865073683
PREFADE-S,NAS100_TRAIN,2011-10-17 11:51:00+00:00,1,16.5,0.5,-16.0
PREFADE-S,NAS100_TRAIN,2011-10-18 11:53:00+00:00,1,1.800000000000182,7.299999999999727,6.367802705321537
PREFADE-S,NAS100_TRAIN,2011-10-18 13:07:00+00:00,-1,3.799999999999727,8.200000000000273,7.888741854505497
PREFADE-S,NAS100_TRAIN,2011-10-26 12:31:00+00:00,-1,9.700000000000273,5.799999999999727,-9.438605310121602
PREFADE-S,NAS100_TRAIN,2011-10-28 11:31:00+00:00,1,1.300000000000182,6.5,6.304490310321398
PREFADE-S,NAS100_TRAIN,2011-11-01 11:55:00+00:00,1,17.5,6.5,3.7337800765631073
PREFADE-S,NAS100_TRAIN,2011-11-04 11:43:00+00:00,1,7.799999999999727,4.5,-7.641806977149827
PREFADE-S,NAS100_TRAIN,2011-11-04 12:31:00+00:00,1,4.799999999999727,2.200000000000273,0.0
PREFADE-S,NAS100_TRAIN,2011-11-04 12:40:00+00:00,1,5.5,6.5,5.442949616476199
PREFADE-S,NAS100_TRAIN,2011-11-11 13:13:00+00:00,-1,15.599999999999909,5.700000000000273,-13.7315636958092
PREFADE-S,NAS100_TRAIN,2011-11-22 13:25:00+00:00,1,6.200000000000273,8.799999999999727,8.293548571094107
PREFADE-S,NAS100_TRAIN,2011-11-24 14:30:00+00:00,1,13.0,0.5,-11.966486866896503
PREFADE-S,NAS100_TRAIN,2011-11-25 14:22:00+00:00,-1,14.299999999999727,2.5,-13.305264705168156
PREFADE-S,NAS100_TRAIN,2011-11-30 13:01:00+00:00,-1,36.80000000000018,1.5,-35.49610817475741
PREFADE-S,NAS100_TRAIN,2011-12-05 13:24:00+00:00,-1,5.0,10.800000000000182,8.402984924643533
PREFADE-S,NAS100_TRAIN,2011-12-07 12:46:00+00:00,1,13.5,0.3000000000001819,-12.996277972023563
PREFADE-S,NAS100_TRAIN,2011-12-08 12:57:00+00:00,-1,0.29999999999972715,6.0,5.9778450863123
PREFADE-S,NAS100_TRAIN,2011-12-08 13:31:00+00:00,-1,8.0,0.7999999999997272,-7.481704250700204
PREFADE-S,NAS100_TRAIN,2011-12-08 13:59:00+00:00,1,14.300000000000182,1.5,-13.90900945726662
PREFADE-S,NAS100_TRAIN,2011-12-08 14:18:00+00:00,1,5.299999999999727,14.200000000000273,13.116617692681757
PREFADE-S,NAS100_TRAIN,2011-12-12 14:01:00+00:00,1,19.600000000000364,3.0,-17.05907072292257
PREFADE-S,NAS100_TRAIN,2011-12-13 12:32:00+00:00,-1,7.5,8.299999999999727,2.9249952043805933
PREFADE-S,NAS100_TRAIN,2011-12-15 13:31:00+00:00,-1,1.5,11.800000000000182,11.634796592479688
PREFADE-S,NAS100_TRAIN,2011-12-16 12:32:00+00:00,-1,5.300000000000182,6.300000000000182,4.022630129500158
PREFADE-S,NAS100_TRAIN,2011-12-20 12:53:00+00:00,-1,13.700000000000273,6.0,-12.53498800072839
PREFADE-S,NAS100_TRAIN,2011-12-21 12:48:00+00:00,1,18.300000000000182,4.5,-16.042252582546098
PREFADE-S,NAS100_TRAIN,2011-12-30 13:01:00+00:00,-1,0.29999999999972715,3.0,2.7517009476296153
PREFADE-S,NAS100_TRAIN,2011-12-30 13:58:00+00:00,1,2.0,4.799999999999727,2.799999999999727
PREFADE-S,NAS100_TRAIN,2012-01-03 12:38:00+00:00,1,4.0,0.5,-3.980910682472768
PREFADE-S,NAS100_TRAIN,2012-01-03 13:11:00+00:00,1,4.299999999999727,3.5,2.7768444286307385
PREFADE-S,NAS100_TRAIN,2012-01-06 13:31:00+00:00,-1,2.5,8.199999999999818,6.611324775580215
PREFADE-S,NAS100_TRAIN,2012-01-13 12:52:00+00:00,1,6.700000000000273,2.0,-6.007255265019012
PREFADE-S,NAS100_TRAIN,2012-01-16 13:54:00+00:00,-1,8.800000000000182,3.699999999999818,-7.5
PREFADE-S,NAS100_TRAIN,2012-01-19 13:18:00+00:00,-1,9.0,2.0,-7.5
PREFADE-S,NAS100_TRAIN,2012-01-20 13:36:00+00:00,1,0.7000000000002728,3.5,3.3668229949471424
PREFADE-S,NAS100_TRAIN,2012-01-24 13:35:00+00:00,1,0.1999999999998181,4.800000000000182,4.649434499704057
PREFADE-S,NAS100_TRAIN,2012-01-26 13:59:00+00:00,-1,4.700000000000273,7.299999999999727,4.721378145098697
PREFADE-S,NAS100_TRAIN,2012-01-27 13:56:00+00:00,1,2.0,10.0,6.698125478282691
PREFADE-S,NAS100_TRAIN,2012-02-03 13:31:00+00:00,-1,12.299999999999727,2.200000000000273,-10.0
PREFADE-S,NAS100_TRAIN,2012-02-07 13:04:00+00:00,1,0.0,8.300000000000182,7.922962703230496
PREFADE-S,NAS100_TRAIN,2012-02-09 13:13:00+00:00,-1,7.199999999999818,3.5,-7.1540275096399455
PREFADE-S,NAS100_TRAIN,2012-02-16 13:31:00+00:00,-1,3.700000000000273,4.299999999999727,3.480331626626139
PREFADE-S,NAS100_TRAIN,2012-02-17 14:29:00+00:00,1,9.0,0.0,-3.286407617390978
PREFADE-S,NAS100_TRAIN,2012-02-20 14:30:00+00:00,1,0.0,8.199999999999818,6.699999999999818
PREFADE-S,NAS100_TRAIN,2012-02-24 13:00:00+00:00,1,2.300000000000182,1.699999999999818,1.4466123609208807
PREFADE-S,NAS100_TRAIN,2012-02-29 13:31:00+00:00,-1,0.7000000000002728,2.799999999999727,2.5676072627898066
PREFADE-S,NAS100_TRAIN,2012-03-05 12:36:00+00:00,-1,5.799999999999727,0.5,-4.743767824426413
PREFADE-S,NAS100_TRAIN,2012-03-07 12:34:00+00:00,-1,1.5,3.5,3.3477558906929517
PREFADE-S,NAS100_TRAIN,2012-03-09 13:24:00+00:00,-1,3.899999999999636,7.0,3.744965643508749
PREFADE-S,NAS100_TRAIN,2012-03-09 13:39:00+00:00,-1,6.799999999999727,4.0,-5.699999999999818
PREFADE-S,NAS100_TRAIN,2012-03-12 11:34:00+00:00,-1,2.5,1.0,-1.3827408925099007
PREFADE-S,NAS100_TRAIN,2012-03-12 11:40:00+00:00,1,1.800000000000182,2.299999999999727,-1.3070063829263745
PREFADE-S,NAS100_TRAIN,2012-03-12 11:44:00+00:00,1,1.7999999999997272,0.0,-1.7566567933158694
PREFADE-S,NAS100_TRAIN,2012-03-12 11:52:00+00:00,1,1.0,2.0,1.7999999999997272
PREFADE-S,NAS100_TRAIN,2012-03-12 12:10:00+00:00,1,3.099999999999909,0.3000000000001819,-2.2504445857198334
PREFADE-S,NAS100_TRAIN,2012-03-12 12:44:00+00:00,1,1.0,3.400000000000091,3.0958402751875838
PREFADE-S,NAS100_TRAIN,2012-03-16 12:32:00+00:00,-1,0.5,8.400000000000091,5.165836326972567
PREFADE-S,NAS100_TRAIN,2012-03-19 12:52:00+00:00,1,0.0,9.199999999999818,8.529819797824985
PREFADE-S,NAS100_TRAIN,2012-03-21 12:22:00+00:00,1,1.199999999999818,4.599999999999909,4.415742237524682
PREFADE-S,NAS100_TRAIN,2012-03-26 12:02:00+00:00,-1,9.200000000000273,0.29999999999972715,-9.0
PREFADE-S,NAS100_TRAIN,2012-03-27 11:55:00+00:00,1,1.0,5.700000000000273,5.5
PREFADE-S,NAS100_TRAIN,2012-03-29 13:13:00+00:00,1,5.5,10.300000000000182,6.966789278446868
PREFADE-S,NAS100_TRAIN,2012-04-03 13:04:00+00:00,-1,4.5,1.0,-4.473934540111259
PREFADE-S,NAS100_TRAIN,2012-04-06 12:31:00+00:00,1,15.5,1.2999999999997272,-13.524773916109552
PREFADE-S,NAS100_TRAIN,2012-04-12 11:41:00+00:00,-1,0.7000000000002728,9.799999999999727,7.6030643019526
PREFADE-S,NAS100_TRAIN,2012-04-16 12:33:00+00:00,-1,6.0,9.800000000000182,8.011931788144466
PREFADE-S,NAS100_TRAIN,2012-04-19 11:31:00+00:00,1,1.5,8.900000000000091,8.220305671869028
PREFADE-S,NAS100_TRAIN,2012-04-19 12:41:00+00:00,1,4.700000000000273,8.900000000000091,8.300173275453744
PREFADE-S,NAS100_TRAIN,2012-04-20 12:04:00+00:00,-1,1.5,8.5,6.76106868632678
PREFADE-S,NAS100_TRAIN,2012-04-24 12:23:00+00:00,1,8.5,0.7999999999997272,-8.053685133511408
PREFADE-S,NAS100_TRAIN,2012-04-27 11:45:00+00:00,-1,8.5,4.800000000000182,4.611361135434436
PREFADE-S,NAS100_TRAIN,2012-04-30 13:05:00+00:00,1,10.300000000000182,6.5,-3.800000000000182
PREFADE-S,NAS100_TRAIN,2012-05-01 11:37:00+00:00,-1,2.0,3.5,3.3333336258906456
PREFADE-S,NAS100_TRAIN,2012-05-01 13:30:00+00:00,1,2.900000000000091,6.400000000000091,4.792771989020821
PREFADE-S,NAS100_TRAIN,2012-05-02 12:15:00+00:00,1,5.299999999999727,9.0,6.876503160791344
PREFADE-S,NAS100_TRAIN,2012-05-03 11:49:00+00:00,-1,0.5,4.799999999999727,4.706591025289526
PREFADE-S,NAS100_TRAIN,2012-05-03 12:31:00+00:00,-1,0.0,7.100000000000364,6.528421084547517
PREFADE-S,NAS100_TRAIN,2012-05-04 12:30:00+00:00,1,8.599999999999909,0.3000000000001819,-6.707757166233478
PREFADE-S,NAS100_TRAIN,2012-05-04 12:41:00+00:00,1,11.200000000000273,2.0,-9.519909341156108
PREFADE-S,NAS100_TRAIN,2012-05-07 12:02:00+00:00,-1,17.5,0.3000000000001819,-13.759042410867096
PREFADE-S,NAS100_TRAIN,2012-05-09 12:26:00+00:00,1,5.5,9.0,8.281123945448144
PREFADE-S,NAS100_TRAIN,2012-05-10 11:49:00+00:00,-1,9.799999999999727,8.700000000000273,7.35900289042047
PREFADE-S,NAS100_TRAIN,2012-05-11 11:35:00+00:00,-1,0.6999999999998181,6.200000000000273,6.0
PREFADE-S,NAS100_TRAIN,2012-05-11 12:49:00+00:00,1,4.099999999999909,6.100000000000364,5.9325438852124535
PREFADE-S,NAS100_TRAIN,2012-05-15 13:12:00+00:00,1,2.800000000000182,10.5,8.670397291691643
PREFADE-S,NAS100_TRAIN,2012-05-16 11:46:00+00:00,-1,8.5,7.5,7.304789873707705
PREFADE-S,NAS100_TRAIN,2012-05-22 11:47:00+00:00,-1,3.900000000000091,4.5,4.34200189983585
PREFADE-S,NAS100_TRAIN,2012-05-23 12:21:00+00:00,1,3.5,11.300000000000182,9.23859118107248
PREFADE-S,NAS100_TRAIN,2012-05-28 13:26:00+00:00,1,0.0,7.599999999999909,7.348494609709633
PREFADE-S,NAS100_TRAIN,2012-06-01 12:29:00+00:00,1,22.699999999999818,2.0,-20.29928267950436
PREFADE-S,NAS100_TRAIN,2012-06-04 13:05:00+00:00,-1,15.5,17.0,14.27379763482486
PREFADE-S,NAS100_TRAIN,2012-06-07 11:51:00+00:00,-1,2.200000000000273,10.099999999999909,7.818190298654372
PREFADE-S,NAS100_TRAIN,2012-06-11 13:20:00+00:00,1,19.09999999999991,4.199999999999818,-18.770931472913617
PREFADE-S,NAS100_TRAIN,2012-06-13 11:34:00+00:00,1,0.5,5.299999999999727,4.551325419892692
PREFADE-S,NAS100_TRAIN,2012-06-13 12:31:00+00:00,1,6.300000000000182,5.5,5.296289619785966
PREFADE-S,NAS100_TRAIN,2012-06-14 12:07:00+00:00,1,4.400000000000091,7.400000000000091,6.617522685221957
PREFADE-S,NAS100_TRAIN,2012-06-18 12:27:00+00:00,1,8.299999999999727,12.300000000000182,10.937471378789269
PREFADE-S,NAS100_TRAIN,2012-06-19 11:31:00+00:00,-1,6.799999999999727,2.599999999999909,-6.60650679839182
PREFADE-S,NAS100_TRAIN,2012-06-21 11:31:00+00:00,-1,2.5,8.300000000000182,6.023545819574338
PREFADE-S,NAS100_TRAIN,2012-06-22 13:24:00+00:00,-1,2.599999999999909,5.100000000000364,4.0486973452516395
PREFADE-S,NAS100_TRAIN,2012-06-25 12:37:00+00:00,1,12.400000000000091,2.900000000000091,-11.591108061351406
PREFADE-S,NAS100_TRAIN,2012-06-26 11:49:00+00:00,1,1.5,3.800000000000182,3.800000000000182
PREFADE-S,NAS100_TRAIN,2012-06-27 12:10:00+00:00,-1,0.1999999999998181,5.0,4.806192732535237
PREFADE-S,NAS100_TRAIN,2012-06-27 13:30:00+00:00,-1,8.300000000000182,0.0,-5.800000000000182
PREFADE-S,NAS100_TRAIN,2012-07-03 12:51:00+00:00,-1,1.300000000000182,5.0,2.771575572814072
PREFADE-S,NAS100_TRAIN,2012-07-06 12:31:00+00:00,1,4.5,0.0,-4.342156379996595
PREFADE-S,NAS100_TRAIN,2012-07-09 12:19:00+00:00,-1,6.5,4.299999999999727,-5.692172414420838
PREFADE-S,NAS100_TRAIN,2012-07-11 13:22:00+00:00,1,10.099999999999909,2.5,-7.747654835311096
PREFADE-S,NAS100_TRAIN,2012-07-16 13:10:00+00:00,-1,3.5,3.200000000000273,2.748670999365004
PREFADE-S,NAS100_TRAIN,2012-07-18 12:43:00+00:00,1,0.29999999999972715,8.100000000000364,5.251775260319391
PREFADE-S,NAS100_TRAIN,2012-07-19 11:55:00+00:00,-1,4.299999999999727,1.2000000000002728,-4.259333151699138
PREFADE-S,NAS100_TRAIN,2012-07-20 11:50:00+00:00,1,3.599999999999909,3.900000000000091,3.7634038503515512
PREFADE-S,NAS100_TRAIN,2012-07-23 12:06:00+00:00,1,25.199999999999818,1.300000000000182,-23.031577827883666
PREFADE-S,NAS100_TRAIN,2012-07-24 13:01:00+00:00,-1,6.300000000000182,6.900000000000091,5.984311525475732
PREFADE-S,NAS100_TRAIN,2012-07-25 11:35:00+00:00,-1,13.600000000000364,3.599999999999909,-13.560337373820857
PREFADE-S,NAS100_TRAIN,2012-07-27 12:31:00+00:00,-1,11.0,3.5,-10.923672502632598
PREFADE-S,NAS100_TRAIN,2012-07-30 12:04:00+00:00,-1,8.699999999999818,1.7000000000002728,-5.912289361038347
PREFADE-S,NAS100_TRAIN,2012-07-31 13:26:00+00:00,1,1.599999999999909,6.700000000000273,4.678010842008916
PREFADE-S,NAS100_TRAIN,2012-08-01 12:30:00+00:00,-1,2.5,10.0,9.977541707206456
PREFADE-S,NAS100_TRAIN,2012-08-02 12:12:00+00:00,-1,11.299999999999727,0.6000000000003638,-8.697705726758159
PREFADE-S,NAS100_TRAIN,2012-08-02 12:42:00+00:00,1,14.199999999999818,0.6000000000003638,-13.909538393745606
PREFADE-S,NAS100_TRAIN,2012-08-03 12:31:00+00:00,-1,27.199999999999818,4.700000000000273,-26.76004041962551
PREFADE-S,NAS100_TRAIN,2012-08-06 11:34:00+00:00,-1,1.2000000000002728,6.199999999999818,5.05277821988102
PREFADE-S,NAS100_TRAIN,2012-08-08 12:02:00+00:00,1,2.899999999999636,3.100000000000364,3.0502385178660916
PREFADE-S,NAS100_TRAIN,2012-08-09 11:35:00+00:00,1,2.5,8.200000000000273,6.817259164259212
PREFADE-S,NAS100_TRAIN,2012-08-14 12:32:00+00:00,-1,2.0,5.899999999999636,4.06054698973503
PREFADE-S,NAS100_TRAIN,2012-08-15 12:36:00+00:00,-1,0.29999999999972715,3.700000000000273,3.340977888119596
PREFADE-S,NAS100_TRAIN,2012-08-15 13:11:00+00:00,-1,6.700000000000273,1.7999999999997272,-3.7493795815166777
PREFADE-S,NAS100_TRAIN,2012-08-16 12:31:00+00:00,-1,0.40000000000009095,5.5,4.937803807122691
PREFADE-S,NAS100_TRAIN,2012-08-17 13:16:00+00:00,-1,4.799999999999727,0.0,-4.221251242821836
PREFADE-S,NAS100_TRAIN,2012-08-20 11:33:00+00:00,1,1.2000000000002728,3.0,2.607470301070407
PREFADE-S,NAS100_TRAIN,2012-08-21 12:42:00+00:00,-1,7.300000000000182,1.400000000000091,-6.790007969275393
PREFADE-S,NAS100_TRAIN,2012-08-22 13:20:00+00:00,1,0.3000000000001819,5.0,2.915277844951106
PREFADE-S,NAS100_TRAIN,2012-08-23 11:51:00+00:00,1,7.5,0.0,-6.523794733512659
PREFADE-S,NAS100_TRAIN,2012-08-24 11:51:00+00:00,1,0.0,5.800000000000182,4.2494596404371805
PREFADE-S,NAS100_TRAIN,2012-08-24 12:39:00+00:00,1,6.200000000000273,1.2999999999997272,-5.451910861021133
PREFADE-S,NAS100_TRAIN,2012-08-29 12:40:00+00:00,-1,3.700000000000273,3.5,2.514875088790177
PREFADE-S,NAS100_TRAIN,2012-08-30 11:42:00+00:00,1,6.0,2.700000000000273,-5.1121636792968275
PREFADE-S,NAS100_TRAIN,2012-08-31 12:34:00+00:00,-1,2.0,13.300000000000182,12.24652118470749
PREFADE-S,NAS100_TRAIN,2012-09-04 12:08:00+00:00,1,8.5,1.2000000000002728,-7.77086918069881
PREFADE-S,NAS100_TRAIN,2012-09-07 12:01:00+00:00,1,0.0,4.799999999999727,4.584367419213777
PREFADE-S,NAS100_TRAIN,2012-09-07 12:31:00+00:00,1,3.799999999999727,4.200000000000273,3.6736412628411017
PREFADE-S,NAS100_TRAIN,2012-09-07 13:10:00+00:00,1,5.800000000000182,5.5,4.466320228927998
PREFADE-S,NAS100_TRAIN,2012-09-13 13:29:00+00:00,-1,5.899999999999636,5.100000000000364,-0.599999999999909
PREFADE-S,NAS100_TRAIN,2012-09-17 12:55:00+00:00,-1,2.0,4.599999999999909,4.342235427955075
PREFADE-S,NAS100_TRAIN,2012-09-21 12:16:00+00:00,-1,4.400000000000091,0.599999999999909,-3.76955105227853
PREFADE-S,NAS100_TRAIN,2012-09-24 12:31:00+00:00,1,10.300000000000182,4.5,3.618214362777053
PREFADE-S,NAS100_TRAIN,2012-09-25 12:31:00+00:00,-1,1.7000000000002728,5.599999999999909,4.766979235203507
PREFADE-S,NAS100_TRAIN,2012-09-26 11:31:00+00:00,1,6.300000000000182,0.0,-6.079398240372029
PREFADE-S,NAS100_TRAIN,2012-09-28 12:06:00+00:00,1,3.200000000000273,5.900000000000091,4.5762276874847885
PREFADE-S,NAS100_TRAIN,2012-10-03 12:16:00+00:00,-1,5.300000000000182,3.699999999999818,2.8522788541599766
PREFADE-S,NAS100_TRAIN,2012-10-05 12:31:00+00:00,-1,6.700000000000273,2.199999999999818,1.952080709706479
PREFADE-S,NAS100_TRAIN,2012-10-10 12:24:00+00:00,-1,0.599999999999909,5.0,4.986125655230808
PREFADE-S,NAS100_TRAIN,2012-10-11 12:31:00+00:00,-1,4.900000000000091,6.800000000000182,3.9704158062663737
PREFADE-S,NAS100_TRAIN,2012-10-16 11:36:00+00:00,-1,7.0,1.400000000000091,-5.728228038050929
PREFADE-S,NAS100_TRAIN,2012-10-17 13:26:00+00:00,1,2.399999999999636,5.800000000000182,4.926632368665196
PREFADE-S,NAS100_TRAIN,2012-10-18 11:34:00+00:00,1,7.199999999999818,1.5,-6.599999999999909
PREFADE-S,NAS100_TRAIN,2012-10-24 13:06:00+00:00,-1,5.200000000000273,6.199999999999818,5.577980161756841
PREFADE-S,NAS100_TRAIN,2012-10-26 12:44:00+00:00,-1,15.300000000000182,6.5,4.9536636288780755
PREFADE-S,NAS100_TRAIN,2012-10-29 12:02:00+00:00,1,1.800000000000182,8.199999999999818,8.199999999999818
PREFADE-S,NAS100_TRAIN,2012-11-02 12:08:00+00:00,1,2.800000000000182,10.199999999999818,-2.800000000000182
PREFADE-S,NAS100_TRAIN,2012-11-02 12:36:00+00:00,-1,0.40000000000009095,3.400000000000091,3.141233709809512
PREFADE-S,NAS100_TRAIN,2012-11-02 12:46:00+00:00,-1,4.599999999999909,4.599999999999909,2.687153015423519
PREFADE-S,NAS100_TRAIN,2012-11-05 13:25:00+00:00,1,1.0,6.599999999999909,5.591721197082279
PREFADE-S,NAS100_TRAIN,2012-11-05 13:46:00+00:00,-1,7.300000000000182,3.0,-7.237093668362377
PREFADE-S,NAS100_TRAIN,2012-11-07 13:09:00+00:00,1,21.59999999999991,3.800000000000182,-21.162729358195065
PREFADE-S,NAS100_TRAIN,2012-11-09 12:32:00+00:00,1,11.400000000000091,0.40000000000009095,-11.0
PREFADE-S,NAS100_TRAIN,2012-11-12 13:27:00+00:00,-1,3.299999999999727,4.300000000000182,4.08422253554545
PREFADE-S,NAS100_TRAIN,2012-11-13 14:08:00+00:00,1,5.300000000000182,7.5,5.632188747378223
PREFADE-S,NAS100_TRAIN,2012-11-14 13:10:00+00:00,1,0.6999999999998181,7.200000000000273,5.5
PREFADE-S,NAS100_TRAIN,2012-11-15 13:42:00+00:00,1,1.0,3.5,3.3824120816007053
PREFADE-S,NAS100_TRAIN,2012-11-16 13:08:00+00:00,-1,6.899999999999636,7.0,5.563516141996388
PREFADE-S,NAS100_TRAIN,2012-11-19 12:41:00+00:00,-1,8.0,1.7000000000002728,-7.400000000000091
PREFADE-S,NAS100_TRAIN,2012-11-19 14:30:00+00:00,-1,18.09999999999991,0.3000000000001819,-16.509526201595236
PREFADE-S,NAS100_TRAIN,2012-11-20 13:33:00+00:00,-1,1.599999999999909,5.900000000000091,5.424253203959324
PREFADE-S,NAS100_TRAIN,2012-11-22 14:30:00+00:00,1,1.199999999999818,3.700000000000273,2.0
PREFADE-S,NAS100_TRAIN,2012-11-23 13:02:00+00:00,-1,6.599999999999909,0.20000000000027285,-5.362148853966573
PREFADE-S,NAS100_TRAIN,2012-11-26 13:55:00+00:00,-1,2.900000000000091,3.599999999999909,2.199999999999818
PREFADE-S,NAS100_TRAIN,2012-11-27 13:41:00+00:00,1,3.699999999999818,3.0,1.637149239656992
PREFADE-S,NAS100_TRAIN,2012-11-28 12:56:00+00:00,1,6.400000000000091,2.0,-6.268388172419236
PREFADE-S,NAS100_TRAIN,2012-12-03 12:40:00+00:00,-1,7.200000000000273,2.5,0.6847040044563073
PREFADE-S,NAS100_TRAIN,2012-12-06 13:45:00+00:00,1,6.700000000000273,1.7999999999997272,-6.499413122417536
PREFADE-S,NAS100_TRAIN,2012-12-07 13:31:00+00:00,-1,8.199999999999818,0.0,-8.190395269259625
PREFADE-S,NAS100_TRAIN,2012-12-11 12:58:00+00:00,-1,11.400000000000091,1.7999999999997272,-10.24235919069497
PREFADE-S,NAS100_TRAIN,2012-12-12 12:32:00+00:00,-1,2.5,3.700000000000273,3.3309099780685756
PREFADE-S,NAS100_TRAIN,2012-12-13 13:31:00+00:00,-1,0.0,4.199999999999818,3.453108541081292
PREFADE-S,NAS100_TRAIN,2012-12-14 12:46:00+00:00,1,7.200000000000273,0.5,-7.200000000000273
PREFADE-S,NAS100_TRAIN,2012-12-18 12:34:00+00:00,-1,1.099999999999909,7.0,6.940976397702343
PREFADE-S,NAS100_TRAIN,2012-12-20 14:02:00+00:00,-1,1.7999999999997272,8.0,7.71473851744031
PREFADE-S,NAS100_TRAIN,2012-12-24 14:10:00+00:00,-1,1.2999999999997272,6.100000000000364,5.656255580099241
PREFADE-S,NAS100_TRAIN,2012-12-26 14:19:00+00:00,-1,0.5,2.200000000000273,2.155555593839381
PREFADE-S,NAS100_TRAIN,2012-12-27 13:01:00+00:00,-1,0.20000000000027285,4.299999999999727,4.05850200666373
PREFADE-S,NAS100_TRAIN,2012-12-28 12:50:00+00:00,1,5.800000000000182,7.900000000000091,5.725072202231331
PREFADE-S,NAS100_TRAIN,2012-12-31 12:46:00+00:00,1,0.3999999999996362,5.100000000000364,4.752432237008179
PREFADE-S,NAS100_TRAIN,2012-12-31 13:39:00+00:00,-1,5.700000000000273,0.29999999999972715,-5.6043790987023385
PREFADE-S,NAS100_TRAIN,2012-12-31 14:22:00+00:00,-1,22.199999999999818,9.199999999999818,-14.255116413965425
PREFADE-S,NAS100_TRAIN,2013-01-02 14:30:00+00:00,-1,12.200000000000273,0.0,-10.153240536279554
PREFADE-S,NAS100_TRAIN,2013-01-03 12:50:00+00:00,1,0.7000000000002728,3.899999999999636,2.9688396757242117
PREFADE-S,NAS100_TRAIN,2013-01-03 13:50:00+00:00,-1,1.5,4.799999999999727,2.867181542070284
PREFADE-S,NAS100_TRAIN,2013-01-04 12:41:00+00:00,-1,3.0,4.600000000000364,4.018225017307486
PREFADE-S,NAS100_TRAIN,2013-01-07 12:51:00+00:00,1,4.200000000000273,2.299999999999727,-4.088628164777674
PREFADE-S,NAS100_TRAIN,2013-01-08 13:37:00+00:00,-1,1.400000000000091,4.5,4.438563619555225
PREFADE-S,NAS100_TRAIN,2013-01-10 12:58:00+00:00,-1,6.5,0.5,-5.798122566067377
PREFADE-S,NAS100_TRAIN,2013-01-15 12:36:00+00:00,1,6.700000000000273,1.7999999999997272,-6.607870193560302
PREFADE-S,NAS100_TRAIN,2013-01-16 14:24:00+00:00,-1,2.200000000000273,4.299999999999727,4.1774273099731545
PREFADE-S,NAS100_TRAIN,2013-01-17 12:58:00+00:00,-1,11.0,1.2999999999997272,-10.083484093163861
PREFADE-S,NAS100_TRAIN,2013-01-28 12:53:00+00:00,-1,4.099999999999909,2.200000000000273,-3.3657692319120542
PREFADE-S,NAS100_TRAIN,2013-01-29 12:54:00+00:00,1,0.5,5.700000000000273,5.6976439930381275
PREFADE-S,NAS100_TRAIN,2013-01-30 13:19:00+00:00,1,6.800000000000182,0.29999999999972715,-3.1771164988294913
PREFADE-S,NAS100_TRAIN,2013-01-30 13:34:00+00:00,1,1.0,4.5,4.316966914271688
PREFADE-S,NAS100_TRAIN,2013-01-31 13:31:00+00:00,1,1.900000000000091,2.300000000000182,2.2647170732607265
PREFADE-S,NAS100_TRAIN,2013-02-01 13:04:00+00:00,-1,5.299999999999727,1.599999999999909,-4.432650771851968
PREFADE-S,NAS100_TRAIN,2013-02-01 13:37:00+00:00,-1,7.0,6.899999999999636,3.702769573707883
PREFADE-S,NAS100_TRAIN,2013-02-07 13:45:00+00:00,-1,3.700000000000273,5.099999999999909,3.8657065533575405
PREFADE-S,NAS100_TRAIN,2013-02-08 12:42:00+00:00,-1,0.29999999999972715,2.700000000000273,2.5679051008510214
PREFADE-S,NAS100_TRAIN,2013-02-08 13:42:00+00:00,-1,4.200000000000273,0.29999999999972715,-3.533389363057722
PREFADE-S,NAS100_TRAIN,2013-02-12 13:41:00+00:00,-1,0.0,3.700000000000273,3.4684262416012643
PREFADE-S,NAS100_TRAIN,2013-02-13 13:37:00+00:00,-1,1.599999999999909,2.199999999999818,1.861773196732429
PREFADE-S,NAS100_TRAIN,2013-02-15 13:10:00+00:00,-1,4.5,0.5,-4.117949387773024
PREFADE-S,NAS100_TRAIN,2013-02-18 13:17:00+00:00,1,0.1999999999998181,1.599999999999909,1.599999999999909
PREFADE-S,NAS100_TRAIN,2013-02-18 14:24:00+00:00,-1,1.7999999999997272,1.7000000000002728,-1.7999999999997272
PREFADE-S,NAS100_TRAIN,2013-02-19 12:59:00+00:00,-1,5.099999999999909,1.5,-4.276023788590464
PREFADE-S,NAS100_TRAIN,2013-02-22 12:50:00+00:00,-1,2.799999999999727,3.099999999999909,2.8327989620515837
PREFADE-S,NAS100_TRAIN,2013-02-27 12:35:00+00:00,-1,5.799999999999727,2.200000000000273,-4.534809201871212
PREFADE-S,NAS100_TRAIN,2013-02-28 14:06:00+00:00,1,1.0,2.5,2.3701487149460263
PREFADE-S,NAS100_TRAIN,2013-03-01 12:54:00+00:00,1,13.5,3.0,-11.883440163448995
PREFADE-S,NAS100_TRAIN,2013-03-04 12:41:00+00:00,-1,0.20000000000027285,5.299999999999727,5.299999999999727
PREFADE-S,NAS100_TRAIN,2013-03-05 12:45:00+00:00,-1,6.700000000000273,0.7999999999997272,-6.5
PREFADE-S,NAS100_TRAIN,2013-03-07 13:46:00+00:00,-1,1.0,4.5,3.5619407331714683
PREFADE-S,NAS100_TRAIN,2013-03-08 13:31:00+00:00,-1,3.700000000000273,4.799999999999727,3.498993830615291
PREFADE-S,NAS100_TRAIN,2013-03-12 11:57:00+00:00,1,3.200000000000273,3.799999999999727,2.034204606511139
PREFADE-S,NAS100_TRAIN,2013-03-14 12:17:00+00:00,-1,2.200000000000273,4.0,3.2980996633946233
PREFADE-S,NAS100_TRAIN,2013-03-15 12:23:00+00:00,-1,0.0,5.300000000000182,3.1375900628290765
PREFADE-S,NAS100_TRAIN,2013-03-18 12:01:00+00:00,-1,4.400000000000091,8.700000000000273,7.762870701881184
PREFADE-S,NAS100_TRAIN,2013-03-19 12:04:00+00:00,-1,5.299999999999727,4.5,3.0027460519049782
PREFADE-S,NAS100_TRAIN,2013-03-21 13:16:00+00:00,1,7.5,3.799999999999727,-7.455362662634343
PREFADE-S,NAS100_TRAIN,2013-03-22 12:45:00+00:00,-1,8.900000000000091,0.7000000000002728,-7.840256636212416
PREFADE-S,NAS100_TRAIN,2013-03-26 13:26:00+00:00,-1,4.799999999999727,3.0,2.030799682685938
PREFADE-S,NAS100_TRAIN,2013-03-27 13:00:00+00:00,1,9.800000000000182,7.799999999999727,5.5
PREFADE-S,NAS100_TRAIN,2013-04-01 12:56:00+00:00,-1,0.5,3.799999999999727,3.671783037746536
PREFADE-S,NAS100_TRAIN,2013-04-03 11:31:00+00:00,1,0.7000000000002728,2.199999999999818,1.6135088268079016
PREFADE-S,NAS100_TRAIN,2013-04-05 12:03:00+00:00,1,14.099999999999909,3.200000000000273,-13.769871315451383
PREFADE-S,NAS100_TRAIN,2013-04-05 12:50:00+00:00,1,12.700000000000273,7.5,3.799999999999727
PREFADE-S,NAS100_TRAIN,2013-04-09 12:39:00+00:00,-1,2.700000000000273,3.0,2.8440483494809996
PREFADE-S,NAS100_TRAIN,2013-04-11 12:23:00+00:00,1,1.5,4.200000000000273,2.9332445690702116
PREFADE-S,NAS100_TRAIN,2013-04-12 11:37:00+00:00,1,5.0,4.0,3.941417453651866
PREFADE-S,NAS100_TRAIN,2013-04-16 11:54:00+00:00,-1,8.799999999999727,2.200000000000273,1.2426073366741548
PREFADE-S,NAS100_TRAIN,2013-04-18 11:57:00+00:00,-1,1.1000000000003638,7.299999999999727,7.278275638556352
PREFADE-S,NAS100_TRAIN,2013-04-19 12:12:00+00:00,-1,0.29999999999972715,6.0,4.87309250325734
PREFADE-S,NAS100_TRAIN,2013-04-19 13:29:00+00:00,1,9.600000000000364,0.5,-7.248476686045706
PREFADE-S,NAS100_TRAIN,2013-04-22 12:52:00+00:00,1,1.7000000000002728,5.799999999999727,5.0
PREFADE-S,NAS100_TRAIN,2013-04-23 13:19:00+00:00,-1,20.299999999999727,0.7000000000002728,-18.799999999999727
PREFADE-S,NAS100_TRAIN,2013-04-24 12:16:00+00:00,1,1.7000000000002728,7.299999999999727,5.978088775982087
PREFADE-S,NAS100_TRAIN,2013-04-25 11:37:00+00:00,-1,10.700000000000273,2.099999999999909,-10.381966803873183
PREFADE-S,NAS100_TRAIN,2013-04-26 12:04:00+00:00,1,1.2000000000002728,5.299999999999727,4.68822829511555
PREFADE-S,NAS100_TRAIN,2013-04-30 13:30:00+00:00,-1,0.20000000000027285,5.599999999999909,3.28959580193532
PREFADE-S,NAS100_TRAIN,2013-05-01 11:44:00+00:00,-1,1.5,1.2000000000002728,1.0498652580290582
PREFADE-S,NAS100_TRAIN,2013-05-01 12:59:00+00:00,1,2.0,1.7000000000002728,1.5231914423752642
PREFADE-S,NAS100_TRAIN,2013-05-02 11:41:00+00:00,-1,4.200000000000273,1.0,-3.2179135116975885
PREFADE-S,NAS100_TRAIN,2013-05-02 12:31:00+00:00,-1,8.299999999999727,0.0,-5.8167190602744085
PREFADE-S,NAS100_TRAIN,2013-05-03 12:31:00+00:00,-1,9.700000000000273,2.899999999999636,-7.811533184131349
PREFADE-S,NAS100_TRAIN,2013-05-06 12:48:00+00:00,-1,4.299999999999727,2.700000000000273,-4.260241795388538
PREFADE-S,NAS100_TRAIN,2013-05-07 11:51:00+00:00,-1,2.5,3.400000000000091,2.80854599434997
PREFADE-S,NAS100_TRAIN,2013-05-08 12:56:00+00:00,1,0.7000000000002728,3.699999999999818,2.606191493944152
PREFADE-S,NAS100_TRAIN,2013-05-09 12:27:00+00:00,1,2.0,6.200000000000273,5.8146028700293755
PREFADE-S,NAS100_TRAIN,2013-05-13 12:34:00+00:00,-1,5.799999999999727,3.200000000000273,2.455748925230182
PREFADE-S,NAS100_TRAIN,2013-05-15 13:02:00+00:00,1,3.799999999999727,1.0,-3.799999999999727
PREFADE-S,NAS100_TRAIN,2013-05-16 12:00:00+00:00,-1,6.400000000000091,5.099999999999909,2.9099625005951566
PREFADE-S,NAS100_TRAIN,2013-05-17 11:36:00+00:00,-1,4.0,2.0,-3.9859415622800043
PREFADE-S,NAS100_TRAIN,2013-05-20 12:17:00+00:00,1,3.799999999999727,0.20000000000027285,-3.6270960572674085
PREFADE-S,NAS100_TRAIN,2013-05-21 13:24:00+00:00,-1,0.40000000000009095,6.099999999999909,4.965262633115344
PREFADE-S,NAS100_TRAIN,2013-05-22 12:05:00+00:00,-1,3.700000000000273,4.799999999999727,3.4995139663283226
PREFADE-S,NAS100_TRAIN,2013-05-24 13:27:00+00:00,1,10.0,10.0,9.994642717084389
PREFADE-S,NAS100_TRAIN,2013-05-28 13:27:00+00:00,-1,11.099999999999909,7.200000000000273,4.9430337913072435
PREFADE-S,NAS100_TRAIN,2013-05-29 11:52:00+00:00,1,1.300000000000182,10.599999999999909,10.308311842101375
PREFADE-S,NAS100_TRAIN,2013-06-03 12:06:00+00:00,-1,0.09999999999990905,10.200000000000273,8.680549054017774
PREFADE-S,NAS100_TRAIN,2013-06-04 12:15:00+00:00,-1,6.0,0.7000000000002728,-5.904059934664929
PREFADE-S,NAS100_TRAIN,2013-06-05 12:16:00+00:00,1,4.400000000000091,6.599999999999909,5.971458187035751
PREFADE-S,NAS100_TRAIN,2013-06-06 11:40:00+00:00,-1,3.5,1.7000000000002728,-2.8200092254983247
PREFADE-S,NAS100_TRAIN,2013-06-06 12:26:00+00:00,-1,1.2999999999997272,3.700000000000273,3.2144143808859553
PREFADE-S,NAS100_TRAIN,2013-06-06 13:05:00+00:00,1,4.299999999999727,1.0,-4.166824025700407
PREFADE-S,NAS100_TRAIN,2013-06-07 12:21:00+00:00,-1,3.199999999999818,8.599999999999909,2.680980884882956
PREFADE-S,NAS100_TRAIN,2013-06-07 12:31:00+00:00,-1,6.5,7.5,-5.256364931325152
PREFADE-S,NAS100_TRAIN,2013-06-13 12:56:00+00:00,-1,13.0,7.5,-12.938048766508473
PREFADE-S,NAS100_TRAIN,2013-06-26 11:35:00+00:00,-1,13.299999999999727,5.0,-6.599999999999909
PREFADE-S,NAS100_TRAIN,2013-06-27 11:46:00+00:00,-1,8.700000000000273,1.2999999999997272,-6.542287102019145
PREFADE-S,NAS100_TRAIN,2013-06-28 12:16:00+00:00,1,9.099999999999909,0.6000000000003638,-8.656385296026201
PREFADE-S,NAS100_TRAIN,2013-07-02 12:12:00+00:00,1,3.200000000000273,4.799999999999727,4.039114724319461
PREFADE-S,NAS100_TRAIN,2013-07-04 11:54:00+00:00,-1,7.700000000000273,0.7999999999997272,-7.3173401392682536
PREFADE-S,NAS100_TRAIN,2013-07-05 11:37:00+00:00,1,5.0,0.29999999999972715,-4.613726914608833
PREFADE-S,NAS100_TRAIN,2013-07-05 12:31:00+00:00,1,3.200000000000273,4.399999999999636,2.388667707008608
PREFADE-S,NAS100_TRAIN,2013-07-05 12:35:00+00:00,-1,0.0,5.899999999999636,5.698027894081861
PREFADE-S,NAS100_TRAIN,2013-07-05 13:00:00+00:00,1,7.699999999999818,0.0,-6.6270132016420575
PREFADE-S,NAS100_TRAIN,2013-07-16 12:49:00+00:00,-1,2.900000000000091,0.5,-2.890166869782206
PREFADE-S,NAS100_TRAIN,2013-07-17 12:31:00+00:00,-1,3.0,6.200000000000273,5.682088680205197
PREFADE-S,NAS100_TRAIN,2013-07-18 12:39:00+00:00,-1,1.7000000000002728,6.299999999999727,5.082522845818858
PREFADE-S,NAS100_TRAIN,2013-07-19 13:16:00+00:00,1,0.0,5.900000000000091,4.635047324412881
PREFADE-S,NAS100_TRAIN,2013-07-22 13:26:00+00:00,1,0.0,6.5,6.361075008885564
PREFADE-S,NAS100_TRAIN,2013-07-23 12:30:00+00:00,1,1.2000000000002728,3.799999999999727,3.5980270881195793
PREFADE-S,NAS100_TRAIN,2013-07-26 12:55:00+00:00,1,2.0,9.299999999999727,8.921038171080454
PREFADE-S,NAS100_TRAIN,2013-07-30 12:41:00+00:00,-1,1.0,4.700000000000273,4.431454986834069
PREFADE-S,NAS100_TRAIN,2013-08-01 13:25:00+00:00,-1,5.5,3.700000000000273,-4.099999999999909
PREFADE-S,NAS100_TRAIN,2013-08-02 11:44:00+00:00,-1,2.5,0.5,-2.33358454322115
PREFADE-S,NAS100_TRAIN,2013-08-02 12:31:00+00:00,1,5.299999999999727,0.5,-4.139795239885643
PREFADE-S,NAS100_TRAIN,2013-08-02 12:38:00+00:00,-1,0.5,3.299999999999727,3.0239518665130163
PREFADE-S,NAS100_TRAIN,2013-08-05 13:29:00+00:00,1,2.600000000000364,3.299999999999727,2.954340852239511
PREFADE-S,NAS100_TRAIN,2013-08-08 12:31:00+00:00,-1,3.700000000000273,4.799999999999727,3.6052547584517924
PREFADE-S,NAS100_TRAIN,2013-08-15 11:37:00+00:00,1,10.399999999999636,0.0,-6.696471276140073
PREFADE-S,NAS100_TRAIN,2013-08-19 12:51:00+00:00,-1,1.7000000000002728,4.0,3.283921473054761
PREFADE-S,NAS100_TRAIN,2013-08-23 13:02:00+00:00,-1,8.599999999999909,0.5,-8.541216009212349
PREFADE-S,NAS100_TRAIN,2013-08-27 12:31:00+00:00,1,6.5,14.5,7.5
PREFADE-S,NAS100_TRAIN,2013-08-28 11:33:00+00:00,1,2.200000000000273,5.0,4.864338368134213
PREFADE-S,NAS100_TRAIN,2013-08-28 13:29:00+00:00,1,1.7000000000002728,7.0,5.852982031506599
PREFADE-S,NAS100_TRAIN,2013-08-29 11:47:00+00:00,-1,0.3999999999996362,9.700000000000273,9.252767014963865
PREFADE-S,NAS100_TRAIN,2013-09-02 11:32:00+00:00,-1,4.199999999999818,4.700000000000273,4.700000000000273
PREFADE-S,NAS100_TRAIN,2013-09-04 13:02:00+00:00,-1,8.5,0.0,-8.054346557771623
PREFADE-S,NAS100_TRAIN,2013-09-05 12:35:00+00:00,-1,0.1000000000003638,4.799999999999727,4.3483325878369214
PREFADE-S,NAS100_TRAIN,2013-09-05 13:26:00+00:00,1,2.400000000000091,3.400000000000091,3.1261608720060394
PREFADE-S,NAS100_TRAIN,2013-09-06 11:41:00+00:00,-1,8.400000000000091,1.2000000000002728,-8.221520575669274
PREFADE-S,NAS100_TRAIN,2013-09-06 12:37:00+00:00,-1,4.099999999999909,10.200000000000273,6.824921385147263
PREFADE-S,NAS100_TRAIN,2013-09-10 11:47:00+00:00,-1,0.7999999999997272,8.600000000000364,8.412366929862856
PREFADE-S,NAS100_TRAIN,2013-09-11 11:32:00+00:00,1,7.5,0.20000000000027285,-7.072825498123166
PREFADE-S,NAS100_TRAIN,2013-09-12 11:50:00+00:00,-1,2.700000000000273,3.0,2.524481342724812
PREFADE-S,NAS100_TRAIN,2013-09-16 12:29:00+00:00,1,6.5,1.7000000000002728,-5.590487094385935
PREFADE-S,NAS100_TRAIN,2013-09-17 11:50:00+00:00,-1,3.5,0.20000000000027285,-3.3629629210026906
PREFADE-S,NAS100_TRAIN,2013-09-19 13:24:00+00:00,-1,3.599999999999909,3.400000000000091,3.245142659593512
PREFADE-S,NAS100_TRAIN,2013-09-20 13:17:00+00:00,-1,1.5,5.599999999999909,5.599999999999909
PREFADE-S,NAS100_TRAIN,2013-09-23 11:54:00+00:00,1,4.799999999999727,10.300000000000182,6.039125695491748
PREFADE-S,NAS100_TRAIN,2013-09-23 12:55:00+00:00,-1,4.900000000000091,5.800000000000182,5.269999492245461
PREFADE-S,NAS100_TRAIN,2013-09-24 13:00:00+00:00,-1,4.799999999999727,2.700000000000273,1.9088848335291004
PREFADE-S,NAS100_TRAIN,2013-09-27 11:45:00+00:00,1,10.400000000000091,2.400000000000091,0.23991806744515998
PREFADE-S,NAS100_TRAIN,2013-09-30 11:50:00+00:00,1,6.699999999999818,0.599999999999909,-6.645785048459857
PREFADE-S,NAS100_TRAIN,2013-10-01 12:19:00+00:00,1,0.0,8.200000000000273,7.592634580118101
PREFADE-S,NAS100_TRAIN,2013-10-03 12:54:00+00:00,-1,8.200000000000273,0.7999999999997272,-7.394173207062067
PREFADE-S,NAS100_TRAIN,2013-10-08 12:12:00+00:00,-1,1.599999999999909,6.5,6.053782457685429
PREFADE-S,NAS100_TRAIN,2013-10-09 12:03:00+00:00,1,0.5,4.800000000000182,4.574006975253724
PREFADE-S,NAS100_TRAIN,2013-10-09 13:30:00+00:00,1,7.200000000000273,1.5,-5.724547847789836
PREFADE-S,NAS100_TRAIN,2013-10-15 12:00:00+00:00,1,1.5,5.0,4.2539915026382005
PREFADE-S,NAS100_TRAIN,2013-10-15 13:16:00+00:00,1,3.599999999999909,5.0,4.71895719536451
PREFADE-S,NAS100_TRAIN,2013-10-17 13:03:00+00:00,1,1.6000000000003638,6.099999999999909,5.037538763230259
PREFADE-S,NAS100_TRAIN,2013-10-18 11:45:00+00:00,-1,5.5,1.7000000000002728,-4.596200732097259
PREFADE-S,NAS100_TRAIN,2013-10-21 12:19:00+00:00,-1,5.5,0.7000000000002728,-4.80590530358586
PREFADE-S,NAS100_TRAIN,2013-10-22 11:35:00+00:00,-1,0.7000000000002728,2.0,2.0
PREFADE-S,NAS100_TRAIN,2013-10-22 12:05:00+00:00,-1,3.200000000000273,0.0,-2.7100472006945893
PREFADE-S,NAS100_TRAIN,2013-10-22 12:36:00+00:00,-1,10.800000000000182,1.199999999999818,-10.428433275888892
PREFADE-S,NAS100_TRAIN,2013-10-24 12:41:00+00:00,1,6.700000000000273,4.099999999999909,3.568203019566681
PREFADE-S,NAS100_TRAIN,2013-10-25 13:00:00+00:00,-1,4.299999999999727,6.0,5.3723940739373575
PREFADE-S,NAS100_TRAIN,2013-10-28 12:12:00+00:00,1,6.099999999999909,3.700000000000273,3.3019885951703145
PREFADE-S,NAS100_TRAIN,2013-10-29 11:41:00+00:00,-1,5.5,5.799999999999727,5.471627467914004
PREFADE-S,NAS100_TRAIN,2013-10-31 11:39:00+00:00,-1,2.200000000000273,5.5,5.009007481475692
PREFADE-S,NAS100_TRAIN,2013-11-01 11:51:00+00:00,-1,5.5,0.7999999999997272,-4.01297872334635
PREFADE-S,NAS100_TRAIN,2013-11-04 13:47:00+00:00,-1,2.200000000000273,7.0,6.62535026727528
PREFADE-S,NAS100_TRAIN,2013-11-07 12:37:00+00:00,-1,6.299999999999727,2.900000000000091,-3.6515561984851956
PREFADE-S,NAS100_TRAIN,2013-11-07 13:03:00+00:00,-1,0.09999999999990905,8.700000000000273,8.599776810196545
PREFADE-S,NAS100_TRAIN,2013-11-08 13:29:00+00:00,-1,0.40000000000009095,4.800000000000182,1.4188270811087023
PREFADE-S,NAS100_TRAIN,2013-11-08 13:31:00+00:00,1,5.0,8.300000000000182,8.05658378381213
PREFADE-S,NAS100_TRAIN,2013-11-11 12:38:00+00:00,-1,1.7999999999997272,3.700000000000273,3.653365721783757
PREFADE-S,NAS100_TRAIN,2013-11-13 13:10:00+00:00,1,8.5,4.200000000000273,3.6545956381564793
PREFADE-S,NAS100_TRAIN,2013-11-15 14:29:00+00:00,1,5.5,4.0,-5.0
PREFADE-S,NAS100_TRAIN,2013-11-18 14:27:00+00:00,-1,0.20000000000027285,5.099999999999909,4.898918639855765
PREFADE-S,NAS100_TRAIN,2013-11-20 13:17:00+00:00,-1,4.899999999999636,1.2000000000002728,-4.899999999999636
PREFADE-S,NAS100_TRAIN,2013-11-21 13:17:00+00:00,-1,13.5,4.5,-13.401303994317914
PREFADE-S,NAS100_TRAIN,2013-11-22 13:34:00+00:00,-1,5.299999999999727,1.2000000000002728,-4.798374211469763
PREFADE-S,NAS100_TRAIN,2013-11-27 14:10:00+00:00,-1,4.799999999999727,2.700000000000273,-4.5112991047535616
PREFADE-S,NAS100_TRAIN,2013-11-29 12:45:00+00:00,-1,0.0,2.5,2.4240527677679893
PREFADE-S,NAS100_TRAIN,2013-12-02 14:28:00+00:00,-1,4.599999999999909,4.400000000000091,3.0951909479799724
PREFADE-S,NAS100_TRAIN,2013-12-04 12:52:00+00:00,1,8.0,0.29999999999972715,-6.5
PREFADE-S,NAS100_TRAIN,2013-12-05 13:08:00+00:00,-1,0.5,7.0,6.743736547393837
PREFADE-S,NAS100_TRAIN,2013-12-06 13:31:00+00:00,-1,2.200000000000273,4.5,2.995284187039033
PREFADE-S,NAS100_TRAIN,2013-12-06 13:34:00+00:00,1,2.299999999999727,7.200000000000273,3.638837936557593
PREFADE-S,NAS100_TRAIN,2013-12-06 13:37:00+00:00,-1,11.400000000000091,1.099999999999909,-8.146680272805497
PREFADE-S,NAS100_TRAIN,2013-12-09 12:45:00+00:00,-1,3.5,0.20000000000027285,-3.310078126008648
PREFADE-S,NAS100_TRAIN,2013-12-12 13:45:00+00:00,-1,0.20000000000027285,6.900000000000091,6.728574105445659
PREFADE-S,NAS100_TRAIN,2013-12-13 14:29:00+00:00,-1,2.0,5.900000000000091,5.30851346366353
PREFADE-S,NAS100_TRAIN,2013-12-17 12:41:00+00:00,-1,3.0,3.700000000000273,2.7062758884076175
PREFADE-S,NAS100_TRAIN,2013-12-19 13:41:00+00:00,1,7.199999999999818,0.900000000000091,-6.205546785433398
PREFADE-S,NAS100_TRAIN,2013-12-20 14:05:00+00:00,-1,0.0,4.100000000000364,4.019314051879519
PREFADE-S,NAS100_TRAIN,2013-12-24 14:23:00+00:00,-1,2.199999999999818,2.800000000000182,2.286476966070495
PREFADE-S,NAS100_TRAIN,2013-12-26 13:15:00+00:00,-1,0.0,1.2000000000002728,0.8861791657241156
PREFADE-S,NAS100_TRAIN,2013-12-26 13:34:00+00:00,-1,0.0,1.2000000000002728,1.0
PREFADE-S,NAS100_TRAIN,2013-12-26 13:49:00+00:00,-1,1.5,0.0,-1.5
PREFADE-S,NAS100_TRAIN,2013-12-27 12:58:00+00:00,-1,2.5,3.299999999999727,2.739690544673522
PREFADE-S,NAS100_TRAIN,2013-12-30 13:06:00+00:00,1,3.200000000000273,0.0,-3.0
PREFADE-S,NAS100_TRAIN,2013-12-31 12:33:00+00:00,-1,2.0,0.0,-2.0
PREFADE-S,NAS100_TRAIN,2014-01-03 13:15:00+00:00,-1,1.599999999999909,9.200000000000273,8.777174261238542
PREFADE-S,NAS100_TRAIN,2014-01-08 14:30:00+00:00,-1,0.7999999999997272,4.200000000000273,3.1495935178272703
PREFADE-S,NAS100_TRAIN,2014-01-10 13:36:00+00:00,1,1.599999999999909,17.100000000000364,15.840077185396694
PREFADE-S,NAS100_TRAIN,2014-01-14 13:31:00+00:00,-1,7.5,0.29999999999972715,-7.153643573936279
PREFADE-S,NAS100_TRAIN,2014-01-16 12:40:00+00:00,1,1.900000000000091,3.099999999999909,2.770569398317548
PREFADE-S,NAS100_TRAIN,2014-01-20 12:58:00+00:00,-1,2.299999999999727,1.5,-1.199999999999818
PREFADE-S,NAS100_TRAIN,2014-01-22 14:27:00+00:00,-1,0.0,8.900000000000091,6.87949662696974
PREFADE-S,NAS100_TRAIN,2014-01-23 13:52:00+00:00,1,15.100000000000364,0.29999999999972715,-13.928946767935486
PREFADE-S,NAS100_TRAIN,2014-01-29 13:48:00+00:00,1,10.400000000000091,15.599999999999909,12.010006147426338
PREFADE-S,NAS100_TRAIN,2014-01-30 12:49:00+00:00,-1,11.599999999999909,6.600000000000364,-11.339943453123396
PREFADE-S,NAS100_TRAIN,2014-02-04 13:13:00+00:00,-1,7.599999999999909,2.0,-6.8851881015962135
PREFADE-S,NAS100_TRAIN,2014-02-05 13:20:00+00:00,1,1.0,11.299999999999727,8.321572757323793
PREFADE-S,NAS100_TRAIN,2014-02-06 13:26:00+00:00,-1,1.5,11.300000000000182,8.860684695883265
PREFADE-S,NAS100_TRAIN,2014-02-07 13:31:00+00:00,-1,0.599999999999909,8.300000000000182,-0.0
PREFADE-S,NAS100_TRAIN,2014-02-07 13:53:00+00:00,-1,14.0,9.0,7.720190011860723
PREFADE-S,NAS100_TRAIN,2014-02-12 14:29:00+00:00,-1,9.0,0.6000000000003638,-8.295669012927647
PREFADE-S,NAS100_TRAIN,2014-02-13 13:32:00+00:00,1,3.100000000000364,8.5,8.090555160263193
PREFADE-S,NAS100_TRAIN,2014-02-19 12:42:00+00:00,1,0.0,6.800000000000182,6.469111875419912
PREFADE-S,NAS100_TRAIN,2014-02-21 14:29:00+00:00,-1,0.09999999999990905,7.100000000000364,4.324962911310195
PREFADE-S,NAS100_TRAIN,2014-02-24 13:21:00+00:00,-1,13.5,7.5,-11.800982123677386
PREFADE-S,NAS100_TRAIN,2014-02-25 12:34:00+00:00,1,0.09999999999990905,4.099999999999909,4.0
PREFADE-S,NAS100_TRAIN,2014-02-25 13:44:00+00:00,-1,3.0,6.599999999999909,3.5762991053861697
PREFADE-S,NAS100_TRAIN,2014-02-26 12:42:00+00:00,1,0.0,4.400000000000091,4.199999999999818
PREFADE-S,NAS100_TRAIN,2014-02-26 14:11:00+00:00,1,1.0,4.800000000000182,3.8312924658876
PREFADE-S,NAS100_TRAIN,2014-03-05 12:34:00+00:00,-1,1.900000000000091,3.900000000000091,3.6847443338697303
PREFADE-S,NAS100_TRAIN,2014-03-06 14:30:00+00:00,-1,3.199999999999818,2.800000000000182,0.9292941832095494
PREFADE-S,NAS100_TRAIN,2014-03-07 13:31:00+00:00,-1,9.0,1.0,-8.671242117206475
PREFADE-S,NAS100_TRAIN,2014-03-11 12:26:00+00:00,-1,4.0,0.09999999999990905,-3.9847397359749266
PREFADE-S,NAS100_TRAIN,2014-03-12 12:39:00+00:00,1,2.300000000000182,8.099999999999909,7.771689308577606
PREFADE-S,NAS100_TRAIN,2014-03-14 11:52:00+00:00,-1,0.0,1.5,-0.0
PREFADE-S,NAS100_TRAIN,2014-03-14 12:16:00+00:00,1,7.099999999999909,0.1000000000003638,-6.7990765203967385
PREFADE-S,NAS100_TRAIN,2014-03-14 12:53:00+00:00,1,0.1999999999998181,6.700000000000273,6.14275836470506
PREFADE-S,NAS100_TRAIN,2014-03-14 13:24:00+00:00,1,4.799999999999727,8.0,7.9218755609413165
PREFADE-S,NAS100_TRAIN,2014-03-18 11:41:00+00:00,-1,11.900000000000091,4.199999999999818,-11.755128608413088
PREFADE-S,NAS100_TRAIN,2014-03-21 13:29:00+00:00,-1,0.599999999999909,9.800000000000182,8.593883445940264
PREFADE-S,NAS100_TRAIN,2014-03-25 11:32:00+00:00,-1,6.099999999999909,0.20000000000027285,-6.027500464836521
PREFADE-S,NAS100_TRAIN,2014-03-26 12:01:00+00:00,-1,6.0,7.599999999999909,6.317964161556574
PREFADE-S,NAS100_TRAIN,2014-03-27 12:36:00+00:00,1,7.099999999999909,2.5,-6.481383360481232
PREFADE-S,NAS100_TRAIN,2014-03-27 13:02:00+00:00,1,17.200000000000273,4.399999999999636,-9.488341667593431
PREFADE-S,NAS100_TRAIN,2014-03-31 11:51:00+00:00,-1,4.5,1.099999999999909,-3.555526125214328
PREFADE-S,NAS100_TRAIN,2014-04-01 11:38:00+00:00,-1,11.800000000000182,0.599999999999909,-9.417258987239165
PREFADE-S,NAS100_TRAIN,2014-04-02 13:30:00+00:00,-1,1.099999999999909,8.5,7.318581779701162
PREFADE-S,NAS100_TRAIN,2014-04-03 13:27:00+00:00,-1,0.599999999999909,6.400000000000091,4.765601971959768
PREFADE-S,NAS100_TRAIN,2014-04-04 11:44:00+00:00,-1,6.799999999999727,1.7000000000002728,-5.152222889974837
PREFADE-S,NAS100_TRAIN,2014-04-08 11:55:00+00:00,1,0.8000000000001819,7.699999999999818,7.392703284058371
PREFADE-S,NAS100_TRAIN,2014-04-09 12:37:00+00:00,-1,8.599999999999909,3.400000000000091,2.520923203496295
PREFADE-S,NAS100_TRAIN,2014-04-14 11:47:00+00:00,-1,11.200000000000273,0.0,-10.826754844280458
PREFADE-S,NAS100_TRAIN,2014-04-15 12:27:00+00:00,-1,4.5,9.799999999999727,7.290546817736413
PREFADE-S,NAS100_TRAIN,2014-04-17 11:37:00+00:00,-1,6.099999999999909,0.1999999999998181,-5.965002265334078
PREFADE-S,NAS100_TRAIN,2014-04-22 13:00:00+00:00,-1,8.099999999999909,1.199999999999818,-7.227193310307939
PREFADE-S,NAS100_TRAIN,2014-04-23 11:41:00+00:00,1,9.199999999999818,2.900000000000091,-5.993314344078499
PREFADE-S,NAS100_TRAIN,2014-04-24 12:30:00+00:00,-1,8.799999999999727,10.300000000000182,9.31445367577544
PREFADE-S,NAS100_TRAIN,2014-04-25 12:06:00+00:00,1,14.799999999999727,0.40000000000009095,-13.283825429153694
PREFADE-S,NAS100_TRAIN,2014-04-30 11:33:00+00:00,-1,3.599999999999909,6.5,4.73102348721477
PREFADE-S,NAS100_TRAIN,2014-05-02 12:31:00+00:00,-1,0.6999999999998181,10.0,9.412411304538637
PREFADE-S,NAS100_TRAIN,2014-05-05 13:07:00+00:00,1,6.5,9.599999999999909,9.411285045152454
PREFADE-S,NAS100_TRAIN,2014-05-06 11:39:00+00:00,1,8.800000000000182,1.699999999999818,-7.212075174839811
PREFADE-S,NAS100_TRAIN,2014-05-07 12:03:00+00:00,-1,8.900000000000091,9.400000000000091,6.202797057251246
PREFADE-S,NAS100_TRAIN,2014-05-08 11:51:00+00:00,1,9.799999999999727,2.900000000000091,-8.057999863984605
PREFADE-S,NAS100_TRAIN,2014-05-08 12:58:00+00:00,1,6.5,11.600000000000364,9.20942847920287
PREFADE-S,NAS100_TRAIN,2014-05-09 12:08:00+00:00,1,1.7999999999997272,7.700000000000273,6.718179758633596
PREFADE-S,NAS100_TRAIN,2014-05-12 12:36:00+00:00,-1,12.099999999999909,0.599999999999909,-11.507332556507663
PREFADE-S,NAS100_TRAIN,2014-05-13 12:42:00+00:00,1,0.5,3.599999999999909,3.089347106738387
PREFADE-S,NAS100_TRAIN,2014-05-14 12:26:00+00:00,1,4.599999999999909,4.0,3.7736690892365914
PREFADE-S,NAS100_TRAIN,2014-05-15 11:36:00+00:00,1,2.199999999999818,7.400000000000091,6.486935543500749
PREFADE-S,NAS100_TRAIN,2014-05-15 13:18:00+00:00,1,0.0,8.400000000000091,8.195341767353966
PREFADE-S,NAS100_TRAIN,2014-05-16 13:13:00+00:00,-1,2.599999999999909,8.0,6.65689958644225
PREFADE-S,NAS100_TRAIN,2014-05-28 12:38:00+00:00,1,3.400000000000091,2.599999999999909,2.1265079184527167
PREFADE-S,NAS100_TRAIN,2014-05-29 12:32:00+00:00,1,0.1999999999998181,3.599999999999909,2.621708020499682
PREFADE-S,NAS100_TRAIN,2014-05-29 12:53:00+00:00,-1,5.199999999999818,1.599999999999909,-3.894241043960392
PREFADE-S,NAS100_TRAIN,2014-06-02 13:28:00+00:00,-1,0.0,5.0,4.224991771153327
PREFADE-S,NAS100_TRAIN,2014-06-04 12:19:00+00:00,1,7.199999999999818,2.400000000000091,1.165115927287843
PREFADE-S,NAS100_TRAIN,2014-06-05 11:48:00+00:00,-1,7.599999999999909,2.400000000000091,-4.6918795809001494
PREFADE-S,NAS100_TRAIN,2014-06-06 12:25:00+00:00,1,0.1999999999998181,3.800000000000182,3.003217297590254
PREFADE-S,NAS100_TRAIN,2014-06-06 12:34:00+00:00,-1,5.0,1.599999999999909,-4.6033078634545745
PREFADE-S,NAS100_TRAIN,2014-06-06 13:22:00+00:00,-1,2.799999999999727,6.400000000000091,4.732737030755288
PREFADE-S,NAS100_TRAIN,2014-06-12 12:31:00+00:00,1,6.199999999999818,0.40000000000009095,-4.658471790499334
PREFADE-S,NAS100_TRAIN,2014-06-13 13:03:00+00:00,-1,4.599999999999909,6.200000000000273,4.09314381981585
PREFADE-S,NAS100_TRAIN,2014-06-17 12:32:00+00:00,1,7.400000000000091,4.0,3.2557447755607427
PREFADE-S,NAS100_TRAIN,2014-06-20 12:39:00+00:00,-1,2.599999999999909,4.0,3.2644709808637344
PREFADE-S,NAS100_TRAIN,2014-06-25 12:35:00+00:00,1,2.400000000000091,7.800000000000182,3.8955475567699978
PREFADE-S,NAS100_TRAIN,2014-06-26 11:54:00+00:00,-1,3.200000000000273,1.199999999999818,-2.7208902028714874
PREFADE-S,NAS100_TRAIN,2014-07-01 12:37:00+00:00,-1,5.200000000000273,0.7999999999997272,-4.760640400018474
PREFADE-S,NAS100_TRAIN,2014-07-02 12:16:00+00:00,-1,1.199999999999818,2.0,1.790513492799164
PREFADE-S,NAS100_TRAIN,2014-07-02 12:48:00+00:00,-1,0.20000000000027285,2.199999999999818,1.5260630538268742
PREFADE-S,NAS100_TRAIN,2014-07-02 13:10:00+00:00,1,2.0,3.200000000000273,1.4682031675106373
PREFADE-S,NAS100_TRAIN,2014-07-03 12:27:00+00:00,-1,2.900000000000091,4.799999999999727,4.501571145706748
PREFADE-S,NAS100_TRAIN,2014-07-03 12:33:00+00:00,-1,0.599999999999909,3.800000000000182,3.48686655425945
PREFADE-S,NAS100_TRAIN,2014-07-03 12:42:00+00:00,-1,5.599999999999909,0.0,-5.487065577266094
PREFADE-S,NAS100_TRAIN,2014-07-07 11:55:00+00:00,1,2.200000000000273,3.399999999999636,2.629786533600054
PREFADE-S,NAS100_TRAIN,2014-07-08 12:34:00+00:00,1,5.0,0.6000000000003638,-3.975963642991246
PREFADE-S,NAS100_TRAIN,2014-07-09 11:44:00+00:00,-1,4.200000000000273,1.7999999999997272,-3.3327896144960505
PREFADE-S,NAS100_TRAIN,2014-07-10 13:01:00+00:00,1,6.800000000000182,12.799999999999727,12.421677949751938
PREFADE-S,NAS100_TRAIN,2014-07-15 11:38:00+00:00,-1,6.0,0.8000000000001819,-5.76641501561835
PREFADE-S,NAS100_TRAIN,2014-07-16 11:52:00+00:00,-1,5.400000000000091,6.599999999999909,4.782743452798059
PREFADE-S,NAS100_TRAIN,2014-07-18 12:44:00+00:00,-1,19.0,2.799999999999727,-18.97820749264065
PREFADE-S,NAS100_TRAIN,2014-07-21 13:05:00+00:00,1,0.20000000000027285,4.400000000000091,4.213906638825392
PREFADE-S,NAS100_TRAIN,2014-07-22 11:37:00+00:00,-1,15.399999999999636,2.0,-10.826576829899295
PREFADE-S,NAS100_TRAIN,2014-07-23 12:53:00+00:00,-1,13.399999999999636,4.200000000000273,-12.91379890229473
PREFADE-S,NAS100_TRAIN,2014-07-25 13:02:00+00:00,1,7.0,1.0,-5.838706774413367
PREFADE-S,NAS100_TRAIN,2014-07-28 12:33:00+00:00,-1,5.200000000000273,6.0,4.752211956865722
PREFADE-S,NAS100_TRAIN,2014-07-29 12:03:00+00:00,-1,9.400000000000091,6.0,2.1179542314648643
PREFADE-S,NAS100_TRAIN,2014-07-30 12:31:00+00:00,-1,6.199999999999818,7.800000000000182,6.3975622149059745
PREFADE-S,NAS100_TRAIN,2014-08-04 12:05:00+00:00,-1,0.599999999999909,5.199999999999818,4.751934079617058
PREFADE-S,NAS100_TRAIN,2014-08-05 11:34:00+00:00,1,7.399999999999636,1.0,-7.285828474685786
PREFADE-S,NAS100_TRAIN,2014-08-06 12:05:00+00:00,1,7.199999999999818,13.200000000000273,12.525483689152225
PREFADE-S,NAS100_TRAIN,2014-08-07 12:05:00+00:00,-1,9.0,2.599999999999909,-8.494504862915164
PREFADE-S,NAS100_TRAIN,2014-08-11 12:26:00+00:00,-1,14.0,4.200000000000273,-13.199999999999818
PREFADE-S,NAS100_TRAIN,2014-08-12 11:51:00+00:00,1,7.0,3.800000000000182,-6.144208145983157
PREFADE-S,NAS100_TRAIN,2014-08-12 13:29:00+00:00,1,3.400000000000091,7.599999999999909,7.095194560617983
PREFADE-S,NAS100_TRAIN,2014-08-15 13:29:00+00:00,-1,6.400000000000091,5.599999999999909,4.371985507666977
PREFADE-S,NAS100_TRAIN,2014-08-19 12:32:00+00:00,-1,2.599999999999909,3.800000000000182,2.902766257868734
PREFADE-S,NAS100_TRAIN,2014-08-19 13:27:00+00:00,-1,1.400000000000091,3.0,2.808401713249168
PREFADE-S,NAS100_TRAIN,2014-08-20 11:40:00+00:00,-1,1.7999999999997272,4.0,3.49406557837483
PREFADE-S,NAS100_TRAIN,2014-08-26 11:41:00+00:00,-1,2.0,5.799999999999727,3.8839594931414467
PREFADE-S,NAS100_TRAIN,2014-08-27 12:46:00+00:00,1,1.599999999999909,2.599999999999909,2.4380730191783186
PREFADE-S,NAS100_TRAIN,2014-09-05 12:31:00+00:00,-1,8.599999999999909,10.400000000000091,4.164663589032898
PREFADE-S,NAS100_TRAIN,2014-09-08 13:16:00+00:00,-1,4.400000000000091,0.1999999999998181,-3.297146689728379
PREFADE-S,NAS100_TRAIN,2014-09-11 11:57:00+00:00,1,8.400000000000091,4.800000000000182,3.727823200190869
PREFADE-S,NAS100_TRAIN,2014-09-12 12:24:00+00:00,1,4.399999999999636,3.400000000000091,-3.9538874614713677
PREFADE-S,NAS100_TRAIN,2014-09-15 12:31:00+00:00,-1,6.400000000000091,9.599999999999909,7.875076120052199
PREFADE-S,NAS100_TRAIN,2014-09-16 13:08:00+00:00,1,6.199999999999818,5.400000000000091,5.366652552600954
PREFADE-S,NAS100_TRAIN,2014-09-17 11:39:00+00:00,1,0.0,3.400000000000091,3.006874470604089
PREFADE-S,NAS100_TRAIN,2014-09-17 12:09:00+00:00,1,2.200000000000273,4.599999999999909,2.3046374478358302
PREFADE-S,NAS100_TRAIN,2014-09-17 12:33:00+00:00,-1,5.0,4.400000000000091,-3.9284811592751794
PREFADE-S,NAS100_TRAIN,2014-09-25 12:04:00+00:00,1,3.799999999999727,0.599999999999909,-3.472151026807296
PREFADE-S,NAS100_TRAIN,2014-09-25 12:41:00+00:00,1,5.599999999999909,0.0,-5.381175157848702
PREFADE-S,NAS100_TRAIN,2014-09-26 12:19:00+00:00,-1,0.7999999999997272,8.600000000000364,8.26422505956316
PREFADE-S,NAS100_TRAIN,2014-09-29 12:52:00+00:00,1,13.400000000000091,11.400000000000091,8.709661030347434
PREFADE-S,NAS100_TRAIN,2014-10-01 11:43:00+00:00,1,5.399999999999636,4.0,3.7378764141635656
PREFADE-S,NAS100_TRAIN,2014-10-02 12:40:00+00:00,-1,3.599999999999909,10.599999999999909,9.425603885262262
PREFADE-S,NAS100_TRAIN,2014-10-03 12:33:00+00:00,-1,1.199999999999818,13.199999999999818,12.04588994585356
PREFADE-S,NAS100_TRAIN,2014-10-08 11:40:00+00:00,-1,0.8000000000001819,7.0,6.240723230695039
PREFADE-S,NAS100_TRAIN,2014-10-09 11:40:00+00:00,1,12.400000000000091,6.0,5.5363239727425935
PREFADE-S,NAS100_TRAIN,2014-10-14 12:17:00+00:00,-1,15.0,10.400000000000091,7.603546856400953
PREFADE-S,NAS100_TRAIN,2014-10-15 11:54:00+00:00,1,30.09999999999991,17.799999999999727,-28.053218900404772
PREFADE-S,NAS100_TRAIN,2014-10-20 13:16:00+00:00,1,2.599999999999909,19.0,15.043403529323314
PREFADE-S,NAS100_TRAIN,2014-10-22 12:58:00+00:00,-1,1.2999999999997272,8.5,7.025170810271447
PREFADE-S,NAS100_TRAIN,2014-10-23 12:06:00+00:00,-1,27.90000000000009,6.300000000000182,-26.083078963392836
PREFADE-S,NAS100_TRAIN,2014-10-24 13:01:00+00:00,-1,17.0,3.5,-16.34129160704242
PREFADE-S,NAS100_TRAIN,2014-10-27 12:40:00+00:00,1,7.900000000000091,7.0,5.758766791783273
PREFADE-S,NAS100_TRAIN,2014-10-29 13:09:00+00:00,-1,0.1999999999998181,11.0,9.18222906126448
PREFADE-S,NAS100_TRAIN,2014-10-30 11:35:00+00:00,1,0.599999999999909,20.40000000000009,19.883517808677425
PREFADE-S,NAS100_TRAIN,2014-11-03 13:43:00+00:00,-1,5.5,0.7000000000007276,-5.176441838736537
PREFADE-S,NAS100_TRAIN,2014-11-04 12:57:00+00:00,1,4.800000000000182,8.299999999999272,6.302672173203973
PREFADE-S,NAS100_TRAIN,2014-11-05 14:29:00+00:00,-1,1.5,15.400000000000546,12.639920309759873
PREFADE-S,NAS100_TRAIN,2014-11-06 13:34:00+00:00,-1,8.699999999999818,1.199999999999818,-6.590204447440556
PREFADE-S,NAS100_TRAIN,2014-11-06 13:47:00+00:00,-1,9.600000000000364,8.399999999999636,8.055733116028932
PREFADE-S,NAS100_TRAIN,2014-11-07 13:32:00+00:00,-1,1.699999999999818,4.800000000000182,4.311863633055509
PREFADE-S,NAS100_TRAIN,2014-11-07 13:38:00+00:00,-1,3.600000000000364,5.699999999999818,3.7634756368524904
PREFADE-S,NAS100_TRAIN,2014-11-07 14:08:00+00:00,1,11.300000000000182,6.699999999999818,-8.645539721911518
PREFADE-S,NAS100_TRAIN,2014-11-12 13:05:00+00:00,1,0.3000000000001819,8.100000000000364,6.404725853344644
PREFADE-S,NAS100_TRAIN,2014-11-14 12:42:00+00:00,1,0.8000000000001819,5.199999999999818,4.936321929145379
PREFADE-S,NAS100_TRAIN,2014-11-19 12:32:00+00:00,-1,1.1000000000003638,4.399999999999636,3.831111087239151
PREFADE-S,NAS100_TRAIN,2014-11-24 13:56:00+00:00,-1,11.5,6.899999999999636,-10.758175475384633
PREFADE-S,NAS100_TRAIN,2014-11-25 13:31:00+00:00,-1,10.199999999999818,5.600000000000364,4.203272763796122
PREFADE-S,NAS100_TRAIN,2014-11-26 12:56:00+00:00,1,4.400000000000546,4.099999999999454,2.6455009977662485
PREFADE-S,NAS100_TRAIN,2014-11-27 13:25:00+00:00,-1,7.300000000000182,4.699999999999818,-6.156233575872648
PREFADE-S,NAS100_TRAIN,2014-12-01 13:23:00+00:00,1,0.4000000000005457,5.199999999999818,4.4243947305158144
PREFADE-S,NAS100_TRAIN,2014-12-03 14:20:00+00:00,-1,6.699999999999818,4.400000000000546,-5.7572088593988155
PREFADE-S,NAS100_TRAIN,2014-12-04 13:37:00+00:00,-1,4.400000000000546,5.5,1.9713218199422045
PREFADE-S,NAS100_TRAIN,2014-12-04 13:40:00+00:00,1,15.200000000000728,3.699999999999818,-5.795312647393075
PREFADE-S,NAS100_TRAIN,2014-12-04 14:07:00+00:00,1,0.0,11.399999999999636,10.09917450609737
PREFADE-S,NAS100_TRAIN,2014-12-05 13:31:00+00:00,-1,1.0,6.699999999999818,0.5104548757271914
PREFADE-S,NAS100_TRAIN,2014-12-05 13:38:00+00:00,-1,0.3999999999996362,6.399999999999636,6.041826019155451
PREFADE-S,NAS100_TRAIN,2014-12-09 12:38:00+00:00,1,17.900000000000546,1.0,-16.86832866214081
PREFADE-S,NAS100_TRAIN,2014-12-09 14:05:00+00:00,1,18.100000000000364,13.699999999999818,10.914302155439145
PREFADE-S,NAS100_TRAIN,2014-12-10 12:47:00+00:00,1,1.300000000000182,5.199999999999818,4.6006100045988205
PREFADE-S,NAS100_TRAIN,2014-12-11 13:37:00+00:00,-1,13.899999999999636,8.100000000000364,-11.707449115214331
PREFADE-S,NAS100_TRAIN,2014-12-16 12:54:00+00:00,1,9.700000000000728,23.0,22.966291025471037
PREFADE-S,NAS100_TRAIN,2014-12-17 14:08:00+00:00,1,4.800000000000182,10.5,8.961887327709519
PREFADE-S,NAS100_TRAIN,2014-12-19 14:29:00+00:00,1,7.5,14.0,12.493007066676
PREFADE-S,NAS100_TRAIN,2014-12-22 14:28:00+00:00,1,0.5,13.899999999999636,11.469280235998667
PREFADE-S,NAS100_TRAIN,2014-12-23 12:36:00+00:00,-1,7.599999999999454,1.0,-6.328891079355344
PREFADE-S,NAS100_TRAIN,2014-12-23 13:50:00+00:00,-1,5.899999999999636,7.400000000000546,7.118437825540241
PREFADE-S,NAS100_TRAIN,2014-12-24 13:20:00+00:00,-1,1.0999999999994543,4.0,2.837901834181139
PREFADE-S,NAS100_TRAIN,2014-12-26 14:11:00+00:00,-1,0.1999999999998181,3.800000000000182,3.800000000000182
PREFADE-S,NAS100_TRAIN,2014-12-30 13:49:00+00:00,1,5.700000000000728,8.5,7.6468271217045185
PREFADE-S,NAS100_VAL,2015-01-05 13:42:00+00:00,1,8.899999999999636,6.900000000000546,6.382779567831676
PREFADE-S,NAS100_VAL,2015-01-07 12:46:00+00:00,-1,9.0,11.700000000000728,9.216079579988218
PREFADE-S,NAS100_VAL,2015-01-09 13:14:00+00:00,1,2.699999999999818,10.399999999999636,6.045709011420513
PREFADE-S,NAS100_VAL,2015-01-09 13:32:00+00:00,-1,9.899999999999636,6.200000000000728,-9.276827816671357
PREFADE-S,NAS100_VAL,2015-01-13 14:05:00+00:00,-1,23.800000000000182,0.0,-21.859546053392478
PREFADE-S,NAS100_VAL,2015-01-14 13:31:00+00:00,1,17.099999999999454,21.100000000000364,16.03104380392142
PREFADE-S,NAS100_VAL,2015-01-16 13:46:00+00:00,-1,20.700000000000273,6.700000000000273,-20.401086307766946
PREFADE-S,NAS100_VAL,2015-01-19 14:25:00+00:00,-1,2.699999999999818,16.199999999999818,15.956981929509311
PREFADE-S,NAS100_VAL,2015-01-20 12:46:00+00:00,-1,3.9000000000005457,14.699999999999818,13.97271818448462
PREFADE-S,NAS100_VAL,2015-01-21 12:57:00+00:00,1,0.4000000000005457,12.099999999999454,11.518293564687156
PREFADE-S,NAS100_VAL,2015-01-22 12:56:00+00:00,-1,19.599999999999454,4.800000000000182,-10.829456371048764
PREFADE-S,NAS100_VAL,2015-01-23 12:39:00+00:00,-1,1.2000000000007276,9.899999999999636,7.113117711503946
PREFADE-S,NAS100_VAL,2015-01-23 14:08:00+00:00,1,6.700000000000728,7.799999999999272,6.711648432484253
PREFADE-S,NAS100_VAL,2015-01-26 12:51:00+00:00,-1,8.600000000000364,15.0,13.668336306269339
PREFADE-S,NAS100_VAL,2015-01-27 12:44:00+00:00,1,27.300000000000182,1.800000000000182,-27.07894327736267
PREFADE-S,NAS100_VAL,2015-01-30 13:31:00+00:00,1,5.700000000000728,19.299999999999272,13.57505382117506
PREFADE-S,NAS100_VAL,2015-02-04 13:30:00+00:00,1,7.300000000000182,3.0,-7.221784444220248
PREFADE-S,NAS100_VAL,2015-02-06 13:07:00+00:00,1,0.0,3.699999999999818,3.6731445929644906
PREFADE-S,NAS100_VAL,2015-02-06 13:31:00+00:00,-1,6.299999999999272,0.7000000000007276,-5.577199907120303
PREFADE-S,NAS100_VAL,2015-02-06 13:34:00+00:00,-1,0.9000000000005457,7.5,6.578758687719528
PREFADE-S,NAS100_VAL,2015-02-06 13:38:00+00:00,-1,3.800000000000182,7.0,5.425165133780865
PREFADE-S,NAS100_VAL,2015-02-11 13:10:00+00:00,1,0.8000000000001819,4.100000000000364,3.399999999999636
PREFADE-S,NAS100_VAL,2015-02-11 13:43:00+00:00,-1,0.5999999999994543,3.600000000000364,3.454825850342786
PREFADE-S,NAS100_VAL,2015-02-11 14:21:00+00:00,-1,5.0,0.3000000000001819,-4.3658249117434025
PREFADE-S,NAS100_VAL,2015-02-16 12:34:00+00:00,-1,2.899999999999636,1.699999999999818,-1.800000000000182
PREFADE-S,NAS100_VAL,2015-02-18 12:32:00+00:00,1,4.5,2.199999999999818,-4.427197301790329
PREFADE-S,NAS100_VAL,2015-02-20 13:00:00+00:00,1,4.699999999999818,3.199999999999818,3.1047715654922285
PREFADE-S,NAS100_VAL,2015-02-24 13:54:00+00:00,1,6.099999999999454,2.0,-4.561364865819087
PREFADE-S,NAS100_VAL,2015-02-25 13:49:00+00:00,1,3.100000000000364,3.399999999999636,3.1313845223940007
PREFADE-S,NAS100_VAL,2015-03-03 12:32:00+00:00,1,3.4000000000005457,0.8999999999996362,-3.021316257637409
PREFADE-S,NAS100_VAL,2015-03-05 13:12:00+00:00,-1,2.399999999999636,6.0,4.729829219055318
PREFADE-S,NAS100_VAL,2015-03-06 12:36:00+00:00,-1,3.300000000000182,0.6999999999998181,-2.6420513773136918
PREFADE-S,NAS100_VAL,2015-03-06 13:30:00+00:00,-1,4.800000000000182,6.899999999999636,-4.727127641396692
PREFADE-S,NAS100_VAL,2015-03-06 13:35:00+00:00,-1,2.699999999999818,7.899999999999636,3.1111520757758626
PREFADE-S,NAS100_VAL,2015-03-06 13:45:00+00:00,1,5.5,5.899999999999636,3.459487174901369
PREFADE-S,NAS100_VAL,2015-03-06 14:07:00+00:00,1,9.199999999999818,5.400000000000546,-7.831519719909011
PREFADE-S,NAS100_VAL,2015-03-09 11:48:00+00:00,-1,6.800000000000182,0.0,-6.176527282876123
PREFADE-S,NAS100_VAL,2015-03-12 13:01:00+00:00,1,9.099999999999454,4.0,-9.071629098206358
PREFADE-S,NAS100_VAL,2015-03-13 11:51:00+00:00,1,7.299999999999272,0.1000000000003638,-6.883242578998761
PREFADE-S,NAS100_VAL,2015-03-13 12:54:00+00:00,1,0.1999999999998181,8.699999999999818,7.976750770138096
PREFADE-S,NAS100_VAL,2015-03-20 11:48:00+00:00,-1,14.300000000000182,0.6000000000003638,-12.96286925194363
PREFADE-S,NAS100_VAL,2015-03-24 13:18:00+00:00,1,0.6000000000003638,8.5,6.564791648402206
PREFADE-S,NAS100_VAL,2015-03-25 11:58:00+00:00,1,1.800000000000182,5.100000000000364,5.053032256661936
PREFADE-S,NAS100_VAL,2015-03-25 13:07:00+00:00,-1,1.8999999999996362,5.0,4.715550412017365
PREFADE-S,NAS100_VAL,2015-04-03 12:31:00+00:00,1,11.199999999999818,13.600000000000364,8.473059883738642
PREFADE-S,NAS100_VAL,2015-04-03 12:40:00+00:00,1,21.5,6.599999999999454,-19.032829035355462
PREFADE-S,NAS100_VAL,2015-04-06 13:11:00+00:00,-1,1.5,7.200000000000728,6.087581496466555
PREFADE-S,NAS100_VAL,2015-04-08 13:14:00+00:00,-1,0.7000000000007276,7.399999999999636,6.863579173855214
PREFADE-S,NAS100_VAL,2015-04-13 13:13:00+00:00,-1,6.199999999999818,0.8000000000001819,-5.983183302715588
PREFADE-S,NAS100_VAL,2015-04-24 13:29:00+00:00,-1,7.199999999999818,7.899999999999636,7.85172527641771
PREFADE-S,NAS100_VAL,2015-04-27 12:02:00+00:00,-1,9.699999999999818,4.699999999999818,-8.76999420258744
PREFADE-S,NAS100_VAL,2015-04-29 12:05:00+00:00,1,6.699999999999818,5.600000000000364,4.629756336468745
PREFADE-S,NAS100_VAL,2015-04-29 12:31:00+00:00,1,11.800000000000182,3.0,-9.30129265560845
PREFADE-S,NAS100_VAL,2015-04-29 12:57:00+00:00,1,7.800000000000182,12.5,12.236031557418755
PREFADE-S,NAS100_VAL,2015-05-01 12:09:00+00:00,-1,0.0,5.700000000000728,5.6779945908429
PREFADE-S,NAS100_VAL,2015-05-01 13:07:00+00:00,-1,10.5,0.6999999999998181,-8.090630089072874
PREFADE-S,NAS100_VAL,2015-05-04 11:41:00+00:00,-1,14.399999999999636,1.0,-13.048067207958411
PREFADE-S,NAS100_VAL,2015-05-05 12:34:00+00:00,1,10.400000000000546,1.0,-10.346818059362704
PREFADE-S,NAS100_VAL,2015-05-08 11:39:00+00:00,1,2.100000000000364,5.0,4.817444883847202
PREFADE-S,NAS100_VAL,2015-05-08 12:31:00+00:00,-1,13.299999999999272,5.600000000000364,-12.516767632727351
PREFADE-S,NAS100_VAL,2015-05-11 11:41:00+00:00,-1,4.5,0.8999999999996362,-4.431379701230071
PREFADE-S,NAS100_VAL,2015-05-11 13:24:00+00:00,-1,1.3999999999996362,9.399999999999636,5.203340675975596
PREFADE-S,NAS100_VAL,2015-05-18 11:31:00+00:00,1,3.0,7.699999999999818,6.429141175935911
PREFADE-S,NAS100_VAL,2015-05-20 12:14:00+00:00,-1,0.8000000000001819,6.899999999999636,5.547988267355322
PREFADE-S,NAS100_VAL,2015-05-20 13:23:00+00:00,-1,0.3000000000001819,6.899999999999636,5.674793579999459
PREFADE-S,NAS100_VAL,2015-05-21 11:34:00+00:00,-1,4.5,3.4000000000005457,2.7698670425306773
PREFADE-S,NAS100_VAL,2015-05-22 12:25:00+00:00,-1,0.1999999999998181,6.399999999999636,3.09609713525424
PREFADE-S,NAS100_VAL,2015-05-22 13:07:00+00:00,1,3.0999999999994543,6.100000000000364,5.310991884099167
PREFADE-S,NAS100_VAL,2015-05-27 12:07:00+00:00,-1,4.300000000000182,6.599999999999454,5.251913668676025
PREFADE-S,NAS100_VAL,2015-05-28 12:18:00+00:00,1,0.0,5.5,5.34190434735865
PREFADE-S,NAS100_VAL,2015-06-01 11:44:00+00:00,-1,7.199999999999818,10.199999999999818,7.720203776965718
PREFADE-S,NAS100_VAL,2015-06-05 12:31:00+00:00,1,3.800000000000182,18.899999999999636,17.448389035569562
PREFADE-S,NAS100_VAL,2015-06-08 13:03:00+00:00,1,0.6000000000003638,6.199999999999818,4.80450111522714
PREFADE-S,NAS100_VAL,2015-06-11 11:57:00+00:00,-1,7.0,0.0,-6.879631876176063
PREFADE-S,NAS100_VAL,2015-06-12 12:05:00+00:00,1,5.399999999999636,8.0,8.0
PREFADE-S,NAS100_VAL,2015-06-15 11:45:00+00:00,1,8.899999999999636,2.5,-7.930024507189955
PREFADE-S,NAS100_VAL,2015-06-18 12:32:00+00:00,-1,20.0,5.599999999999454,-19.508445700180346
PREFADE-S,NAS100_VAL,2015-06-23 12:08:00+00:00,-1,0.5,4.699999999999818,3.3881462334311436
PREFADE-S,NAS100_VAL,2015-06-23 12:57:00+00:00,1,0.8999999999996362,4.699999999999818,4.545237756512506
PREFADE-S,NAS100_VAL,2015-07-02 12:31:00+00:00,-1,6.900000000000546,5.699999999999818,5.487714465773934
PREFADE-S,NAS100_VAL,2015-07-03 13:25:00+00:00,1,5.800000000000182,1.5,-5.446253468802752
PREFADE-S,NAS100_VAL,2015-07-07 11:44:00+00:00,1,17.399999999999636,2.5,-16.058464770482715
PREFADE-S,NAS100_VAL,2015-07-10 12:55:00+00:00,-1,4.0,11.199999999999818,9.908682748413412
PREFADE-S,NAS100_VAL,2015-07-14 12:15:00+00:00,-1,2.5,3.5,2.6807013467978322
PREFADE-S,NAS100_VAL,2015-07-17 11:33:00+00:00,-1,5.599999999999454,1.6000000000003638,-5.320147869511857
PREFADE-S,NAS100_VAL,2015-07-20 11:41:00+00:00,-1,6.399999999999636,0.3000000000001819,-6.399999999999636
PREFADE-S,NAS100_VAL,2015-07-22 12:01:00+00:00,1,9.5,0.1999999999998181,-9.439509388805163
PREFADE-S,NAS100_VAL,2015-07-23 11:31:00+00:00,1,7.5,2.800000000000182,-6.781643196321966
PREFADE-S,NAS100_VAL,2015-07-23 13:30:00+00:00,1,5.199999999999818,7.400000000000546,7.384836176249337
PREFADE-S,NAS100_VAL,2015-07-24 12:59:00+00:00,1,14.0,1.800000000000182,-11.068079324540122
PREFADE-S,NAS100_VAL,2015-07-27 11:53:00+00:00,1,22.300000000000182,7.100000000000364,5.261003841290403
PREFADE-S,NAS100_VAL,2015-07-30 13:06:00+00:00,1,2.0999999999994543,9.300000000000182,8.57453139981044
PREFADE-S,NAS100_VAL,2015-07-31 12:19:00+00:00,1,2.199999999999818,9.199999999999818,6.69930533391107
PREFADE-S,NAS100_VAL,2015-07-31 12:41:00+00:00,-1,8.400000000000546,6.399999999999636,5.11780543241548
PREFADE-S,NAS100_VAL,2015-08-06 11:35:00+00:00,-1,6.600000000000364,6.800000000000182,5.5355915729614935
PREFADE-S,NAS100_VAL,2015-08-07 12:31:00+00:00,1,11.800000000000182,1.5999999999994543,-11.375263844883193
PREFADE-S,NAS100_VAL,2015-08-07 12:46:00+00:00,1,0.5999999999994543,15.199999999999818,12.167904660955173
PREFADE-S,NAS100_VAL,2015-08-10 12:09:00+00:00,-1,14.800000000000182,0.0,-14.704118731699964
PREFADE-S,NAS100_VAL,2015-08-11 12:16:00+00:00,1,12.0,12.600000000000364,10.82778464528019
PREFADE-S,NAS100_VAL,2015-08-17 12:10:00+00:00,1,16.300000000000182,4.0,-12.690812480689601
PREFADE-S,NAS100_VAL,2015-08-21 13:29:00+00:00,1,26.399999999999636,4.0,-22.16313517595063
PREFADE-S,NAS100_VAL,2015-08-26 12:36:00+00:00,-1,15.5,53.09999999999991,51.99607841051147
PREFADE-S,NAS100_VAL,2015-09-03 12:34:00+00:00,-1,11.100000000000364,18.699999999999818,17.609747436467842
PREFADE-S,NAS100_VAL,2015-09-04 12:51:00+00:00,1,18.699999999999818,21.0,18.93705970647352
PREFADE-S,NAS100_VAL,2015-09-10 12:36:00+00:00,1,4.300000000000182,30.399999999999636,30.30698905122881
PREFADE-S,NAS100_VAL,2015-09-15 13:03:00+00:00,-1,3.2999999999992724,13.700000000000728,12.484545801949935
PREFADE-S,NAS100_VAL,2015-09-17 11:59:00+00:00,1,6.399999999999636,2.899999999999636,-6.3445638881921695
PREFADE-S,NAS100_VAL,2015-09-18 13:09:00+00:00,1,16.399999999999636,30.800000000000182,30.150268497960496
PREFADE-S,NAS100_VAL,2015-09-24 12:33:00+00:00,1,25.300000000000182,23.100000000000364,-11.399999999999636
PREFADE-S,NAS100_VAL,2015-10-02 12:02:00+00:00,-1,0.0,43.400000000000546,14.5
PREFADE-S,NAS100_VAL,2015-10-02 13:25:00+00:00,1,12.0,32.600000000000364,32.293470075019286
PREFADE-S,NAS100_VAL,2015-10-06 13:21:00+00:00,-1,13.800000000000182,8.399999999999636,5.0014583640922865
PREFADE-S,NAS100_VAL,2015-10-14 11:59:00+00:00,-1,10.200000000000728,1.3999999999996362,-9.999419819264403
PREFADE-S,NAS100_VAL,2015-10-14 12:33:00+00:00,-1,15.0,9.600000000000364,-13.630816131936626
PREFADE-S,NAS100_VAL,2015-10-19 12:07:00+00:00,1,9.400000000000546,5.800000000000182,5.580558561307953
PREFADE-S,NAS100_VAL,2015-10-22 11:44:00+00:00,-1,11.0,3.399999999999636,-8.860612538260284
PREFADE-S,NAS100_VAL,2015-10-22 13:12:00+00:00,-1,18.600000000000364,1.0,-16.7642058112242
PREFADE-S,NAS100_VAL,2015-10-26 12:51:00+00:00,-1,6.0,6.300000000000182,6.086395553277725
PREFADE-S,NAS100_VAL,2015-11-02 13:51:00+00:00,-1,24.900000000000546,11.599999999999454,-21.58641858407009
PREFADE-S,NAS100_VAL,2015-11-03 13:01:00+00:00,1,1.6000000000003638,8.099999999999454,7.2423709189160945
PREFADE-S,NAS100_VAL,2015-11-04 13:19:00+00:00,-1,2.600000000000364,8.799999999999272,6.462885163708961
PREFADE-S,NAS100_VAL,2015-11-06 12:31:00+00:00,-1,6.0,0.7000000000007276,-4.589364039432439
PREFADE-S,NAS100_VAL,2015-11-06 13:27:00+00:00,-1,0.1000000000003638,27.399999999999636,7.284972885904608
PREFADE-S,NAS100_VAL,2015-11-06 13:33:00+00:00,1,0.5,16.900000000000546,3.7713783451426934
PREFADE-S,NAS100_VAL,2015-11-06 13:37:00+00:00,1,8.699999999999818,10.300000000000182,8.134140354790361
PREFADE-S,NAS100_VAL,2015-11-09 12:34:00+00:00,1,18.699999999999818,5.200000000000728,-17.030985224813776
PREFADE-S,NAS100_VAL,2015-11-10 13:06:00+00:00,1,19.100000000000364,4.099999999999454,2.6805790166563384
PREFADE-S,NAS100_VAL,2015-11-11 12:57:00+00:00,-1,0.0999999999994543,13.0,12.033044771638743
PREFADE-S,NAS100_VAL,2015-11-12 13:02:00+00:00,1,18.100000000000364,4.699999999999818,3.0808928046153596
PREFADE-S,NAS100_VAL,2015-11-13 13:03:00+00:00,1,16.600000000000364,10.399999999999636,-16.09148994928728
PREFADE-S,NAS100_VAL,2015-11-20 14:29:00+00:00,-1,12.899999999999636,4.900000000000546,-4.099999999999454
PREFADE-S,NAS100_VAL,2015-11-30 12:31:00+00:00,-1,2.9000000000005457,13.199999999999818,12.68198507651232
PREFADE-S,NAS100_VAL,2015-12-02 12:38:00+00:00,1,0.0,7.5,6.622902873968087
PREFADE-S,NAS100_VAL,2015-12-03 13:36:00+00:00,1,10.5,21.800000000000182,20.366773289184493
PREFADE-S,NAS100_VAL,2015-12-04 12:38:00+00:00,1,1.6000000000003638,12.099999999999454,9.22613596525207
PREFADE-S,NAS100_VAL,2015-12-04 14:04:00+00:00,1,9.5,10.0,9.673524186882787
PREFADE-S,NAS100_VAL,2015-12-08 14:01:00+00:00,1,4.300000000000182,20.699999999999818,20.63234007306619
PREFADE-S,NAS100_VAL,2015-12-10 12:36:00+00:00,1,4.300000000000182,8.699999999999818,8.027499447429363
PREFADE-S,NAS100_VAL,2015-12-14 12:48:00+00:00,1,4.300000000000182,26.299999999999272,25.374766755047858
PREFADE-S,NAS100_VAL,2015-12-15 13:57:00+00:00,-1,22.699999999999818,12.199999999999818,4.863854634291783
PREFADE-S,NAS100_VAL,2015-12-18 14:01:00+00:00,-1,15.699999999999818,12.300000000000182,8.61375217911882
PREFADE-S,NAS100_VAL,2016-01-06 12:58:00+00:00,1,5.199999999999818,37.400000000000546,34.76970917133076
PREFADE-S,NAS100_VAL,2016-01-08 13:34:00+00:00,-1,6.600000000000364,28.800000000000182,28.576417387010224
PREFADE-S,NAS100_VAL,2016-01-15 13:43:00+00:00,1,36.19999999999982,25.900000000000546,-28.300000000000182
PREFADE-S,NAS100_VAL,2016-01-21 13:34:00+00:00,-1,12.899999999999636,42.0,38.42926076546064
PREFADE-S,NAS100_VAL,2016-01-27 13:26:00+00:00,-1,5.099999999999454,13.700000000000728,11.763736407066062
PREFADE-S,NAS100_VAL,2016-01-28 14:22:00+00:00,-1,7.800000000000182,26.099999999999454,24.854773419560843
PREFADE-S,NAS100_VAL,2016-02-01 12:36:00+00:00,1,4.700000000000728,19.299999999999272,13.66986735415503
PREFADE-S,NAS100_VAL,2016-02-03 13:55:00+00:00,-1,3.800000000000182,25.100000000000364,23.53264914895317
PREFADE-S,NAS100_VAL,2016-02-04 12:32:00+00:00,1,22.699999999999818,9.199999999999818,-21.785669350259013
PREFADE-S,NAS100_VAL,2016-02-05 13:31:00+00:00,1,5.5,13.199999999999818,10.774239666424364
PREFADE-S,NAS100_VAL,2016-02-05 13:33:00+00:00,1,11.699999999999818,14.100000000000364,13.770418859548954
PREFADE-S,NAS100_VAL,2016-02-09 13:33:00+00:00,1,19.0,27.09999999999991,23.623762581764822
PREFADE-S,NAS100_VAL,2016-02-12 13:34:00+00:00,-1,2.700000000000273,25.799999999999727,24.141391113233112
PREFADE-S,NAS100_VAL,2016-02-16 13:10:00+00:00,1,6.0,17.299999999999727,16.593898720441757
PREFADE-S,NAS100_VAL,2016-02-17 12:32:00+00:00,-1,42.5,5.300000000000182,-40.860155797146035
PREFADE-S,NAS100_VAL,2016-02-19 13:50:00+00:00,1,11.900000000000546,16.399999999999636,15.078131764596947
PREFADE-S,NAS100_VAL,2016-02-23 13:57:00+00:00,-1,4.899999999999636,11.699999999999818,9.674523977992976
PREFADE-S,NAS100_VAL,2016-02-29 13:39:00+00:00,-1,27.800000000000182,9.0,-26.899999999999636
PREFADE-S,NAS100_VAL,2016-03-04 13:31:00+00:00,-1,9.5,15.300000000000182,15.179178301982574
PREFADE-S,NAS100_VAL,2016-03-14 11:43:00+00:00,1,3.699999999999818,7.0,5.357518774029813
PREFADE-S,NAS100_VAL,2016-03-16 11:33:00+00:00,1,8.0,4.600000000000364,-7.698475073168993
PREFADE-S,NAS100_VAL,2016-03-23 13:13:00+00:00,1,9.599999999999454,0.5,-8.315481200032991
PREFADE-S,NAS100_VAL,2016-03-29 12:33:00+00:00,1,5.699999999999818,11.600000000000364,9.263394969451838
PREFADE-S,NAS100_VAL,2016-03-31 12:22:00+00:00,-1,0.8999999999996362,9.100000000000364,8.60982490456172
PREFADE-S,NAS100_VAL,2016-04-01 12:57:00+00:00,1,5.300000000000182,14.5,10.627921221798715
PREFADE-S,NAS100_VAL,2016-04-06 12:43:00+00:00,1,4.899999999999636,9.0,8.02842935579065
PREFADE-S,NAS100_VAL,2016-04-07 11:34:00+00:00,1,19.699999999999818,7.800000000000182,-18.16212059287409
PREFADE-S,NAS100_VAL,2016-04-14 12:37:00+00:00,-1,4.299999999999272,7.900000000000546,7.1366414490157695
PREFADE-S,NAS100_VAL,2016-04-22 13:03:00+00:00,1,13.100000000000364,0.5,-9.36563339318127
PREFADE-S,NAS100_VAL,2016-04-27 13:28:00+00:00,1,0.6000000000003638,9.699999999999818,7.862903909436682
PREFADE-S,NAS100_VAL,2016-04-29 12:06:00+00:00,1,15.800000000000182,7.5,-14.052950518253056
PREFADE-S,NAS100_VAL,2016-05-02 12:55:00+00:00,-1,1.8999999999996362,10.900000000000546,10.467677624467797
PREFADE-S,NAS100_VAL,2016-05-06 12:31:00+00:00,1,9.800000000000182,3.5,-9.278867467181044
PREFADE-S,NAS100_VAL,2016-05-06 13:03:00+00:00,1,1.199999999999818,11.200000000000728,10.955426052266375
PREFADE-S,NAS100_VAL,2016-05-13 12:38:00+00:00,-1,18.5,6.699999999999818,-18.41148146229534
PREFADE-S,NAS100_VAL,2016-05-16 11:36:00+00:00,-1,2.100000000000364,12.899999999999636,11.295622887269019
PREFADE-S,NAS100_VAL,2016-05-17 12:36:00+00:00,1,3.699999999999818,14.300000000000182,10.140531904472482
PREFADE-S,NAS100_VAL,2016-05-18 12:22:00+00:00,1,9.199999999999818,1.6000000000003638,-8.489585423913923
PREFADE-S,NAS100_VAL,2016-05-24 11:43:00+00:00,-1,23.100000000000364,1.300000000000182,-19.867344470450007
PREFADE-S,NAS100_VAL,2016-05-26 12:31:00+00:00,-1,2.0,5.800000000000182,5.284812424364645
PREFADE-S,NAS100_VAL,2016-05-27 13:28:00+00:00,1,0.5999999999994543,5.0,4.929264038901238
PREFADE-S,NAS100_VAL,2016-06-01 13:08:00+00:00,1,6.100000000000364,13.0,11.636205551282728
PREFADE-S,NAS100_VAL,2016-06-02 13:12:00+00:00,1,15.199999999999818,3.9000000000005457,-7.443320747398502
PREFADE-S,NAS100_VAL,2016-06-03 11:59:00+00:00,-1,0.0,16.5,3.154568450751867
PREFADE-S,NAS100_VAL,2016-06-03 12:41:00+00:00,1,10.899999999999636,6.699999999999818,-10.38290643514938
PREFADE-S,NAS100_VAL,2016-06-03 13:17:00+00:00,1,19.400000000000546,13.0,-16.3002935976956
PREFADE-S,NAS100_VAL,2016-06-13 12:51:00+00:00,1,3.800000000000182,11.5,9.684639318391419
PREFADE-S,NAS100_VAL,2016-06-17 13:02:00+00:00,1,15.300000000000182,2.2999999999992724,-12.866142304435016
PREFADE-S,NAS100_VAL,2016-06-27 11:49:00+00:00,1,1.699999999999818,24.099999999999454,23.5578155992107
PREFADE-S,NAS100_VAL,2016-07-01 11:42:00+00:00,-1,16.199999999999818,0.5,-9.026432973505507
PREFADE-S,NAS100_VAL,2016-07-08 12:31:00+00:00,-1,16.0,7.599999999999454,-15.752292951322488
PREFADE-S,NAS100_VAL,2016-07-13 12:28:00+00:00,-1,4.399999999999636,11.100000000000364,8.845623927781162
PREFADE-S,NAS100_VAL,2016-07-15 12:31:00+00:00,-1,8.5,5.799999999999272,5.594900843226242
PREFADE-S,NAS100_VAL,2016-07-26 12:18:00+00:00,-1,9.799999999999272,4.700000000000728,-8.705385009076053
PREFADE-S,NAS100_VAL,2016-07-27 11:50:00+00:00,-1,4.799999999999272,0.0,-4.680908098072905
PREFADE-S,NAS100_VAL,2016-07-28 11:40:00+00:00,1,5.100000000000364,6.699999999999818,6.230161423239224
PREFADE-S,NAS100_VAL,2016-08-04 12:07:00+00:00,-1,0.3000000000001819,7.400000000000546,7.150831771071353
PREFADE-S,NAS100_VAL,2016-08-05 12:31:00+00:00,-1,7.199999999999818,1.5,1.2060433060505602
PREFADE-S,NAS100_VAL,2016-08-05 12:40:00+00:00,-1,14.100000000000364,4.399999999999636,-8.739792795321591
PREFADE-S,NAS100_VAL,2016-08-09 13:04:00+00:00,-1,0.4000000000005457,4.899999999999636,4.5161202155522915
PREFADE-S,NAS100_VAL,2016-08-10 11:40:00+00:00,-1,0.0999999999994543,7.5,7.045208804058348
PREFADE-S,NAS100_VAL,2016-08-12 12:31:00+00:00,1,6.599999999999454,1.800000000000182,-4.001416659341885
PREFADE-S,NAS100_VAL,2016-08-16 12:48:00+00:00,1,10.300000000000182,3.5,-7.614249752620708
PREFADE-S,NAS100_VAL,2016-08-18 11:36:00+00:00,1,4.0,9.600000000000364,7.06210419422041
PREFADE-S,NAS100_VAL,2016-08-26 12:11:00+00:00,1,2.5,9.0,3.4876018812983602
PREFADE-S,NAS100_VAL,2016-08-29 12:01:00+00:00,-1,8.199999999999818,0.6000000000003638,-5.816041298084201
PREFADE-S,NAS100_VAL,2016-08-30 11:48:00+00:00,1,2.100000000000364,8.099999999999454,7.675915619906846
PREFADE-S,NAS100_VAL,2016-08-31 12:41:00+00:00,1,0.7999999999992724,5.100000000000364,4.114063864400123
PREFADE-S,NAS100_VAL,2016-09-01 13:30:00+00:00,1,0.0,11.800000000000182,11.527381869676901
PREFADE-S,NAS100_VAL,2016-09-02 12:31:00+00:00,-1,9.5,0.1999999999998181,-8.659779779418386
PREFADE-S,NAS100_VAL,2016-09-02 12:57:00+00:00,-1,17.300000000000182,2.0,-16.62265459628543
PREFADE-S,NAS100_VAL,2016-09-05 13:20:00+00:00,1,6.5,0.0,-6.070337051847673
PREFADE-S,NAS100_VAL,2016-09-06 13:03:00+00:00,-1,8.199999999999818,5.0,-7.225924631267844
PREFADE-S,NAS100_VAL,2016-09-08 11:51:00+00:00,1,1.199999999999818,4.899999999999636,4.800782996327143
PREFADE-S,NAS100_VAL,2016-09-08 12:47:00+00:00,1,11.299999999999272,1.1000000000003638,-7.9322238416261825
PREFADE-S,NAS100_VAL,2016-09-09 13:29:00+00:00,1,26.799999999999272,9.600000000000364,-26.28844766691418
PREFADE-S,NAS100_VAL,2016-09-14 13:20:00+00:00,1,1.300000000000182,11.699999999999818,10.261562905639948
PREFADE-S,NAS100_VAL,2016-09-15 12:17:00+00:00,-1,6.0,12.5,12.254136820119129
PREFADE-S,NAS100_VAL,2016-09-16 11:51:00+00:00,1,0.7000000000007276,8.299999999999272,7.5803811152118215
PREFADE-S,NAS100_VAL,2016-09-16 13:01:00+00:00,-1,5.099999999999454,10.400000000000546,8.72815434496897
PREFADE-S,NAS100_VAL,2016-09-20 12:31:00+00:00,-1,0.3000000000001819,10.699999999999818,10.03121456939789
PREFADE-S,NAS100_VAL,2016-09-22 12:00:00+00:00,-1,16.899999999999636,3.9000000000005457,-6.599999999999454
PREFADE-S,NAS100_VAL,2016-09-23 11:59:00+00:00,1,0.8000000000001819,6.099999999999454,5.6455081447547855
PREFADE-S,NAS100_VAL,2016-09-30 11:39:00+00:00,-1,17.699999999999818,3.300000000000182,-16.776165295641476
PREFADE-S,NAS100_VAL,2016-10-03 12:06:00+00:00,1,7.799999999999272,0.1000000000003638,-7.508870816836861
PREFADE-S,NAS100_VAL,2016-10-05 11:42:00+00:00,-1,8.399999999999636,0.1000000000003638,-6.891355075039428
PREFADE-S,NAS100_VAL,2016-10-05 13:30:00+00:00,-1,12.299999999999272,1.7000000000007276,-11.824439723796786
PREFADE-S,NAS100_VAL,2016-10-07 12:31:00+00:00,-1,10.400000000000546,0.6999999999998181,-9.431582211970635
PREFADE-S,NAS100_VAL,2016-10-07 12:57:00+00:00,-1,7.899999999999636,10.400000000000546,8.304840650402184
PREFADE-S,NAS100_VAL,2016-10-10 12:21:00+00:00,-1,10.5,0.6000000000003638,-9.360957111179232
PREFADE-S,NAS100_VAL,2016-10-12 12:33:00+00:00,1,0.2000000000007276,12.799999999999272,12.659614503748344
PREFADE-S,NAS100_VAL,2016-10-17 12:03:00+00:00,-1,8.599999999999454,6.100000000000364,5.529769200479677
PREFADE-S,NAS100_VAL,2016-10-18 12:15:00+00:00,-1,9.699999999999818,8.0,7.910668903640726
PREFADE-S,NAS100_VAL,2016-10-19 12:51:00+00:00,-1,2.300000000000182,8.199999999999818,7.841143379172536
PREFADE-S,NAS100_VAL,2016-10-20 12:26:00+00:00,1,7.0,0.8000000000001819,-6.761970946012298
PREFADE-S,NAS100_VAL,2016-10-21 12:54:00+00:00,1,8.200000000000728,1.0999999999994543,-7.086085920976984
PREFADE-S,NAS100_VAL,2016-10-21 13:29:00+00:00,1,10.200000000000728,2.2999999999992724,-9.471656574512963
PREFADE-S,NAS100_VAL,2016-10-25 13:26:00+00:00,1,8.400000000000546,1.3999999999996362,-8.108155832069315
PREFADE-S,NAS100_VAL,2016-11-02 12:07:00+00:00,-1,8.5,8.5,6.780774891149122
PREFADE-S,NAS100_VAL,2016-11-03 12:23:00+00:00,-1,10.0,10.5,9.540969353032779
PREFADE-S,NAS100_VAL,2016-11-04 12:36:00+00:00,1,2.5,5.0,3.329236314571972
PREFADE-S,NAS100_VAL,2016-11-04 12:47:00+00:00,-1,3.2000000000007276,5.099999999999454,4.401287065715223
PREFADE-S,NAS100_VAL,2016-11-04 13:29:00+00:00,1,8.099999999999454,0.4000000000005457,-7.886538987900167
PREFADE-S,NAS100_VAL,2016-11-14 12:54:00+00:00,1,31.099999999999454,10.400000000000546,-27.206332509854292
PREFADE-S,NAS100_VAL,2016-11-15 13:25:00+00:00,-1,15.100000000000364,0.0,-14.344289625143574
PREFADE-S,NAS100_VAL,2016-11-15 14:22:00+00:00,-1,25.900000000000546,2.199999999999818,-25.575598068598993
PREFADE-S,NAS100_VAL,2016-11-16 12:42:00+00:00,1,8.799999999999272,16.700000000000728,12.716348097136688
PREFADE-S,NAS100_VAL,2016-11-17 13:26:00+00:00,1,10.300000000000182,4.0,-9.48673557276743
PREFADE-S,NAS100_VAL,2016-11-18 12:56:00+00:00,-1,1.3999999999996362,8.100000000000364,7.964336513177841
PREFADE-S,NAS100_VAL,2016-11-18 14:26:00+00:00,-1,6.5,6.700000000000728,5.275984211503783
PREFADE-S,NAS100_VAL,2016-11-23 13:32:00+00:00,1,10.199999999999818,0.8000000000001819,-9.558322298701569
PREFADE-S,NAS100_VAL,2016-11-24 14:18:00+00:00,-1,5.899999999999636,3.2000000000007276,-5.676358421203986
PREFADE-S,NAS100_VAL,2016-12-06 12:51:00+00:00,-1,4.199999999999818,9.0,6.021050802238278
PREFADE-S,NAS100_VAL,2016-12-07 12:43:00+00:00,1,5.900000000000546,1.0999999999994543,-5.4761152015071275
PREFADE-S,NAS100_VAL,2016-12-08 12:46:00+00:00,1,5.0,5.800000000000182,5.198566875591496
PREFADE-S,NAS100_VAL,2016-12-08 13:04:00+00:00,1,3.5,6.099999999999454,4.996459760107427
PREFADE-S,NAS100_VAL,2016-12-08 13:41:00+00:00,-1,0.0,7.700000000000728,5.899956383804238
PREFADE-S,NAS100_VAL,2016-12-08 13:50:00+00:00,1,2.5,5.5,4.497492022270308
PREFADE-S,NAS100_VAL,2016-12-08 14:09:00+00:00,-1,0.0,12.0,8.129216853947582
PREFADE-S,NAS100_VAL,2016-12-14 13:40:00+00:00,1,0.7999999999992724,4.400000000000546,3.0982868672317636
PREFADE-S,NAS100_VAL,2016-12-14 14:08:00+00:00,1,0.5,5.599999999999454,3.261632354271569
PREFADE-S,NAS100_VAL,2016-12-15 12:43:00+00:00,1,5.699999999999818,8.800000000000182,6.79667769333264
PREFADE-S,NAS100_VAL,2016-12-16 12:34:00+00:00,-1,7.100000000000364,4.599999999999454,4.546312830716488
PREFADE-S,NAS100_VAL,2016-12-19 14:02:00+00:00,-1,0.1000000000003638,2.899999999999636,2.817528924085309
PREFADE-S,NAS100_VAL,2016-12-20 12:38:00+00:00,-1,4.800000000000182,0.1999999999998181,-4.631686472225738
PREFADE-S,NAS100_VAL,2016-12-20 13:54:00+00:00,-1,7.5,3.0,-7.386506059599014
PREFADE-S,NAS100_VAL,2016-12-22 13:10:00+00:00,-1,3.199999999999818,8.800000000000182,4.165095709887282
PREFADE-S,NAS100_VAL,2016-12-23 13:05:00+00:00,1,4.5,4.400000000000546,3.5473808742790425
PREFADE-S,NAS100_VAL,2017-01-05 12:51:00+00:00,1,1.5,6.0,5.992995499028439
PREFADE-S,NAS100_VAL,2017-01-06 13:25:00+00:00,-1,4.400000000000546,1.7999999999992724,-3.257514505456129
PREFADE-S,NAS100_VAL,2017-01-06 13:34:00+00:00,-1,2.9000000000005457,8.599999999999454,4.023290173115129
PREFADE-S,NAS100_VAL,2017-01-12 14:28:00+00:00,1,10.299999999999272,1.9000000000005457,-8.840940024468182
PREFADE-S,NAS100_VAL,2017-01-13 12:32:00+00:00,-1,0.6000000000003638,4.399999999999636,4.399999999999636
PREFADE-S,NAS100_VAL,2017-01-13 14:19:00+00:00,-1,0.6000000000003638,3.5,3.1818967865765444
PREFADE-S,NAS100_VAL,2017-01-16 12:50:00+00:00,-1,0.1000000000003638,5.100000000000364,5.011758455285417
PREFADE-S,NAS100_VAL,2017-01-20 12:45:00+00:00,-1,8.899999999999636,4.300000000000182,-5.98801656717842
PREFADE-S,NAS100_VAL,2017-01-23 14:10:00+00:00,-1,10.300000000000182,2.699999999999818,-9.51849937599036
PREFADE-S,NAS100_VAL,2017-01-24 12:33:00+00:00,-1,4.699999999999818,1.699999999999818,-4.635463528628861
PREFADE-S,NAS100_VAL,2017-01-25 12:54:00+00:00,-1,15.099999999999454,1.0,-14.643233737118862
PREFADE-S,NAS100_VAL,2017-01-27 12:46:00+00:00,-1,12.099999999999454,1.0,-8.341549364206003
PREFADE-S,NAS100_VAL,2017-01-30 13:21:00+00:00,1,7.100000000000364,5.0,-6.4355972538423885
PREFADE-S,NAS100_VAL,2017-01-31 14:24:00+00:00,1,10.199999999999818,6.399999999999636,-9.909947657579323
PREFADE-S,NAS100_VAL,2017-02-01 12:59:00+00:00,-1,15.600000000000364,0.6000000000003638,-11.503228622379538
PREFADE-S,NAS100_VAL,2017-02-03 13:34:00+00:00,-1,16.5,2.2999999999992724,-15.170875349171183
PREFADE-S,NAS100_VAL,2017-02-06 13:02:00+00:00,1,4.600000000000364,6.600000000000364,5.289255512167074
PREFADE-S,NAS100_VAL,2017-02-07 14:27:00+00:00,-1,13.0,4.0,-12.832832578129455
PREFADE-S,NAS100_VAL,2017-02-08 14:29:00+00:00,1,8.199999999999818,8.699999999999818,4.37872038606929
PREFADE-S,NAS100_VAL,2017-02-13 13:24:00+00:00,-1,5.399999999999636,1.3999999999996362,-4.899999999999636
PREFADE-S,NAS100_VAL,2017-02-14 13:26:00+00:00,-1,0.0999999999994543,3.600000000000364,3.2569518761511063
PREFADE-S,NAS100_VAL,2017-02-15 13:31:00+00:00,1,6.0,3.5,3.204419227584367
PREFADE-S,NAS100_VAL,2017-02-16 12:55:00+00:00,1,3.5,4.5,2.6602763677192343
PREFADE-S,NAS100_VAL,2017-02-21 14:30:00+00:00,1,2.0,4.399999999999636,3.154411645065011
PREFADE-S,NAS100_VAL,2017-02-23 12:33:00+00:00,-1,4.599999999999454,1.699999999999818,-4.376232030153915
PREFADE-S,NAS100_VAL,2017-02-24 12:59:00+00:00,1,2.199999999999818,12.300000000000182,11.786603283450859
PREFADE-S,NAS100_VAL,2017-02-27 12:48:00+00:00,1,12.0,0.3999999999996362,-10.533995924075498
PREFADE-S,NAS100_VAL,2017-02-28 12:42:00+00:00,-1,1.0,3.899999999999636,3.121461464242202
PREFADE-S,NAS100_VAL,2017-03-01 12:56:00+00:00,-1,11.799999999999272,7.0,-7.5
PREFADE-S,NAS100_VAL,2017-03-02 13:10:00+00:00,-1,5.399999999999636,0.7000000000007276,-4.566649093057094
PREFADE-S,NAS100_VAL,2017-03-07 13:24:00+00:00,1,2.600000000000364,6.399999999999636,6.000049423691962
PREFADE-S,NAS100_VAL,2017-03-08 12:50:00+00:00,-1,0.0999999999994543,9.800000000000182,8.055427673119993
PREFADE-S,NAS100_VAL,2017-03-08 14:28:00+00:00,-1,12.0,5.799999999999272,-10.785437274834294
PREFADE-S,NAS100_VAL,2017-03-09 12:43:00+00:00,1,2.199999999999818,5.0,4.810472599786408
PREFADE-S,NAS100_VAL,2017-03-09 14:30:00+00:00,1,11.699999999999818,0.8999999999996362,-5.411952289550754
PREFADE-S,NAS100_VAL,2017-03-10 13:31:00+00:00,-1,4.5,4.800000000000182,3.3064142658340643
PREFADE-S,NAS100_VAL,2017-03-14 12:07:00+00:00,1,7.800000000000182,0.0,-7.335299802179179
PREFADE-S,NAS100_VAL,2017-03-17 11:33:00+00:00,-1,4.199999999999818,3.800000000000182,3.7798165259346206
PREFADE-S,NAS100_VAL,2017-03-22 12:23:00+00:00,-1,14.099999999999454,3.600000000000364,-11.716791542633473
PREFADE-S,NAS100_VAL,2017-03-23 13:03:00+00:00,1,9.100000000000364,6.699999999999818,6.2566025752412315
PREFADE-S,NAS100_VAL,2017-03-24 13:29:00+00:00,-1,8.900000000000546,1.699999999999818,-7.892242973342036
PREFADE-S,NAS100_VAL,2017-03-28 13:30:00+00:00,1,2.699999999999818,10.699999999999818,9.60603236951738
PREFADE-S,NAS100_VAL,2017-04-05 12:19:00+00:00,-1,0.8000000000001819,6.0,5.596067350753401
PREFADE-S,NAS100_VAL,2017-04-05 13:18:00+00:00,-1,10.400000000000546,3.5999999999994543,-8.29954108622951
PREFADE-S,NAS100_VAL,2017-04-06 12:26:00+00:00,-1,7.699999999999818,10.700000000000728,10.6980206619819
PREFADE-S,NAS100_VAL,2017-04-07 11:31:00+00:00,-1,0.6999999999998181,19.199999999999818,18.345700301097168
PREFADE-S,NAS100_VAL,2017-04-17 11:42:00+00:00,-1,6.900000000000546,0.0999999999994543,-5.726590057608519
PREFADE-S,NAS100_VAL,2017-04-19 11:42:00+00:00,-1,13.0,0.0,-9.083168113730608
PREFADE-S,NAS100_VAL,2017-04-20 12:35:00+00:00,-1,6.599999999999454,9.5,9.205280161393603
PREFADE-S,NAS100_VAL,2017-04-21 13:10:00+00:00,1,7.100000000000364,2.2999999999992724,-5.5358820308492795
PREFADE-S,NAS100_VAL,2017-04-24 12:18:00+00:00,-1,3.7000000000007276,10.5,8.172114839800088
PREFADE-S,NAS100_VAL,2017-04-25 12:22:00+00:00,-1,13.099999999999454,1.199999999999818,-11.772406859572584
PREFADE-S,NAS100_VAL,2017-04-27 12:19:00+00:00,-1,7.900000000000546,3.899999999999636,-7.442761395432171
PREFADE-S,NAS100_VAL,2017-05-01 12:05:00+00:00,-1,14.599999999999454,1.0,-14.424150072041812
PREFADE-S,NAS100_VAL,2017-05-02 12:03:00+00:00,-1,3.0,4.200000000000728,2.729431026176826
PREFADE-S,NAS100_VAL,2017-05-03 11:35:00+00:00,-1,4.5,2.5999999999994543,-4.300000000000182
PREFADE-S,NAS100_VAL,2017-05-03 13:20:00+00:00,-1,0.2999999999992724,5.0,4.6052283933586295
PREFADE-S,NAS100_VAL,2017-05-05 12:26:00+00:00,-1,10.300000000000182,2.800000000000182,-10.217193511953155
PREFADE-S,NAS100_VAL,2017-05-10 11:45:00+00:00,-1,2.300000000000182,4.199999999999818,3.5997175084321498
PREFADE-S,NAS100_VAL,2017-05-11 12:29:00+00:00,1,2.0,10.5,9.908001626989062
PREFADE-S,NAS100_VAL,2017-05-12 12:42:00+00:00,-1,9.300000000000182,0.4000000000005457,-9.172541102852847
PREFADE-S,NAS100_VAL,2017-05-16 12:23:00+00:00,-1,6.899999999999636,1.300000000000182,-6.706629137374875
PREFADE-S,NAS100_VAL,2017-05-17 13:01:00+00:00,1,18.699999999999818,7.599999999999454,-16.75478415341513
PREFADE-S,NAS100_VAL,2017-05-19 12:19:00+00:00,-1,20.700000000000728,5.299999999999272,-18.706349863677133
PREFADE-S,NAS100_VAL,2017-05-22 13:19:00+00:00,-1,8.599999999999454,1.199999999999818,-7.843449397389122
PREFADE-S,NAS100_VAL,2017-05-24 12:10:00+00:00,-1,3.899999999999636,9.199999999999818,6.291384569726688
PREFADE-S,NAS100_VAL,2017-05-29 13:07:00+00:00,-1,0.1999999999998181,3.300000000000182,3.115058615901944
PREFADE-S,NAS100_VAL,2017-05-30 11:35:00+00:00,1,5.600000000000364,5.299999999999272,5.2753496673894915
PREFADE-S,NAS100_VAL,2017-06-01 11:39:00+00:00,1,2.5,4.800000000000182,4.110340852428635
PREFADE-S,NAS100_VAL,2017-06-07 11:55:00+00:00,-1,6.899999999999636,0.8000000000001819,-6.652736036675378
PREFADE-S,NAS100_VAL,2017-06-08 12:22:00+00:00,-1,4.400000000000546,7.599999999999454,6.4120792365320085
PREFADE-S,NAS100_VAL,2017-06-13 12:43:00+00:00,-1,14.0,1.5,-13.01763630937694
PREFADE-S,NAS100_VAL,2017-06-14 12:43:00+00:00,-1,8.200000000000728,16.799999999999272,11.74096476187242
PREFADE-S,NAS100_VAL,2017-06-16 12:43:00+00:00,1,14.5,0.2999999999992724,-12.461853173074815
PREFADE-S,NAS100_VAL,2017-06-19 12:06:00+00:00,-1,29.5,7.700000000000728,-27.78167184387712
PREFADE-S,NAS100_VAL,2017-06-20 12:20:00+00:00,1,7.900000000000546,0.5999999999994543,-6.95432215836081
PREFADE-S,NAS100_VAL,2017-06-21 12:18:00+00:00,-1,18.700000000000728,1.7999999999992724,-17.805050454299817
PREFADE-S,NAS100_VAL,2017-06-26 11:55:00+00:00,-1,10.399999999999636,10.5,8.965568359272766
PREFADE-S,NAS100_VAL,2017-06-28 12:18:00+00:00,-1,19.300000000000182,10.900000000000546,9.662925315003122
PREFADE-S,NAS100_VAL,2017-06-29 12:23:00+00:00,1,26.400000000000546,0.5999999999994543,-22.143159236131396
PREFADE-S,NAS100_VAL,2017-07-03 12:44:00+00:00,-1,12.200000000000728,0.0,-9.606800034793196
PREFADE-S,NAS100_VAL,2017-07-04 11:52:00+00:00,-1,2.300000000000182,11.899999999999636,11.100000000000364
PREFADE-S,NAS100_VAL,2017-07-05 11:50:00+00:00,-1,12.699999999999818,0.3000000000001819,-12.154533383929447
PREFADE-S,NAS100_VAL,2017-07-06 11:50:00+00:00,1,17.5,22.399999999999636,-3.2000000000007276
PREFADE-S,NAS100_VAL,2017-07-07 12:31:00+00:00,-1,13.400000000000546,0.8000000000001819,-11.64934390842609
PREFADE-S,NAS100_VAL,2017-07-07 12:46:00+00:00,-1,30.300000000000182,12.199999999999818,-24.712558220968276
PREFADE-S,NAS100_VAL,2017-07-10 12:48:00+00:00,1,3.399999999999636,13.600000000000364,11.474406896266373
PREFADE-S,NAS100_VAL,2017-07-11 11:33:00+00:00,1,6.0,5.700000000000728,5.198015868831135
PREFADE-S,NAS100_VAL,2017-07-12 12:31:00+00:00,-1,22.600000000000364,0.0,-18.97978304244407
PREFADE-S,NAS100_VAL,2017-07-13 13:13:00+00:00,1,8.299999999999272,7.700000000000728,7.372357764758817
PREFADE-S,NAS100_VAL,2017-07-14 12:31:00+00:00,-1,11.100000000000364,0.5,-9.782994893213981
PREFADE-S,NAS100_VAL,2017-07-17 11:49:00+00:00,-1,1.2999999999992724,7.0,5.928777089186042
PREFADE-S,NAS100_VAL,2017-07-18 11:50:00+00:00,1,9.0,4.0,-8.904572196037407
PREFADE-S,NAS100_VAL,2017-07-18 13:17:00+00:00,1,17.600000000000364,1.8999999999996362,-15.69251245434043
PREFADE-S,NAS100_VAL,2017-07-19 13:21:00+00:00,-1,0.0,7.0,5.714155620015845
PREFADE-S,NAS100_VAL,2017-07-20 11:46:00+00:00,-1,5.299999999999272,0.5,-3.7208932229787024
PREFADE-S,NAS100_VAL,2017-07-20 13:13:00+00:00,-1,0.7999999999992724,12.5,11.529923282172604
PREFADE-S,NAS100_VAL,2017-07-21 12:05:00+00:00,1,14.199999999999818,7.599999999999454,-9.980490613565962
PREFADE-S,NAS100_VAL,2017-07-24 12:19:00+00:00,-1,8.0,1.0,-7.580336802226157
PREFADE-S,NAS100_VAL,2017-07-25 12:15:00+00:00,-1,2.800000000000182,7.699999999999818,7.423938184482722
PREFADE-S,NAS100_VAL,2017-07-25 13:24:00+00:00,1,2.100000000000364,7.600000000000364,7.576925933202801
PREFADE-S,NAS100_VAL,2017-07-26 11:57:00+00:00,-1,7.799999999999272,1.7000000000007276,-7.454124190147013
PREFADE-S,NAS100_VAL,2017-07-26 13:29:00+00:00,-1,6.899999999999636,5.699999999999818,4.66177155585865
PREFADE-S,NAS100_VAL,2017-07-27 12:13:00+00:00,-1,5.800000000000182,10.399999999999636,6.8793153923834325
PREFADE-S,NAS100_VAL,2017-08-02 11:38:00+00:00,1,1.3999999999996362,8.399999999999636,8.15700479941097
PREFADE-S,NAS100_VAL,2017-08-03 12:05:00+00:00,-1,5.5,16.799999999999272,9.004271355286619
PREFADE-S,NAS100_VAL,2017-08-04 11:39:00+00:00,-1,5.5,9.900000000000546,6.874903499039647
PREFADE-S,NAS100_VAL,2017-08-08 11:42:00+00:00,1,6.299999999999272,2.2000000000007276,-6.299999999999272
PREFADE-S,NAS100_VAL,2017-08-08 13:29:00+00:00,1,9.899999999999636,3.600000000000364,-8.581520322007236
PREFADE-S,NAS100_VAL,2017-08-09 12:02:00+00:00,1,12.600000000000364,13.300000000000182,10.216602026303917
PREFADE-S,NAS100_VAL,2017-08-11 12:31:00+00:00,-1,14.699999999999818,2.300000000000182,-13.38353209421075
PREFADE-S,NAS100_VAL,2017-08-11 12:48:00+00:00,-1,18.899999999999636,3.5,-17.580082934003258
PREFADE-S,NAS100_VAL,2017-08-17 11:37:00+00:00,1,10.800000000000182,1.2999999999992724,-9.872493794436195
PREFADE-S,NAS100_VAL,2017-08-17 13:07:00+00:00,1,2.399999999999636,13.400000000000546,11.647000782634677
PREFADE-S,NAS100_VAL,2017-08-18 12:29:00+00:00,-1,2.0,17.699999999999818,16.842034720089032
PREFADE-S,NAS100_VAL,2017-08-23 11:38:00+00:00,1,11.399999999999636,0.9000000000005457,-11.056292721881618
PREFADE-S,NAS100_VAL,2017-08-24 12:22:00+00:00,-1,7.0,14.5,14.042365034482827
PREFADE-S,NAS100_VAL,2017-08-28 11:53:00+00:00,-1,14.900000000000546,0.5999999999994543,-13.562349658604944
PREFADE-S,NAS100_VAL,2017-08-30 12:47:00+00:00,1,4.100000000000364,16.399999999999636,11.802058786135603
PREFADE-S,NAS100_VAL,2017-09-01 12:32:00+00:00,-1,12.900000000000546,0.5,-9.616418864919979
PREFADE-S,NAS100_VAL,2017-09-04 11:42:00+00:00,-1,7.600000000000364,6.600000000000364,-6.300000000000182
PREFADE-S,NAS100_VAL,2017-09-05 13:29:00+00:00,1,0.6999999999998181,10.099999999999454,7.027673965782924
PREFADE-S,NAS100_VAL,2017-09-07 11:47:00+00:00,-1,6.799999999999272,8.5,6.052033798357115
PREFADE-S,NAS100_VAL,2017-09-12 13:29:00+00:00,-1,5.5,11.600000000000364,6.9476755216637684
PREFADE-S,NAS100_VAL,2017-09-14 12:10:00+00:00,1,6.399999999999636,0.1000000000003638,-4.2654141159555365
PREFADE-S,NAS100_VAL,2017-09-15 13:30:00+00:00,-1,4.399999999999636,9.899999999999636,8.188351323386087
PREFADE-S,NAS100_VAL,2017-09-18 12:28:00+00:00,1,6.399999999999636,4.5,4.478287884605379
PREFADE-S,NAS100_VAL,2017-09-19 13:25:00+00:00,-1,3.0999999999994543,6.699999999999818,6.586805151015142
PREFADE-S,NAS100_VAL,2017-09-21 12:54:00+00:00,-1,0.1999999999998181,15.400000000000546,7.317539468873292
PREFADE-S,NAS100_VAL,2017-09-25 12:35:00+00:00,1,25.0,1.7999999999992724,-20.540222652124612
PREFADE-S,NAS100_VAL,2017-09-26 12:05:00+00:00,-1,14.800000000000182,0.9000000000005457,-13.436034143068355
PREFADE-S,NAS100_VAL,2017-09-27 13:23:00+00:00,-1,17.599999999999454,0.5,-17.16979598198941
PREFADE-S,NAS100_VAL,2017-09-28 11:48:00+00:00,1,8.899999999999636,0.0,-7.72655483359722
PREFADE-S,NAS100_VAL,2017-09-29 11:59:00+00:00,-1,10.5,3.199999999999818,-8.008026599929508
PREFADE-S,NAS100_VAL,2017-10-02 11:36:00+00:00,-1,1.8999999999996362,6.899999999999636,5.736253997367385
PREFADE-S,NAS100_VAL,2017-10-04 11:32:00+00:00,1,4.400000000000546,0.1999999999998181,-3.877396516164481
PREFADE-S,NAS100_VAL,2017-10-04 13:22:00+00:00,1,1.699999999999818,7.600000000000364,5.6162409785583804
PREFADE-S,NAS100_VAL,2017-10-06 11:41:00+00:00,-1,0.3999999999996362,4.0,3.800000000000182
PREFADE-S,NAS100_VAL,2017-10-06 12:31:00+00:00,1,7.0,1.7999999999992724,-6.0712743565391065
PREFADE-S,NAS100_VAL,2017-10-09 11:55:00+00:00,-1,3.0,4.5,4.362427289736843
PREFADE-S,NAS100_VAL,2017-10-10 12:10:00+00:00,-1,8.899999999999636,1.6000000000003638,-8.015241375325786
PREFADE-S,NAS100_VAL,2017-10-11 11:44:00+00:00,1,2.399999999999636,7.399999999999636,6.914715107840493
PREFADE-S,NAS100_VAL,2017-10-12 12:06:00+00:00,1,5.299999999999272,1.7000000000007276,-5.051835320204191
PREFADE-S,NAS100_VAL,2017-10-12 13:28:00+00:00,1,1.0,5.5,5.330364833771455
PREFADE-S,NAS100_VAL,2017-10-13 11:42:00+00:00,-1,7.100000000000364,0.6999999999998181,-6.800000000000182
PREFADE-S,NAS100_VAL,2017-10-16 13:21:00+00:00,-1,4.900000000000546,4.0,2.046375217381865
PREFADE-S,NAS100_VAL,2017-10-17 12:19:00+00:00,1,5.600000000000364,3.0,-4.833709641558016
PREFADE-S,NAS100_VAL,2017-10-18 12:20:00+00:00,-1,2.100000000000364,3.600000000000364,3.33086509896566
PREFADE-S,NAS100_VAL,2017-10-23 13:01:00+00:00,-1,0.2999999999992724,9.400000000000546,8.818867784596478
PREFADE-S,NAS100_VAL,2017-10-24 12:31:00+00:00,-1,4.899999999999636,5.100000000000364,4.849587669345965
PREFADE-S,NAS100_VAL,2017-10-26 11:46:00+00:00,-1,1.1000000000003638,12.599999999999454,5.826235281449044
PREFADE-S,NAS100_VAL,2017-10-26 12:40:00+00:00,1,7.400000000000546,2.5999999999994543,-7.2115861705815405
PREFADE-S,NAS100_VAL,2017-10-27 11:47:00+00:00,-1,25.400000000000546,0.0999999999994543,-24.61999834666767
PREFADE-S,NAS100_VAL,2017-10-30 13:30:00+00:00,1,0.6000000000003638,9.5,6.397771737378207
PREFADE-S,NAS100_VAL,2017-10-31 11:37:00+00:00,-1,6.199999999999818,7.599999999999454,6.255676089357621
PREFADE-S,NAS100_VAL,2017-11-02 12:50:00+00:00,-1,2.0,18.100000000000364,18.046235290676123
PREFADE-S,NAS100_VAL,2017-11-03 12:26:00+00:00,-1,7.5,1.3999999999996362,-7.167753728297612
PREFADE-S,NAS100_VAL,2017-11-07 12:49:00+00:00,1,0.2999999999992724,11.0,10.737787032431697
PREFADE-S,NAS100_VAL,2017-11-14 12:43:00+00:00,1,2.5999999999994543,6.200000000000728,6.006314773047961
PREFADE-S,NAS100_VAL,2017-11-14 13:55:00+00:00,1,8.100000000000364,0.0,-8.068664415965031
PREFADE-S,NAS100_VAL,2017-11-17 12:50:00+00:00,-1,1.1000000000003638,5.300000000000182,5.224806429477212
PREFADE-S,NAS100_VAL,2017-11-20 13:19:00+00:00,-1,9.0,7.199999999999818,3.5
PREFADE-S,NAS100_VAL,2017-11-22 12:38:00+00:00,-1,6.199999999999818,0.8000000000001819,-6.125929677057684
PREFADE-S,NAS100_VAL,2017-11-22 13:33:00+00:00,-1,4.399999999999636,7.100000000000364,5.657194632372921
PREFADE-S,NAS100_VAL,2017-11-24 13:14:00+00:00,-1,11.199999999999818,7.699999999999818,-11.199999999999818
PREFADE-S,NAS100_VAL,2017-11-29 13:50:00+00:00,1,0.0,6.899999999999636,6.117079009166446
PREFADE-S,NAS100_VAL,2017-11-30 12:43:00+00:00,-1,19.899999999999636,0.5,-18.671313983427353
PREFADE-S,NAS100_VAL,2017-12-07 12:56:00+00:00,1,4.5,9.199999999999818,9.138647998801389
PREFADE-S,NAS100_VAL,2017-12-07 13:51:00+00:00,1,14.300000000000182,5.099999999999454,-14.205805375361706
PREFADE-S,NAS100_VAL,2017-12-11 13:03:00+00:00,1,1.5,9.100000000000364,7.400000000000546
PREFADE-S,NAS100_VAL,2017-12-11 13:19:00+00:00,1,2.5,7.699999999999818,7.356965235753705
PREFADE-S,NAS100_VAL,2017-12-12 13:24:00+00:00,1,7.5,1.6000000000003638,-6.660053435563896
PREFADE-S,NAS100_VAL,2017-12-13 13:32:00+00:00,-1,19.600000000000364,0.3999999999996362,-18.83638400158179
PREFADE-S,NAS100_VAL,2017-12-14 14:01:00+00:00,-1,2.199999999999818,5.199999999999818,4.70319649738849
PREFADE-S,NAS100_VAL,2017-12-15 14:29:00+00:00,-1,18.400000000000546,11.199999999999818,-18.1877213826956
PREFADE-S,NAS100_VAL,2017-12-19 13:26:00+00:00,1,6.5,2.2000000000007276,-6.239134552795804
PREFADE-S,NAS100_VAL,2017-12-20 13:06:00+00:00,-1,1.0999999999994543,12.800000000000182,9.297540294050123
PREFADE-S,NAS100_VAL,2017-12-21 12:34:00+00:00,-1,12.399999999999636,0.5,-9.0404798968475
PREFADE-S,NAS100_VAL,2017-12-22 12:57:00+00:00,1,11.699999999999818,2.5999999999994543,-5.079051877676648
PREFADE-S,NAS100_VAL,2017-12-27 14:29:00+00:00,1,0.7999999999992724,8.200000000000728,7.914997843477067
PREFADE-S,NAS100_VAL,2018-01-04 12:44:00+00:00,-1,12.300000000000182,9.100000000000364,5.961947424964819
PREFADE-S,NAS100_VAL,2018-01-05 12:40:00+00:00,-1,10.399999999999636,10.900000000000546,9.619915154820774
PREFADE-S,NAS100_VAL,2018-01-08 13:15:00+00:00,1,4.900000000000546,8.800000000000182,8.794466612369433
PREFADE-S,NAS100_VAL,2018-01-09 13:00:00+00:00,-1,7.599999999999454,7.699999999999818,6.2317516445073124
PREFADE-S,NAS100_VAL,2018-01-11 13:05:00+00:00,-1,2.300000000000182,11.699999999999818,10.289151043959464
PREFADE-S,NAS100_VAL,2018-01-12 13:39:00+00:00,1,9.800000000000182,9.600000000000364,9.335142326825917
PREFADE-S,NAS100_VAL,2018-01-15 12:34:00+00:00,1,0.5999999999994543,10.100000000000364,9.365255432554477
PREFADE-S,NAS100_VAL,2018-01-17 13:50:00+00:00,-1,2.7000000000007276,22.299999999999272,20.871732127341602
PREFADE-S,NAS100_VAL,2018-01-18 13:04:00+00:00,1,2.899999999999636,15.199999999999818,15.024202832130868
PREFADE-S,NAS100_VAL,2018-01-22 12:58:00+00:00,-1,4.099999999999454,7.400000000000546,7.199999999999818
PREFADE-S,NAS100_VAL,2018-01-24 13:21:00+00:00,-1,12.300000000000182,10.0,7.613466395693649
PREFADE-S,NAS100_VAL,2018-01-31 12:58:00+00:00,-1,16.5,5.699999999999818,4.278174661743833
PREFADE-S,NAS100_VAL,2018-02-01 12:45:00+00:00,1,25.799999999999272,5.800000000000182,-24.626983968202694
PREFADE-S,NAS100_VAL,2018-02-05 12:44:00+00:00,1,8.400000000000546,35.0,33.98586309508664
PREFADE-S,NAS100_VAL,2018-02-08 13:25:00+00:00,-1,10.599999999999454,42.0,38.866896020765125
PREFADE-S,NAS100_VAL,2018-02-09 13:58:00+00:00,-1,49.900000000000546,21.199999999999818,-48.530310037700474
PREFADE-S,NAS100_VAL,2018-02-13 14:03:00+00:00,1,7.0,32.69999999999982,30.082090670799516
PREFADE-S,NAS100_VAL,2018-02-14 13:31:00+00:00,1,71.89999999999964,5.0,-40.922036348317306
PREFADE-S,NAS100_VAL,2018-02-16 13:27:00+00:00,1,24.700000000000728,9.199999999999818,-24.319964690452252
PREFADE-S,NAS100_VAL,2018-02-19 13:08:00+00:00,1,1.0,10.699999999999818,10.578505031187888
PREFADE-S,NAS100_VAL,2018-02-21 13:38:00+00:00,-1,23.699999999999818,9.700000000000728,-23.675032548083436
PREFADE-S,NAS100_VAL,2018-02-22 13:33:00+00:00,-1,47.5,2.300000000000182,-33.69999999999982
PREFADE-S,NAS100_VAL,2018-02-23 13:06:00+00:00,-1,7.400000000000546,19.299999999999272,17.04372239977056
PREFADE-S,NAS100_VAL,2018-02-28 13:19:00+00:00,-1,23.300000000000182,7.5,-23.02392408124888
PREFADE-S,NAS100_VAL,2018-03-02 12:42:00+00:00,1,51.400000000000546,13.0,8.735032261897686
PREFADE-S,NAS100_VAL,2018-03-07 13:23:00+00:00,-1,42.30000000000018,20.799999999999272,-41.44211895390799
PREFADE-S,NAS100_VAL,2018-03-08 14:09:00+00:00,-1,4.599999999999454,19.0,18.689190658726147
PREFADE-S,NAS100_VAL,2018-03-09 13:26:00+00:00,1,2.5,34.80000000000018,9.988077330388478
PREFADE-S,NAS100_VAL,2018-03-13 12:31:00+00:00,-1,21.599999999999454,12.199999999999818,-20.242862858910485
PREFADE-S,NAS100_VAL,2018-03-21 11:44:00+00:00,1,6.800000000000182,13.400000000000546,12.127528789924327
PREFADE-S,NAS100_VAL,2018-03-23 12:01:00+00:00,-1,45.5,3.300000000000182,-45.24048758583558
PREFADE-S,NAS100_VAL,2018-03-28 13:06:00+00:00,1,0.0,52.600000000000364,50.139880536816236
PREFADE-S,NAS100_VAL,2018-03-29 11:44:00+00:00,-1,10.199999999999818,28.900000000000546,27.341366111701973
PREFADE-S,NAS100_VAL,2018-04-02 11:56:00+00:00,1,7.399999999999636,17.600000000000364,17.18910704505288
PREFADE-S,NAS100_VAL,2018-04-03 12:02:00+00:00,-1,25.5,5.5,-24.120413267714866
PREFADE-S,NAS100_VAL,2018-04-03 13:20:00+00:00,-1,7.0,32.599999999999454,23.878833601233055
PREFADE-S,NAS100_VAL,2018-04-12 11:32:00+00:00,-1,28.600000000000364,12.199999999999818,-23.99932563587572
PREFADE-S,NAS100_VAL,2018-04-13 11:48:00+00:00,-1,21.0,1.7999999999992724,-20.340722523125805
PREFADE-S,NAS100_VAL,2018-04-17 12:07:00+00:00,-1,35.0,17.600000000000364,-32.606870068058925
PREFADE-S,NAS100_VAL,2018-04-18 11:40:00+00:00,-1,0.1000000000003638,13.5,12.969317690161915
PREFADE-S,NAS100_VAL,2018-04-19 12:02:00+00:00,1,29.0,4.900000000000546,-27.395781192061804
PREFADE-S,NAS100_VAL,2018-04-26 13:02:00+00:00,-1,0.6000000000003638,32.30000000000018,23.615146601514425
PREFADE-S,NAS100_VAL,2018-04-27 11:58:00+00:00,-1,12.100000000000364,0.8999999999996362,-11.94784794559655
PREFADE-S,NAS100_VAL,2018-04-30 13:23:00+00:00,1,6.799999999999272,17.700000000000728,12.147798029702244
PREFADE-S,NAS100_VAL,2018-05-01 13:08:00+00:00,1,6.0,11.800000000000182,11.458604104134793
PREFADE-S,NAS100_VAL,2018-05-02 12:38:00+00:00,1,25.400000000000546,14.5,-21.846808704832256
PREFADE-S,NAS100_VAL,2018-05-03 11:51:00+00:00,1,20.200000000000728,2.2999999999992724,-15.05690442714058
PREFADE-S,NAS100_VAL,2018-05-03 12:50:00+00:00,1,15.199999999999818,17.199999999999818,14.637763203850227
PREFADE-S,NAS100_VAL,2018-05-04 12:10:00+00:00,1,8.800000000000182,19.0,13.956809291132231
PREFADE-S,NAS100_VAL,2018-05-04 12:40:00+00:00,1,15.700000000000728,14.0,13.58238301545498
PREFADE-S,NAS100_VAL,2018-05-04 13:21:00+00:00,1,17.5,19.5,14.240800608011341
PREFADE-S,NAS100_VAL,2018-05-10 12:52:00+00:00,-1,16.299999999999272,6.700000000000728,-15.799677122685353
PREFADE-S,NAS100_VAL,2018-05-11 11:39:00+00:00,-1,1.5,15.199999999999818,12.061868624975432
PREFADE-S,NAS100_VAL,2018-05-14 11:51:00+00:00,1,2.199999999999818,11.300000000000182,8.890627477649105
PREFADE-S,NAS100_VAL,2018-05-15 11:39:00+00:00,1,18.900000000000546,8.800000000000182,-18.611936295463238
PREFADE-S,NAS100_VAL,2018-05-16 13:29:00+00:00,-1,14.700000000000728,2.899999999999636,-13.37856205963908
PREFADE-S,NAS100_VAL,2018-05-18 12:08:00+00:00,1,18.599999999999454,1.199999999999818,-17.124756356014586
PREFADE-S,NAS100_VAL,2018-05-25 11:41:00+00:00,1,16.900000000000546,8.899999999999636,6.723090040016359
PREFADE-S,NAS100_VAL,2018-05-28 12:29:00+00:00,1,4.899999999999636,12.600000000000364,11.38700499366496
PREFADE-S,NAS100_VAL,2018-05-31 13:11:00+00:00,1,6.0,16.599999999999454,14.952621178300433
PREFADE-S,NAS100_VAL,2018-06-01 11:32:00+00:00,-1,2.100000000000364,14.099999999999454,12.36829913013662
PREFADE-S,NAS100_VAL,2018-06-01 12:51:00+00:00,-1,21.599999999999454,2.300000000000182,-17.78729116976865
PREFADE-S,NAS100_VAL,2018-06-06 12:55:00+00:00,1,15.700000000000728,6.899999999999636,-11.721382731500853
PREFADE-S,NAS100_VAL,2018-06-07 11:44:00+00:00,1,16.400000000000546,6.0,-14.446803221446316
PREFADE-S,NAS100_VAL,2018-06-14 11:55:00+00:00,-1,29.300000000000182,3.9000000000005457,-26.338203686093948
PREFADE-S,NAS100_VAL,2018-06-15 12:37:00+00:00,1,23.0,5.200000000000728,-22.149857476800207
PREFADE-S,NAS100_VAL,2018-06-20 12:51:00+00:00,-1,27.600000000000364,3.199999999999818,-25.600000000000364
PREFADE-S,NAS100_VAL,2018-06-26 12:31:00+00:00,-1,7.100000000000364,18.5,17.780726896548003
PREFADE-S,NAS100_VAL,2018-06-28 11:48:00+00:00,1,24.5,10.0,-19.28602129607316
PREFADE-S,NAS100_VAL,2018-07-06 12:34:00+00:00,-1,33.0,22.0,-31.7416870043171
PREFADE-S,NAS100_VAL,2018-07-10 13:27:00+00:00,1,15.5,5.900000000000546,4.845753546165724
PREFADE-S,NAS100_VAL,2018-07-11 12:34:00+00:00,-1,29.299999999999272,22.300000000000182,-28.76164973876439
PREFADE-S,NAS100_VAL,2018-07-16 12:53:00+00:00,1,1.4000000000005457,12.0,9.320306387118762
PREFADE-S,NAS100_VAL,2018-07-17 13:11:00+00:00,1,3.199999999999818,20.0,19.350697627055524
PREFADE-S,NAS100_VAL,2018-07-18 11:51:00+00:00,1,6.700000000000728,12.5,10.212711920815309
PREFADE-S,NAS100_VAL,2018-07-19 12:03:00+00:00,1,0.5,22.199999999999818,20.74235607731225
PREFADE-S,NAS100_VAL,2018-07-24 12:06:00+00:00,-1,16.0,0.3000000000001819,-15.474817852663364
PREFADE-S,NAS100_VAL,2018-07-26 12:14:00+00:00,-1,3.0,13.800000000000182,13.416287298971838
PREFADE-S,NAS100_VAL,2018-07-30 12:23:00+00:00,-1,10.300000000000182,18.800000000000182,15.287843549605896
PREFADE-S,NAS100_VAL,2018-07-31 11:33:00+00:00,-1,7.199999999999818,11.099999999999454,10.302823437295956
PREFADE-S,NAS100_VAL,2018-07-31 13:25:00+00:00,-1,20.300000000000182,17.699999999999818,-19.813904678298968
PREFADE-S,NAS100_VAL,2018-08-06 12:41:00+00:00,1,12.599999999999454,5.400000000000546,4.141406196868047
PREFADE-S,NAS100_VAL,2018-08-08 12:06:00+00:00,1,9.600000000000364,0.5,-8.800624151813281
PREFADE-S,NAS100_VAL,2018-08-10 13:06:00+00:00,1,1.0,19.400000000000546,18.09239669116414
PREFADE-S,NAS100_VAL,2018-08-13 11:51:00+00:00,-1,18.899999999999636,1.0,-18.753859539962832
PREFADE-S,NAS100_VAL,2018-08-13 13:07:00+00:00,-1,40.099999999999454,3.9000000000005457,-37.21088762523232
PREFADE-S,NAS100_VAL,2018-08-15 11:31:00+00:00,1,53.29999999999927,24.5,-49.55227057500906
PREFADE-S,NAS100_VAL,2018-08-17 12:08:00+00:00,1,11.799999999999272,17.400000000000546,14.622631713569717
PREFADE-S,NAS100_VAL,2018-08-23 13:23:00+00:00,1,0.0,12.699999999999818,9.894659395958115
PREFADE-S,NAS100_VAL,2018-08-27 12:15:00+00:00,-1,7.900000000000546,7.899999999999636,6.208121539238164
PREFADE-S,NAS100_VAL,2018-08-28 12:13:00+00:00,-1,2.9000000000005457,9.199999999999818,8.214382509788265
PREFADE-S,NAS100_VAL,2018-08-29 12:27:00+00:00,1,4.300000000000182,10.300000000000182,6.92254763780511
PREFADE-S,NAS100_VAL,2018-09-03 11:44:00+00:00,-1,0.1000000000003638,8.899999999999636,8.65346046295872
PREFADE-S,NAS100_VAL,2018-09-04 12:34:00+00:00,1,39.19999999999982,7.800000000000182,-37.238405895264805
PREFADE-S,NAS100_VAL,2018-09-06 12:10:00+00:00,-1,0.6999999999998181,13.199999999999818,12.952660480005761
PREFADE-S,NAS100_VAL,2018-09-07 12:31:00+00:00,1,19.5,4.800000000000182,-19.249757826642963
PREFADE-S,NAS100_VAL,2018-09-11 12:08:00+00:00,1,25.300000000000182,19.899999999999636,19.723110773947155
PREFADE-S,NAS100_VAL,2018-09-12 13:09:00+00:00,1,30.200000000000728,8.199999999999818,-23.943310666767502
PREFADE-S,NAS100_VAL,2018-09-19 11:35:00+00:00,1,11.099999999999454,8.699999999999818,8.56845449602406
PREFADE-S,NAS100_VAL,2018-09-24 13:06:00+00:00,1,15.300000000000182,1.0999999999994543,-10.876881913603029
PREFADE-S,NAS100_VAL,2018-09-25 12:06:00+00:00,-1,1.6000000000003638,15.0,14.681968187373968
PREFADE-S,NAS100_VAL,2018-09-26 13:11:00+00:00,1,8.800000000000182,14.900000000000546,11.870269472360633
PREFADE-S,NAS100_VAL,2018-09-27 11:43:00+00:00,-1,19.0,7.800000000000182,-17.066604815286155
PREFADE-S,NAS100_VAL,2018-10-03 12:41:00+00:00,-1,19.900000000000546,8.300000000000182,4.488739818209069
PREFADE-S,NAS100_VAL,2018-10-05 12:31:00+00:00,1,8.199999999999818,4.199999999999818,0.0
PREFADE-S,NAS100_VAL,2018-10-05 12:39:00+00:00,1,12.400000000000546,23.899999999999636,23.697717794984783
PREFADE-S,NAS100_VAL,2018-10-08 13:30:00+00:00,1,27.0,18.799999999999272,17.063648023764472
PREFADE-S,NAS100_VAL,2018-10-10 11:49:00+00:00,1,24.0,1.3999999999996362,-21.472625620195686
PREFADE-S,NAS100_VAL,2018-10-11 12:31:00+00:00,-1,32.69999999999982,43.100000000000364,40.03065820772554
PREFADE-S,NAS100_VAL,2018-10-16 12:07:00+00:00,-1,33.20000000000073,0.2999999999992724,-29.86725192308768
PREFADE-S,NAS100_VAL,2018-10-17 11:57:00+00:00,1,33.5,18.899999999999636,-28.226720884356837
PREFADE-S,NAS100_VAL,2018-10-18 12:02:00+00:00,1,3.7000000000007276,17.5,17.22952320143213
PREFADE-S,NAS100_VAL,2018-10-19 12:15:00+00:00,-1,38.600000000000364,24.199999999999818,-35.17962305367291
PREFADE-S,NAS100_VAL,2018-10-30 13:01:00+00:00,1,54.29999999999927,1.7000000000007276,-47.293658282480465
PREFADE-S,NAS100_VAL,2018-10-31 12:18:00+00:00,-1,64.89999999999964,2.600000000000364,-58.05833790626548
PREFADE-S,NAS100_VAL,2018-11-12 13:03:00+00:00,1,56.100000000000364,0.3000000000001819,-48.052887509838
PREFADE-S,NAS100_VAL,2018-11-14 13:38:00+00:00,-1,36.79999999999927,29.0,27.183095111529838
PREFADE-S,NAS100_VAL,2018-11-15 14:12:00+00:00,1,11.800000000000182,39.19999999999982,37.76300446559799
PREFADE-S,NAS100_VAL,2018-11-16 12:33:00+00:00,1,19.5,26.5,26.217788252422906
PREFADE-S,NAS100_VAL,2018-11-19 13:58:00+00:00,1,53.0,7.800000000000182,-50.687908367029195
PREFADE-S,NAS100_VAL,2018-11-20 12:46:00+00:00,1,63.0,4.300000000000182,-60.640829990377824
PREFADE-S,NAS100_VAL,2018-11-21 12:44:00+00:00,-1,31.800000000000182,23.600000000000364,23.032810719149893
PREFADE-S,NAS100_VAL,2018-11-23 13:35:00+00:00,1,22.300000000000182,3.699999999999818,-20.76039101772767
PREFADE-S,NAS100_VAL,2018-11-30 13:53:00+00:00,-1,1.2000000000007276,24.399999999999636,16.446524853413393
PREFADE-S,NAS100_VAL,2018-12-05 13:23:00+00:00,-1,2.600000000000364,10.600000000000364,9.0
PREFADE-S,NAS100_VAL,2018-12-07 13:42:00+00:00,-1,0.6000000000003638,43.399999999999636,38.79978789913912
PREFADE-S,NAS100_VAL,2018-12-10 12:43:00+00:00,-1,41.099999999999454,0.6999999999998181,-37.755241111428404
PREFADE-S,NAS100_VAL,2018-12-11 13:44:00+00:00,-1,1.199999999999818,62.70000000000073,62.682397033509005
PREFADE-S,NAS100_VAL,2018-12-12 13:55:00+00:00,-1,49.600000000000364,37.399999999999636,-42.399999999999636
PREFADE-S,NAS100_VAL,2018-12-17 12:58:00+00:00,1,34.30000000000018,8.399999999999636,-33.029981144234625
PREFADE-S,NAS100_VAL,2018-12-21 13:37:00+00:00,-1,18.699999999999818,45.5,17.888495676248567
PREFADE-S,NAS100_VAL,2018-12-24 12:40:00+00:00,1,27.100000000000364,34.899999999999636,33.333571835402836
PREFADE-S,NAS100_VAL,2018-12-26 13:20:00+00:00,-1,73.89999999999964,19.800000000000182,-71.14947363929787
PREFADE-S,NAS100_vault_2019_20,2019-01-03 13:01:00+00:00,-1,37.400000000000546,3.899999999999636,-37.225849952487806
PREFADE-S,NAS100_vault_2019_20,2019-01-08 13:17:00+00:00,-1,38.69999999999982,0.5,-34.68968444010625
PREFADE-S,NAS100_vault_2019_20,2019-01-11 12:55:00+00:00,1,17.5,1.9000000000005457,-16.382374689251264
PREFADE-S,NAS100_vault_2019_20,2019-01-16 14:04:00+00:00,-1,15.0,7.199999999999818,-14.24176874443583
PREFADE-S,NAS100_vault_2019_20,2019-01-18 12:31:00+00:00,-1,34.5,5.099999999999454,-18.5
PREFADE-S,NAS100_vault_2019_20,2019-01-23 13:03:00+00:00,-1,31.900000000000546,17.099999999999454,-31.703283916865075
PREFADE-S,NAS100_vault_2019_20,2019-01-25 13:55:00+00:00,-1,33.599999999999454,28.400000000000546,-33.0
PREFADE-S,NAS100_vault_2019_20,2019-01-28 14:02:00+00:00,1,27.5,1.0,-26.691972129155147
PREFADE-S,NAS100_vault_2019_20,2019-01-30 13:02:00+00:00,-1,27.300000000000182,14.799999999999272,-26.320135414942342
PREFADE-S,NAS100_vault_2019_20,2019-01-31 14:02:00+00:00,1,9.0,15.400000000000546,11.594924156554043
PREFADE-S,NAS100_vault_2019_20,2019-02-01 12:57:00+00:00,1,12.200000000000728,18.899999999999636,14.62976953708494
PREFADE-S,NAS100_vault_2019_20,2019-02-05 12:58:00+00:00,-1,26.699999999999818,6.699999999999818,-22.064170468034717
PREFADE-S,NAS100_vault_2019_20,2019-02-06 13:46:00+00:00,-1,14.0,11.199999999999818,11.085045795408405
PREFADE-S,NAS100_vault_2019_20,2019-02-07 13:15:00+00:00,1,30.299999999999272,13.0,5.603803349901682
PREFADE-S,NAS100_vault_2019_20,2019-02-08 14:13:00+00:00,1,1.7000000000007276,23.699999999999818,20.4484906907428
PREFADE-S,NAS100_vault_2019_20,2019-02-14 13:56:00+00:00,1,29.600000000000364,14.0,13.020179204120723
PREFADE-S,NAS100_vault_2019_20,2019-02-15 12:36:00+00:00,-1,59.5,3.5,-38.96932423497128
PREFADE-S,NAS100_vault_2019_20,2019-02-19 13:23:00+00:00,1,6.200000000000728,23.099999999999454,21.024058281273028
PREFADE-S,NAS100_vault_2019_20,2019-02-20 14:28:00+00:00,-1,14.599999999999454,6.199999999999818,-13.541066627359214
PREFADE-S,NAS100_vault_2019_20,2019-02-21 13:31:00+00:00,1,38.399999999999636,10.800000000000182,-34.71701492235752
PREFADE-S,NAS100_vault_2019_20,2019-03-06 13:35:00+00:00,-1,7.699999999999818,10.100000000000364,8.832835502420494
PREFADE-S,NAS100_vault_2019_20,2019-03-07 13:00:00+00:00,-1,10.899999999999636,14.100000000000364,11.433490745890595
PREFADE-S,NAS100_vault_2019_20,2019-03-08 13:31:00+00:00,1,27.800000000000182,12.899999999999636,6.853842265382809
PREFADE-S,NAS100_vault_2019_20,2019-03-11 11:41:00+00:00,-1,34.0,11.0,-33.01411147367435
PREFADE-S,NAS100_vault_2019_20,2019-03-19 13:04:00+00:00,-1,6.0,17.199999999999818,15.430512493877359
PREFADE-S,NAS100_vault_2019_20,2019-03-22 12:14:00+00:00,1,37.19999999999982,19.399999999999636,-31.018374862998826
PREFADE-S,NAS100_vault_2019_20,2019-03-26 11:52:00+00:00,-1,25.400000000000546,6.399999999999636,-25.356985082194115
PREFADE-S,NAS100_vault_2019_20,2019-03-28 13:28:00+00:00,-1,5.099999999999454,26.699999999999818,25.722791031293127
PREFADE-S,NAS100_vault_2019_20,2019-03-29 11:38:00+00:00,-1,19.5,5.699999999999818,-17.610063731529408
PREFADE-S,NAS100_vault_2019_20,2019-04-02 11:35:00+00:00,-1,9.300000000000182,8.5,6.852690210235778
PREFADE-S,NAS100_vault_2019_20,2019-04-05 12:31:00+00:00,-1,10.200000000000728,12.199999999999818,11.019840998579639
PREFADE-S,NAS100_vault_2019_20,2019-04-09 12:20:00+00:00,1,13.699999999999818,0.1999999999998181,-11.58838546282459
PREFADE-S,NAS100_vault_2019_20,2019-04-12 12:15:00+00:00,-1,2.5999999999994543,26.100000000000364,25.652427270462795
PREFADE-S,NAS100_vault_2019_20,2019-04-17 11:31:00+00:00,-1,19.600000000000364,0.1000000000003638,-18.982370551866552
PREFADE-S,NAS100_vault_2019_20,2019-04-18 12:09:00+00:00,-1,27.800000000000182,3.2999999999992724,-19.31584795915478
PREFADE-S,NAS100_vault_2019_20,2019-04-22 12:17:00+00:00,1,2.5,22.300000000000182,21.816488029060565
PREFADE-S,NAS100_vault_2019_20,2019-04-23 12:09:00+00:00,-1,13.399999999999636,7.400000000000546,-13.25571602715354
PREFADE-S,NAS100_vault_2019_20,2019-04-24 12:14:00+00:00,-1,6.099999999999454,11.400000000000546,10.079703412789058
PREFADE-S,NAS100_vault_2019_20,2019-04-25 12:03:00+00:00,-1,4.099999999999454,12.199999999999818,11.377681099805159
PREFADE-S,NAS100_vault_2019_20,2019-04-26 12:26:00+00:00,-1,20.100000000000364,1.199999999999818,-17.966149125063566
PREFADE-S,NAS100_vault_2019_20,2019-04-29 12:48:00+00:00,1,2.199999999999818,11.199999999999818,10.941803793728468
PREFADE-S,NAS100_vault_2019_20,2019-04-30 12:03:00+00:00,-1,1.199999999999818,22.0,12.90379420262343
PREFADE-S,NAS100_vault_2019_20,2019-05-03 12:31:00+00:00,-1,0.2999999999992724,23.600000000000364,22.728393283849982
PREFADE-S,NAS100_vault_2019_20,2019-05-07 11:58:00+00:00,1,25.0,24.799999999999272,23.28906399621428
PREFADE-S,NAS100_vault_2019_20,2019-05-08 12:47:00+00:00,1,7.0,40.5,36.985643692242775
PREFADE-S,NAS100_vault_2019_20,2019-05-09 13:05:00+00:00,1,58.0,19.799999999999272,-56.23717941105133
PREFADE-S,NAS100_vault_2019_20,2019-05-10 12:31:00+00:00,1,0.0,57.30000000000018,55.20156522196339
PREFADE-S,NAS100_vault_2019_20,2019-05-13 11:53:00+00:00,1,55.69999999999982,5.099999999999454,-53.17206712001371
PREFADE-S,NAS100_vault_2019_20,2019-05-15 11:56:00+00:00,1,40.19999999999982,3.199999999999818,-38.93277229787964
PREFADE-S,NAS100_vault_2019_20,2019-05-17 11:31:00+00:00,1,28.199999999999818,19.100000000000364,14.892061455509975
PREFADE-S,NAS100_vault_2019_20,2019-05-22 11:34:00+00:00,1,37.80000000000018,2.5999999999994543,-27.096005978593894
PREFADE-S,NAS100_vault_2019_20,2019-06-03 12:11:00+00:00,-1,27.899999999999636,9.700000000000728,-19.997579204095928
PREFADE-S,NAS100_vault_2019_20,2019-06-04 11:46:00+00:00,-1,40.69999999999982,12.5,-38.42894104065181
PREFADE-S,NAS100_vault_2019_20,2019-06-07 12:51:00+00:00,-1,42.399999999999636,16.800000000000182,-39.661546034119965
PREFADE-S,NAS100_vault_2019_20,2019-06-11 12:34:00+00:00,-1,19.200000000000728,27.599999999999454,20.929896363259104
PREFADE-S,NAS100_vault_2019_20,2019-06-18 12:06:00+00:00,-1,69.80000000000018,17.600000000000364,-69.27674921338257
PREFADE-S,NAS100_vault_2019_20,2019-07-04 11:43:00+00:00,-1,6.399999999999636,1.1000000000003638,-4.399999999999636
PREFADE-S,NAS100_vault_2019_20,2019-07-05 12:31:00+00:00,1,37.79999999999927,19.700000000000728,-36.90249081669481
PREFADE-S,NAS100_vault_2019_20,2019-07-10 12:32:00+00:00,-1,43.899999999999636,0.0,-36.00227515104507
PREFADE-S,NAS100_vault_2019_20,2019-07-11 12:32:00+00:00,1,0.0,16.399999999999636,15.108722658258557
PREFADE-S,NAS100_vault_2019_20,2019-07-16 12:36:00+00:00,1,0.6999999999998181,5.399999999999636,4.8777742029287765
PREFADE-S,NAS100_vault_2019_20,2019-07-16 12:55:00+00:00,1,8.600000000000364,2.199999999999818,-8.31854331600698
PREFADE-S,NAS100_vault_2019_20,2019-07-18 12:32:00+00:00,-1,23.599999999999454,17.400000000000546,3.3061787369133526
PREFADE-S,NAS100_vault_2019_20,2019-07-19 13:29:00+00:00,-1,3.899999999999636,18.600000000000364,15.491409457063128
PREFADE-S,NAS100_vault_2019_20,2019-07-22 12:20:00+00:00,-1,36.900000000000546,13.899999999999636,-34.639586556104405
PREFADE-S,NAS100_vault_2019_20,2019-07-23 12:07:00+00:00,-1,5.300000000000182,16.0,14.529174534031881
PREFADE-S,NAS100_vault_2019_20,2019-07-25 11:49:00+00:00,-1,8.199999999999818,13.300000000000182,6.937023122588471
PREFADE-S,NAS100_vault_2019_20,2019-07-25 13:05:00+00:00,1,24.300000000000182,3.7999999999992724,-17.520625331189876
PREFADE-S,NAS100_vault_2019_20,2019-07-26 12:31:00+00:00,1,2.0,14.399999999999636,13.509891071106722
PREFADE-S,NAS100_vault_2019_20,2019-07-29 13:01:00+00:00,-1,1.7999999999992724,19.700000000000728,12.615596146691132
PREFADE-S,NAS100_vault_2019_20,2019-07-30 11:31:00+00:00,1,18.100000000000364,29.699999999999818,22.918998537355947
PREFADE-S,NAS100_vault_2019_20,2019-08-02 12:34:00+00:00,1,14.199999999999818,62.400000000000546,29.66610251828388
PREFADE-S,NAS100_vault_2019_20,2019-08-07 12:51:00+00:00,1,56.900000000000546,18.899999999999636,14.084350687394362
PREFADE-S,NAS100_vault_2019_20,2019-08-08 13:06:00+00:00,-1,2.699999999999818,30.899999999999636,27.81052622279458
PREFADE-S,NAS100_vault_2019_20,2019-08-14 11:35:00+00:00,1,75.60000000000036,2.399999999999636,-72.89785202528583
PREFADE-S,NAS100_vault_2019_20,2019-08-19 11:36:00+00:00,-1,33.29999999999927,13.700000000000728,13.61655232470821
PREFADE-S,NAS100_vault_2019_20,2019-08-23 12:01:00+00:00,1,38.599999999999454,18.200000000000728,-36.068789571060734
PREFADE-S,NAS100_vault_2019_20,2019-08-23 12:26:00+00:00,1,20.599999999999454,48.0,35.95822041412248
PREFADE-S,NAS100_vault_2019_20,2019-08-27 11:36:00+00:00,-1,38.69999999999982,6.0,-37.65436759684144
PREFADE-S,NAS100_vault_2019_20,2019-08-28 12:24:00+00:00,1,30.0,29.899999999999636,16.019729247217583
PREFADE-S,NAS100_vault_2019_20,2019-09-03 12:37:00+00:00,-1,1.199999999999818,30.0,26.22688564521286
PREFADE-S,NAS100_vault_2019_20,2019-09-06 12:14:00+00:00,-1,0.9000000000005457,25.799999999999272,13.821292911849014
PREFADE-S,NAS100_vault_2019_20,2019-09-06 12:43:00+00:00,-1,3.9000000000005457,23.199999999999818,17.176565983137152
PREFADE-S,NAS100_vault_2019_20,2019-09-09 13:10:00+00:00,-1,0.0,12.400000000000546,11.629934993897223
PREFADE-S,NAS100_vault_2019_20,2019-09-13 12:57:00+00:00,1,19.900000000000546,1.199999999999818,-18.380398991192124
PREFADE-S,NAS100_vault_2019_20,2019-09-18 11:39:00+00:00,1,8.799999999999272,7.200000000000728,7.198016566539081
PREFADE-S,NAS100_vault_2019_20,2019-09-19 12:47:00+00:00,-1,41.599999999999454,0.5,-38.37383553808104
PREFADE-S,NAS100_vault_2019_20,2019-09-20 12:54:00+00:00,-1,6.899999999999636,12.100000000000364,10.665387289735008
PREFADE-S,NAS100_vault_2019_20,2019-09-30 12:38:00+00:00,1,7.0,17.399999999999636,15.873015059460158
PREFADE-S,NAS100_vault_2019_20,2019-10-03 11:51:00+00:00,1,6.300000000000182,16.799999999999272,16.77651321828398
PREFADE-S,NAS100_vault_2019_20,2019-10-04 12:31:00+00:00,-1,34.599999999999454,14.300000000000182,-28.93683160236924
PREFADE-S,NAS100_vault_2019_20,2019-10-07 12:18:00+00:00,-1,5.199999999999818,16.800000000000182,13.490569476936798
PREFADE-S,NAS100_vault_2019_20,2019-10-16 13:21:00+00:00,1,17.400000000000546,3.399999999999636,-15.540540086849433
PREFADE-S,NAS100_vault_2019_20,2019-10-18 11:53:00+00:00,-1,0.0,16.599999999999454,15.964105104072587
PREFADE-S,NAS100_vault_2019_20,2019-10-21 12:03:00+00:00,-1,12.699999999999818,3.199999999999818,-11.90606676178777
PREFADE-S,NAS100_vault_2019_20,2019-10-21 13:17:00+00:00,-1,16.099999999999454,9.5,7.600206099096795
PREFADE-S,NAS100_vault_2019_20,2019-10-24 12:54:00+00:00,-1,13.899999999999636,9.300000000000182,6.428856823736169
PREFADE-S,NAS100_vault_2019_20,2019-10-25 12:32:00+00:00,1,2.300000000000182,11.100000000000364,10.758249529259956
PREFADE-S,NAS100_vault_2019_20,2019-10-28 12:26:00+00:00,-1,11.599999999999454,2.0,-10.518046524062811
PREFADE-S,NAS100_vault_2019_20,2019-10-29 12:01:00+00:00,1,7.299999999999272,16.200000000000728,15.741375731280641
PREFADE-S,NAS100_vault_2019_20,2019-10-30 12:16:00+00:00,-1,11.0,5.699999999999818,5.49811627350482
PREFADE-S,NAS100_vault_2019_20,2019-11-01 13:26:00+00:00,-1,27.300000000000182,16.699999999999818,-25.771058330396954
PREFADE-S,NAS100_vault_2019_20,2019-11-04 13:31:00+00:00,-1,12.700000000000728,9.299999999999272,8.7822878643492
PREFADE-S,NAS100_vault_2019_20,2019-11-14 13:40:00+00:00,1,4.799999999999272,15.399999999999636,14.539935725650139
PREFADE-S,NAS100_vault_2019_20,2019-11-15 13:49:00+00:00,-1,10.900000000001455,15.599999999998545,15.162036769235783
PREFADE-S,NAS100_vault_2019_20,2019-11-21 13:08:00+00:00,-1,8.100000000000364,27.5,26.16461760736638
PREFADE-S,NAS100_vault_2019_20,2019-11-25 13:11:00+00:00,1,1.1000000000003638,6.100000000000364,5.76708827632865
PREFADE-S,NAS100_vault_2019_20,2019-11-25 13:59:00+00:00,-1,10.899999999999636,4.600000000000364,-8.015832519307878
PREFADE-S,NAS100_vault_2019_20,2019-11-28 14:25:00+00:00,-1,5.5,5.5,-4.5
PREFADE-S,NAS100_vault_2019_20,2019-12-02 12:41:00+00:00,1,28.299999999999272,3.8000000000010914,-22.646283148413204
PREFADE-S,NAS100_vault_2019_20,2019-12-03 12:45:00+00:00,1,54.0,6.0,-51.16209731071831
PREFADE-S,NAS100_vault_2019_20,2019-12-06 13:31:00+00:00,-1,20.200000000000728,1.6000000000003638,-18.957203594063685
PREFADE-S,NAS100_vault_2019_20,2019-12-10 13:41:00+00:00,-1,0.0,43.600000000000364,35.269019214809305
PREFADE-S,NAS100_vault_2019_20,2019-12-11 13:14:00+00:00,-1,4.699999999998909,16.600000000000364,15.917150299515924
PREFADE-S,NAS100_vault_2019_20,2019-12-12 12:53:00+00:00,1,15.100000000000364,1.1999999999989086,-12.840097927801253
PREFADE-S,NAS100_vault_2019_20,2019-12-12 14:20:00+00:00,1,7.799999999999272,22.600000000000364,20.709870627262717
PREFADE-S,NAS100_vault_2019_20,2019-12-13 12:55:00+00:00,1,41.0,0.0,-14.0169632930847
PREFADE-S,NAS100_vault_2019_20,2019-12-13 13:31:00+00:00,1,31.100000000000364,11.599999999998545,-22.63056926824538
PREFADE-S,NAS100_vault_2019_20,2019-12-18 13:26:00+00:00,-1,10.399999999999636,5.200000000000728,-10.198593589107986
PREFADE-S,NAS100_vault_2019_20,2019-12-19 12:57:00+00:00,1,2.0,8.799999999999272,8.003913091954018
PREFADE-S,NAS100_vault_2019_20,2019-12-20 12:47:00+00:00,-1,9.899999999999636,0.1000000000003638,-9.781654544163757
PREFADE-S,NAS100_vault_2019_20,2019-12-26 13:30:00+00:00,-1,8.399999999999636,7.600000000000364,-7.407513614793061
PREFADE-S,NAS100_vault_2019_20,2019-12-31 12:43:00+00:00,1,18.30000000000109,8.600000000000364,-17.899999999999636
PREFADE-S,NAS100_vault_2019_20,2020-01-02 13:43:00+00:00,-1,24.69999999999891,19.899999999999636,14.955860127747655
PREFADE-S,NAS100_vault_2019_20,2020-01-07 13:52:00+00:00,1,1.0,20.5,17.3202191499131
PREFADE-S,NAS100_vault_2019_20,2020-01-09 13:32:00+00:00,-1,25.19999999999891,5.100000000000364,-6.199999999998909
PREFADE-S,NAS100_vault_2019_20,2020-01-10 13:33:00+00:00,-1,4.199999999998909,20.0,14.17939092277993
PREFADE-S,NAS100_vault_2019_20,2020-01-15 12:44:00+00:00,-1,11.899999999999636,15.0,14.407081260191262
PREFADE-S,NAS100_vault_2019_20,2020-01-17 13:33:00+00:00,-1,10.799999999999272,24.400000000001455,20.065850380957272
PREFADE-S,NAS100_vault_2019_20,2020-01-27 14:29:00+00:00,1,27.600000000000364,46.79999999999927,40.386192798627235
PREFADE-S,NAS100_vault_2019_20,2020-01-28 12:36:00+00:00,-1,3.400000000001455,33.79999999999927,29.751471986795877
PREFADE-S,NAS100_vault_2019_20,2020-02-07 13:37:00+00:00,1,22.799999999999272,18.399999999999636,17.915141667115677
PREFADE-S,NAS100_vault_2019_20,2020-02-19 12:48:00+00:00,-1,28.0,1.3999999999996362,-19.556985443752637
PREFADE-S,NAS100_vault_2019_20,2020-02-27 12:31:00+00:00,1,93.59999999999854,31.200000000000728,-86.71472655447906
PREFADE-S,NAS100_vault_2019_20,2020-02-28 14:19:00+00:00,1,24.800000000000182,167.0000000000009,139.79617136356228
PREFADE-S,NAS100_vault_2019_20,2020-03-06 12:54:00+00:00,1,33.5,145.40000000000146,138.57275043021218
PREFADE-S,NAS100_vault_2019_20,2020-03-11 12:38:00+00:00,1,16.899999999999636,81.40000000000055,75.24772702911923
PREFADE-S,NAS100_vault_2019_20,2020-03-23 12:02:00+00:00,-1,195.5,12.899999999999636,-117.32969091103041
PREFADE-S,NAS100_vault_2019_20,2020-03-23 12:41:00+00:00,-1,83.70000000000073,266.89999999999964,254.11250221268347
PREFADE-S,NAS100_vault_2019_20,2020-03-26 13:24:00+00:00,-1,133.60000000000036,7.199999999999818,-132.46524283945473
PREFADE-S,NAS100_vault_2019_20,2020-03-27 11:54:00+00:00,1,48.900000000000546,67.69999999999982,-17.700000000000728
PREFADE-S,NAS100_vault_2019_20,2020-03-30 13:01:00+00:00,-1,156.30000000000018,39.100000000000364,-154.22542035074002
PREFADE-S,NAS100_vault_2019_20,2020-03-31 12:08:00+00:00,1,57.30000000000018,51.899999999999636,50.95238868760953
PREFADE-S,NAS100_vault_2019_20,2020-04-02 12:39:00+00:00,1,76.19999999999982,10.600000000000364,-71.60419901723344
PREFADE-S,NAS100_vault_2019_20,2020-04-03 11:57:00+00:00,-1,29.399999999999636,52.80000000000018,52.71795077252136
PREFADE-S,NAS100_vault_2019_20,2020-04-03 12:35:00+00:00,-1,27.300000000000182,39.0,38.45905128479626
PREFADE-S,NAS100_vault_2019_20,2020-04-08 12:05:00+00:00,-1,45.599999999999454,61.400000000000546,53.52522637367383
PREFADE-S,NAS100_vault_2019_20,2020-04-09 11:31:00+00:00,1,21.799999999999272,93.60000000000036,59.41068234703744
PREFADE-S,NAS100_vault_2019_20,2020-04-09 12:57:00+00:00,-1,63.899999999999636,58.100000000000364,52.60332967697286
PREFADE-S,NAS100_vault_2019_20,2020-04-13 11:39:00+00:00,-1,51.20000000000073,36.600000000000364,34.040193920661295
PREFADE-S,NAS100_vault_2019_20,2020-04-15 12:27:00+00:00,1,53.899999999999636,41.899999999999636,2.100000000000364
PREFADE-S,NAS100_vault_2019_20,2020-04-17 12:46:00+00:00,1,45.79999999999927,11.200000000000728,-45.45406700011699
PREFADE-S,NAS100_vault_2019_20,2020-04-20 11:48:00+00:00,1,13.899999999999636,53.600000000000364,50.72790728729342
PREFADE-S,NAS100_vault_2019_20,2020-04-22 12:56:00+00:00,-1,37.19999999999891,36.600000000000364,-25.0
PREFADE-S,NAS100_vault_2019_20,2020-04-23 12:31:00+00:00,-1,53.20000000000073,9.200000000000728,-48.41300434465484
PREFADE-S,NAS100_vault_2019_20,2020-04-24 12:31:00+00:00,-1,22.399999999999636,67.60000000000036,8.399999999999636
PREFADE-S,NAS100_vault_2019_20,2020-04-29 12:31:00+00:00,-1,47.19999999999891,43.20000000000073,38.36580620312452
PREFADE-S,NAS100_vault_2019_20,2020-04-30 12:01:00+00:00,1,52.099999999998545,20.900000000001455,-51.89484095543776
PREFADE-S,NAS100_vault_2019_20,2020-05-05 12:09:00+00:00,-1,51.899999999999636,25.100000000000364,-42.899999999999636
PREFADE-S,NAS100_vault_2019_20,2020-05-11 11:41:00+00:00,1,53.400000000001455,51.19999999999891,47.795062421464536
PREFADE-S,NAS100_vault_2019_20,2020-05-12 12:45:00+00:00,-1,29.200000000000728,51.0,45.160884031372916
PREFADE-S,NAS100_vault_2019_20,2020-05-13 11:48:00+00:00,-1,7.599999999998545,75.40000000000146,72.76969579987053
PREFADE-S,SPX500_2026,2026-03-13 12:46:00+00:00,-1,14.799999999999272,30.090000000000146,27.766943851585893
PREFADE-S,SPX500_2026,2026-03-16 11:44:00+00:00,-1,35.30000000000018,4.5,-34.41788966515924
PREFADE-S,SPX500_2026,2026-03-17 12:09:00+00:00,-1,23.38000000000011,0.019999999999527063,-22.913755074657274
PREFADE-S,SPX500_2026,2026-03-18 12:20:00+00:00,1,33.64000000000033,8.099999999999454,-32.791491799553114
PREFADE-S,SPX500_2026,2026-03-19 12:03:00+00:00,1,23.24000000000069,13.11999999999989,-22.79589498064979
PREFADE-S,SPX500_2026,2026-03-19 13:24:00+00:00,1,14.570000000000618,25.789999999999964,25.714984044987432
PREFADE-S,SPX500_2026,2026-03-24 13:10:00+00:00,1,14.4399999999996,23.82000000000062,23.580049584993503
PREFADE-S,SPX500_2026,2026-03-25 12:07:00+00:00,-1,2.7399999999997817,20.519999999999527,19.83011457957673
PREFADE-S,SPX500_2026,2026-03-26 12:01:00+00:00,1,3.0,32.659999999999854,29.28681859372864
PREFADE-S,SPX500_2026,2026-03-27 12:06:00+00:00,1,42.45000000000073,6.519999999999527,-17.43000000000029
PREFADE-S,SPX500_2026,2026-04-01 11:36:00+00:00,-1,15.490000000000691,26.479999999999563,24.529594285046187
PREFADE-S,SPX500_2026,2026-04-03 12:31:00+00:00,-1,0.0999999999994543,7.75,7.23340229079713
PREFADE-S,SPX500_2026,2026-04-07 12:07:00+00:00,1,6.630000000000109,29.73999999999978,23.337082189426837
PREFADE-S,SPX500_2026,2026-04-10 12:20:00+00:00,-1,17.25999999999931,2.75,-10.817195190668826
PREFADE-S,SPX500_2026,2026-04-10 12:39:00+00:00,-1,9.319999999999709,8.449999999999818,7.822703799884948
PREFADE-S,SPX500_2026,2026-04-13 13:26:00+00:00,-1,37.9399999999996,6.829999999999927,-37.1899999999996
PREFADE-S,SPX500_2026,2026-04-14 11:58:00+00:00,-1,15.530000000000655,6.289999999999964,-13.67513916695134
PREFADE-S,SPX500_2026,2026-04-15 11:47:00+00:00,-1,3.119999999999891,1.3699999999998909,-0.0
PREFADE-S,SPX500_2026,2026-04-15 13:26:00+00:00,-1,10.0600000000004,2.2100000000000364,-9.800279871411476
PREFADE-S,SPX500_2026,2026-04-20 12:48:00+00:00,-1,22.3100000000004,12.239999999999782,5.6826551419062525
PREFADE-S,SPX500_2026,2026-04-22 12:05:00+00:00,-1,8.639999999999418,9.980000000000473,8.807859164838192
PREFADE-S,SPX500_2026,2026-04-22 13:10:00+00:00,-1,10.3100000000004,3.759999999999309,1.8620332796426737
PREFADE-S,SPX500_2026,2026-04-23 11:55:00+00:00,-1,9.61999999999989,22.980000000000473,17.74505982358278
PREFADE-S,SPX500_2026,2026-04-29 12:23:00+00:00,1,13.699999999999818,3.5200000000004366,-11.465092074273343
PREFADE-S,SPX500_2026,2026-04-30 12:16:00+00:00,-1,7.990000000000691,27.969999999999345,27.57125802671999
PREFADE-S,SPX500_2026,2026-05-01 12:14:00+00:00,-1,10.4399999999996,6.360000000000582,-9.850443620127407
PREFADE-S,SPX500_2026,2026-05-05 12:12:00+00:00,-1,21.550000000000182,4.5,-18.779999999999745
PREFADE-S,SPX500_2026,2026-05-08 12:36:00+00:00,-1,12.819999999999709,21.0,-7.300000000000182
PREFADE-S,SPX500_2026,2026-05-14 11:49:00+00:00,-1,5.25,9.989999999999782,9.58836562628403
PREFADE-S,SPX500_2026,2026-05-18 11:41:00+00:00,-1,32.1899999999996,15.819999999999709,11.362859955968815
PREFADE-S,SPX500_2026,2026-05-19 13:21:00+00:00,1,27.470000000000255,19.789999999999964,-4.960000000000036
PREFADE-S,SPX500_2026,2026-05-20 12:06:00+00:00,-1,12.5,23.210000000000036,22.273189752093458
PREFADE-S,SPX500_2026,2026-05-22 12:13:00+00:00,-1,18.699999999999818,7.3700000000008,-15.355967494523611
PREFADE-S,SPX500_2026,2026-05-27 12:23:00+00:00,-1,1.139999999999418,20.230000000000473,19.34352704974026
PREFADE-S,SPX500_2026,2026-06-01 13:12:00+00:00,1,16.699999999999818,8.800000000000182,2.686252386859451
PREFADE-S,SPX500_2026,2026-06-03 12:31:00+00:00,1,16.960000000000036,5.5600000000004,-11.259445413748836
PREFADE-S,SPX500_2026,2026-06-04 11:37:00+00:00,1,3.7600000000002183,13.2599999999984,12.577695988481537
PREFADE-S,SPX500_2026,2026-06-04 13:19:00+00:00,-1,15.550000000001091,12.219999999998436,-14.73896171819888
PREFADE-S,SPX500_2026,2026-06-05 12:38:00+00:00,1,0.7200000000002547,9.739999999999782,9.653821162054555
PREFADE-S,SPX500_2026,2026-06-05 13:05:00+00:00,1,21.710000000000036,4.309999999999491,-19.253481076534626
PREFADE-S,SPX500_2026,2026-06-12 11:43:00+00:00,-1,7.010000000000218,28.480000000000473,28.09010805654907
PREFADE-S,SPX500_2026,2026-06-16 11:38:00+00:00,-1,3.6400000000003274,9.36999999999989,8.691074291820769
PREFADE-S,SPX500_2026,2026-06-17 11:49:00+00:00,1,3.5,11.510000000000218,10.886891011322405
PREFADE-S,SPX500_2026,2026-06-18 13:26:00+00:00,-1,5.550000000000182,24.709999999999127,23.84970962625721
PREFADE-S,SPX500_2026,2026-06-22 13:01:00+00:00,-1,22.81999999999971,23.210000000000036,16.056958924788887
PREFADE-S,SPX500_2026,2026-06-24 11:50:00+00:00,-1,4.0,15.259999999999309,15.061282363679311
PREFADE-S,SPX500_2026,2026-06-25 12:31:00+00:00,-1,0.4899999999997817,25.350000000000364,19.467554601726988
PREFADE-S,SPX500_2026,2026-06-29 11:32:00+00:00,-1,2.5,21.700000000000728,21.67791263467916
PREFADE-S,SPX500_2026,2026-06-30 11:47:00+00:00,-1,0.7399999999997817,16.520000000000437,15.900348932513225
PREFADE-S,SPX500_2026,2026-07-02 12:31:00+00:00,-1,19.799999999999272,22.329999999999927,18.831761516404185
PREFADE-S,SPX500_2026,2026-07-10 12:14:00+00:00,-1,11.179999999999382,28.360000000000582,7.859990546672634
PREFADE-S,SPX500_2026,2026-07-14 12:31:00+00:00,-1,3.399999999999636,53.56999999999971,48.08540809533952
PREFADE-S,SPX500_2026,2026-07-15 12:22:00+00:00,1,0.23999999999978172,14.260000000000218,9.159746652134345
PREFADE-S,SPX500_2026,2026-07-15 12:43:00+00:00,-1,13.039999999999964,7.010000000000218,-11.639169375564961
PREFADE-S,SPX500_2026,2026-07-16 11:31:00+00:00,1,22.960000000000036,5.800000000000182,-19.838828515886235
PREFADE-S,SPX500_2026,2026-07-20 13:28:00+00:00,-1,16.789999999999964,22.970000000000255,22.075645860435543
PREFADE-S,SPX500_2026,2026-07-22 11:43:00+00:00,1,12.079999999999927,16.800000000000182,13.327042948904818
PREFADE-S,SPX500_2026,2026-07-23 11:36:00+00:00,1,33.25,9.739999999999782,-32.06154462851919
PREFADE-S,SPX500_2026,2026-07-24 12:00:00+00:00,-1,2.5100000000002183,13.760000000000218,13.175627459097996
PREFADE-S,SPX500_2026,2026-07-28 11:59:00+00:00,-1,12.63000000000011,12.949999999999818,12.137024171772282
PREFADE-S,SPX500_2026,2026-07-30 12:59:00+00:00,-1,28.55999999999949,1.2600000000002183,-28.260752718087133
PREFADE-S,SPX500_2026,2026-07-31 12:43:00+00:00,1,0.2600000000002183,18.75999999999931,17.810659722619675
PREFADE-S,SPX500_2026,2026-08-03 11:31:00+00:00,-1,1.7400000000006912,10.759999999999309,10.473650829859253
PREFADE-S,SPX500_2026,2026-08-03 12:45:00+00:00,-1,0.5,11.519999999999527,9.705547539121653
PREFADE-S,SPX500_2026,2026-08-03 13:30:00+00:00,1,2.5900000000001455,9.800000000000182,9.79484713615966
PREFADE-S,SPX500_2026,2026-08-04 11:44:00+00:00,-1,13.280000000000655,3.509999999999309,-12.623776805631678
PREFADE-S,SPX500_2026,2026-08-05 12:04:00+00:00,-1,17.80999999999949,5.739999999999782,-16.577202076326103
PREFADE-S,SPX500_2026,2026-08-06 13:01:00+00:00,1,11.449999999999818,5.3100000000004,-9.667801193269042
PREFADE-S,SPX500_2026,2026-08-11 12:20:00+00:00,-1,0.9799999999995634,11.720000000000255,11.380591232042207
PREFADE-S,SPX500_2026,2026-08-12 11:58:00+00:00,-1,16.529999999999745,10.260000000000218,-16.08066103688543
PREFADE-S,SPX500_2026,2026-08-12 12:33:00+00:00,-1,16.659999999999854,11.590000000000146,10.08882762794201
PREFADE-S,SPX500_2026,2026-08-13 11:34:00+00:00,-1,14.289999999999964,6.760000000000218,-13.588184851177175
PREFADE-S,SPX500_2026,2026-08-14 11:36:00+00:00,-1,2.009999999999309,6.990000000000691,3.4077786787293007
PREFADE-S,SPX500_2026,2026-08-14 12:31:00+00:00,-1,1.3999999999987267,8.5600000000004,4.506238957881578
PREFADE-S,SPX500_2026,2026-08-17 12:27:00+00:00,1,11.720000000000255,2.7399999999997817,-9.332116299677182
PREFADE-S,SPX500_2026,2026-08-19 12:34:00+00:00,-1,15.36999999999989,2.2600000000002183,-13.807012204039893
PREFADE-S,SPX500_2026,2026-08-20 11:42:00+00:00,1,21.23999999999978,2.2700000000004366,-20.603085669344182
PREFADE-S,SPX500_2026,2026-08-21 12:06:00+00:00,-1,9.150000000000546,15.80999999999949,15.488410581984681
PREFADE-S,SPX500_2026,2026-08-26 12:29:00+00:00,-1,2.259999999999309,11.010000000000218,9.789413650821189
PREFADE-S,SPX500_2026,2026-08-28 12:14:00+00:00,-1,11.319999999999709,3.25,-9.870146625864436
PREFADE-S,SPX500_2026,2026-09-02 12:06:00+00:00,-1,17.449999999999818,11.11999999999989,-17.27635448709316
PREFADE-S,SPX500_2026,2026-09-03 12:31:00+00:00,-1,20.8100000000004,2.880000000000109,-15.519772372063926
PREFADE-S,SPX500_2026,2026-09-04 12:08:00+00:00,1,5.0,7.630000000000109,4.076659757318339
PREFADE-S,SPX500_2026,2026-09-04 12:31:00+00:00,1,7.369999999999891,11.0600000000004,10.724995326492717
PREFADE-S,SPX500_2026,2026-09-10 11:48:00+00:00,1,14.0,0.2600000000002183,-13.966124977679101
PREFADE-S,SPX500_2026,2026-09-11 12:30:00+00:00,-1,1.8400000000001455,31.270000000000437,31.18908671177269
PREFADE-S,SPX500_2026,2026-09-11 12:51:00+00:00,-1,22.610000000000582,7.4399999999996,-16.5600000000004
PREFADE-S,SPX500_TRAIN,2005-01-05 12:34:00+00:00,1,1.0,0.2999999999999545,-0.9588638792201891
PREFADE-S,SPX500_TRAIN,2005-01-07 13:00:00+00:00,-1,0.5,1.300000000000182,1.283498349881711
PREFADE-S,SPX500_TRAIN,2005-01-07 13:30:00+00:00,-1,0.3000000000001819,6.199999999999818,3.15072463772799
PREFADE-S,SPX500_TRAIN,2005-01-10 12:42:00+00:00,1,1.2999999999999545,1.0,0.574256144760966
PREFADE-S,SPX500_TRAIN,2005-01-12 12:37:00+00:00,-1,0.2999999999999545,1.7000000000000455,1.1768794345093738
PREFADE-S,SPX500_TRAIN,2005-01-12 13:54:00+00:00,1,1.2000000000000455,0.7999999999999545,0.6097146318177238
PREFADE-S,SPX500_TRAIN,2005-01-14 13:31:00+00:00,-1,0.7000000000000455,1.7999999999999545,1.528085389572425
PREFADE-S,SPX500_TRAIN,2005-01-19 12:53:00+00:00,1,0.6999999999998181,1.800000000000182,0.9724455598536679
PREFADE-S,SPX500_TRAIN,2005-01-24 14:09:00+00:00,-1,1.800000000000182,1.0,0.33740086938360037
PREFADE-S,SPX500_TRAIN,2005-01-26 12:50:00+00:00,-1,0.5,1.0,0.989772257708637
PREFADE-S,SPX500_TRAIN,2005-01-27 12:33:00+00:00,-1,0.5,1.5,1.2999999999999545
PREFADE-S,SPX500_TRAIN,2005-01-28 13:31:00+00:00,1,0.5,0.5,0.2788815320855065
PREFADE-S,SPX500_TRAIN,2005-01-28 13:34:00+00:00,1,0.5,1.0,0.9161001801064685
PREFADE-S,SPX500_TRAIN,2005-02-01 12:38:00+00:00,-1,1.5,0.20000000000004547,-1.3392010504849168
PREFADE-S,SPX500_TRAIN,2005-02-01 14:02:00+00:00,-1,0.0,1.5,1.391742196093901
PREFADE-S,SPX500_TRAIN,2005-02-02 12:34:00+00:00,-1,0.5,1.5,0.7904929597614228
PREFADE-S,SPX500_TRAIN,2005-02-03 13:21:00+00:00,-1,1.0,0.7000000000000455,0.49047619242946894
PREFADE-S,SPX500_TRAIN,2005-02-03 13:58:00+00:00,1,1.5,0.20000000000004547,-1.3252909039874794
PREFADE-S,SPX500_TRAIN,2005-02-04 13:31:00+00:00,1,0.5,1.5,1.4942601383957026
PREFADE-S,SPX500_TRAIN,2005-02-04 14:22:00+00:00,1,0.20000000000004547,1.5,1.4443973145139353
PREFADE-S,SPX500_TRAIN,2005-02-09 13:04:00+00:00,-1,1.5,0.2999999999999545,0.2999999999999545
PREFADE-S,SPX500_TRAIN,2005-02-10 13:31:00+00:00,-1,1.5,0.5,0.09295817886322766
PREFADE-S,SPX500_TRAIN,2005-02-11 13:16:00+00:00,1,0.0,1.2999999999999545,1.2999999999999545
PREFADE-S,SPX500_TRAIN,2005-02-11 14:28:00+00:00,1,0.20000000000004547,1.2999999999999545,1.0
PREFADE-S,SPX500_TRAIN,2005-02-14 13:30:00+00:00,1,1.2000000000000455,0.5,0.20218578850631275
PREFADE-S,SPX500_TRAIN,2005-02-15 12:59:00+00:00,-1,0.20000000000004547,1.0,0.972686436137792
PREFADE-S,SPX500_TRAIN,2005-02-16 13:30:00+00:00,1,3.5,1.0,-2.9440166636759386
PREFADE-S,SPX500_TRAIN,2005-02-17 12:57:00+00:00,-1,0.5,0.5,0.38711554168753537
PREFADE-S,SPX500_TRAIN,2005-02-18 13:32:00+00:00,1,2.0,0.2999999999999545,-1.9468628914437431
PREFADE-S,SPX500_TRAIN,2005-02-23 13:31:00+00:00,-1,0.5,2.5,2.0733527126294575
PREFADE-S,SPX500_TRAIN,2005-02-28 13:32:00+00:00,1,2.2999999999999545,0.0,-2.198530923596536
PREFADE-S,SPX500_TRAIN,2005-03-02 13:50:00+00:00,1,1.5,0.2999999999999545,-1.2251028552891512
PREFADE-S,SPX500_TRAIN,2005-03-04 12:34:00+00:00,-1,3.2000000000000455,0.7999999999999545,-1.5793295614339513
PREFADE-S,SPX500_TRAIN,2005-03-04 13:35:00+00:00,-1,2.5,1.5,1.0333729462545307
PREFADE-S,SPX500_TRAIN,2005-03-08 13:20:00+00:00,-1,0.5,0.7000000000000455,0.7000000000000455
PREFADE-S,SPX500_TRAIN,2005-03-09 12:52:00+00:00,1,3.300000000000182,1.5,-3.299097368193543
PREFADE-S,SPX500_TRAIN,2005-03-09 13:10:00+00:00,1,1.0,3.5,3.4443937423332045
PREFADE-S,SPX500_TRAIN,2005-03-10 12:47:00+00:00,1,0.0,2.2000000000000455,1.7959582161026901
PREFADE-S,SPX500_TRAIN,2005-03-10 14:14:00+00:00,-1,2.5,1.0,0.9475203572601458
PREFADE-S,SPX500_TRAIN,2005-03-11 13:04:00+00:00,-1,0.2999999999999545,1.5,1.5
PREFADE-S,SPX500_TRAIN,2005-03-11 13:53:00+00:00,1,1.2999999999999545,1.0,0.9722347593199174
PREFADE-S,SPX500_TRAIN,2005-03-14 13:25:00+00:00,-1,1.0,1.0,0.7720685013198363
PREFADE-S,SPX500_TRAIN,2005-03-15 13:06:00+00:00,-1,2.199999999999818,0.3000000000001819,-2.1185666709388897
PREFADE-S,SPX500_TRAIN,2005-03-16 12:50:00+00:00,1,4.2999999999999545,0.20000000000004547,-3.5
PREFADE-S,SPX500_TRAIN,2005-03-22 13:27:00+00:00,-1,1.5,1.0,-1.4816898619014864
PREFADE-S,SPX500_TRAIN,2005-03-23 13:31:00+00:00,1,1.5,3.0,2.9925892884177756
PREFADE-S,SPX500_TRAIN,2005-03-28 14:13:00+00:00,-1,0.2999999999999545,1.2000000000000455,1.0
PREFADE-S,SPX500_TRAIN,2005-03-31 12:37:00+00:00,-1,1.2000000000000455,0.5,-1.1471061849322268
PREFADE-S,SPX500_TRAIN,2005-03-31 13:31:00+00:00,-1,2.0,0.0,-1.8904517400621899
PREFADE-S,SPX500_TRAIN,2005-04-01 13:32:00+00:00,-1,3.7000000000000455,2.0,-0.19781702375303212
PREFADE-S,SPX500_TRAIN,2005-04-04 11:35:00+00:00,1,0.7999999999999545,2.0,1.7119918704395332
PREFADE-S,SPX500_TRAIN,2005-04-05 11:42:00+00:00,-1,0.5,1.0,0.837728307753423
PREFADE-S,SPX500_TRAIN,2005-04-07 13:09:00+00:00,1,1.0,1.5,1.3484848500368116
PREFADE-S,SPX500_TRAIN,2005-04-08 12:09:00+00:00,1,0.0,1.0,1.0
PREFADE-S,SPX500_TRAIN,2005-04-12 12:31:00+00:00,1,1.2000000000000455,0.2999999999999545,-1.089340289470556
PREFADE-S,SPX500_TRAIN,2005-04-12 12:42:00+00:00,1,2.2000000000000455,1.0,-1.6735716921218682
PREFADE-S,SPX500_TRAIN,2005-04-13 12:57:00+00:00,1,1.2000000000000455,0.7999999999999545,0.47945471898719916
PREFADE-S,SPX500_TRAIN,2005-04-15 11:32:00+00:00,1,0.5,1.5,1.5
PREFADE-S,SPX500_TRAIN,2005-04-15 12:25:00+00:00,-1,0.5,2.0,1.42604350070269
PREFADE-S,SPX500_TRAIN,2005-04-15 12:39:00+00:00,-1,1.7000000000000455,1.5,0.9250622536101218
PREFADE-S,SPX500_TRAIN,2005-04-18 11:43:00+00:00,-1,2.7999999999999545,2.0,1.875941475793752
PREFADE-S,SPX500_TRAIN,2005-04-19 11:46:00+00:00,-1,0.5,1.7999999999999545,1.7999999999999545
PREFADE-S,SPX500_TRAIN,2005-04-19 12:31:00+00:00,-1,2.2999999999999545,0.7000000000000455,-0.003504229962345562
PREFADE-S,SPX500_TRAIN,2005-04-20 12:31:00+00:00,1,1.5,3.7999999999999545,3.177061614379909
PREFADE-S,SPX500_TRAIN,2005-04-25 12:22:00+00:00,-1,2.0,0.2999999999999545,-1.8265622787541815
PREFADE-S,SPX500_TRAIN,2005-04-25 13:15:00+00:00,-1,1.0,1.5,1.484495582025147
PREFADE-S,SPX500_TRAIN,2005-04-27 12:31:00+00:00,1,3.7999999999999545,0.7000000000000455,-3.61572117740252
PREFADE-S,SPX500_TRAIN,2005-04-28 12:31:00+00:00,1,1.0,1.800000000000182,1.5746446576374638
PREFADE-S,SPX500_TRAIN,2005-05-04 12:28:00+00:00,-1,0.5,2.5,2.300000000000182
PREFADE-S,SPX500_TRAIN,2005-05-05 12:42:00+00:00,-1,0.7999999999999545,1.2000000000000455,0.9754098352623259
PREFADE-S,SPX500_TRAIN,2005-05-06 11:32:00+00:00,-1,4.900000000000091,0.5,-1.763204369155801
PREFADE-S,SPX500_TRAIN,2005-05-10 12:06:00+00:00,1,2.7999999999999545,0.0,-2.6041805982526967
PREFADE-S,SPX500_TRAIN,2005-05-12 11:36:00+00:00,1,0.5,2.5,1.215431168400528
PREFADE-S,SPX500_TRAIN,2005-05-12 12:45:00+00:00,-1,0.5,1.0,0.7285364124954867
PREFADE-S,SPX500_TRAIN,2005-05-13 11:37:00+00:00,-1,1.0,0.7000000000000455,0.616842729147038
PREFADE-S,SPX500_TRAIN,2005-05-16 12:19:00+00:00,-1,0.0,3.0,1.6494871733279979
PREFADE-S,SPX500_TRAIN,2005-05-18 12:24:00+00:00,-1,3.5,0.5,-1.7113334914702136
PREFADE-S,SPX500_TRAIN,2005-05-19 12:45:00+00:00,-1,1.5,0.2999999999999545,-1.5
PREFADE-S,SPX500_TRAIN,2005-05-20 13:26:00+00:00,-1,0.6999999999998181,2.0,1.3951898752889065
PREFADE-S,SPX500_TRAIN,2005-05-25 12:40:00+00:00,-1,0.0,1.5,1.5
PREFADE-S,SPX500_TRAIN,2005-05-27 11:49:00+00:00,-1,0.7000000000000455,0.7999999999999545,0.5881495516562154
PREFADE-S,SPX500_TRAIN,2005-06-01 12:55:00+00:00,1,0.7999999999999545,0.5,0.4941147420809102
PREFADE-S,SPX500_TRAIN,2005-06-02 12:31:00+00:00,1,1.5,1.0,0.6833164519453021
PREFADE-S,SPX500_TRAIN,2005-06-03 12:31:00+00:00,1,0.7000000000000455,2.5,0.6611832519629388
PREFADE-S,SPX500_TRAIN,2005-06-03 13:30:00+00:00,1,0.7000000000000455,1.5,1.5
PREFADE-S,SPX500_TRAIN,2005-06-06 12:12:00+00:00,1,0.5,0.7000000000000455,0.5846422521647128
PREFADE-S,SPX500_TRAIN,2005-06-13 11:37:00+00:00,1,2.0,0.0,-1.8949348241685584
PREFADE-S,SPX500_TRAIN,2005-06-14 12:12:00+00:00,-1,0.0,1.2999999999999545,1.0585761098027433
PREFADE-S,SPX500_TRAIN,2005-06-14 12:31:00+00:00,-1,0.20000000000004547,1.2999999999999545,1.08494627398818
PREFADE-S,SPX500_TRAIN,2005-06-14 13:28:00+00:00,1,1.5,1.2999999999999545,0.6319444199402824
PREFADE-S,SPX500_TRAIN,2005-06-15 12:31:00+00:00,-1,1.7000000000000455,0.7999999999999545,0.7999999999999545
PREFADE-S,SPX500_TRAIN,2005-06-16 11:36:00+00:00,-1,0.5,0.7000000000000455,0.42804872175543096
PREFADE-S,SPX500_TRAIN,2005-06-17 13:06:00+00:00,-1,4.0,0.2999999999999545,-3.954703903633117
PREFADE-S,SPX500_TRAIN,2005-06-23 11:54:00+00:00,1,1.2999999999999545,0.0,-1.024025765107126
PREFADE-S,SPX500_TRAIN,2005-06-23 12:43:00+00:00,1,1.0,1.2999999999999545,0.9015441389842636
PREFADE-S,SPX500_TRAIN,2005-06-24 12:07:00+00:00,-1,0.5,1.199999999999818,1.0
PREFADE-S,SPX500_TRAIN,2005-06-24 13:04:00+00:00,1,1.5,0.5,-1.369516027294594
PREFADE-S,SPX500_TRAIN,2005-06-28 11:37:00+00:00,1,0.0,3.2999999999999545,2.2674300161027077
PREFADE-S,SPX500_TRAIN,2005-06-29 12:33:00+00:00,-1,1.2000000000000455,0.7999999999999545,0.6212239722410686
PREFADE-S,SPX500_TRAIN,2005-06-30 11:31:00+00:00,-1,2.0,0.1999999999998181,-1.8275693047171444
PREFADE-S,SPX500_TRAIN,2005-07-05 12:08:00+00:00,1,0.3999999999998636,1.2999999999999545,1.1504064815801485
PREFADE-S,SPX500_TRAIN,2005-07-06 13:30:00+00:00,1,0.5,1.300000000000182,1.029187183720751
PREFADE-S,SPX500_TRAIN,2005-07-08 12:26:00+00:00,-1,0.7999999999999545,2.5,2.3487294347296483
PREFADE-S,SPX500_TRAIN,2005-07-13 11:56:00+00:00,-1,0.0,1.5,1.2663157914812473
PREFADE-S,SPX500_TRAIN,2005-07-14 12:31:00+00:00,-1,4.2999999999999545,0.7000000000000455,-3.64419715487702
PREFADE-S,SPX500_TRAIN,2005-07-15 12:30:00+00:00,-1,0.7999999999999545,1.5,1.3498540424841394
PREFADE-S,SPX500_TRAIN,2005-07-18 13:12:00+00:00,1,0.20000000000004547,1.2999999999999545,1.261036349768574
PREFADE-S,SPX500_TRAIN,2005-07-19 11:52:00+00:00,-1,1.300000000000182,0.0,-1.1257245694689573
PREFADE-S,SPX500_TRAIN,2005-07-20 12:02:00+00:00,1,0.5,1.0,0.9622950986063188
PREFADE-S,SPX500_TRAIN,2005-07-22 12:53:00+00:00,-1,2.5,0.7999999999999545,-2.068100756270951
PREFADE-S,SPX500_TRAIN,2005-07-27 11:57:00+00:00,-1,1.2999999999999545,0.20000000000004547,0.15307897707543816
PREFADE-S,SPX500_TRAIN,2005-07-28 12:04:00+00:00,-1,1.7000000000000455,0.2999999999999545,-1.5705200604588754
PREFADE-S,SPX500_TRAIN,2005-07-29 12:31:00+00:00,-1,0.20000000000004547,0.5,-0.0
PREFADE-S,SPX500_TRAIN,2005-07-29 12:36:00+00:00,1,1.2000000000000455,0.2999999999999545,-1.2000000000000455
PREFADE-S,SPX500_TRAIN,2005-08-02 12:48:00+00:00,-1,0.5,1.0,0.6483545566820794
PREFADE-S,SPX500_TRAIN,2005-08-03 12:56:00+00:00,1,0.5,0.7999999999999545,0.7828328240741484
PREFADE-S,SPX500_TRAIN,2005-08-05 12:32:00+00:00,1,2.0,1.0,-1.9149677819666522
PREFADE-S,SPX500_TRAIN,2005-08-05 12:46:00+00:00,1,4.0,0.0,-3.2090175767195888
PREFADE-S,SPX500_TRAIN,2005-08-09 12:33:00+00:00,-1,2.7999999999999545,0.5,-2.5
PREFADE-S,SPX500_TRAIN,2005-08-11 12:25:00+00:00,1,1.2999999999999545,1.2000000000000455,0.8303525642706973
PREFADE-S,SPX500_TRAIN,2005-08-12 12:44:00+00:00,1,1.0,1.0,0.9901678804585572
PREFADE-S,SPX500_TRAIN,2005-08-16 11:42:00+00:00,1,1.0,1.0,0.850477783434826
PREFADE-S,SPX500_TRAIN,2005-08-16 12:47:00+00:00,1,3.0,0.0,-2.330430137543999
PREFADE-S,SPX500_TRAIN,2005-08-17 12:31:00+00:00,1,2.0,0.0,-1.9198514660406545
PREFADE-S,SPX500_TRAIN,2005-08-24 12:31:00+00:00,1,0.7999999999999545,2.0,1.5628550111446202
PREFADE-S,SPX500_TRAIN,2005-08-25 12:46:00+00:00,-1,0.20000000000004547,1.5,1.3777777842071828
PREFADE-S,SPX500_TRAIN,2005-08-26 12:26:00+00:00,1,2.7000000000000455,0.5,-1.5378085100978751
PREFADE-S,SPX500_TRAIN,2005-08-29 12:19:00+00:00,-1,5.7000000000000455,0.2999999999999545,-4.536704106613797
PREFADE-S,SPX500_TRAIN,2005-09-01 12:13:00+00:00,-1,0.7000000000000455,1.2999999999999545,1.2091370794373688
PREFADE-S,SPX500_TRAIN,2005-09-02 12:46:00+00:00,-1,1.199999999999818,1.800000000000182,1.2055555566728344
PREFADE-S,SPX500_TRAIN,2005-09-07 12:31:00+00:00,1,0.5,1.0,0.8074573016874638
PREFADE-S,SPX500_TRAIN,2005-09-08 11:31:00+00:00,1,0.5,1.0,0.9041152257243539
PREFADE-S,SPX500_TRAIN,2005-09-13 11:32:00+00:00,1,0.0,1.800000000000182,1.6556130997257696
PREFADE-S,SPX500_TRAIN,2005-09-15 12:31:00+00:00,1,0.0,0.7999999999999545,0.5
PREFADE-S,SPX500_TRAIN,2005-09-15 12:35:00+00:00,-1,1.0,1.2000000000000455,1.0
PREFADE-S,SPX500_TRAIN,2005-09-16 11:41:00+00:00,-1,2.0,1.7000000000000455,0.27242874567400577
PREFADE-S,SPX500_TRAIN,2005-09-19 12:04:00+00:00,-1,1.5,0.7000000000000455,-1.5
PREFADE-S,SPX500_TRAIN,2005-09-21 12:13:00+00:00,1,3.0,0.7000000000000455,-2.7336149590978494
PREFADE-S,SPX500_TRAIN,2005-09-22 11:32:00+00:00,1,0.2999999999999545,1.7000000000000455,1.5729603889660666
PREFADE-S,SPX500_TRAIN,2005-09-29 12:11:00+00:00,1,2.7000000000000455,1.2999999999999545,-2.142776608252234
PREFADE-S,SPX500_TRAIN,2005-10-03 11:37:00+00:00,-1,0.2999999999999545,1.0,0.7328205043434082
PREFADE-S,SPX500_TRAIN,2005-10-05 12:05:00+00:00,-1,0.5,1.0,0.7505824741140259
PREFADE-S,SPX500_TRAIN,2005-10-06 12:13:00+00:00,-1,2.0,0.0,-1.8223857462169235
PREFADE-S,SPX500_TRAIN,2005-10-07 12:31:00+00:00,-1,0.0,1.5,-0.0
PREFADE-S,SPX500_TRAIN,2005-10-07 13:03:00+00:00,-1,3.5,0.7000000000000455,-3.0366449361756622
PREFADE-S,SPX500_TRAIN,2005-10-12 12:27:00+00:00,1,0.0,1.2000000000000455,1.059496685106751
PREFADE-S,SPX500_TRAIN,2005-10-12 13:05:00+00:00,-1,2.7000000000000455,0.2999999999999545,-1.586032355184443
PREFADE-S,SPX500_TRAIN,2005-10-13 11:57:00+00:00,1,3.5,0.7000000000000455,-3.3642881882394704
PREFADE-S,SPX500_TRAIN,2005-10-14 12:11:00+00:00,-1,1.0,1.0,0.8641111195088342
PREFADE-S,SPX500_TRAIN,2005-10-14 12:31:00+00:00,-1,3.2000000000000455,1.2999999999999545,-2.286029482241247
PREFADE-S,SPX500_TRAIN,2005-10-18 12:31:00+00:00,1,2.5,1.7000000000000455,-2.3389848548724785
PREFADE-S,SPX500_TRAIN,2005-10-24 11:39:00+00:00,-1,3.5,1.5,-2.892806890825341
PREFADE-S,SPX500_TRAIN,2005-10-26 12:03:00+00:00,1,3.2000000000000455,0.2999999999999545,-2.3751445519862955
PREFADE-S,SPX500_TRAIN,2005-10-28 11:46:00+00:00,-1,3.2000000000000455,0.0,-3.193959305471253
PREFADE-S,SPX500_TRAIN,2005-11-02 13:01:00+00:00,1,2.2999999999999545,0.7000000000000455,0.5767384282730745
PREFADE-S,SPX500_TRAIN,2005-11-03 12:34:00+00:00,-1,0.20000000000004547,1.2999999999999545,1.2999999999999545
PREFADE-S,SPX500_TRAIN,2005-11-03 13:31:00+00:00,-1,1.7999999999999545,0.20000000000004547,-1.794823254314224
PREFADE-S,SPX500_TRAIN,2005-11-03 13:49:00+00:00,-1,4.5,0.0,-4.392677402708841
PREFADE-S,SPX500_TRAIN,2005-11-04 13:22:00+00:00,1,0.1999999999998181,1.0,0.9475777566046872
PREFADE-S,SPX500_TRAIN,2005-11-04 13:31:00+00:00,1,0.5,0.6999999999998181,0.5831874124221486
PREFADE-S,SPX500_TRAIN,2005-11-04 13:38:00+00:00,-1,0.3999999999998636,0.8000000000001819,0.7998150547732621
PREFADE-S,SPX500_TRAIN,2005-11-04 13:47:00+00:00,-1,1.5,0.6999999999998181,-1.342189006524677
PREFADE-S,SPX500_TRAIN,2005-11-07 12:56:00+00:00,-1,2.0,0.7999999999999545,0.41424164735940394
PREFADE-S,SPX500_TRAIN,2005-11-08 14:02:00+00:00,1,1.2999999999999545,1.0,0.6797959574610104
PREFADE-S,SPX500_TRAIN,2005-11-09 12:35:00+00:00,1,1.2000000000000455,0.6999999999998181,0.3142857142856883
PREFADE-S,SPX500_TRAIN,2005-11-10 13:31:00+00:00,1,0.0,0.5,0.3967821515432206
PREFADE-S,SPX500_TRAIN,2005-11-10 13:36:00+00:00,1,0.2999999999999545,1.2000000000000455,0.8527026799347368
PREFADE-S,SPX500_TRAIN,2005-11-10 14:03:00+00:00,-1,0.0,1.5,1.4410705005420823
PREFADE-S,SPX500_TRAIN,2005-11-15 13:33:00+00:00,-1,0.20000000000004547,1.5,1.448347122544419
PREFADE-S,SPX500_TRAIN,2005-11-16 14:01:00+00:00,-1,1.2000000000000455,1.5,1.0125062946110575
PREFADE-S,SPX500_TRAIN,2005-11-18 14:26:00+00:00,-1,2.699999999999818,1.0,0.6540160631307117
PREFADE-S,SPX500_TRAIN,2005-11-21 13:25:00+00:00,-1,0.2999999999999545,1.2000000000000455,1.2000000000000455
PREFADE-S,SPX500_TRAIN,2005-11-22 13:38:00+00:00,1,1.0,1.0,0.5362058195200916
PREFADE-S,SPX500_TRAIN,2005-11-23 12:46:00+00:00,-1,0.6999999999998181,0.3000000000001819,0.3000000000001819
PREFADE-S,SPX500_TRAIN,2005-11-23 13:24:00+00:00,-1,0.0,1.0,0.7401268098665241
PREFADE-S,SPX500_TRAIN,2005-11-23 14:27:00+00:00,1,0.2999999999999545,1.0,0.7609806996556472
PREFADE-S,SPX500_TRAIN,2005-11-25 12:54:00+00:00,-1,1.2999999999999545,0.20000000000004547,-1.2999999999999545
PREFADE-S,SPX500_TRAIN,2005-11-29 12:55:00+00:00,-1,4.0,0.0,-2.530645781219164
PREFADE-S,SPX500_TRAIN,2005-12-02 13:28:00+00:00,-1,1.0,1.0,0.6712776372344251
PREFADE-S,SPX500_TRAIN,2005-12-05 14:02:00+00:00,1,1.7999999999999545,0.5,-1.662258796882952
PREFADE-S,SPX500_TRAIN,2005-12-06 13:31:00+00:00,-1,2.2999999999999545,0.20000000000004547,-2.1951760906649724
PREFADE-S,SPX500_TRAIN,2005-12-07 12:59:00+00:00,1,0.7999999999999545,1.0,0.7284196388832243
PREFADE-S,SPX500_TRAIN,2005-12-08 13:51:00+00:00,-1,1.7000000000000455,1.5,1.3596646745293128
PREFADE-S,SPX500_TRAIN,2005-12-09 13:33:00+00:00,-1,0.7999999999999545,1.7000000000000455,1.231791886199062
PREFADE-S,SPX500_TRAIN,2005-12-13 12:39:00+00:00,-1,0.2999999999999545,1.0,1.0
PREFADE-S,SPX500_TRAIN,2005-12-13 13:58:00+00:00,1,1.5,0.20000000000004547,0.15725728685083595
PREFADE-S,SPX500_TRAIN,2005-12-15 13:31:00+00:00,-1,0.0,2.0,1.8975155717839698
PREFADE-S,SPX500_TRAIN,2005-12-20 13:31:00+00:00,-1,0.20000000000004547,2.199999999999818,1.727654644921131
PREFADE-S,SPX500_TRAIN,2005-12-22 13:46:00+00:00,-1,1.7000000000000455,0.0,-1.464914927640848
PREFADE-S,SPX500_TRAIN,2005-12-23 13:31:00+00:00,-1,0.0,0.5,0.2999999999999545
PREFADE-S,SPX500_TRAIN,2005-12-23 13:53:00+00:00,1,0.0,0.5,0.2950355245711762
PREFADE-S,SPX500_TRAIN,2005-12-23 14:05:00+00:00,-1,0.7999999999999545,0.20000000000004547,-0.6311171496079169
PREFADE-S,SPX500_TRAIN,2005-12-29 13:11:00+00:00,1,0.7999999999999545,0.7000000000000455,0.580109026906257
PREFADE-S,SPX500_TRAIN,2006-01-04 13:43:00+00:00,-1,0.2999999999999545,1.5,1.4389499594440167
PREFADE-S,SPX500_TRAIN,2006-01-06 13:13:00+00:00,-1,0.7999999999999545,2.7000000000000455,1.9556131157025902
PREFADE-S,SPX500_TRAIN,2006-01-06 13:32:00+00:00,-1,1.2999999999999545,2.5,1.7478933593038164
PREFADE-S,SPX500_TRAIN,2006-01-10 14:13:00+00:00,1,0.20000000000004547,1.5,1.3711111321169938
PREFADE-S,SPX500_TRAIN,2006-01-12 12:31:00+00:00,1,0.5,1.0,0.8078679910165647
PREFADE-S,SPX500_TRAIN,2006-01-12 13:33:00+00:00,1,0.5,0.5,0.4725721554491429
PREFADE-S,SPX500_TRAIN,2006-01-12 14:30:00+00:00,1,0.0,1.2000000000000455,1.0453785470101593
PREFADE-S,SPX500_TRAIN,2006-01-13 12:51:00+00:00,1,0.7000000000000455,1.2999999999999545,1.0019769425055074
PREFADE-S,SPX500_TRAIN,2006-01-19 13:21:00+00:00,-1,0.5,1.7000000000000455,1.1911321483576103
PREFADE-S,SPX500_TRAIN,2006-01-27 13:07:00+00:00,-1,0.1999999999998181,3.5,1.536367024732499
PREFADE-S,SPX500_TRAIN,2006-01-27 13:37:00+00:00,1,1.199999999999818,2.0,1.9946278405420799
PREFADE-S,SPX500_TRAIN,2006-01-30 13:15:00+00:00,-1,0.20000000000004547,1.2999999999999545,1.1350427039158149
PREFADE-S,SPX500_TRAIN,2006-01-31 12:45:00+00:00,1,2.0,0.1999999999998181,-1.8342410822053807
PREFADE-S,SPX500_TRAIN,2006-02-01 12:41:00+00:00,-1,2.0,1.0,-0.013464135310641723
PREFADE-S,SPX500_TRAIN,2006-02-03 13:32:00+00:00,-1,0.0,2.3999999999998636,1.3293222712281931
PREFADE-S,SPX500_TRAIN,2006-02-03 13:38:00+00:00,1,4.0,2.7999999999999545,-3.0620928807802557
PREFADE-S,SPX500_TRAIN,2006-02-15 13:49:00+00:00,-1,0.20000000000004547,2.2999999999999545,1.6058434812034648
PREFADE-S,SPX500_TRAIN,2006-02-16 14:14:00+00:00,-1,1.5,0.5,0.2328469088147358
PREFADE-S,SPX500_TRAIN,2006-02-17 14:26:00+00:00,-1,0.0,1.5,1.4997569898789607
PREFADE-S,SPX500_TRAIN,2006-02-22 12:34:00+00:00,-1,0.5,1.2999999999999545,1.2999999999999545
PREFADE-S,SPX500_TRAIN,2006-02-22 13:32:00+00:00,-1,1.2999999999999545,0.5,0.49267350432182866
PREFADE-S,SPX500_TRAIN,2006-02-24 13:12:00+00:00,1,2.0,0.20000000000004547,-1.5879540437720152
PREFADE-S,SPX500_TRAIN,2006-02-24 13:30:00+00:00,1,1.2000000000000455,2.0,1.6144635870537059
PREFADE-S,SPX500_TRAIN,2006-02-27 12:45:00+00:00,1,0.20000000000004547,1.5,1.4478571426300277
PREFADE-S,SPX500_TRAIN,2006-02-28 13:35:00+00:00,1,1.5,0.20000000000004547,-1.2859949025869355
PREFADE-S,SPX500_TRAIN,2006-03-02 14:17:00+00:00,1,2.699999999999818,1.5,0.5256592181526685
PREFADE-S,SPX500_TRAIN,2006-03-03 13:11:00+00:00,1,1.7999999999999545,1.0,-1.7370111865745912
PREFADE-S,SPX500_TRAIN,2006-03-03 13:57:00+00:00,1,5.7999999999999545,0.5,-3.707412509389087
PREFADE-S,SPX500_TRAIN,2006-03-07 13:33:00+00:00,1,1.2999999999999545,1.7000000000000455,1.6890346454924838
PREFADE-S,SPX500_TRAIN,2006-03-10 13:31:00+00:00,-1,0.2999999999999545,1.5,0.8967949210068582
PREFADE-S,SPX500_TRAIN,2006-03-10 13:35:00+00:00,-1,1.5,2.2000000000000455,1.8805555930844093
PREFADE-S,SPX500_TRAIN,2006-03-10 14:02:00+00:00,-1,0.7999999999999545,2.5,2.4467524812503143
PREFADE-S,SPX500_TRAIN,2006-03-14 12:51:00+00:00,1,0.0,1.0,0.9914942938705735
PREFADE-S,SPX500_TRAIN,2006-03-15 13:00:00+00:00,1,0.0,1.0,1.0
PREFADE-S,SPX500_TRAIN,2006-03-15 13:25:00+00:00,-1,0.2999999999999545,0.7000000000000455,0.6370369990665949
PREFADE-S,SPX500_TRAIN,2006-03-15 13:58:00+00:00,1,0.0,0.7000000000000455,0.7000000000000455
PREFADE-S,SPX500_TRAIN,2006-03-16 13:11:00+00:00,-1,0.20000000000004547,0.7999999999999545,0.6479675021598723
PREFADE-S,SPX500_TRAIN,2006-03-16 13:31:00+00:00,-1,1.5,0.5,-1.5
PREFADE-S,SPX500_TRAIN,2006-03-17 13:28:00+00:00,1,0.5,1.7000000000000455,1.7000000000000455
PREFADE-S,SPX500_TRAIN,2006-03-17 14:27:00+00:00,-1,0.2999999999999545,1.5,1.0285470192247885
PREFADE-S,SPX500_TRAIN,2006-03-21 14:25:00+00:00,-1,0.5,2.2999999999999545,1.4836190591538525
PREFADE-S,SPX500_TRAIN,2006-03-24 12:36:00+00:00,1,0.0,0.7999999999999545,0.7999999999999545
PREFADE-S,SPX500_TRAIN,2006-03-24 13:31:00+00:00,1,0.2999999999999545,0.5,0.21732582911272402
PREFADE-S,SPX500_TRAIN,2006-03-27 12:46:00+00:00,-1,0.0,1.2000000000000455,1.2000000000000455
PREFADE-S,SPX500_TRAIN,2006-03-27 14:00:00+00:00,1,1.7999999999999545,0.20000000000004547,-1.096463609035709
PREFADE-S,SPX500_TRAIN,2006-03-27 14:26:00+00:00,1,1.5,1.0,0.9393189963473105
PREFADE-S,SPX500_TRAIN,2006-03-30 13:10:00+00:00,-1,0.5,1.2000000000000455,1.0498581551491952
PREFADE-S,SPX500_TRAIN,2006-03-30 13:57:00+00:00,1,0.0,1.5,1.4934640529108947
PREFADE-S,SPX500_TRAIN,2006-03-31 14:12:00+00:00,-1,2.199999999999818,1.0,0.9176895287350817
PREFADE-S,SPX500_TRAIN,2006-04-04 12:00:00+00:00,-1,0.5,1.2000000000000455,0.7369901202398523
PREFADE-S,SPX500_TRAIN,2006-04-04 12:57:00+00:00,1,0.0,1.2999999999999545,1.2999999999999545
PREFADE-S,SPX500_TRAIN,2006-04-05 13:07:00+00:00,-1,2.199999999999818,0.7000000000000455,-1.4581556665209519
PREFADE-S,SPX500_TRAIN,2006-04-06 12:36:00+00:00,1,0.5,1.2000000000000455,1.023736373476595
PREFADE-S,SPX500_TRAIN,2006-04-06 13:14:00+00:00,1,1.0,1.0,0.8579497066464228
PREFADE-S,SPX500_TRAIN,2006-04-07 12:15:00+00:00,-1,0.2999999999999545,0.7000000000000455,0.6998917403159339
PREFADE-S,SPX500_TRAIN,2006-04-07 12:31:00+00:00,-1,2.7000000000000455,0.0,-0.8410113496790927
PREFADE-S,SPX500_TRAIN,2006-04-10 12:06:00+00:00,-1,1.0,0.7999999999999545,0.7289943197347384
PREFADE-S,SPX500_TRAIN,2006-04-12 12:31:00+00:00,-1,0.2999999999999545,1.7000000000000455,1.52477340251653
PREFADE-S,SPX500_TRAIN,2006-04-13 11:33:00+00:00,1,1.0,1.2999999999999545,1.185870408899973
PREFADE-S,SPX500_TRAIN,2006-04-13 13:02:00+00:00,1,3.0,0.5,-2.774202643325907
PREFADE-S,SPX500_TRAIN,2006-04-18 11:34:00+00:00,-1,1.5,0.0,-1.168554301857057
PREFADE-S,SPX500_TRAIN,2006-04-18 12:30:00+00:00,-1,2.7000000000000455,0.5,-2.4306087187655976
PREFADE-S,SPX500_TRAIN,2006-04-19 11:44:00+00:00,-1,0.5,2.5,1.9772109034111054
PREFADE-S,SPX500_TRAIN,2006-04-19 13:05:00+00:00,1,1.5,1.2999999999999545,1.2304272640885756
PREFADE-S,SPX500_TRAIN,2006-04-20 11:41:00+00:00,-1,0.7000000000000455,1.0,0.9251141228087363
PREFADE-S,SPX500_TRAIN,2006-04-21 12:05:00+00:00,-1,1.7999999999999545,0.0,-1.6253921341628939
PREFADE-S,SPX500_TRAIN,2006-04-21 13:01:00+00:00,-1,2.0,1.0,0.4437183440275021
PREFADE-S,SPX500_TRAIN,2006-04-26 12:31:00+00:00,-1,0.2999999999999545,1.2000000000000455,-0.0
PREFADE-S,SPX500_TRAIN,2006-04-26 12:34:00+00:00,1,1.0,0.7000000000000455,0.6930467058898557
PREFADE-S,SPX500_TRAIN,2006-04-28 12:29:00+00:00,1,0.0,1.7000000000000455,1.3996506822322772
PREFADE-S,SPX500_TRAIN,2006-05-01 12:26:00+00:00,1,0.5,0.7000000000000455,0.7000000000000455
PREFADE-S,SPX500_TRAIN,2006-05-05 12:31:00+00:00,-1,4.0,1.0,-3.728828464518074
PREFADE-S,SPX500_TRAIN,2006-05-08 13:27:00+00:00,1,0.5,1.0,1.0
PREFADE-S,SPX500_TRAIN,2006-05-10 12:07:00+00:00,-1,0.0,1.0,0.9006572709956799
PREFADE-S,SPX500_TRAIN,2006-05-10 13:11:00+00:00,1,1.2000000000000455,0.5,-1.0
PREFADE-S,SPX500_TRAIN,2006-05-16 11:59:00+00:00,-1,2.7000000000000455,0.5,-2.6774703758403575
PREFADE-S,SPX500_TRAIN,2006-05-17 12:31:00+00:00,1,4.7999999999999545,1.7000000000000455,-4.294131472795698
PREFADE-S,SPX500_TRAIN,2006-05-23 12:17:00+00:00,-1,4.199999999999818,2.300000000000182,-4.090558713244263
PREFADE-S,SPX500_TRAIN,2006-05-25 12:10:00+00:00,-1,4.0,1.2000000000000455,-0.04136615743891525
PREFADE-S,SPX500_TRAIN,2006-05-26 12:31:00+00:00,-1,1.0,4.0,3.9946009497873547
PREFADE-S,SPX500_TRAIN,2006-06-02 11:37:00+00:00,-1,4.5,0.5,-2.890530913745124
PREFADE-S,SPX500_TRAIN,2006-06-07 12:18:00+00:00,-1,0.0,3.5,3.4188780262484215
PREFADE-S,SPX500_TRAIN,2006-06-08 12:56:00+00:00,-1,0.8000000000001819,4.0,3.598652582522618
PREFADE-S,SPX500_TRAIN,2006-06-09 12:17:00+00:00,-1,0.0,3.0,2.5244585625155196
PREFADE-S,SPX500_TRAIN,2006-06-14 12:31:00+00:00,1,4.5,1.5,1.2999999999999545
PREFADE-S,SPX500_TRAIN,2006-06-16 12:32:00+00:00,1,1.7000000000000455,0.7999999999999545,0.2517915163443831
PREFADE-S,SPX500_TRAIN,2006-06-19 11:55:00+00:00,-1,1.7999999999999545,1.7000000000000455,1.3305611343689634
PREFADE-S,SPX500_TRAIN,2006-06-20 12:00:00+00:00,1,0.6999999999998181,1.7000000000000455,1.6632364101326402
PREFADE-S,SPX500_TRAIN,2006-06-20 13:26:00+00:00,-1,2.0,1.0,0.9382188774434326
PREFADE-S,SPX500_TRAIN,2006-06-22 13:18:00+00:00,1,4.5,1.0,-4.445747982546436
PREFADE-S,SPX500_TRAIN,2006-06-23 12:31:00+00:00,1,3.2000000000000455,1.2999999999999545,-2.889458991865922
PREFADE-S,SPX500_TRAIN,2006-06-27 11:34:00+00:00,1,0.0,2.3999999999998636,2.337715191758889
PREFADE-S,SPX500_TRAIN,2006-06-28 12:23:00+00:00,-1,1.0,1.2000000000000455,1.0346814778504267
PREFADE-S,SPX500_TRAIN,2006-06-30 12:31:00+00:00,-1,1.900000000000091,0.2999999999999545,-1.7996259626690971
PREFADE-S,SPX500_TRAIN,2006-07-03 13:30:00+00:00,-1,0.5,1.0,0.945788061748317
PREFADE-S,SPX500_TRAIN,2006-07-05 11:38:00+00:00,1,2.2000000000000455,0.7999999999999545,-1.9610294713127132
PREFADE-S,SPX500_TRAIN,2006-07-07 12:02:00+00:00,-1,5.7999999999999545,1.0,-1.9261076105799475
PREFADE-S,SPX500_TRAIN,2006-07-07 13:08:00+00:00,1,4.2999999999999545,1.0,0.26653466934908465
PREFADE-S,SPX500_TRAIN,2006-07-10 11:36:00+00:00,-1,1.5,1.3999999999998636,1.2671204432401737
PREFADE-S,SPX500_TRAIN,2006-07-11 11:42:00+00:00,-1,0.0,1.7000000000000455,1.400000000000091
PREFADE-S,SPX500_TRAIN,2006-07-11 13:25:00+00:00,1,1.5,0.5,0.22215699526827848
PREFADE-S,SPX500_TRAIN,2006-07-12 12:36:00+00:00,1,1.2000000000000455,1.0,0.6106459092954992
PREFADE-S,SPX500_TRAIN,2006-07-13 11:55:00+00:00,1,5.0,1.2000000000000455,-4.787581133637559
PREFADE-S,SPX500_TRAIN,2006-07-18 12:29:00+00:00,-1,0.20000000000004547,3.0,2.744395135627201
PREFADE-S,SPX500_TRAIN,2006-07-18 12:55:00+00:00,-1,3.5,0.0,-3.33884100206933
PREFADE-S,SPX500_TRAIN,2006-07-19 12:15:00+00:00,-1,2.5,1.0,-2.4234686751826757
PREFADE-S,SPX500_TRAIN,2006-07-20 12:14:00+00:00,-1,1.7000000000000455,0.5,-1.5643629218013757
PREFADE-S,SPX500_TRAIN,2006-07-21 11:31:00+00:00,1,1.8999999999998636,1.0,0.5393861340573949
PREFADE-S,SPX500_TRAIN,2006-07-25 12:37:00+00:00,1,1.5,0.2999999999999545,-1.4967356521497095
PREFADE-S,SPX500_TRAIN,2006-07-26 12:03:00+00:00,1,0.0,1.5,1.3358770676752556
PREFADE-S,SPX500_TRAIN,2006-07-26 12:42:00+00:00,-1,0.8000000000001819,1.5,0.9230941594983051
PREFADE-S,SPX500_TRAIN,2006-07-28 12:31:00+00:00,-1,1.0,0.5,0.3811127232597755
PREFADE-S,SPX500_TRAIN,2006-07-28 12:35:00+00:00,1,0.0,1.5,1.5
PREFADE-S,SPX500_TRAIN,2006-07-28 12:42:00+00:00,-1,2.5,2.0,-2.174130838698602
PREFADE-S,SPX500_TRAIN,2006-07-31 12:57:00+00:00,1,1.7999999999999545,0.7000000000000455,0.24646811168486238
PREFADE-S,SPX500_TRAIN,2006-08-01 12:31:00+00:00,1,0.2999999999999545,0.7000000000000455,0.0
PREFADE-S,SPX500_TRAIN,2006-08-01 12:37:00+00:00,1,1.699999999999818,0.5,-1.5152064805292866
PREFADE-S,SPX500_TRAIN,2006-08-03 11:33:00+00:00,1,2.8999999999998636,1.7999999999999545,0.3208171648775533
PREFADE-S,SPX500_TRAIN,2006-08-04 12:24:00+00:00,-1,5.0,0.5,-1.8104683328604096
PREFADE-S,SPX500_TRAIN,2006-08-08 12:38:00+00:00,1,1.0,1.7000000000000455,1.1389056615839763
PREFADE-S,SPX500_TRAIN,2006-08-09 11:36:00+00:00,-1,3.7000000000000455,0.5,-3.199426950482348
PREFADE-S,SPX500_TRAIN,2006-08-11 12:31:00+00:00,1,0.0,1.5,1.0981542084036846
PREFADE-S,SPX500_TRAIN,2006-08-11 12:46:00+00:00,1,2.5,1.0,-1.7089445820502078
PREFADE-S,SPX500_TRAIN,2006-08-15 11:52:00+00:00,-1,1.199999999999818,0.0,-1.1178799471535967
PREFADE-S,SPX500_TRAIN,2006-08-15 12:19:00+00:00,-1,6.5,0.0,-1.4086913964363248
PREFADE-S,SPX500_TRAIN,2006-08-16 12:02:00+00:00,-1,0.20000000000004547,1.0,1.0
PREFADE-S,SPX500_TRAIN,2006-08-16 12:29:00+00:00,-1,0.5,0.0,-0.0
PREFADE-S,SPX500_TRAIN,2006-08-16 12:31:00+00:00,-1,2.7000000000000455,0.5,-2.5367461540047316
PREFADE-S,SPX500_TRAIN,2006-08-17 12:11:00+00:00,1,0.0,1.2000000000000455,1.0358318217276974
PREFADE-S,SPX500_TRAIN,2006-08-17 12:46:00+00:00,1,0.5,1.2999999999999545,1.1947835264072637
PREFADE-S,SPX500_TRAIN,2006-08-18 13:03:00+00:00,-1,1.7999999999999545,0.7000000000000455,-1.634543163584567
PREFADE-S,SPX500_TRAIN,2006-08-24 11:32:00+00:00,-1,2.0,1.2000000000000455,0.4573743240080148
PREFADE-S,SPX500_TRAIN,2006-08-25 13:03:00+00:00,1,1.2000000000000455,1.0,0.7166806982183971
PREFADE-S,SPX500_TRAIN,2006-08-30 12:33:00+00:00,-1,0.7000000000000455,1.5,1.00269705884034
PREFADE-S,SPX500_TRAIN,2006-08-31 12:32:00+00:00,-1,0.5,1.7000000000000455,1.6152698153541678
PREFADE-S,SPX500_TRAIN,2006-09-01 12:27:00+00:00,-1,2.5,1.2000000000000455,-1.3465441548025865
PREFADE-S,SPX500_TRAIN,2006-09-01 12:33:00+00:00,-1,2.0,0.7000000000000455,-1.7171906976784612
PREFADE-S,SPX500_TRAIN,2006-09-01 13:27:00+00:00,-1,1.2000000000000455,1.5,1.4169233939094283
PREFADE-S,SPX500_TRAIN,2006-09-06 11:34:00+00:00,1,2.5,0.7000000000000455,-2.3344124778968762
PREFADE-S,SPX500_TRAIN,2006-09-12 12:29:00+00:00,-1,2.800000000000182,1.0,-2.2442946186654353
PREFADE-S,SPX500_TRAIN,2006-09-13 12:38:00+00:00,-1,0.5,0.5,0.4996546463644336
PREFADE-S,SPX500_TRAIN,2006-09-13 13:27:00+00:00,1,0.5,1.5,1.0910447263006517
PREFADE-S,SPX500_TRAIN,2006-09-14 12:34:00+00:00,1,2.0,1.199999999999818,0.7647164009986227
PREFADE-S,SPX500_TRAIN,2006-09-15 11:43:00+00:00,-1,1.5,0.5,-1.0
PREFADE-S,SPX500_TRAIN,2006-09-15 12:31:00+00:00,-1,3.2999999999999545,1.2000000000000455,-3.0307775359397056
PREFADE-S,SPX500_TRAIN,2006-09-18 12:44:00+00:00,1,2.3999999999998636,0.5,-2.3992042214918
PREFADE-S,SPX500_TRAIN,2006-09-19 12:35:00+00:00,-1,1.0,2.400000000000091,1.8082590778599297
PREFADE-S,SPX500_TRAIN,2006-09-26 12:09:00+00:00,-1,1.0,0.7000000000000455,0.6906775624170223
PREFADE-S,SPX500_TRAIN,2006-09-27 11:46:00+00:00,-1,0.0,3.5,1.86069281216146
PREFADE-S,SPX500_TRAIN,2006-09-27 12:36:00+00:00,1,0.7000000000000455,2.0,1.844647280902791
PREFADE-S,SPX500_TRAIN,2006-10-02 11:39:00+00:00,1,1.7999999999999545,0.5,0.17880268096928376
PREFADE-S,SPX500_TRAIN,2006-10-04 12:35:00+00:00,1,1.2000000000000455,0.7999999999999545,0.6722518188755657
PREFADE-S,SPX500_TRAIN,2006-10-05 11:38:00+00:00,1,1.0,0.5,0.5
PREFADE-S,SPX500_TRAIN,2006-10-06 11:32:00+00:00,1,0.7000000000000455,0.7000000000000455,0.7000000000000455
PREFADE-S,SPX500_TRAIN,2006-10-06 12:31:00+00:00,1,2.0,0.7000000000000455,-1.6226017821663845
PREFADE-S,SPX500_TRAIN,2006-10-10 11:47:00+00:00,-1,0.5,1.0,0.9165588397424926
PREFADE-S,SPX500_TRAIN,2006-10-11 12:03:00+00:00,1,1.2000000000000455,1.2999999999999545,0.7999999999999545
PREFADE-S,SPX500_TRAIN,2006-10-12 12:33:00+00:00,-1,2.7999999999999545,0.5,-2.065121676906756
PREFADE-S,SPX500_TRAIN,2006-10-13 12:10:00+00:00,1,1.0,0.7999999999999545,0.6814361103015472
PREFADE-S,SPX500_TRAIN,2006-10-16 11:53:00+00:00,-1,0.5,1.2999999999999545,1.2999999999999545
PREFADE-S,SPX500_TRAIN,2006-10-17 12:31:00+00:00,1,0.7000000000000455,2.0,1.8126045406504545
PREFADE-S,SPX500_TRAIN,2006-10-18 12:31:00+00:00,-1,2.0,0.7000000000000455,-1.8358869808016607
PREFADE-S,SPX500_TRAIN,2006-10-18 13:00:00+00:00,-1,3.0,0.7000000000000455,0.5340242523025154
PREFADE-S,SPX500_TRAIN,2006-10-19 12:22:00+00:00,-1,0.8000000000001819,1.5,1.3564102260409072
PREFADE-S,SPX500_TRAIN,2006-10-20 11:42:00+00:00,1,1.7999999999999545,0.20000000000004547,-1.630962413720681
PREFADE-S,SPX500_TRAIN,2006-10-24 13:03:00+00:00,-1,0.5,1.0,0.6999999999998181
PREFADE-S,SPX500_TRAIN,2006-10-27 12:33:00+00:00,1,0.2999999999999545,0.20000000000004547,0.0
PREFADE-S,SPX500_TRAIN,2006-10-27 12:49:00+00:00,1,0.5,1.5,1.193628593925041
PREFADE-S,SPX500_TRAIN,2006-10-31 13:23:00+00:00,-1,1.5,1.0,0.5074823703564562
PREFADE-S,SPX500_TRAIN,2006-11-01 13:16:00+00:00,-1,2.0,0.2999999999999545,-1.854475934899483
PREFADE-S,SPX500_TRAIN,2006-11-02 13:31:00+00:00,1,2.699999999999818,0.5,-2.363074538455294
PREFADE-S,SPX500_TRAIN,2006-11-03 13:30:00+00:00,1,1.2000000000000455,3.0,0.8923496812635676
PREFADE-S,SPX500_TRAIN,2006-11-03 13:32:00+00:00,1,0.2999999999999545,1.2000000000000455,0.5351647956404122
PREFADE-S,SPX500_TRAIN,2006-11-03 13:34:00+00:00,-1,1.5,0.5,-1.4101145359556995
PREFADE-S,SPX500_TRAIN,2006-11-03 13:39:00+00:00,-1,2.5,0.7000000000000455,-2.04681825793773
PREFADE-S,SPX500_TRAIN,2006-11-07 13:08:00+00:00,-1,1.5,1.199999999999818,0.757597418901014
PREFADE-S,SPX500_TRAIN,2006-11-09 13:17:00+00:00,-1,0.7000000000000455,0.7999999999999545,0.7753592415938328
PREFADE-S,SPX500_TRAIN,2006-11-14 13:31:00+00:00,-1,2.699999999999818,1.5,0.9677636324156538
PREFADE-S,SPX500_TRAIN,2006-11-15 13:31:00+00:00,-1,0.0,0.7999999999999545,0.7633157524903709
PREFADE-S,SPX500_TRAIN,2006-11-15 13:35:00+00:00,-1,0.5,0.2999999999999545,0.2999999999999545
PREFADE-S,SPX500_TRAIN,2006-11-15 14:30:00+00:00,1,0.7000000000000455,0.5,0.45889418927527004
PREFADE-S,SPX500_TRAIN,2006-11-16 13:28:00+00:00,-1,0.0,1.5,1.2999999999999545
PREFADE-S,SPX500_TRAIN,2006-11-16 13:31:00+00:00,-1,2.0,2.2000000000000455,2.1987303431694727
PREFADE-S,SPX500_TRAIN,2006-11-17 13:16:00+00:00,1,0.2999999999999545,0.5,0.5
PREFADE-S,SPX500_TRAIN,2006-11-17 13:31:00+00:00,1,1.2999999999999545,0.20000000000004547,-1.2570732407857577
PREFADE-S,SPX500_TRAIN,2006-11-17 14:16:00+00:00,1,1.7999999999999545,1.0,1.0
PREFADE-S,SPX500_TRAIN,2006-11-22 13:57:00+00:00,1,0.0,2.5,1.4794318612350708
PREFADE-S,SPX500_TRAIN,2006-11-28 13:16:00+00:00,1,3.5,1.0,-2.2031242912833022
PREFADE-S,SPX500_TRAIN,2006-12-05 12:33:00+00:00,1,0.0,1.699999999999818,1.699999999999818
PREFADE-S,SPX500_TRAIN,2006-12-05 13:32:00+00:00,-1,2.0,0.1999999999998181,-1.514173374142274
PREFADE-S,SPX500_TRAIN,2006-12-06 12:42:00+00:00,1,0.5,2.0,1.0
PREFADE-S,SPX500_TRAIN,2006-12-06 13:23:00+00:00,1,1.0,1.2999999999999545,1.1240908666090945
PREFADE-S,SPX500_TRAIN,2006-12-07 13:33:00+00:00,-1,2.800000000000182,0.5,-2.5961280653802987
PREFADE-S,SPX500_TRAIN,2006-12-08 13:22:00+00:00,-1,3.5,1.0,-2.368597810941992
PREFADE-S,SPX500_TRAIN,2006-12-08 14:10:00+00:00,1,1.7999999999999545,2.7000000000000455,2.1844135566993828
PREFADE-S,SPX500_TRAIN,2006-12-11 14:30:00+00:00,1,0.2999999999999545,1.2000000000000455,1.1017820226322783
PREFADE-S,SPX500_TRAIN,2006-12-12 13:34:00+00:00,1,0.0,0.7999999999999545,0.7999999999999545
PREFADE-S,SPX500_TRAIN,2006-12-14 12:41:00+00:00,1,0.0,1.699999999999818,1.699999999999818
PREFADE-S,SPX500_TRAIN,2006-12-15 12:56:00+00:00,1,1.0,4.7999999999999545,0.8437366461298552
PREFADE-S,SPX500_TRAIN,2006-12-19 13:31:00+00:00,1,0.1999999999998181,2.0,2.0
PREFADE-S,SPX500_TRAIN,2006-12-22 13:13:00+00:00,-1,0.5,1.0,0.49004065234476
PREFADE-S,SPX500_TRAIN,2006-12-22 13:31:00+00:00,1,0.20000000000004547,0.5,0.0
PREFADE-S,SPX500_TRAIN,2006-12-22 13:33:00+00:00,-1,0.7000000000000455,0.5,0.2990320638389221
PREFADE-S,SPX500_TRAIN,2006-12-22 14:30:00+00:00,1,1.2999999999999545,0.0,-1.2116200458001458
PREFADE-S,SPX500_TRAIN,2006-12-26 12:44:00+00:00,-1,0.1999999999998181,0.0,-0.0
PREFADE-S,SPX500_TRAIN,2006-12-26 12:50:00+00:00,-1,0.8000000000001819,0.0,-0.4190793984366792
PREFADE-S,SPX500_TRAIN,2006-12-26 13:08:00+00:00,-1,0.3000000000001819,0.5,0.5
PREFADE-S,SPX500_TRAIN,2006-12-28 13:45:00+00:00,-1,0.0,1.5,1.0466666703814553
PREFADE-S,SPX500_TRAIN,2006-12-29 13:39:00+00:00,-1,0.5,1.0,1.0
PREFADE-S,SPX500_TRAIN,2007-01-03 13:16:00+00:00,1,0.7000000000000455,1.7999999999999545,1.748086240804696
PREFADE-S,SPX500_TRAIN,2007-01-03 14:16:00+00:00,1,4.199999999999818,0.5,-2.7262350825521935
PREFADE-S,SPX500_TRAIN,2007-01-08 12:46:00+00:00,-1,0.5,1.0,0.8582682638264032
PREFADE-S,SPX500_TRAIN,2007-01-11 13:09:00+00:00,1,1.400000000000091,1.7999999999999545,1.7939971987141234
PREFADE-S,SPX500_TRAIN,2007-01-12 12:33:00+00:00,1,0.5,1.0,0.9681286795098458
PREFADE-S,SPX500_TRAIN,2007-01-12 13:31:00+00:00,-1,0.5,0.7000000000000455,-0.0
PREFADE-S,SPX500_TRAIN,2007-01-12 13:36:00+00:00,1,0.7999999999999545,1.5,1.3336209515234714
PREFADE-S,SPX500_TRAIN,2007-01-15 13:31:00+00:00,-1,1.7999999999999545,0.7000000000000455,-1.611880626293896
PREFADE-S,SPX500_TRAIN,2007-01-16 13:31:00+00:00,1,1.2000000000000455,0.0,-1.1272595167165491
PREFADE-S,SPX500_TRAIN,2007-01-16 14:15:00+00:00,1,1.7000000000000455,0.7000000000000455,0.6489208736009004
PREFADE-S,SPX500_TRAIN,2007-01-17 13:34:00+00:00,1,2.0,0.5,0.496985664022759
PREFADE-S,SPX500_TRAIN,2007-01-18 14:03:00+00:00,-1,0.0,2.2000000000000455,2.1376406133460932
PREFADE-S,SPX500_TRAIN,2007-01-19 12:33:00+00:00,1,0.5,0.7000000000000455,0.5162176716607974
PREFADE-S,SPX500_TRAIN,2007-01-19 13:04:00+00:00,1,0.0,1.2000000000000455,1.2000000000000455
PREFADE-S,SPX500_TRAIN,2007-01-19 13:45:00+00:00,1,0.0,1.2000000000000455,0.931634476033878
PREFADE-S,SPX500_TRAIN,2007-01-19 14:15:00+00:00,-1,1.5,0.20000000000004547,-1.1428080038672306
PREFADE-S,SPX500_TRAIN,2007-01-22 12:55:00+00:00,-1,0.3000000000001819,1.0,0.8291965879122927
PREFADE-S,SPX500_TRAIN,2007-01-24 13:35:00+00:00,-1,0.1999999999998181,1.5,1.1998178122473746
PREFADE-S,SPX500_TRAIN,2007-01-25 12:54:00+00:00,1,0.7999999999999545,0.5,0.4273172534085461
PREFADE-S,SPX500_TRAIN,2007-01-25 13:49:00+00:00,1,0.5,0.7999999999999545,0.6639714301127242
PREFADE-S,SPX500_TRAIN,2007-01-26 13:31:00+00:00,-1,0.2999999999999545,1.2000000000000455,0.4363748776193006
PREFADE-S,SPX500_TRAIN,2007-01-26 13:39:00+00:00,-1,1.5,0.7000000000000455,0.6819224160815338
PREFADE-S,SPX500_TRAIN,2007-01-30 13:00:00+00:00,-1,0.5,2.5,2.4408590164532598
PREFADE-S,SPX500_TRAIN,2007-02-01 13:31:00+00:00,-1,1.0,1.5,1.3622222356530074
PREFADE-S,SPX500_TRAIN,2007-02-02 13:23:00+00:00,1,0.2999999999999545,0.7000000000000455,0.5
PREFADE-S,SPX500_TRAIN,2007-02-02 13:31:00+00:00,-1,1.5,0.5,-1.3111570171110998
PREFADE-S,SPX500_TRAIN,2007-02-06 12:52:00+00:00,-1,0.7999999999999545,1.0,0.7590681825024603
PREFADE-S,SPX500_TRAIN,2007-02-07 12:41:00+00:00,-1,1.0,0.0,-1.0
PREFADE-S,SPX500_TRAIN,2007-02-07 13:08:00+00:00,-1,1.2999999999999545,0.7000000000000455,-1.1118875412410034
PREFADE-S,SPX500_TRAIN,2007-02-08 14:03:00+00:00,1,3.0,1.300000000000182,-2.819312809419671
PREFADE-S,SPX500_TRAIN,2007-02-09 14:03:00+00:00,1,0.20000000000004547,1.0,0.7999999999999545
PREFADE-S,SPX500_TRAIN,2007-02-14 12:40:00+00:00,-1,0.5,0.7999999999999545,0.6998968260206766
PREFADE-S,SPX500_TRAIN,2007-02-15 13:15:00+00:00,1,0.0,1.0,0.7067744539185696
PREFADE-S,SPX500_TRAIN,2007-02-15 13:33:00+00:00,-1,1.2000000000000455,0.2999999999999545,-0.7894002036418897
PREFADE-S,SPX500_TRAIN,2007-02-15 14:24:00+00:00,-1,0.0,0.7999999999999545,0.7706337586887457
PREFADE-S,SPX500_TRAIN,2007-02-16 12:42:00+00:00,-1,1.5,0.5,0.4509975990240491
PREFADE-S,SPX500_TRAIN,2007-02-20 13:51:00+00:00,1,2.0,0.7999999999999545,-1.932246930175097
PREFADE-S,SPX500_TRAIN,2007-02-21 13:31:00+00:00,1,2.7000000000000455,0.0,-2.3308814493393584
PREFADE-S,SPX500_TRAIN,2007-02-22 12:43:00+00:00,-1,0.7999999999999545,1.2000000000000455,0.7237817106190505
PREFADE-S,SPX500_TRAIN,2007-02-23 13:55:00+00:00,-1,0.3000000000001819,1.0,1.0
PREFADE-S,SPX500_TRAIN,2007-02-27 14:05:00+00:00,1,7.5,2.0,-6.7999999999999545
PREFADE-S,SPX500_TRAIN,2007-03-01 12:41:00+00:00,1,9.200000000000045,3.2999999999999545,-7.770193168060587
PREFADE-S,SPX500_TRAIN,2007-03-02 13:20:00+00:00,1,1.5,7.2999999999999545,6.25047962156691
PREFADE-S,SPX500_TRAIN,2007-03-09 12:35:00+00:00,1,0.7000000000000455,1.5,1.1051445221044105
PREFADE-S,SPX500_TRAIN,2007-03-09 13:31:00+00:00,-1,3.2000000000000455,3.2999999999999545,2.4529987834259828
PREFADE-S,SPX500_TRAIN,2007-03-12 12:01:00+00:00,1,3.2999999999999545,0.5,-3.006500008676994
PREFADE-S,SPX500_TRAIN,2007-03-13 11:42:00+00:00,1,1.5,3.0,2.872164993679462
PREFADE-S,SPX500_TRAIN,2007-03-14 11:42:00+00:00,1,2.2000000000000455,2.5,1.9623745363292073
PREFADE-S,SPX500_TRAIN,2007-03-14 13:29:00+00:00,-1,4.0,0.5,-3.961878998402881
PREFADE-S,SPX500_TRAIN,2007-03-15 11:53:00+00:00,-1,1.199999999999818,4.0,2.0169891511241076
PREFADE-S,SPX500_TRAIN,2007-03-15 12:32:00+00:00,1,3.0,2.300000000000182,1.800000000000182
PREFADE-S,SPX500_TRAIN,2007-03-16 12:31:00+00:00,-1,3.0,1.0,-2.1733708511210352
PREFADE-S,SPX500_TRAIN,2007-03-16 12:47:00+00:00,-1,3.5,0.7999999999999545,-3.2360663477825256
PREFADE-S,SPX500_TRAIN,2007-03-21 11:32:00+00:00,-1,2.0,0.7000000000000455,-1.1346903653309255
PREFADE-S,SPX500_TRAIN,2007-03-22 11:39:00+00:00,-1,1.2000000000000455,0.5,-1.0531252573148322
PREFADE-S,SPX500_TRAIN,2007-03-26 13:01:00+00:00,-1,0.5,1.7000000000000455,1.2009656734637701
PREFADE-S,SPX500_TRAIN,2007-03-27 13:28:00+00:00,1,2.0,1.2000000000000455,-1.8067074119780955
PREFADE-S,SPX500_TRAIN,2007-03-28 11:38:00+00:00,1,1.0,1.300000000000182,1.2870026056157258
PREFADE-S,SPX500_TRAIN,2007-03-28 12:31:00+00:00,1,0.20000000000004547,3.199999999999818,3.00301398888314
PREFADE-S,SPX500_TRAIN,2007-03-29 12:31:00+00:00,-1,1.2999999999999545,2.2000000000000455,2.037993223908643
PREFADE-S,SPX500_TRAIN,2007-03-30 12:03:00+00:00,-1,0.5,1.699999999999818,1.4521093519738315
PREFADE-S,SPX500_TRAIN,2007-03-30 12:31:00+00:00,-1,0.3999999999998636,2.5,2.369583299011083
PREFADE-S,SPX500_TRAIN,2007-04-04 12:09:00+00:00,1,1.0,2.0,1.3355315979151783
PREFADE-S,SPX500_TRAIN,2007-04-04 12:23:00+00:00,1,2.0,0.5,-1.7233633957569054
PREFADE-S,SPX500_TRAIN,2007-04-05 11:35:00+00:00,-1,1.0,0.2999999999999545,-0.8798924482889561
PREFADE-S,SPX500_TRAIN,2007-04-05 13:30:00+00:00,1,0.7999999999999545,0.7000000000000455,0.38933620515149414
PREFADE-S,SPX500_TRAIN,2007-04-06 12:31:00+00:00,-1,3.0,0.0,-2.767438481412455
PREFADE-S,SPX500_TRAIN,2007-04-09 13:28:00+00:00,1,1.5,0.1999999999998181,-1.3619385568260896
PREFADE-S,SPX500_TRAIN,2007-04-11 11:56:00+00:00,-1,1.5,0.5,0.4823965291507193
PREFADE-S,SPX500_TRAIN,2007-04-12 11:40:00+00:00,1,0.5,1.5,1.5
PREFADE-S,SPX500_TRAIN,2007-04-13 12:31:00+00:00,-1,0.5,3.2000000000000455,3.1478793452529317
PREFADE-S,SPX500_TRAIN,2007-04-16 12:10:00+00:00,-1,3.5,0.6999999999998181,-3.107721446335745
PREFADE-S,SPX500_TRAIN,2007-04-17 12:31:00+00:00,-1,3.2999999999999545,0.20000000000004547,-3.218290949617767
PREFADE-S,SPX500_TRAIN,2007-04-18 12:07:00+00:00,1,1.7000000000000455,0.0,-1.6823395120040914
PREFADE-S,SPX500_TRAIN,2007-04-18 12:37:00+00:00,1,0.5,2.0,1.8659643007433715
PREFADE-S,SPX500_TRAIN,2007-04-25 12:31:00+00:00,-1,2.2000000000000455,2.0,1.705595978852898
PREFADE-S,SPX500_TRAIN,2007-04-26 11:31:00+00:00,-1,1.5,0.6999999999998181,0.5392571844447502
PREFADE-S,SPX500_TRAIN,2007-04-27 12:31:00+00:00,1,0.7000000000000455,2.2999999999999545,2.0229520825696454
PREFADE-S,SPX500_TRAIN,2007-04-30 12:27:00+00:00,-1,2.0,1.7999999999999545,1.705021754564541
PREFADE-S,SPX500_TRAIN,2007-05-03 12:31:00+00:00,-1,3.2000000000000455,1.5,1.028488280850297
PREFADE-S,SPX500_TRAIN,2007-05-04 12:31:00+00:00,-1,2.7000000000000455,1.0,0.9310082948079526
PREFADE-S,SPX500_TRAIN,2007-05-07 12:24:00+00:00,-1,0.5,0.8000000000001819,0.8000000000001819
PREFADE-S,SPX500_TRAIN,2007-05-09 12:00:00+00:00,1,1.5,0.8000000000001819,0.7084201638897412
PREFADE-S,SPX500_TRAIN,2007-05-10 11:56:00+00:00,1,1.0,1.5,1.0693956797117607
PREFADE-S,SPX500_TRAIN,2007-05-11 12:31:00+00:00,-1,1.800000000000182,1.699999999999818,1.613189430145212
PREFADE-S,SPX500_TRAIN,2007-05-14 11:41:00+00:00,1,0.2999999999999545,2.0,1.8016327706432094
PREFADE-S,SPX500_TRAIN,2007-05-15 12:31:00+00:00,-1,3.2000000000000455,0.0,-2.816296507795414
PREFADE-S,SPX500_TRAIN,2007-05-15 12:40:00+00:00,-1,2.2999999999999545,2.7000000000000455,2.3921731400191675
PREFADE-S,SPX500_TRAIN,2007-05-16 11:36:00+00:00,-1,1.7999999999999545,0.5,-1.450209384747268
PREFADE-S,SPX500_TRAIN,2007-05-16 13:13:00+00:00,-1,2.2000000000000455,1.2999999999999545,0.7287179583963734
PREFADE-S,SPX500_TRAIN,2007-05-17 12:30:00+00:00,-1,0.5,1.2000000000000455,0.7861719919496863
PREFADE-S,SPX500_TRAIN,2007-05-17 12:45:00+00:00,1,0.900000000000091,1.2999999999999545,0.753066675186119
PREFADE-S,SPX500_TRAIN,2007-05-18 13:01:00+00:00,-1,2.7000000000000455,2.5,1.4374611644661854
PREFADE-S,SPX500_TRAIN,2007-05-21 11:35:00+00:00,-1,0.7999999999999545,1.2000000000000455,0.9171627254713712
PREFADE-S,SPX500_TRAIN,2007-05-22 11:51:00+00:00,-1,0.3000000000001819,1.5,1.3423572392753158
PREFADE-S,SPX500_TRAIN,2007-05-24 12:31:00+00:00,-1,1.300000000000182,1.699999999999818,1.149494934938275
PREFADE-S,SPX500_TRAIN,2007-05-31 12:05:00+00:00,-1,1.5,1.0,0.9472143057414542
PREFADE-S,SPX500_TRAIN,2007-06-01 12:31:00+00:00,-1,3.0,0.5,-2.9028188329771183
PREFADE-S,SPX500_TRAIN,2007-06-04 12:37:00+00:00,1,0.5,2.2999999999999545,2.218664420046707
PREFADE-S,SPX500_TRAIN,2007-06-05 11:32:00+00:00,1,3.5,0.5,-3.3135465891718923
PREFADE-S,SPX500_TRAIN,2007-06-07 11:47:00+00:00,1,4.2000000000000455,0.7999999999999545,0.5506523060412292
PREFADE-S,SPX500_TRAIN,2007-06-11 11:33:00+00:00,1,0.20000000000004547,1.2999999999999545,1.2999999999999545
PREFADE-S,SPX500_TRAIN,2007-06-11 12:27:00+00:00,-1,1.5,1.5,1.3165409746932255
PREFADE-S,SPX500_TRAIN,2007-06-12 12:55:00+00:00,1,1.800000000000182,2.699999999999818,2.077215661171067
PREFADE-S,SPX500_TRAIN,2007-06-13 11:59:00+00:00,-1,1.0,3.7999999999999545,3.5869369500392168
PREFADE-S,SPX500_TRAIN,2007-06-13 12:43:00+00:00,-1,6.2999999999999545,2.2000000000000455,-5.339431395315614
PREFADE-S,SPX500_TRAIN,2007-06-14 11:37:00+00:00,-1,2.0,0.5,-1.7890751241995986
PREFADE-S,SPX500_TRAIN,2007-06-14 12:30:00+00:00,-1,0.0,3.0,2.264396188576484
PREFADE-S,SPX500_TRAIN,2007-06-15 11:41:00+00:00,-1,6.2000000000000455,1.7999999999999545,-3.7000000000000455
PREFADE-S,SPX500_TRAIN,2007-06-19 12:19:00+00:00,1,1.2000000000000455,2.199999999999818,1.5533398585662326
PREFADE-S,SPX500_TRAIN,2007-06-21 12:06:00+00:00,1,0.5,4.5,4.025865079112009
PREFADE-S,SPX500_TRAIN,2007-06-25 13:26:00+00:00,1,4.2000000000000455,1.2000000000000455,-3.1360620499351626
PREFADE-S,SPX500_TRAIN,2007-06-27 12:31:00+00:00,1,0.0,4.0,3.953728655599207
PREFADE-S,SPX500_TRAIN,2007-06-28 12:31:00+00:00,1,1.5,1.7000000000000455,1.3769626893065379
PREFADE-S,SPX500_TRAIN,2007-07-04 12:17:00+00:00,-1,1.0,1.5,-0.5
PREFADE-S,SPX500_TRAIN,2007-07-05 12:54:00+00:00,1,2.5,1.0,0.713488663869839
PREFADE-S,SPX500_TRAIN,2007-07-06 12:31:00+00:00,-1,0.2999999999999545,1.2000000000000455,0.9974816535477657
PREFADE-S,SPX500_TRAIN,2007-07-06 12:33:00+00:00,1,2.2000000000000455,1.2000000000000455,-2.0563780276427224
PREFADE-S,SPX500_TRAIN,2007-07-06 12:42:00+00:00,1,1.0,1.2000000000000455,1.2000000000000455
PREFADE-S,SPX500_TRAIN,2007-07-10 12:14:00+00:00,1,4.7000000000000455,1.0,-4.2672256635430585
PREFADE-S,SPX500_TRAIN,2007-07-12 11:55:00+00:00,-1,3.0,0.7000000000000455,-2.9862496085313524
PREFADE-S,SPX500_TRAIN,2007-07-13 11:34:00+00:00,-1,2.0,0.20000000000004547,-1.795321407911615
PREFADE-S,SPX500_TRAIN,2007-07-17 11:54:00+00:00,-1,0.5,3.0,2.583076185732125
PREFADE-S,SPX500_TRAIN,2007-07-18 11:44:00+00:00,-1,0.0,2.7000000000000455,2.540806833681472
PREFADE-S,SPX500_TRAIN,2007-07-20 11:47:00+00:00,1,1.199999999999818,1.7000000000000455,1.627797418376531
PREFADE-S,SPX500_TRAIN,2007-07-23 13:13:00+00:00,-1,2.2000000000000455,2.199999999999818,2.116124162277174
PREFADE-S,SPX500_TRAIN,2007-07-24 12:02:00+00:00,1,4.0,0.7999999999999545,-3.9378868119961226
PREFADE-S,SPX500_TRAIN,2007-07-24 13:02:00+00:00,1,5.5,2.5,1.5126610113240986
PREFADE-S,SPX500_TRAIN,2007-07-25 12:32:00+00:00,-1,2.2000000000000455,2.7999999999999545,2.3835315419328253
PREFADE-S,SPX500_TRAIN,2007-07-27 11:45:00+00:00,1,3.0,7.5,6.573139783951547
PREFADE-S,SPX500_TRAIN,2007-08-01 12:56:00+00:00,-1,8.700000000000045,6.899999999999864,6.823083439800712
PREFADE-S,SPX500_TRAIN,2007-08-02 12:09:00+00:00,-1,5.0,2.2000000000000455,1.401859592548135
PREFADE-S,SPX500_TRAIN,2007-08-03 12:26:00+00:00,-1,1.2999999999999545,4.900000000000091,2.476861456845427
PREFADE-S,SPX500_TRAIN,2007-08-03 12:34:00+00:00,1,2.5,2.2000000000000455,1.203343429969891
PREFADE-S,SPX500_TRAIN,2007-08-07 11:57:00+00:00,-1,0.2999999999999545,3.7000000000000455,2.434792189076461
PREFADE-S,SPX500_TRAIN,2007-08-07 12:36:00+00:00,1,3.2000000000000455,1.0,-3.0232127127867443
PREFADE-S,SPX500_TRAIN,2007-08-09 12:55:00+00:00,1,9.0,5.7000000000000455,4.95831547142302
PREFADE-S,SPX500_TRAIN,2007-08-10 11:40:00+00:00,1,6.2999999999999545,7.400000000000091,7.261781651639012
PREFADE-S,SPX500_TRAIN,2007-08-13 12:31:00+00:00,-1,3.2000000000000455,4.2999999999999545,3.6363902121979663
PREFADE-S,SPX500_TRAIN,2007-08-14 12:31:00+00:00,-1,3.7000000000000455,2.5,1.5145397963171945
PREFADE-S,SPX500_TRAIN,2007-08-15 11:36:00+00:00,1,0.20000000000004547,4.2999999999999545,4.0299919179299195
PREFADE-S,SPX500_TRAIN,2007-08-17 12:16:00+00:00,-1,0.0,33.899999999999864,31.6343032457105
PREFADE-S,SPX500_TRAIN,2007-08-21 11:40:00+00:00,-1,4.0,5.7000000000000455,5.335266866424718
PREFADE-S,SPX500_TRAIN,2007-08-23 12:05:00+00:00,1,4.199999999999818,1.300000000000182,-4.050968414132512
PREFADE-S,SPX500_TRAIN,2007-08-24 12:11:00+00:00,-1,2.900000000000091,1.7999999999999545,1.145194777007191
PREFADE-S,SPX500_TRAIN,2007-08-28 12:20:00+00:00,1,4.5,1.5,-4.36750387493953
PREFADE-S,SPX500_TRAIN,2007-08-29 11:44:00+00:00,-1,1.099999999999909,4.900000000000091,3.918736757535271
PREFADE-S,SPX500_TRAIN,2007-08-30 13:15:00+00:00,1,1.2999999999999545,5.2000000000000455,5.021602413794426
PREFADE-S,SPX500_TRAIN,2007-09-03 13:05:00+00:00,-1,1.2999999999999545,1.5,0.20000000000004547
PREFADE-S,SPX500_TRAIN,2007-09-05 11:42:00+00:00,1,0.7000000000000455,4.7999999999999545,3.6768470882348083
PREFADE-S,SPX500_TRAIN,2007-09-07 12:31:00+00:00,1,5.2000000000000455,1.0,-4.8746067581012085
PREFADE-S,SPX500_TRAIN,2007-09-10 13:01:00+00:00,-1,2.7999999999999545,4.2000000000000455,3.9199911094651725
PREFADE-S,SPX500_TRAIN,2007-09-11 11:49:00+00:00,-1,6.0,3.5,-5.9382125844417715
PREFADE-S,SPX500_TRAIN,2007-09-12 11:40:00+00:00,1,1.0,2.5,2.058075412790913
PREFADE-S,SPX500_TRAIN,2007-09-14 12:31:00+00:00,1,3.7000000000000455,1.5,0.872216731574099
PREFADE-S,SPX500_TRAIN,2007-09-18 12:04:00+00:00,-1,4.5,1.5,1.2737058203829292
PREFADE-S,SPX500_TRAIN,2007-09-19 12:31:00+00:00,-1,5.7999999999999545,1.2000000000000455,-5.555591224109321
PREFADE-S,SPX500_TRAIN,2007-09-20 11:42:00+00:00,1,1.0,5.7000000000000455,2.2271129697139713
PREFADE-S,SPX500_TRAIN,2007-09-20 12:05:00+00:00,-1,0.2999999999999545,2.7000000000000455,2.7000000000000455
PREFADE-S,SPX500_TRAIN,2007-09-20 12:53:00+00:00,-1,1.0,3.7000000000000455,2.7667793669586445
PREFADE-S,SPX500_TRAIN,2007-09-25 12:46:00+00:00,1,4.2000000000000455,1.0,-3.5825968521571667
PREFADE-S,SPX500_TRAIN,2007-10-02 11:55:00+00:00,-1,0.5,2.800000000000182,2.3483122312570686
PREFADE-S,SPX500_TRAIN,2007-10-05 12:31:00+00:00,-1,4.2000000000000455,2.2000000000000455,0.665818372886406
PREFADE-S,SPX500_TRAIN,2007-10-09 12:09:00+00:00,-1,2.5,0.7000000000000455,0.6398789992567799
PREFADE-S,SPX500_TRAIN,2007-10-10 11:42:00+00:00,1,2.0,1.2999999999999545,-1.7481346198255778
PREFADE-S,SPX500_TRAIN,2007-10-12 12:31:00+00:00,-1,2.2000000000000455,1.7000000000000455,1.1967464084641506
PREFADE-S,SPX500_TRAIN,2007-10-15 11:53:00+00:00,1,0.2999999999999545,2.7000000000000455,2.0484543526799825
PREFADE-S,SPX500_TRAIN,2007-10-17 12:10:00+00:00,-1,2.5,2.5,2.0852627650117483
PREFADE-S,SPX500_TRAIN,2007-10-18 12:09:00+00:00,1,2.5,3.7999999999999545,3.334652719967835
PREFADE-S,SPX500_TRAIN,2007-10-23 12:52:00+00:00,-1,1.0,2.2000000000000455,1.9812398346459759
PREFADE-S,SPX500_TRAIN,2007-10-26 11:48:00+00:00,1,0.5,3.5,3.1469062045662213
PREFADE-S,SPX500_TRAIN,2007-10-26 12:10:00+00:00,-1,4.2000000000000455,0.2999999999999545,-3.9033408112843517
PREFADE-S,SPX500_TRAIN,2007-10-26 13:12:00+00:00,-1,3.7000000000000455,4.7999999999999545,4.555079757832345
PREFADE-S,SPX500_TRAIN,2007-10-30 12:57:00+00:00,1,0.8000000000001819,2.199999999999818,2.036870296339657
PREFADE-S,SPX500_TRAIN,2007-10-31 13:01:00+00:00,-1,0.2999999999999545,4.400000000000091,3.9802452270218964
PREFADE-S,SPX500_TRAIN,2007-11-01 12:08:00+00:00,1,6.5,0.7000000000000455,-5.819027450010481
PREFADE-S,SPX500_TRAIN,2007-11-02 12:31:00+00:00,-1,1.5,6.7000000000000455,6.268411513349292
PREFADE-S,SPX500_TRAIN,2007-11-14 13:31:00+00:00,-1,3.7999999999999545,5.5,4.765498402187177
PREFADE-S,SPX500_TRAIN,2007-11-15 13:49:00+00:00,1,0.0,7.199999999999818,6.0881346674350425
PREFADE-S,SPX500_TRAIN,2007-11-16 13:01:00+00:00,-1,2.0,3.7000000000000455,3.564142196402372
PREFADE-S,SPX500_TRAIN,2007-11-20 13:44:00+00:00,1,2.7999999999999545,4.7000000000000455,4.522655742520101
PREFADE-S,SPX500_TRAIN,2007-11-26 13:44:00+00:00,1,2.199999999999818,6.5,5.121834892926245
PREFADE-S,SPX500_TRAIN,2007-11-29 12:33:00+00:00,1,0.5,4.300000000000182,4.258834859750095
PREFADE-S,SPX500_TRAIN,2007-12-03 12:37:00+00:00,-1,1.2999999999999545,3.2000000000000455,2.5
PREFADE-S,SPX500_TRAIN,2007-12-04 12:33:00+00:00,1,1.5,3.2000000000000455,3.0529845149883386
PREFADE-S,SPX500_TRAIN,2007-12-05 13:35:00+00:00,-1,6.7000000000000455,0.0,-6.655291911197082
PREFADE-S,SPX500_TRAIN,2007-12-06 12:47:00+00:00,1,4.0,1.0,-3.450816272099928
PREFADE-S,SPX500_TRAIN,2007-12-07 13:10:00+00:00,-1,6.2000000000000455,0.5,-4.431965190181472
PREFADE-S,SPX500_TRAIN,2007-12-10 13:01:00+00:00,-1,0.7000000000000455,5.0,4.5
PREFADE-S,SPX500_TRAIN,2007-12-12 14:01:00+00:00,-1,13.200000000000045,0.0,-10.239634403609216
PREFADE-S,SPX500_TRAIN,2007-12-13 13:08:00+00:00,1,5.5,4.300000000000182,4.054674847374827
PREFADE-S,SPX500_TRAIN,2007-12-14 13:31:00+00:00,1,4.2999999999999545,3.2000000000000455,3.1780597123104144
PREFADE-S,SPX500_TRAIN,2007-12-20 13:17:00+00:00,-1,5.199999999999818,1.300000000000182,-5.017517649957881
PREFADE-S,SPX500_TRAIN,2007-12-24 12:53:00+00:00,-1,3.0,1.2000000000000455,-2.733936746741392
PREFADE-S,SPX500_TRAIN,2007-12-26 12:42:00+00:00,1,3.7000000000000455,1.0,-2.4791686877870234
PREFADE-S,SPX500_TRAIN,2007-12-27 13:31:00+00:00,1,3.7000000000000455,0.0,-3.2565220435992615
PREFADE-S,SPX500_TRAIN,2007-12-27 13:40:00+00:00,1,5.0,2.2000000000000455,-4.909315659759159
PREFADE-S,SPX500_TRAIN,2007-12-31 14:03:00+00:00,1,3.2000000000000455,0.1999999999998181,-2.5
PREFADE-S,SPX500_TRAIN,2008-01-02 12:47:00+00:00,1,2.2000000000000455,0.5,-2.082886156286577
PREFADE-S,SPX500_TRAIN,2008-01-02 14:22:00+00:00,1,1.7000000000000455,2.2999999999999545,1.936076260809159
PREFADE-S,SPX500_TRAIN,2008-01-04 13:31:00+00:00,1,6.400000000000091,2.0,-6.079408753008238
PREFADE-S,SPX500_TRAIN,2008-01-08 12:49:00+00:00,-1,2.0,4.0,3.8810836051598017
PREFADE-S,SPX500_TRAIN,2008-01-09 13:12:00+00:00,1,3.0,5.0,3.1250748380746245
PREFADE-S,SPX500_TRAIN,2008-01-10 13:35:00+00:00,1,4.400000000000091,2.0,1.977903184108527
PREFADE-S,SPX500_TRAIN,2008-01-15 12:41:00+00:00,1,7.7000000000000455,2.2000000000000455,-6.813567424544772
PREFADE-S,SPX500_TRAIN,2008-01-16 12:43:00+00:00,-1,1.0,3.5,3.0931863709299705
PREFADE-S,SPX500_TRAIN,2008-01-16 13:27:00+00:00,-1,2.0,4.2000000000000455,3.7229376804984895
PREFADE-S,SPX500_TRAIN,2008-01-16 14:06:00+00:00,-1,5.0,1.5,-4.8070766227933746
PREFADE-S,SPX500_TRAIN,2008-01-18 12:54:00+00:00,-1,1.0,8.0,7.269852538722489
PREFADE-S,SPX500_TRAIN,2008-01-22 13:21:00+00:00,-1,7.900000000000091,24.700000000000045,17.0710051257372
PREFADE-S,SPX500_TRAIN,2008-01-23 13:14:00+00:00,1,17.700000000000045,11.699999999999818,11.06268565116443
PREFADE-S,SPX500_TRAIN,2008-01-25 14:29:00+00:00,-1,3.0,5.0,4.623795025758227
PREFADE-S,SPX500_TRAIN,2008-01-29 13:19:00+00:00,-1,5.199999999999818,2.5,2.115839242597076
PREFADE-S,SPX500_TRAIN,2008-01-30 13:23:00+00:00,-1,2.2999999999999545,3.400000000000091,3.0523625044622804
PREFADE-S,SPX500_TRAIN,2008-01-31 13:34:00+00:00,1,3.7000000000000455,6.7999999999999545,6.558843033163157
PREFADE-S,SPX500_TRAIN,2008-02-04 13:21:00+00:00,1,4.2000000000000455,2.5,-4.191637078143003
PREFADE-S,SPX500_TRAIN,2008-02-05 12:46:00+00:00,1,6.400000000000091,1.0,-5.2000000000000455
PREFADE-S,SPX500_TRAIN,2008-02-05 14:24:00+00:00,1,7.0,6.199999999999818,-4.5
PREFADE-S,SPX500_TRAIN,2008-02-07 12:52:00+00:00,1,6.400000000000091,4.7999999999999545,3.604950057745782
PREFADE-S,SPX500_TRAIN,2008-02-08 13:45:00+00:00,1,0.0,7.7000000000000455,7.336384100627129
PREFADE-S,SPX500_TRAIN,2008-02-11 12:37:00+00:00,-1,3.0,4.400000000000091,4.014080336190773
PREFADE-S,SPX500_TRAIN,2008-02-12 13:05:00+00:00,-1,9.399999999999864,2.800000000000182,-8.719851186921233
PREFADE-S,SPX500_TRAIN,2008-02-13 13:31:00+00:00,-1,3.2000000000000455,7.2000000000000455,6.6250471530916
PREFADE-S,SPX500_TRAIN,2008-02-15 12:56:00+00:00,1,7.2999999999999545,3.0,1.809851549456198
PREFADE-S,SPX500_TRAIN,2008-02-19 13:06:00+00:00,-1,2.2000000000000455,5.0,3.9915517182184885
PREFADE-S,SPX500_TRAIN,2008-02-20 13:28:00+00:00,1,5.900000000000091,4.5,3.0922451152287067
PREFADE-S,SPX500_TRAIN,2008-02-22 12:50:00+00:00,1,0.0,3.699999999999818,2.719290967013876
PREFADE-S,SPX500_TRAIN,2008-02-22 13:27:00+00:00,-1,3.5,0.5,-3.461039311619743
PREFADE-S,SPX500_TRAIN,2008-02-25 12:47:00+00:00,1,5.2000000000000455,1.7999999999999545,-5.121619366181449
PREFADE-S,SPX500_TRAIN,2008-02-26 13:31:00+00:00,1,2.0,3.0,2.810164031328668
PREFADE-S,SPX500_TRAIN,2008-02-27 12:57:00+00:00,1,4.5,1.7000000000000455,-4.453360988763279
PREFADE-S,SPX500_TRAIN,2008-02-27 13:31:00+00:00,1,1.5,5.5,4.806163992636812
PREFADE-S,SPX500_TRAIN,2008-02-28 13:03:00+00:00,1,3.7999999999999545,2.2000000000000455,1.2108124418268744
PREFADE-S,SPX500_TRAIN,2008-02-29 12:39:00+00:00,1,8.5,4.5,-8.469629394238382
PREFADE-S,SPX500_TRAIN,2008-03-03 13:01:00+00:00,-1,3.0,2.5,2.4351064409154333
PREFADE-S,SPX500_TRAIN,2008-03-05 12:58:00+00:00,-1,1.0,4.800000000000182,4.554982721609349
PREFADE-S,SPX500_TRAIN,2008-03-06 13:21:00+00:00,1,7.400000000000091,6.2999999999999545,-4.7000000000000455
PREFADE-S,SPX500_TRAIN,2008-03-07 13:16:00+00:00,-1,0.0,12.0,8.420053121594947
PREFADE-S,SPX500_TRAIN,2008-03-07 13:27:00+00:00,1,0.0,10.199999999999818,7.408685842100795
PREFADE-S,SPX500_TRAIN,2008-03-07 13:31:00+00:00,1,9.5,1.0,-8.20968244017331
PREFADE-S,SPX500_TRAIN,2008-03-07 13:53:00+00:00,1,1.0,9.5,9.061892483666725
PREFADE-S,SPX500_TRAIN,2008-03-11 12:31:00+00:00,-1,8.0,0.20000000000004547,-7.482429909522125
PREFADE-S,SPX500_TRAIN,2008-03-14 12:31:00+00:00,-1,14.0,0.2999999999999545,-8.521843069671604
PREFADE-S,SPX500_TRAIN,2008-03-18 11:52:00+00:00,-1,10.799999999999955,2.7999999999999545,-10.400915024217966
PREFADE-S,SPX500_TRAIN,2008-03-19 13:09:00+00:00,-1,6.7000000000000455,5.2999999999999545,4.529064468009437
PREFADE-S,SPX500_TRAIN,2008-03-24 12:50:00+00:00,-1,7.2999999999999545,2.2000000000000455,-7.113174639191129
PREFADE-S,SPX500_TRAIN,2008-03-26 11:51:00+00:00,1,0.5,2.5,2.4241270966977027
PREFADE-S,SPX500_TRAIN,2008-03-26 12:31:00+00:00,1,0.5,2.5,2.134879377641255
PREFADE-S,SPX500_TRAIN,2008-03-27 12:41:00+00:00,-1,0.7000000000000455,6.2999999999999545,5.684742131105168
PREFADE-S,SPX500_TRAIN,2008-03-28 12:51:00+00:00,1,2.5,4.0,3.2732813704758428
PREFADE-S,SPX500_TRAIN,2008-04-02 11:52:00+00:00,-1,5.5,2.0,1.9397267723529694
PREFADE-S,SPX500_TRAIN,2008-04-03 12:31:00+00:00,1,4.0,2.2000000000000455,2.192349512044075
PREFADE-S,SPX500_TRAIN,2008-04-04 12:20:00+00:00,-1,5.400000000000091,9.0,5.234922034384681
PREFADE-S,SPX500_TRAIN,2008-04-04 12:34:00+00:00,1,0.5,7.0,5.527982833989881
PREFADE-S,SPX500_TRAIN,2008-04-14 11:58:00+00:00,1,2.5,3.0,2.8847468584363014
PREFADE-S,SPX500_TRAIN,2008-04-15 12:18:00+00:00,-1,0.7999999999999545,4.0,2.465971577262735
PREFADE-S,SPX500_TRAIN,2008-04-15 12:32:00+00:00,-1,3.0,2.2999999999999545,1.722746388381438
PREFADE-S,SPX500_TRAIN,2008-04-16 12:06:00+00:00,-1,1.0,3.0,2.4365795072776564
PREFADE-S,SPX500_TRAIN,2008-04-16 12:31:00+00:00,-1,4.7999999999999545,0.20000000000004547,-4.531550304807979
PREFADE-S,SPX500_TRAIN,2008-04-17 12:09:00+00:00,1,4.0,1.7999999999999545,0.7629162459729741
PREFADE-S,SPX500_TRAIN,2008-04-21 11:36:00+00:00,1,1.0,4.2000000000000455,3.575568727781956
PREFADE-S,SPX500_TRAIN,2008-04-24 12:45:00+00:00,-1,6.7000000000000455,2.5,-5.891032399069218
PREFADE-S,SPX500_TRAIN,2008-04-25 13:17:00+00:00,-1,0.0,5.800000000000182,5.5880758166260875
PREFADE-S,SPX500_TRAIN,2008-04-30 12:31:00+00:00,-1,1.2000000000000455,3.5,3.2314829922784156
PREFADE-S,SPX500_TRAIN,2008-05-01 12:31:00+00:00,1,0.5,2.5,2.3931985017193256
PREFADE-S,SPX500_TRAIN,2008-05-01 13:06:00+00:00,1,1.7000000000000455,1.7999999999999545,1.6560721118917172
PREFADE-S,SPX500_TRAIN,2008-05-02 12:15:00+00:00,-1,2.7999999999999545,3.2000000000000455,3.0
PREFADE-S,SPX500_TRAIN,2008-05-02 12:31:00+00:00,-1,3.7000000000000455,5.7999999999999545,5.448527896565793
PREFADE-S,SPX500_TRAIN,2008-05-08 11:47:00+00:00,-1,0.0,3.5,2.535496660604622
PREFADE-S,SPX500_TRAIN,2008-05-13 12:46:00+00:00,-1,2.5,4.5,4.10201236007083
PREFADE-S,SPX500_TRAIN,2008-05-14 12:31:00+00:00,-1,4.7000000000000455,1.0,-4.619884979783137
PREFADE-S,SPX500_TRAIN,2008-05-15 11:49:00+00:00,-1,2.7000000000000455,1.5,1.2904113618226347
PREFADE-S,SPX500_TRAIN,2008-05-19 12:03:00+00:00,-1,1.2999999999999545,0.5,0.3101664857263131
PREFADE-S,SPX500_TRAIN,2008-05-20 12:38:00+00:00,1,5.5,1.5,-4.888827509739713
PREFADE-S,SPX500_TRAIN,2008-05-22 11:44:00+00:00,1,2.2000000000000455,2.7999999999999545,2.589950863905642
PREFADE-S,SPX500_TRAIN,2008-05-28 11:56:00+00:00,-1,3.2999999999999545,3.0,2.9352035752956454
PREFADE-S,SPX500_TRAIN,2008-05-29 13:00:00+00:00,1,1.2000000000000455,2.7999999999999545,2.6246223527691654
PREFADE-S,SPX500_TRAIN,2008-05-30 12:31:00+00:00,-1,1.7999999999999545,2.5,2.3225562978516336
PREFADE-S,SPX500_TRAIN,2008-06-03 12:25:00+00:00,-1,1.5,2.7999999999999545,2.675918481325425
PREFADE-S,SPX500_TRAIN,2008-06-05 12:15:00+00:00,-1,4.0,2.2000000000000455,2.017669448649258
PREFADE-S,SPX500_TRAIN,2008-06-06 12:29:00+00:00,-1,1.5,9.299999999999955,2.5
PREFADE-S,SPX500_TRAIN,2008-06-06 12:52:00+00:00,1,9.0,1.5,-8.998040358484104
PREFADE-S,SPX500_TRAIN,2008-06-12 12:31:00+00:00,-1,0.5,8.0,6.919795970444511
PREFADE-S,SPX500_TRAIN,2008-06-13 12:12:00+00:00,-1,1.0,5.199999999999818,2.988870095103948
PREFADE-S,SPX500_TRAIN,2008-06-13 12:33:00+00:00,-1,3.699999999999818,3.300000000000182,2.845551768748919
PREFADE-S,SPX500_TRAIN,2008-06-16 12:31:00+00:00,1,5.2000000000000455,1.0,-4.497089959015284
PREFADE-S,SPX500_TRAIN,2008-06-17 12:26:00+00:00,-1,3.2000000000000455,2.7999999999999545,1.6004252222226114
PREFADE-S,SPX500_TRAIN,2008-06-18 11:56:00+00:00,1,3.2999999999999545,4.0,3.817488224982526
PREFADE-S,SPX500_TRAIN,2008-06-19 11:37:00+00:00,-1,2.2000000000000455,2.7999999999999545,2.2999999999999545
PREFADE-S,SPX500_TRAIN,2008-06-20 11:54:00+00:00,1,6.5,5.0,-1.039407574274037
PREFADE-S,SPX500_TRAIN,2008-06-23 12:40:00+00:00,-1,1.0,3.0,2.8231006579069344
PREFADE-S,SPX500_TRAIN,2008-06-26 11:41:00+00:00,1,4.7000000000000455,0.2999999999999545,-4.0153699068407604
PREFADE-S,SPX500_TRAIN,2008-06-26 12:35:00+00:00,1,8.799999999999955,1.5,-8.537670567571695
PREFADE-S,SPX500_TRAIN,2008-07-03 11:48:00+00:00,1,2.0,2.800000000000182,2.4091432679108493
PREFADE-S,SPX500_TRAIN,2008-07-03 12:31:00+00:00,-1,1.0,1.800000000000182,0.39177711771617396
PREFADE-S,SPX500_TRAIN,2008-07-03 12:33:00+00:00,-1,5.0,3.0,-4.342099495816456
PREFADE-S,SPX500_TRAIN,2008-07-03 13:24:00+00:00,-1,0.0,7.699999999999818,6.612185460380715
PREFADE-S,SPX500_TRAIN,2008-07-07 13:17:00+00:00,-1,6.7000000000000455,0.2999999999999545,-6.5501101816585106
PREFADE-S,SPX500_TRAIN,2008-07-08 12:31:00+00:00,-1,5.2999999999999545,4.7000000000000455,4.023492681839571
PREFADE-S,SPX500_TRAIN,2008-07-09 11:54:00+00:00,-1,3.5,1.5,1.3946386337715921
PREFADE-S,SPX500_TRAIN,2008-07-10 13:02:00+00:00,1,1.2999999999999545,6.0,5.583086380480381
PREFADE-S,SPX500_TRAIN,2008-07-11 11:47:00+00:00,1,5.5,6.0,5.814518649663796
PREFADE-S,SPX500_TRAIN,2008-07-18 11:46:00+00:00,-1,2.2999999999999545,7.5,7.128956238428827
PREFADE-S,SPX500_TRAIN,2008-07-25 11:49:00+00:00,-1,3.5,2.7999999999999545,2.162632218340832
PREFADE-S,SPX500_TRAIN,2008-07-29 11:33:00+00:00,-1,2.2000000000000455,2.2999999999999545,2.169730156489777
PREFADE-S,SPX500_TRAIN,2008-07-30 12:16:00+00:00,-1,3.2999999999999545,0.20000000000004547,-2.935984330296151
PREFADE-S,SPX500_TRAIN,2008-07-31 11:35:00+00:00,-1,3.2000000000000455,6.5,2.3697705853981006
PREFADE-S,SPX500_TRAIN,2008-07-31 12:32:00+00:00,1,6.2000000000000455,2.0,-5.805258015344407
PREFADE-S,SPX500_TRAIN,2008-08-01 12:31:00+00:00,-1,0.8000000000001819,4.5,3.457207447306473
PREFADE-S,SPX500_TRAIN,2008-08-07 12:31:00+00:00,1,7.0,1.5,-4.960389925731988
PREFADE-S,SPX500_TRAIN,2008-08-08 11:56:00+00:00,1,4.5,2.5,-3.8019263525256974
PREFADE-S,SPX500_TRAIN,2008-08-11 11:36:00+00:00,-1,1.5,2.7999999999999545,2.317565315494676
PREFADE-S,SPX500_TRAIN,2008-08-13 11:48:00+00:00,1,3.0,0.2999999999999545,-2.7378492529003324
PREFADE-S,SPX500_TRAIN,2008-08-13 12:31:00+00:00,1,6.5,1.5,-6.06778508196885
PREFADE-S,SPX500_TRAIN,2008-08-14 12:31:00+00:00,1,3.7999999999999545,0.7000000000000455,-3.5569615908088963
PREFADE-S,SPX500_TRAIN,2008-08-14 12:54:00+00:00,1,2.0,5.5,4.834560159292778
PREFADE-S,SPX500_TRAIN,2008-08-15 11:39:00+00:00,1,1.0,2.5,2.0239543503664663
PREFADE-S,SPX500_TRAIN,2008-08-19 11:35:00+00:00,1,6.5,0.7000000000000455,-4.490385532479422
PREFADE-S,SPX500_TRAIN,2008-08-19 12:54:00+00:00,1,4.0,5.7999999999999545,-2.5
PREFADE-S,SPX500_TRAIN,2008-08-20 12:49:00+00:00,1,0.20000000000004547,3.5,2.9188686210093238
PREFADE-S,SPX500_TRAIN,2008-08-22 11:31:00+00:00,-1,8.0,0.2999999999999545,-5.419707150383601
PREFADE-S,SPX500_TRAIN,2008-08-25 11:54:00+00:00,-1,1.2999999999999545,2.5,1.7998119521664648
PREFADE-S,SPX500_TRAIN,2008-08-25 12:36:00+00:00,1,3.2999999999999545,0.20000000000004547,-2.955005293234308
PREFADE-S,SPX500_TRAIN,2008-08-26 12:08:00+00:00,1,1.5,3.2000000000000455,3.0683296691995565
PREFADE-S,SPX500_TRAIN,2008-08-27 12:32:00+00:00,-1,2.7000000000000455,2.7999999999999545,2.696888744107582
PREFADE-S,SPX500_TRAIN,2008-08-28 12:30:00+00:00,-1,5.7999999999999545,0.0,-5.542580035884157
PREFADE-S,SPX500_TRAIN,2008-08-29 11:49:00+00:00,-1,0.5,2.5,1.8180068502410904
PREFADE-S,SPX500_TRAIN,2008-09-04 12:31:00+00:00,1,5.5,0.1999999999998181,-5.415235895737396
PREFADE-S,SPX500_TRAIN,2008-09-04 13:29:00+00:00,1,7.5,2.5,-7.0008564342940645
PREFADE-S,SPX500_TRAIN,2008-09-05 12:31:00+00:00,1,3.199999999999818,7.300000000000182,5.979975869020109
PREFADE-S,SPX500_TRAIN,2008-09-08 12:36:00+00:00,-1,0.2999999999999545,6.2000000000000455,5.8894902324962
PREFADE-S,SPX500_TRAIN,2008-09-10 11:42:00+00:00,1,8.700000000000045,2.0,-7.528631103719135
PREFADE-S,SPX500_TRAIN,2008-09-11 11:46:00+00:00,1,4.5,4.2999999999999545,3.7169503559819077
PREFADE-S,SPX500_TRAIN,2008-09-12 11:58:00+00:00,1,4.7000000000000455,0.0,-4.4974252524039
PREFADE-S,SPX500_TRAIN,2008-09-12 12:45:00+00:00,1,8.0,0.20000000000004547,-7.404987467234605
PREFADE-S,SPX500_TRAIN,2008-09-15 11:32:00+00:00,1,0.20000000000004547,10.799999999999955,10.442732390820083
PREFADE-S,SPX500_TRAIN,2008-09-16 12:40:00+00:00,1,10.0,10.700000000000045,9.167339904083292
PREFADE-S,SPX500_TRAIN,2008-09-17 12:37:00+00:00,1,20.799999999999955,2.5,-20.04769825961239
PREFADE-S,SPX500_TRAIN,2008-09-19 11:39:00+00:00,-1,25.90000000000009,5.7999999999999545,-25.244188163752142
PREFADE-S,SPX500_TRAIN,2008-09-22 12:24:00+00:00,-1,5.400000000000091,6.5,6.036490501443268
PREFADE-S,SPX500_TRAIN,2008-09-23 11:54:00+00:00,1,1.7000000000000455,5.7000000000000455,5.259249539401253
PREFADE-S,SPX500_TRAIN,2008-09-24 11:33:00+00:00,1,6.400000000000091,4.7999999999999545,4.355301670991594
PREFADE-S,SPX500_TRAIN,2008-09-24 13:28:00+00:00,1,10.200000000000045,1.0,-9.766121248287618
PREFADE-S,SPX500_TRAIN,2008-09-25 12:20:00+00:00,-1,4.400000000000091,6.2999999999999545,6.149510569185622
PREFADE-S,SPX500_TRAIN,2008-09-26 12:40:00+00:00,1,1.2000000000000455,9.5,8.884837626452054
PREFADE-S,SPX500_TRAIN,2008-10-03 12:28:00+00:00,1,4.0,5.0,4.076343510895185
PREFADE-S,SPX500_TRAIN,2008-10-03 12:37:00+00:00,-1,8.0,4.2000000000000455,-7.367974035583529
PREFADE-S,SPX500_TRAIN,2008-10-07 13:07:00+00:00,-1,2.5,17.699999999999818,14.076806848651358
PREFADE-S,SPX500_TRAIN,2008-10-08 11:56:00+00:00,-1,8.200000000000045,31.699999999999932,31.346599182958016
PREFADE-S,SPX500_TRAIN,2008-10-10 12:59:00+00:00,1,33.89999999999998,10.199999999999932,-20.95534418561556
PREFADE-S,SPX500_TRAIN,2008-10-14 12:15:00+00:00,-1,17.0,11.400000000000091,10.167771861950769
PREFADE-S,SPX500_TRAIN,2008-10-15 12:20:00+00:00,1,14.700000000000045,1.5,-14.49937302852095
PREFADE-S,SPX500_TRAIN,2008-10-16 12:36:00+00:00,-1,8.199999999999932,19.200000000000045,17.85152136526426
PREFADE-S,SPX500_TRAIN,2008-10-21 11:38:00+00:00,1,9.700000000000045,4.2000000000000455,-8.978993830749914
PREFADE-S,SPX500_TRAIN,2008-10-23 11:37:00+00:00,1,11.199999999999932,11.5,10.02430711078216
PREFADE-S,SPX500_TRAIN,2008-10-29 11:35:00+00:00,-1,14.700000000000045,2.199999999999932,-14.700000000000045
PREFADE-S,SPX500_TRAIN,2008-11-03 13:23:00+00:00,1,1.3000000000000682,6.199999999999932,6.198095355332612
PREFADE-S,SPX500_TRAIN,2008-11-06 12:32:00+00:00,-1,4.2000000000000455,10.799999999999955,7.161020159189093
PREFADE-S,SPX500_TRAIN,2008-11-06 12:57:00+00:00,1,4.2000000000000455,6.0,5.766222461124471
PREFADE-S,SPX500_TRAIN,2008-11-07 13:32:00+00:00,1,6.5,8.899999999999977,7.2808751300945005
PREFADE-S,SPX500_TRAIN,2008-11-12 12:59:00+00:00,1,12.199999999999932,2.800000000000068,-12.012285421372553
PREFADE-S,SPX500_TRAIN,2008-11-14 13:07:00+00:00,1,2.2999999999999545,6.7000000000000455,5.694105541170757
PREFADE-S,SPX500_TRAIN,2008-11-19 13:17:00+00:00,1,3.7999999999999545,6.7000000000000455,6.200612119872403
PREFADE-S,SPX500_TRAIN,2008-11-20 13:52:00+00:00,1,3.2999999999999545,8.400000000000091,8.368000767216927
PREFADE-S,SPX500_TRAIN,2008-11-24 12:43:00+00:00,-1,19.399999999999977,9.299999999999955,-16.200000000000045
PREFADE-S,SPX500_TRAIN,2008-11-25 13:17:00+00:00,-1,12.700000000000045,2.7999999999999545,-11.491286585272064
PREFADE-S,SPX500_TRAIN,2008-11-26 12:39:00+00:00,1,10.199999999999932,2.300000000000068,-8.699753045937541
PREFADE-S,SPX500_TRAIN,2008-11-28 12:51:00+00:00,1,0.20000000000004547,7.199999999999932,6.462493843298603
PREFADE-S,SPX500_TRAIN,2008-12-03 13:27:00+00:00,1,4.0,6.800000000000068,6.339165903233493
PREFADE-S,SPX500_TRAIN,2008-12-04 13:10:00+00:00,1,6.7000000000000455,8.0,5.819401674525579
PREFADE-S,SPX500_TRAIN,2008-12-05 13:29:00+00:00,1,13.200000000000045,1.2000000000000455,-10.976570716714605
PREFADE-S,SPX500_TRAIN,2008-12-12 14:10:00+00:00,-1,17.700000000000045,7.5,-11.700000000000045
PREFADE-S,SPX500_TRAIN,2008-12-16 13:07:00+00:00,-1,2.0,5.5,5.233632530265254
PREFADE-S,SPX500_TRAIN,2008-12-18 13:21:00+00:00,-1,3.2000000000000455,2.5,2.480725267255252
PREFADE-S,SPX500_TRAIN,2008-12-19 13:13:00+00:00,-1,6.2000000000000455,2.7999999999999545,-6.1915519585497805
PREFADE-S,SPX500_TRAIN,2008-12-23 14:15:00+00:00,-1,0.2999999999999545,3.300000000000068,3.1900502351863906
PREFADE-S,SPX500_TRAIN,2008-12-24 12:42:00+00:00,1,1.2999999999999545,2.800000000000068,1.6051565178485134
PREFADE-S,SPX500_TRAIN,2008-12-24 13:53:00+00:00,-1,1.6999999999999318,2.0,1.7117371008430382
PREFADE-S,SPX500_TRAIN,2008-12-26 12:43:00+00:00,-1,1.2999999999999545,1.0,0.9681782142074553
PREFADE-S,SPX500_TRAIN,2009-01-02 13:18:00+00:00,1,1.5,3.7000000000000455,3.548790799222729
PREFADE-S,SPX500_TRAIN,2009-01-05 13:09:00+00:00,1,3.2999999999999545,2.5,2.381199016581945
PREFADE-S,SPX500_TRAIN,2009-01-06 12:55:00+00:00,-1,6.2999999999999545,4.5,3.094877776909584
PREFADE-S,SPX500_TRAIN,2009-01-07 13:16:00+00:00,1,6.800000000000068,1.0,-6.316515987570142
PREFADE-S,SPX500_TRAIN,2009-01-08 12:33:00+00:00,1,5.699999999999932,0.0,-5.528502724925829
PREFADE-S,SPX500_TRAIN,2009-01-08 13:30:00+00:00,1,0.0,7.600000000000023,7.188905379767789
PREFADE-S,SPX500_TRAIN,2009-01-09 13:31:00+00:00,-1,4.7999999999999545,3.5,3.4052227220873874
PREFADE-S,SPX500_TRAIN,2009-01-14 13:12:00+00:00,1,14.100000000000023,2.0,-13.251163777621741
PREFADE-S,SPX500_TRAIN,2009-01-15 13:46:00+00:00,-1,1.0,6.300000000000068,5.100000000000023
PREFADE-S,SPX500_TRAIN,2009-01-19 12:40:00+00:00,1,8.0,1.3000000000000682,-7.077414569688017
PREFADE-S,SPX500_TRAIN,2009-01-21 14:20:00+00:00,-1,4.199999999999932,5.100000000000023,4.096849370902987
PREFADE-S,SPX500_TRAIN,2009-01-22 13:32:00+00:00,1,10.299999999999955,3.800000000000068,-9.10220689764958
PREFADE-S,SPX500_TRAIN,2009-01-26 13:44:00+00:00,-1,14.299999999999955,2.7999999999999545,-11.31713849905941
PREFADE-S,SPX500_TRAIN,2009-01-28 13:22:00+00:00,-1,0.2999999999999545,6.0,5.786786985300296
PREFADE-S,SPX500_TRAIN,2009-02-04 13:20:00+00:00,-1,4.2999999999999545,2.5,-4.086513362204187
PREFADE-S,SPX500_TRAIN,2009-02-05 12:51:00+00:00,1,0.0,4.0,3.7066235299078016
PREFADE-S,SPX500_TRAIN,2009-02-05 13:34:00+00:00,1,1.0,4.0,3.684228643745655
PREFADE-S,SPX500_TRAIN,2009-02-06 13:33:00+00:00,-1,0.0,2.800000000000068,2.667809006105017
PREFADE-S,SPX500_TRAIN,2009-02-06 13:35:00+00:00,-1,4.7999999999999545,1.3000000000000682,-3.514420440607978
PREFADE-S,SPX500_TRAIN,2009-02-09 14:26:00+00:00,-1,1.0,5.300000000000068,5.217172632129518
PREFADE-S,SPX500_TRAIN,2009-02-10 12:35:00+00:00,-1,2.2000000000000455,4.7999999999999545,4.40552760717253
PREFADE-S,SPX500_TRAIN,2009-02-11 12:34:00+00:00,1,3.2999999999999545,3.2000000000000455,2.5677785645356153
PREFADE-S,SPX500_TRAIN,2009-02-12 14:14:00+00:00,1,10.299999999999955,0.5,-8.605782700397867
PREFADE-S,SPX500_TRAIN,2009-02-13 13:33:00+00:00,1,4.5,1.7000000000000455,-4.336409306846576
PREFADE-S,SPX500_TRAIN,2009-02-13 14:14:00+00:00,1,4.7000000000000455,3.0,2.651289730821418
PREFADE-S,SPX500_TRAIN,2009-02-17 13:33:00+00:00,1,7.2999999999999545,2.2000000000000455,-6.050782980581062
PREFADE-S,SPX500_TRAIN,2009-02-18 14:04:00+00:00,-1,1.5,4.2000000000000455,3.996512393893113
PREFADE-S,SPX500_TRAIN,2009-02-19 13:56:00+00:00,-1,2.800000000000068,4.699999999999932,4.414967860711727
PREFADE-S,SPX500_TRAIN,2009-02-20 14:07:00+00:00,1,1.1999999999999318,6.300000000000068,5.513788982934784
PREFADE-S,SPX500_TRAIN,2009-02-26 12:44:00+00:00,-1,3.0,5.2999999999999545,4.756472362074533
PREFADE-S,SPX500_TRAIN,2009-02-27 13:13:00+00:00,1,10.700000000000045,1.0,-10.521434525535255
PREFADE-S,SPX500_TRAIN,2009-03-06 13:31:00+00:00,-1,6.2999999999999545,2.0,1.4674362997335493
PREFADE-S,SPX500_TRAIN,2009-03-06 13:54:00+00:00,-1,1.2000000000000455,7.2999999999999545,6.314099839666824
PREFADE-S,SPX500_TRAIN,2009-03-12 12:31:00+00:00,-1,1.5,5.0,3.5980628034608344
PREFADE-S,SPX500_TRAIN,2009-03-12 13:18:00+00:00,-1,1.7000000000000455,4.0,3.8371737918130293
PREFADE-S,SPX500_TRAIN,2009-03-17 12:06:00+00:00,1,1.0,4.2999999999999545,4.0
PREFADE-S,SPX500_TRAIN,2009-03-18 12:02:00+00:00,1,4.2000000000000455,2.0,-3.6019707340657305
PREFADE-S,SPX500_TRAIN,2009-03-19 12:28:00+00:00,-1,7.0,4.5,2.6299104075277455
PREFADE-S,SPX500_TRAIN,2009-03-20 11:38:00+00:00,-1,5.2000000000000455,0.0,-5.2000000000000455
PREFADE-S,SPX500_TRAIN,2009-03-27 12:01:00+00:00,1,6.2999999999999545,2.7000000000000455,0.9951924255714175
PREFADE-S,SPX500_TRAIN,2009-04-01 11:32:00+00:00,-1,0.7999999999999545,5.5,4.629207407136164
PREFADE-S,SPX500_TRAIN,2009-04-03 12:29:00+00:00,-1,4.2999999999999545,7.0,4.310905849531082
PREFADE-S,SPX500_TRAIN,2009-04-07 11:51:00+00:00,1,1.7000000000000455,6.7999999999999545,6.2680974642617
PREFADE-S,SPX500_TRAIN,2009-04-08 12:20:00+00:00,-1,7.5,2.5,1.9702231207285195
PREFADE-S,SPX500_TRAIN,2009-04-09 12:02:00+00:00,-1,5.2999999999999545,0.5,-5.268717752913176
PREFADE-S,SPX500_TRAIN,2009-04-13 11:49:00+00:00,1,0.2999999999999545,2.0,2.0
PREFADE-S,SPX500_TRAIN,2009-04-13 13:26:00+00:00,1,2.5,1.2000000000000455,-2.4692674570444524
PREFADE-S,SPX500_TRAIN,2009-04-14 12:09:00+00:00,-1,1.5,6.0,5.831054490628844
PREFADE-S,SPX500_TRAIN,2009-04-16 12:33:00+00:00,-1,0.7999999999999545,6.5,5.654983519680968
PREFADE-S,SPX500_TRAIN,2009-04-17 12:05:00+00:00,-1,0.5,5.600000000000023,4.885798680384141
PREFADE-S,SPX500_TRAIN,2009-04-20 11:57:00+00:00,1,8.0,1.6999999999999318,-7.686580763615211
PREFADE-S,SPX500_TRAIN,2009-04-21 11:34:00+00:00,1,4.100000000000023,3.5,3.4958028223724114
PREFADE-S,SPX500_TRAIN,2009-04-22 12:20:00+00:00,1,2.2999999999999545,3.800000000000068,2.9410764369902154
PREFADE-S,SPX500_TRAIN,2009-04-24 12:31:00+00:00,-1,6.2000000000000455,3.7999999999999545,-5.5
PREFADE-S,SPX500_TRAIN,2009-05-06 12:16:00+00:00,-1,5.5,4.5,4.056040339324113
PREFADE-S,SPX500_TRAIN,2009-05-07 11:40:00+00:00,-1,5.300000000000068,3.699999999999932,2.8679015551933844
PREFADE-S,SPX500_TRAIN,2009-05-08 11:53:00+00:00,-1,1.7000000000000455,5.0,4.421098207596515
PREFADE-S,SPX500_TRAIN,2009-05-13 12:25:00+00:00,1,9.700000000000045,1.7999999999999545,-6.5
PREFADE-S,SPX500_TRAIN,2009-05-14 12:31:00+00:00,1,0.5,5.0,4.107092670210477
PREFADE-S,SPX500_TRAIN,2009-05-15 11:46:00+00:00,1,1.7000000000000455,3.7999999999999545,3.7999999999999545
PREFADE-S,SPX500_TRAIN,2009-05-18 11:41:00+00:00,-1,4.2999999999999545,2.5,-2.5
PREFADE-S,SPX500_TRAIN,2009-05-21 12:32:00+00:00,1,4.7999999999999545,0.5,-4.359824464138001
PREFADE-S,SPX500_TRAIN,2009-05-28 13:21:00+00:00,-1,4.0,4.0,2.675777075911583
PREFADE-S,SPX500_TRAIN,2009-06-02 11:40:00+00:00,-1,1.6000000000000227,2.5,2.400495731596493
PREFADE-S,SPX500_TRAIN,2009-06-05 11:55:00+00:00,-1,9.5,2.0,-3.7262430679195404
PREFADE-S,SPX500_TRAIN,2009-06-09 11:49:00+00:00,-1,3.2999999999999545,2.5,1.873032679625112
PREFADE-S,SPX500_TRAIN,2009-06-11 12:33:00+00:00,1,3.2999999999999545,3.2000000000000455,1.858701869129277
PREFADE-S,SPX500_TRAIN,2009-06-12 12:17:00+00:00,1,3.2999999999999545,2.0,1.47669157477128
PREFADE-S,SPX500_TRAIN,2009-06-16 11:51:00+00:00,-1,2.5,1.7999999999999545,1.5558590016368044
PREFADE-S,SPX500_TRAIN,2009-06-17 11:56:00+00:00,1,2.0,3.2999999999999545,3.0
PREFADE-S,SPX500_TRAIN,2009-06-18 11:55:00+00:00,1,0.5,3.5,3.5
PREFADE-S,SPX500_TRAIN,2009-06-19 12:22:00+00:00,-1,2.5,1.0,0.21957770300127777
PREFADE-S,SPX500_TRAIN,2009-06-24 12:31:00+00:00,-1,5.5,2.0,-5.47873669427338
PREFADE-S,SPX500_TRAIN,2009-06-25 12:31:00+00:00,1,3.0,5.600000000000023,4.5
PREFADE-S,SPX500_TRAIN,2009-06-26 12:30:00+00:00,-1,2.800000000000068,1.6999999999999318,1.4783268423720983
PREFADE-S,SPX500_TRAIN,2009-06-26 12:51:00+00:00,1,1.6999999999999318,1.8000000000000682,1.7905897447332109
PREFADE-S,SPX500_TRAIN,2009-07-02 12:31:00+00:00,1,5.7000000000000455,0.0,-5.074946231379613
PREFADE-S,SPX500_TRAIN,2009-07-02 13:03:00+00:00,1,10.300000000000068,0.7999999999999545,-10.067383736818556
PREFADE-S,SPX500_TRAIN,2009-07-09 12:31:00+00:00,-1,2.5,2.0,1.2755767449817768
PREFADE-S,SPX500_TRAIN,2009-07-10 11:54:00+00:00,1,0.7999999999999545,3.2000000000000455,3.1215550204931333
PREFADE-S,SPX500_TRAIN,2009-07-13 12:26:00+00:00,-1,3.2999999999999545,4.0,3.9103982216354325
PREFADE-S,SPX500_TRAIN,2009-07-14 11:33:00+00:00,-1,4.100000000000023,0.5,-3.7492363208680217
PREFADE-S,SPX500_TRAIN,2009-07-15 12:05:00+00:00,-1,3.5,1.5,-3.5
PREFADE-S,SPX500_TRAIN,2009-07-16 12:24:00+00:00,-1,3.7999999999999545,3.5,3.2306804280866572
PREFADE-S,SPX500_TRAIN,2009-07-17 11:35:00+00:00,1,3.2999999999999545,1.7000000000000455,1.5
PREFADE-S,SPX500_TRAIN,2009-07-21 11:31:00+00:00,-1,4.2000000000000455,0.2999999999999545,-3.9798956109626715
PREFADE-S,SPX500_TRAIN,2009-07-21 13:10:00+00:00,-1,0.5,5.800000000000068,5.46735121622271
PREFADE-S,SPX500_TRAIN,2009-07-22 12:09:00+00:00,1,1.5,4.0,3.3167125035564595
PREFADE-S,SPX500_TRAIN,2009-07-23 11:38:00+00:00,-1,2.0,2.099999999999909,1.8260170346327413
PREFADE-S,SPX500_TRAIN,2009-07-28 11:31:00+00:00,1,3.5,0.2999999999999545,-3.2405109029871255
PREFADE-S,SPX500_TRAIN,2009-07-30 12:32:00+00:00,-1,6.800000000000068,2.5,-6.693759814742521
PREFADE-S,SPX500_TRAIN,2009-07-31 12:31:00+00:00,-1,0.5,2.5,0.5479173984548424
PREFADE-S,SPX500_TRAIN,2009-07-31 12:37:00+00:00,1,2.5,3.0,2.8297134226803564
PREFADE-S,SPX500_TRAIN,2009-08-05 11:33:00+00:00,-1,0.5,3.5,2.997731083431745
PREFADE-S,SPX500_TRAIN,2009-08-06 11:42:00+00:00,-1,3.199999999999932,2.0,1.6908560003510047
PREFADE-S,SPX500_TRAIN,2009-08-07 12:31:00+00:00,-1,4.5,1.0,-4.163083620908878
PREFADE-S,SPX500_TRAIN,2009-08-10 11:32:00+00:00,1,1.0,2.0,1.6346966593299612
PREFADE-S,SPX500_TRAIN,2009-08-10 12:28:00+00:00,1,2.5,2.0,1.3662900740202986
PREFADE-S,SPX500_TRAIN,2009-08-11 11:48:00+00:00,1,1.0,3.0,2.386507544697679
PREFADE-S,SPX500_TRAIN,2009-08-11 12:59:00+00:00,1,4.5,0.20000000000004547,-4.494446276061012
PREFADE-S,SPX500_TRAIN,2009-08-14 12:53:00+00:00,1,0.5,2.0,1.9937595315175258
PREFADE-S,SPX500_TRAIN,2009-08-14 13:16:00+00:00,1,3.2000000000000455,1.2999999999999545,-2.743924178025395
PREFADE-S,SPX500_TRAIN,2009-08-20 13:04:00+00:00,1,1.0,5.0,4.053400663896014
PREFADE-S,SPX500_TRAIN,2009-08-25 11:55:00+00:00,-1,9.299999999999955,1.7000000000000455,-5.952743928768086
PREFADE-S,SPX500_TRAIN,2009-08-27 12:30:00+00:00,-1,1.0,3.7000000000000455,3.5606583428534577
PREFADE-S,SPX500_TRAIN,2009-08-28 13:02:00+00:00,-1,1.5,4.5,3.938601368000718
PREFADE-S,SPX500_TRAIN,2009-09-02 12:16:00+00:00,1,1.5,3.2999999999999545,2.368475657910153
PREFADE-S,SPX500_TRAIN,2009-09-03 11:35:00+00:00,-1,0.7000000000000455,5.2999999999999545,4.807534552866969
PREFADE-S,SPX500_TRAIN,2009-09-04 12:36:00+00:00,-1,1.8000000000000682,4.0,3.517569599840499
PREFADE-S,SPX500_TRAIN,2009-09-09 11:42:00+00:00,-1,2.2000000000000455,2.7999999999999545,2.3015283778092908
PREFADE-S,SPX500_TRAIN,2009-09-11 11:48:00+00:00,-1,3.7000000000000455,1.2999999999999545,-3.2776643770321243
PREFADE-S,SPX500_TRAIN,2009-09-15 11:49:00+00:00,-1,2.7999999999999545,1.0,-2.4609066650468776
PREFADE-S,SPX500_TRAIN,2009-09-15 12:47:00+00:00,-1,0.5,4.5,4.2475027207196945
PREFADE-S,SPX500_TRAIN,2009-09-16 13:12:00+00:00,-1,0.6999999999998181,3.5,3.341932230410521
PREFADE-S,SPX500_TRAIN,2009-09-17 12:33:00+00:00,1,2.2000000000000455,1.5,1.4153689485349332
PREFADE-S,SPX500_TRAIN,2009-09-18 12:29:00+00:00,-1,3.7000000000000455,0.2999999999999545,0.1322474649994092
PREFADE-S,SPX500_TRAIN,2009-09-24 12:31:00+00:00,-1,3.300000000000182,2.2999999999999545,2.282525589344914
PREFADE-S,SPX500_TRAIN,2009-09-25 12:31:00+00:00,1,3.0,2.599999999999909,2.208514731421701
PREFADE-S,SPX500_TRAIN,2009-09-28 12:06:00+00:00,-1,6.5,1.7000000000000455,-6.073945722368762
PREFADE-S,SPX500_TRAIN,2009-09-29 13:02:00+00:00,-1,3.2999999999999545,1.7000000000000455,-2.8610572301718094
PREFADE-S,SPX500_TRAIN,2009-09-30 12:33:00+00:00,-1,0.0,4.0,3.822431413734421
PREFADE-S,SPX500_TRAIN,2009-10-01 12:31:00+00:00,1,1.7000000000000455,2.5,2.216111284502631
PREFADE-S,SPX500_TRAIN,2009-10-02 12:21:00+00:00,1,8.000000000000114,1.2999999999999545,-2.410094646785865
PREFADE-S,SPX500_TRAIN,2009-10-07 12:48:00+00:00,1,1.5,3.7000000000000455,3.178027750572028
PREFADE-S,SPX500_TRAIN,2009-10-09 12:11:00+00:00,1,1.7999999999999545,2.5,2.4713147833731455
PREFADE-S,SPX500_TRAIN,2009-10-13 11:54:00+00:00,-1,0.2999999999999545,2.7999999999999545,2.636712424373627
PREFADE-S,SPX500_TRAIN,2009-10-16 12:12:00+00:00,1,6.7999999999999545,1.7000000000000455,-3.7999999999999545
PREFADE-S,SPX500_TRAIN,2009-10-20 11:33:00+00:00,-1,0.5,4.0,3.3705263372053196
PREFADE-S,SPX500_TRAIN,2009-10-21 11:43:00+00:00,1,0.5,5.0,4.7148225790965625
PREFADE-S,SPX500_TRAIN,2009-10-22 12:24:00+00:00,-1,0.0,4.800000000000182,3.833379145956087
PREFADE-S,SPX500_TRAIN,2009-10-29 12:31:00+00:00,-1,4.7999999999999545,2.0,-4.6631894683703194
PREFADE-S,SPX500_TRAIN,2009-10-30 11:33:00+00:00,1,0.20000000000004547,3.2999999999999545,2.715147278980794
PREFADE-S,SPX500_TRAIN,2009-11-04 13:38:00+00:00,-1,1.0,3.5,3.487913350462577
PREFADE-S,SPX500_TRAIN,2009-11-05 13:31:00+00:00,-1,6.2999999999999545,0.7000000000000455,-6.224885375328313
PREFADE-S,SPX500_TRAIN,2009-11-06 12:43:00+00:00,-1,3.0,0.7999999999999545,-2.7079997784783245
PREFADE-S,SPX500_TRAIN,2009-11-06 13:31:00+00:00,1,3.699999999999818,3.300000000000182,-3.4559956896066524
PREFADE-S,SPX500_TRAIN,2009-11-18 13:31:00+00:00,1,0.7999999999999545,2.5,2.5
PREFADE-S,SPX500_TRAIN,2009-11-25 13:33:00+00:00,-1,0.5,5.0,3.4145208518170875
PREFADE-S,SPX500_TRAIN,2009-12-02 13:09:00+00:00,-1,0.20000000000004547,2.5,2.4706083288360787
PREFADE-S,SPX500_TRAIN,2009-12-04 13:31:00+00:00,-1,4.7999999999999545,2.5,-4.424839447428212
PREFADE-S,SPX500_TRAIN,2009-12-08 12:34:00+00:00,1,6.0,3.0,-0.3000000000001819
PREFADE-S,SPX500_TRAIN,2009-12-10 13:19:00+00:00,-1,4.2999999999999545,2.0,1.8794015034993663
PREFADE-S,SPX500_TRAIN,2009-12-15 13:31:00+00:00,1,0.5,3.2000000000000455,2.8392204845720244
PREFADE-S,SPX500_TRAIN,2009-12-17 12:49:00+00:00,1,3.0,3.2000000000000455,1.5
PREFADE-S,SPX500_TRAIN,2009-12-21 14:05:00+00:00,-1,4.699999999999818,0.3000000000001819,-4.578861352665399
PREFADE-S,SPX500_TRAIN,2010-01-04 14:06:00+00:00,-1,5.0,1.2999999999999545,-3.7189471013655293
PREFADE-S,SPX500_TRAIN,2010-01-06 13:43:00+00:00,-1,1.300000000000182,1.5,1.3213051560298936
PREFADE-S,SPX500_TRAIN,2010-01-08 12:50:00+00:00,1,0.0,1.5,1.5
PREFADE-S,SPX500_TRAIN,2010-01-08 13:30:00+00:00,-1,0.0,5.5,0.6093308121271548
PREFADE-S,SPX500_TRAIN,2010-01-13 12:36:00+00:00,-1,0.20000000000004547,2.2999999999999545,2.0464239822338186
PREFADE-S,SPX500_TRAIN,2010-01-14 12:51:00+00:00,1,0.20000000000004547,2.2999999999999545,2.056132480487122
PREFADE-S,SPX500_TRAIN,2010-01-14 13:31:00+00:00,1,2.7999999999999545,1.2000000000000455,-2.7524939862119027
PREFADE-S,SPX500_TRAIN,2010-01-15 12:39:00+00:00,1,1.5,2.5,2.370143144866688
PREFADE-S,SPX500_TRAIN,2010-01-19 13:01:00+00:00,1,1.2999999999999545,5.0,4.923230991112405
PREFADE-S,SPX500_TRAIN,2010-01-20 13:48:00+00:00,1,5.0,1.300000000000182,-4.914287983029908
PREFADE-S,SPX500_TRAIN,2010-01-21 13:37:00+00:00,1,0.5,3.7999999999999545,3.6560926003421628
PREFADE-S,SPX500_TRAIN,2010-01-29 13:22:00+00:00,-1,7.2000000000000455,1.7999999999999545,-6.906491935747908
PREFADE-S,SPX500_TRAIN,2010-02-01 13:12:00+00:00,-1,5.5,1.5,-5.400430041526306
PREFADE-S,SPX500_TRAIN,2010-02-03 13:01:00+00:00,1,3.0,2.2000000000000455,-2.505038485002615
PREFADE-S,SPX500_TRAIN,2010-02-03 14:26:00+00:00,1,0.0,4.0,3.534468827700266
PREFADE-S,SPX500_TRAIN,2010-02-04 13:31:00+00:00,1,8.200000000000045,1.2999999999999545,-7.011221486118075
PREFADE-S,SPX500_TRAIN,2010-02-08 12:35:00+00:00,1,0.5,4.5,4.342318922950653
PREFADE-S,SPX500_TRAIN,2010-02-10 12:44:00+00:00,-1,0.0,5.5,5.127717075108421
PREFADE-S,SPX500_TRAIN,2010-02-11 14:01:00+00:00,1,4.7999999999999545,0.20000000000004547,-4.509549129673815
PREFADE-S,SPX500_TRAIN,2010-02-12 14:24:00+00:00,1,5.0,2.7000000000000455,2.6958551475311197
PREFADE-S,SPX500_TRAIN,2010-02-17 12:46:00+00:00,-1,0.5,3.2999999999999545,2.713537369801543
PREFADE-S,SPX500_TRAIN,2010-02-18 13:34:00+00:00,1,1.5,2.2000000000000455,1.7265383510302854
PREFADE-S,SPX500_TRAIN,2010-02-19 13:31:00+00:00,-1,5.0,0.7999999999999545,-4.858946879949372
PREFADE-S,SPX500_TRAIN,2010-02-22 12:56:00+00:00,-1,0.5,2.5,2.3890058175250033
PREFADE-S,SPX500_TRAIN,2010-02-25 13:31:00+00:00,1,5.5,0.0,-5.2040714558931995
PREFADE-S,SPX500_TRAIN,2010-02-26 13:34:00+00:00,1,1.2999999999999545,2.2000000000000455,2.1703060741269837
PREFADE-S,SPX500_TRAIN,2010-03-01 13:00:00+00:00,1,0.0,3.5,3.456325173205869
PREFADE-S,SPX500_TRAIN,2010-03-03 12:42:00+00:00,1,0.5,1.5,1.4312717675404656
PREFADE-S,SPX500_TRAIN,2010-03-03 13:31:00+00:00,-1,2.2999999999999545,0.5,-2.095182271718386
PREFADE-S,SPX500_TRAIN,2010-03-03 14:15:00+00:00,-1,3.2999999999999545,1.2000000000000455,-2.8747125579827753
PREFADE-S,SPX500_TRAIN,2010-03-04 12:55:00+00:00,-1,3.2000000000000455,1.5,0.5786861486294583
PREFADE-S,SPX500_TRAIN,2010-03-05 13:31:00+00:00,-1,2.0,3.5,2.7148884957327937
PREFADE-S,SPX500_TRAIN,2010-03-12 13:31:00+00:00,-1,2.5,2.0,1.942933665526425
PREFADE-S,SPX500_TRAIN,2010-03-16 12:32:00+00:00,-1,0.5,1.7999999999999545,1.6208978564011431
PREFADE-S,SPX500_TRAIN,2010-03-19 11:40:00+00:00,1,0.0,1.0,1.0
PREFADE-S,SPX500_TRAIN,2010-03-19 12:53:00+00:00,-1,1.5,0.5,-1.3657151877696379
PREFADE-S,SPX500_TRAIN,2010-03-23 12:05:00+00:00,1,0.20000000000004547,1.7999999999999545,1.5073137312253948
PREFADE-S,SPX500_TRAIN,2010-03-25 12:11:00+00:00,-1,2.2000000000000455,1.5,1.3150182567753745
PREFADE-S,SPX500_TRAIN,2010-03-31 12:17:00+00:00,1,2.7999999999999545,0.5,-2.501314790588822
PREFADE-S,SPX500_TRAIN,2010-04-01 12:41:00+00:00,-1,4.5,0.7999999999999545,-4.355572757359823
PREFADE-S,SPX500_TRAIN,2010-04-02 12:31:00+00:00,1,0.0,2.5,0.23248951344544366
PREFADE-S,SPX500_TRAIN,2010-04-02 12:39:00+00:00,-1,3.0,0.5,-2.2000000000000455
PREFADE-S,SPX500_TRAIN,2010-04-06 12:18:00+00:00,1,1.0,1.7999999999999545,1.641570895480072
PREFADE-S,SPX500_TRAIN,2010-04-07 11:37:00+00:00,1,1.7999999999999545,1.0,0.9223427018137045
PREFADE-S,SPX500_TRAIN,2010-04-08 12:31:00+00:00,1,0.5,2.5,2.4427586844142297
PREFADE-S,SPX500_TRAIN,2010-04-12 12:27:00+00:00,1,0.20000000000004547,3.5,3.4767411212023944
PREFADE-S,SPX500_TRAIN,2010-04-13 12:21:00+00:00,-1,1.0,1.6000000000001364,1.5822181199544048
PREFADE-S,SPX500_TRAIN,2010-04-14 11:49:00+00:00,-1,2.5,0.3000000000001819,-1.9502216183416294
PREFADE-S,SPX500_TRAIN,2010-04-21 11:32:00+00:00,1,0.5,3.7999999999999545,3.451161815617752
PREFADE-S,SPX500_TRAIN,2010-04-27 13:08:00+00:00,1,0.5,3.5,3.447924724757513
PREFADE-S,SPX500_TRAIN,2010-04-28 12:44:00+00:00,-1,2.0,4.599999999999909,4.32914967340912
PREFADE-S,SPX500_TRAIN,2010-04-29 12:12:00+00:00,-1,5.7000000000000455,2.7999999999999545,-3.2000000000000455
PREFADE-S,SPX500_TRAIN,2010-05-03 12:25:00+00:00,-1,3.5,0.7999999999999545,-3.4415861843526727
PREFADE-S,SPX500_TRAIN,2010-05-04 11:46:00+00:00,1,7.0,3.2999999999999545,-6.996829140796763
PREFADE-S,SPX500_TRAIN,2010-05-05 12:17:00+00:00,1,5.7999999999999545,0.5,-4.82081138963963
PREFADE-S,SPX500_TRAIN,2010-05-06 12:44:00+00:00,1,4.5,3.5,3.190281774703635
PREFADE-S,SPX500_TRAIN,2010-05-07 12:31:00+00:00,-1,0.5,8.299999999999955,7.753475300030004
PREFADE-S,SPX500_TRAIN,2010-05-12 11:53:00+00:00,-1,6.800000000000182,3.0,-4.300000000000182
PREFADE-S,SPX500_TRAIN,2010-05-18 12:05:00+00:00,-1,3.7000000000000455,3.5,3.4839345386478726
PREFADE-S,SPX500_TRAIN,2010-05-20 12:31:00+00:00,1,14.799999999999955,4.2000000000000455,-2.2999999999999545
PREFADE-S,SPX500_TRAIN,2010-05-21 11:49:00+00:00,1,7.5,11.5,9.017208309038097
PREFADE-S,SPX500_TRAIN,2010-05-26 12:06:00+00:00,-1,5.0,5.7000000000000455,2.0
PREFADE-S,SPX500_TRAIN,2010-05-28 11:49:00+00:00,-1,0.7000000000000455,4.7999999999999545,4.7100330115586075
PREFADE-S,SPX500_TRAIN,2010-06-04 11:33:00+00:00,1,12.799999999999955,1.2000000000000455,-9.024187001876726
PREFADE-S,SPX500_TRAIN,2010-06-07 12:20:00+00:00,-1,1.0,8.200000000000045,7.893088330244609
PREFADE-S,SPX500_TRAIN,2010-06-09 11:32:00+00:00,-1,6.2999999999999545,0.5,-4.5
PREFADE-S,SPX500_TRAIN,2010-06-10 13:18:00+00:00,-1,10.799999999999955,1.5,-2.7999999999999545
PREFADE-S,SPX500_TRAIN,2010-06-11 12:31:00+00:00,1,3.800000000000182,1.199999999999818,-3.672257218669756
PREFADE-S,SPX500_TRAIN,2010-06-16 11:47:00+00:00,1,3.199999999999818,0.8000000000001819,-3.137138406071699
PREFADE-S,SPX500_TRAIN,2010-06-16 12:36:00+00:00,1,0.1999999999998181,3.5,3.354554329337816
PREFADE-S,SPX500_TRAIN,2010-06-18 13:25:00+00:00,-1,1.2000000000000455,1.599999999999909,1.5971447388774322
PREFADE-S,SPX500_TRAIN,2010-06-23 13:29:00+00:00,1,4.300000000000182,0.5,-3.9191286003240293
PREFADE-S,SPX500_TRAIN,2010-06-28 12:50:00+00:00,1,1.0,2.5,2.2802507338421947
PREFADE-S,SPX500_TRAIN,2010-06-30 12:21:00+00:00,1,1.2000000000000455,4.2999999999999545,4.088188636540963
PREFADE-S,SPX500_TRAIN,2010-07-01 13:08:00+00:00,-1,2.5,3.7999999999999545,3.472740456595375
PREFADE-S,SPX500_TRAIN,2010-07-02 12:30:00+00:00,-1,5.2999999999999545,0.0,-4.302455597243579
PREFADE-S,SPX500_TRAIN,2010-07-02 12:33:00+00:00,-1,0.0,3.2999999999999545,2.982381238497055
PREFADE-S,SPX500_TRAIN,2010-07-02 12:37:00+00:00,1,1.0,4.999999999999886,4.853991940945093
PREFADE-S,SPX500_TRAIN,2010-07-02 13:24:00+00:00,-1,1.5,4.0,3.4530727123137694
PREFADE-S,SPX500_TRAIN,2010-07-05 13:30:00+00:00,1,2.300000000000068,0.7999999999999545,-1.8000000000000682
PREFADE-S,SPX500_TRAIN,2010-07-07 12:43:00+00:00,-1,5.100000000000136,0.6999999999998181,-4.434530476709824
PREFADE-S,SPX500_TRAIN,2010-07-08 12:31:00+00:00,-1,3.7000000000000455,0.7999999999999545,-3.546137707980961
PREFADE-S,SPX500_TRAIN,2010-07-09 11:33:00+00:00,-1,0.5,1.7999999999999545,1.554888581714522
PREFADE-S,SPX500_TRAIN,2010-07-09 12:35:00+00:00,1,1.2999999999999545,1.7000000000000455,1.6443890099963028
PREFADE-S,SPX500_TRAIN,2010-07-14 12:07:00+00:00,1,5.2999999999999545,1.2999999999999545,-5.045676290955498
PREFADE-S,SPX500_TRAIN,2010-07-15 12:09:00+00:00,-1,1.7000000000000455,4.5,4.367614938173119
PREFADE-S,SPX500_TRAIN,2010-07-16 13:06:00+00:00,1,5.199999999999818,0.8000000000001819,-5.157257287276707
PREFADE-S,SPX500_TRAIN,2010-07-21 12:36:00+00:00,-1,1.300000000000182,5.0,4.2999999999999545
PREFADE-S,SPX500_TRAIN,2010-07-23 13:17:00+00:00,1,2.5,4.5,3.3592742971152347
PREFADE-S,SPX500_TRAIN,2010-07-26 11:37:00+00:00,1,0.3000000000001819,3.699999999999818,2.876160248255246
PREFADE-S,SPX500_TRAIN,2010-07-28 12:32:00+00:00,1,1.0,3.2000000000000455,3.0168278201635985
PREFADE-S,SPX500_TRAIN,2010-07-30 12:31:00+00:00,1,4.199999999999818,0.8000000000001819,-4.192811410771583
PREFADE-S,SPX500_TRAIN,2010-08-02 13:08:00+00:00,-1,7.5,3.7000000000000455,-7.26861369363246
PREFADE-S,SPX500_TRAIN,2010-08-04 12:25:00+00:00,-1,5.5,1.0,-4.081462243190117
PREFADE-S,SPX500_TRAIN,2010-08-05 12:31:00+00:00,1,3.300000000000182,0.5,-3.2721336115523627
PREFADE-S,SPX500_TRAIN,2010-08-06 12:30:00+00:00,-1,0.0,11.700000000000045,1.4285513503755283
PREFADE-S,SPX500_TRAIN,2010-08-10 12:19:00+00:00,1,5.7999999999999545,2.0,-5.648428465112602
PREFADE-S,SPX500_TRAIN,2010-08-12 12:31:00+00:00,1,4.5,5.0,4.548386612692639
PREFADE-S,SPX500_TRAIN,2010-08-13 11:40:00+00:00,1,2.7999999999999545,6.300000000000182,5.343355606703881
PREFADE-S,SPX500_TRAIN,2010-08-18 11:52:00+00:00,-1,2.199999999999818,2.0,1.7346516397976757
PREFADE-S,SPX500_TRAIN,2010-08-19 12:21:00+00:00,-1,1.2000000000000455,7.7999999999999545,4.056331068108875
PREFADE-S,SPX500_TRAIN,2010-08-19 12:34:00+00:00,1,1.7000000000000455,4.099999999999909,3.442014609076523
PREFADE-S,SPX500_TRAIN,2010-08-23 11:53:00+00:00,-1,0.5,3.2999999999999545,3.183841929037044
PREFADE-S,SPX500_TRAIN,2010-08-24 11:56:00+00:00,1,8.0,1.2999999999999545,-6.961908197372168
PREFADE-S,SPX500_TRAIN,2010-08-25 12:07:00+00:00,1,6.7000000000000455,1.2999999999999545,-5.739687626391515
PREFADE-S,SPX500_TRAIN,2010-08-26 12:09:00+00:00,1,0.5,2.5,1.9661244698118026
PREFADE-S,SPX500_TRAIN,2010-08-26 12:31:00+00:00,-1,1.7000000000000455,3.2999999999999545,2.9789597660490017
PREFADE-S,SPX500_TRAIN,2010-08-27 12:31:00+00:00,-1,1.5,4.7999999999999545,4.389696979522569
PREFADE-S,SPX500_TRAIN,2010-08-30 12:50:00+00:00,1,6.2999999999999545,2.2000000000000455,-5.5
PREFADE-S,SPX500_TRAIN,2010-09-02 12:26:00+00:00,-1,1.5,2.7999999999999545,2.7117797310436345
PREFADE-S,SPX500_TRAIN,2010-09-03 12:30:00+00:00,-1,8.0,0.0,-2.90143890710101
PREFADE-S,SPX500_TRAIN,2010-09-08 12:08:00+00:00,-1,6.0,3.2000000000000455,-5.827446575582599
PREFADE-S,SPX500_TRAIN,2010-09-09 12:31:00+00:00,-1,4.0,3.0,-0.2999999999999545
PREFADE-S,SPX500_TRAIN,2010-09-15 12:30:00+00:00,1,1.199999999999818,4.300000000000182,3.1057170757028416
PREFADE-S,SPX500_TRAIN,2010-09-16 12:35:00+00:00,1,0.7000000000000455,2.2999999999999545,2.099109564652963
PREFADE-S,SPX500_TRAIN,2010-09-21 12:31:00+00:00,-1,1.2000000000000455,2.599999999999909,2.482538668314646
PREFADE-S,SPX500_TRAIN,2010-09-24 12:08:00+00:00,-1,4.2999999999999545,0.20000000000004547,-4.223256316589868
PREFADE-S,SPX500_TRAIN,2010-09-30 12:31:00+00:00,-1,4.2000000000000455,0.5,-3.617739183528329
PREFADE-S,SPX500_TRAIN,2010-10-05 12:12:00+00:00,-1,4.800000000000182,0.2999999999999545,-4.397439834049692
PREFADE-S,SPX500_TRAIN,2010-10-06 12:05:00+00:00,-1,0.6999999999998181,3.6000000000001364,1.8465196811562237
PREFADE-S,SPX500_TRAIN,2010-10-06 12:29:00+00:00,1,2.0,1.7999999999999545,1.584948523832736
PREFADE-S,SPX500_TRAIN,2010-10-07 11:34:00+00:00,-1,0.20000000000004547,2.0,1.5870954948836697
PREFADE-S,SPX500_TRAIN,2010-10-07 12:31:00+00:00,-1,2.7000000000000455,1.0,-2.591909954952598
PREFADE-S,SPX500_TRAIN,2010-10-08 12:31:00+00:00,1,0.5,4.5,2.3517622796152864
PREFADE-S,SPX500_TRAIN,2010-10-14 13:02:00+00:00,1,4.0,0.2999999999999545,-3.9300503231261246
PREFADE-S,SPX500_TRAIN,2010-10-15 12:16:00+00:00,-1,4.2000000000000455,2.2999999999999545,-3.4497523102349987
PREFADE-S,SPX500_TRAIN,2010-10-15 12:48:00+00:00,-1,1.5,4.0,3.7012941463690368
PREFADE-S,SPX500_TRAIN,2010-10-19 11:44:00+00:00,1,4.099999999999909,2.2000000000000455,-4.028825633006591
PREFADE-S,SPX500_TRAIN,2010-10-22 11:46:00+00:00,-1,2.0,2.0,1.9142091658509344
PREFADE-S,SPX500_TRAIN,2010-10-26 11:46:00+00:00,1,3.0,1.0,-2.948944148041619
PREFADE-S,SPX500_TRAIN,2010-10-28 12:21:00+00:00,-1,4.2000000000000455,0.5,-2.567304864254993
PREFADE-S,SPX500_TRAIN,2010-10-29 12:53:00+00:00,-1,3.7000000000000455,1.7999999999999545,-3.6894246613767336
PREFADE-S,SPX500_TRAIN,2010-11-02 11:31:00+00:00,-1,2.7000000000000455,1.7999999999999545,1.6698879266198219
PREFADE-S,SPX500_TRAIN,2010-11-05 12:31:00+00:00,-1,2.2000000000000455,2.7999999999999545,2.7976813945201684
PREFADE-S,SPX500_TRAIN,2010-11-10 12:43:00+00:00,1,1.5,1.5,1.4539150845382665
PREFADE-S,SPX500_TRAIN,2010-11-10 13:50:00+00:00,-1,0.20000000000004547,2.0,1.908446414616492
PREFADE-S,SPX500_TRAIN,2010-11-11 12:51:00+00:00,1,4.0,2.0,-3.9030228883739255
PREFADE-S,SPX500_TRAIN,2010-11-15 12:39:00+00:00,-1,3.2999999999999545,1.5,1.072574157028157
PREFADE-S,SPX500_TRAIN,2010-11-16 14:19:00+00:00,1,2.7999999999999545,2.5,2.3949654064956576
PREFADE-S,SPX500_TRAIN,2010-11-19 12:50:00+00:00,1,4.2999999999999545,2.7000000000000455,1.393897519700431
PREFADE-S,SPX500_TRAIN,2010-11-22 14:02:00+00:00,1,5.7999999999999545,3.5,-4.0
PREFADE-S,SPX500_TRAIN,2010-11-23 12:33:00+00:00,1,7.2000000000000455,2.0,-3.0
PREFADE-S,SPX500_TRAIN,2010-11-24 13:38:00+00:00,-1,6.2999999999999545,0.5,-5.965153202223519
PREFADE-S,SPX500_TRAIN,2010-11-29 13:14:00+00:00,1,8.299999999999955,2.2000000000000455,-8.053299907720202
PREFADE-S,SPX500_TRAIN,2010-11-30 12:35:00+00:00,1,4.7999999999999545,2.0,-4.748268083463245
PREFADE-S,SPX500_TRAIN,2010-12-02 14:02:00+00:00,1,0.2999999999999545,5.5,4.7000000000000455
PREFADE-S,SPX500_TRAIN,2010-12-03 12:51:00+00:00,-1,3.5,0.5,-3.152753629868357
PREFADE-S,SPX500_TRAIN,2010-12-03 13:31:00+00:00,1,4.2999999999999545,2.5,2.3378946073692077
PREFADE-S,SPX500_TRAIN,2010-12-08 13:25:00+00:00,-1,3.7999999999999545,0.7999999999999545,-3.7099725565121844
PREFADE-S,SPX500_TRAIN,2010-12-10 13:02:00+00:00,-1,0.5,2.0,1.9768237654022869
PREFADE-S,SPX500_TRAIN,2010-12-14 12:36:00+00:00,-1,0.0,2.7000000000000455,2.443839553886164
PREFADE-S,SPX500_TRAIN,2010-12-16 12:33:00+00:00,-1,0.5,2.2000000000000455,2.133733836451711
PREFADE-S,SPX500_TRAIN,2010-12-22 12:33:00+00:00,-1,1.5,0.5,-1.3842023786298796
PREFADE-S,SPX500_TRAIN,2010-12-23 12:38:00+00:00,1,1.5,0.5,-1.3901325799372444
PREFADE-S,SPX500_TRAIN,2010-12-23 13:34:00+00:00,1,0.0,2.0,1.7596360041741264
PREFADE-S,SPX500_TRAIN,2010-12-30 12:39:00+00:00,1,0.0,1.699999999999818,1.5490440087774004
PREFADE-S,SPX500_TRAIN,2010-12-31 12:40:00+00:00,1,3.0,0.20000000000004547,-2.8701928709751883
PREFADE-S,SPX500_TRAIN,2011-01-03 12:36:00+00:00,-1,4.599999999999909,0.0,-4.006305140405402
PREFADE-S,SPX500_TRAIN,2011-01-07 13:08:00+00:00,-1,1.2000000000000455,6.599999999999909,2.2671427475966084
PREFADE-S,SPX500_TRAIN,2011-01-07 14:11:00+00:00,-1,2.0,2.5,2.330558704480609
PREFADE-S,SPX500_TRAIN,2011-01-13 12:37:00+00:00,-1,1.2999999999999545,3.0,0.7722566761585767
PREFADE-S,SPX500_TRAIN,2011-01-13 13:45:00+00:00,1,0.5,1.7999999999999545,1.7999999999999545
PREFADE-S,SPX500_TRAIN,2011-01-14 13:14:00+00:00,1,1.5,4.100000000000136,3.5225503438869055
PREFADE-S,SPX500_TRAIN,2011-01-17 14:22:00+00:00,1,0.2999999999999545,2.7000000000000455,2.5
PREFADE-S,SPX500_TRAIN,2011-01-19 12:57:00+00:00,-1,0.2999999999999545,2.5,1.639187412067713
PREFADE-S,SPX500_TRAIN,2011-01-19 13:05:00+00:00,1,2.5,1.0,-2.1918315608597823
PREFADE-S,SPX500_TRAIN,2011-01-20 12:45:00+00:00,1,0.20000000000004547,3.2999999999999545,3.105362601164643
PREFADE-S,SPX500_TRAIN,2011-01-21 13:23:00+00:00,-1,5.2000000000000455,2.0,1.8176353833785015
PREFADE-S,SPX500_TRAIN,2011-01-27 12:38:00+00:00,-1,0.5,3.7999999999999545,2.7596675888160007
PREFADE-S,SPX500_TRAIN,2011-01-28 12:42:00+00:00,-1,3.2999999999999545,1.7000000000000455,1.2403390225242674
PREFADE-S,SPX500_TRAIN,2011-02-01 12:49:00+00:00,-1,5.0,1.0,-4.186451620231992
PREFADE-S,SPX500_TRAIN,2011-02-02 13:04:00+00:00,1,0.2999999999999545,1.7000000000000455,1.6144492092923883
PREFADE-S,SPX500_TRAIN,2011-02-02 13:30:00+00:00,1,2.7999999999999545,0.7000000000000455,-2.5419122142229753
PREFADE-S,SPX500_TRAIN,2011-02-03 13:06:00+00:00,1,1.2000000000000455,1.7999999999999545,1.7693584421440391
PREFADE-S,SPX500_TRAIN,2011-02-04 12:33:00+00:00,-1,1.7999999999999545,0.20000000000004547,-1.6732212736314978
PREFADE-S,SPX500_TRAIN,2011-02-04 13:31:00+00:00,1,0.5,1.7999999999999545,0.0
PREFADE-S,SPX500_TRAIN,2011-02-04 13:35:00+00:00,-1,0.20000000000004547,2.7999999999999545,2.59198672369439
PREFADE-S,SPX500_TRAIN,2011-02-08 12:34:00+00:00,1,0.1999999999998181,2.0,1.757236185224201
PREFADE-S,SPX500_TRAIN,2011-02-09 13:30:00+00:00,1,0.2999999999999545,2.5,2.001830044416238
PREFADE-S,SPX500_TRAIN,2011-02-14 13:39:00+00:00,1,0.5,1.7000000000000455,1.674157363665472
PREFADE-S,SPX500_TRAIN,2011-02-15 13:37:00+00:00,1,0.7000000000000455,1.7999999999999545,1.7053569319339204
PREFADE-S,SPX500_TRAIN,2011-02-17 13:00:00+00:00,-1,0.0,1.300000000000182,1.1491928543057384
PREFADE-S,SPX500_TRAIN,2011-02-17 13:31:00+00:00,1,0.5,0.5,0.3403312809446106
PREFADE-S,SPX500_TRAIN,2011-02-17 13:44:00+00:00,1,1.699999999999818,0.0,-1.3362032459958755
PREFADE-S,SPX500_TRAIN,2011-02-18 14:04:00+00:00,-1,0.5,1.5,1.3780969727968113
PREFADE-S,SPX500_TRAIN,2011-02-23 14:07:00+00:00,1,4.0,1.2000000000000455,-3.5697746447556256
PREFADE-S,SPX500_TRAIN,2011-03-03 13:31:00+00:00,-1,6.2000000000000455,4.2999999999999545,-5.2000000000000455
PREFADE-S,SPX500_TRAIN,2011-03-04 13:31:00+00:00,-1,0.7000000000000455,3.2999999999999545,2.4640803350453098
PREFADE-S,SPX500_TRAIN,2011-03-04 13:39:00+00:00,1,2.0,2.2999999999999545,1.8494482352009527
PREFADE-S,SPX500_TRAIN,2011-03-08 12:33:00+00:00,1,3.7999999999999545,3.7000000000000455,2.3380710244994134
PREFADE-S,SPX500_TRAIN,2011-03-14 13:26:00+00:00,1,0.7999999999999545,3.7000000000000455,3.623020212942265
PREFADE-S,SPX500_TRAIN,2011-03-18 12:45:00+00:00,-1,0.0,7.599999999999909,7.34762056284103
PREFADE-S,SPX500_TRAIN,2011-03-24 11:39:00+00:00,-1,2.2000000000000455,4.600000000000136,4.521472512199125
PREFADE-S,SPX500_TRAIN,2011-03-25 12:42:00+00:00,1,1.7999999999999545,1.800000000000182,1.4757163101428432
PREFADE-S,SPX500_TRAIN,2011-03-31 11:51:00+00:00,1,0.5,1.599999999999909,1.4936189730165097
PREFADE-S,SPX500_TRAIN,2011-03-31 12:36:00+00:00,1,1.5,1.2000000000000455,1.1880791187986688
PREFADE-S,SPX500_TRAIN,2011-04-01 11:41:00+00:00,-1,4.0,0.2999999999999545,-3.3924233899494993
PREFADE-S,SPX500_TRAIN,2011-04-01 13:01:00+00:00,-1,2.0,3.2999999999999545,3.2999999999999545
PREFADE-S,SPX500_TRAIN,2011-04-06 12:21:00+00:00,-1,0.0,4.5,4.206173279308132
PREFADE-S,SPX500_TRAIN,2011-04-07 11:38:00+00:00,-1,2.2000000000000455,0.7999999999999545,-1.9724424598650785
PREFADE-S,SPX500_TRAIN,2011-04-07 12:36:00+00:00,-1,0.7999999999999545,3.0,2.5927646134377937
PREFADE-S,SPX500_TRAIN,2011-04-08 11:48:00+00:00,-1,0.5,2.599999999999909,2.597432752381337
PREFADE-S,SPX500_TRAIN,2011-04-11 12:17:00+00:00,1,0.7000000000000455,2.2999999999999545,2.0534323143235724
PREFADE-S,SPX500_TRAIN,2011-04-13 12:36:00+00:00,-1,0.7000000000000455,3.7999999999999545,3.5137070519310782
PREFADE-S,SPX500_TRAIN,2011-04-14 12:31:00+00:00,1,3.0,3.5,2.8892911637537964
PREFADE-S,SPX500_TRAIN,2011-04-15 13:16:00+00:00,-1,1.2000000000000455,3.2999999999999545,3.073806583531905
PREFADE-S,SPX500_TRAIN,2011-04-18 13:03:00+00:00,1,8.299999999999955,1.300000000000182,-7.228950828128973
PREFADE-S,SPX500_TRAIN,2011-04-19 11:34:00+00:00,-1,3.5,1.0,-0.20000000000004547
PREFADE-S,SPX500_TRAIN,2011-04-21 12:36:00+00:00,1,0.7000000000000455,1.7999999999999545,1.7999999999999545
PREFADE-S,SPX500_TRAIN,2011-04-27 13:09:00+00:00,-1,0.5,2.5,2.3043294110161696
PREFADE-S,SPX500_TRAIN,2011-04-28 11:56:00+00:00,1,3.0,2.2999999999999545,1.835758136250206
PREFADE-S,SPX500_TRAIN,2011-04-29 11:37:00+00:00,-1,2.2999999999999545,0.2999999999999545,-2.2944624189156
PREFADE-S,SPX500_TRAIN,2011-05-03 11:58:00+00:00,1,0.3000000000001819,3.199999999999818,3.199999999999818
PREFADE-S,SPX500_TRAIN,2011-05-05 12:31:00+00:00,1,1.2000000000000455,6.7999999999999545,6.604425348899213
PREFADE-S,SPX500_TRAIN,2011-05-06 12:31:00+00:00,-1,4.600000000000136,0.1999999999998181,-4.559606914832784
PREFADE-S,SPX500_TRAIN,2011-05-09 12:20:00+00:00,1,3.5,1.7999999999999545,1.7022025027595191
PREFADE-S,SPX500_TRAIN,2011-05-11 12:18:00+00:00,1,3.7999999999999545,1.5,-2.9448846425141255
PREFADE-S,SPX500_TRAIN,2011-05-16 12:20:00+00:00,-1,0.0,3.0,2.768444322958885
PREFADE-S,SPX500_TRAIN,2011-05-16 13:13:00+00:00,-1,0.0,4.5,3.045482103911354
PREFADE-S,SPX500_TRAIN,2011-05-17 13:19:00+00:00,1,0.7000000000000455,4.7999999999999545,4.696883101896901
PREFADE-S,SPX500_TRAIN,2011-05-18 11:38:00+00:00,1,2.7999999999999545,2.0,1.181206913388678
PREFADE-S,SPX500_TRAIN,2011-05-19 12:31:00+00:00,-1,0.7999999999999545,4.5,3.5818107569359654
PREFADE-S,SPX500_TRAIN,2011-05-26 12:32:00+00:00,1,2.300000000000182,2.0,1.9385114863753188
PREFADE-S,SPX500_TRAIN,2011-05-27 12:33:00+00:00,-1,0.20000000000004547,2.2999999999999545,2.278391127885925
PREFADE-S,SPX500_TRAIN,2011-06-01 12:16:00+00:00,1,5.2999999999999545,1.5,-4.309388051567566
PREFADE-S,SPX500_TRAIN,2011-06-03 12:31:00+00:00,1,4.5,0.7999999999999545,-4.296247880184637
PREFADE-S,SPX500_TRAIN,2011-06-06 11:40:00+00:00,1,0.5,3.0,2.9550293580330163
PREFADE-S,SPX500_TRAIN,2011-06-10 13:16:00+00:00,1,4.2999999999999545,2.7000000000000455,-4.264888497929405
PREFADE-S,SPX500_TRAIN,2011-06-13 12:35:00+00:00,-1,2.5,2.0,1.3828617216763632
PREFADE-S,SPX500_TRAIN,2011-06-15 12:22:00+00:00,1,6.2999999999999545,0.0,-3.8308222004068284
PREFADE-S,SPX500_TRAIN,2011-06-15 12:59:00+00:00,1,8.299999999999955,4.7000000000000455,-7.623936808844746
PREFADE-S,SPX500_TRAIN,2011-06-16 11:43:00+00:00,1,2.5,3.7000000000000455,3.183596139129804
PREFADE-S,SPX500_TRAIN,2011-06-17 11:51:00+00:00,-1,1.2000000000000455,5.599999999999909,5.099999999999909
PREFADE-S,SPX500_TRAIN,2011-06-23 11:49:00+00:00,1,4.5,1.0,-3.7980497654627925
PREFADE-S,SPX500_TRAIN,2011-06-24 11:36:00+00:00,1,2.5,4.5,3.828916287986658
PREFADE-S,SPX500_TRAIN,2011-06-28 12:33:00+00:00,-1,5.0,2.0,-4.697263521178684
PREFADE-S,SPX500_TRAIN,2011-07-01 12:39:00+00:00,-1,0.2999999999999545,2.0,1.9185944083844788
PREFADE-S,SPX500_TRAIN,2011-07-05 12:33:00+00:00,1,1.0,2.5,1.9605860004053284
PREFADE-S,SPX500_TRAIN,2011-07-07 12:16:00+00:00,-1,4.0,1.5,-0.6999999999998181
PREFADE-S,SPX500_TRAIN,2011-07-08 12:22:00+00:00,-1,1.5,4.2999999999999545,2.0136432630356467
PREFADE-S,SPX500_TRAIN,2011-07-08 12:31:00+00:00,1,9.200000000000045,1.2999999999999545,-7.5
PREFADE-S,SPX500_TRAIN,2011-07-11 11:47:00+00:00,1,7.5,1.2999999999999545,-7.460658753456983
PREFADE-S,SPX500_TRAIN,2011-07-15 11:56:00+00:00,-1,3.2999999999999545,3.0,1.9399693229131572
PREFADE-S,SPX500_TRAIN,2011-07-21 12:17:00+00:00,-1,8.200000000000045,1.5,-7.4382665384530355
PREFADE-S,SPX500_TRAIN,2011-07-22 11:47:00+00:00,1,3.099999999999909,1.0,-2.7063983983123308
PREFADE-S,SPX500_TRAIN,2011-07-25 12:09:00+00:00,-1,0.5,3.5,3.3217370104080146
PREFADE-S,SPX500_TRAIN,2011-07-27 11:43:00+00:00,1,2.800000000000182,0.5,-2.5894615788151896
PREFADE-S,SPX500_TRAIN,2011-07-27 12:26:00+00:00,1,4.0,0.1999999999998181,-3.7850282406020597
PREFADE-S,SPX500_TRAIN,2011-07-28 12:47:00+00:00,-1,0.5,4.5,3.8361739856284203
PREFADE-S,SPX500_TRAIN,2011-07-29 12:35:00+00:00,1,4.199999999999818,5.600000000000136,4.220818024252367
PREFADE-S,SPX500_TRAIN,2011-08-01 12:58:00+00:00,1,6.2999999999999545,4.0,-5.893830736095424
PREFADE-S,SPX500_TRAIN,2011-08-02 12:25:00+00:00,1,1.5,6.5,6.271493470671885
PREFADE-S,SPX500_TRAIN,2011-08-04 12:13:00+00:00,1,16.799999999999955,9.0,-13.299999999999955
PREFADE-S,SPX500_TRAIN,2011-08-05 12:31:00+00:00,-1,0.5,16.59999999999991,14.200715587782042
PREFADE-S,SPX500_TRAIN,2011-08-10 12:02:00+00:00,1,12.099999999999909,4.0,-11.863880686844368
PREFADE-S,SPX500_TRAIN,2011-08-11 11:37:00+00:00,1,13.800000000000182,9.299999999999955,9.18352350391092
PREFADE-S,SPX500_TRAIN,2011-08-12 11:52:00+00:00,-1,11.0,6.0,5.041166579033188
PREFADE-S,SPX500_TRAIN,2011-08-17 11:45:00+00:00,-1,9.299999999999955,3.2999999999999545,-8.842399536175208
PREFADE-S,SPX500_TRAIN,2011-08-24 12:34:00+00:00,-1,10.5,3.0,-8.086428902598527
PREFADE-S,SPX500_TRAIN,2011-08-25 12:01:00+00:00,-1,0.20000000000004547,4.7999999999999545,4.4738703727146
PREFADE-S,SPX500_TRAIN,2011-08-25 13:11:00+00:00,-1,7.7000000000000455,0.5,-7.398983984588995
PREFADE-S,SPX500_TRAIN,2011-08-26 11:31:00+00:00,1,7.5,1.2999999999999545,-6.982742034217836
PREFADE-S,SPX500_TRAIN,2011-08-30 12:14:00+00:00,1,2.2000000000000455,4.5,4.354562751109597
PREFADE-S,SPX500_TRAIN,2011-09-02 12:31:00+00:00,1,9.100000000000136,1.2000000000000455,-1.7999999999999545
PREFADE-S,SPX500_TRAIN,2011-09-07 13:19:00+00:00,-1,7.2999999999999545,4.0,-6.7999999999999545
PREFADE-S,SPX500_TRAIN,2011-09-08 12:30:00+00:00,1,4.2999999999999545,4.2000000000000455,4.0169149112223295
PREFADE-S,SPX500_TRAIN,2011-09-09 13:04:00+00:00,1,10.5,1.5,-9.516213883195633
PREFADE-S,SPX500_TRAIN,2011-09-12 12:04:00+00:00,1,4.0,7.5,6.765420861709799
PREFADE-S,SPX500_TRAIN,2011-09-15 13:01:00+00:00,-1,6.5,5.7000000000000455,4.575470759919654
PREFADE-S,SPX500_TRAIN,2011-09-16 13:26:00+00:00,-1,7.7000000000000455,0.7999999999999545,-7.522243908692644
PREFADE-S,SPX500_TRAIN,2011-09-21 11:47:00+00:00,1,4.0,4.2999999999999545,3.540628746358152
PREFADE-S,SPX500_TRAIN,2011-09-27 11:35:00+00:00,-1,8.299999999999955,2.2000000000000455,-4.0
PREFADE-S,SPX500_TRAIN,2011-10-04 11:39:00+00:00,1,3.5,7.599999999999909,7.000184141765203
PREFADE-S,SPX500_TRAIN,2011-10-07 11:31:00+00:00,1,0.7999999999999545,4.2000000000000455,2.8995674301731924
PREFADE-S,SPX500_TRAIN,2011-10-07 12:31:00+00:00,-1,8.600000000000136,0.1999999999998181,-8.186791897697503
PREFADE-S,SPX500_TRAIN,2011-10-11 12:51:00+00:00,1,1.0,3.7999999999999545,3.5903731429548316
PREFADE-S,SPX500_TRAIN,2011-10-14 12:31:00+00:00,-1,4.2999999999999545,4.2000000000000455,4.1077169570969545
PREFADE-S,SPX500_TRAIN,2011-10-17 11:51:00+00:00,1,8.099999999999909,1.2000000000000455,-7.8885135269683815
PREFADE-S,SPX500_TRAIN,2011-10-18 11:37:00+00:00,1,4.0,2.5,1.9755816198173761
PREFADE-S,SPX500_TRAIN,2011-10-18 13:10:00+00:00,-1,3.0,3.7999999999999545,3.2671215827326705
PREFADE-S,SPX500_TRAIN,2011-10-21 12:18:00+00:00,-1,10.200000000000045,3.2999999999999545,-10.113618976175076
PREFADE-S,SPX500_TRAIN,2011-10-25 13:07:00+00:00,1,13.0,4.7999999999999545,-7.94776774944512
PREFADE-S,SPX500_TRAIN,2011-10-26 12:31:00+00:00,-1,5.7000000000000455,3.2999999999999545,0.6488322865038754
PREFADE-S,SPX500_TRAIN,2011-11-01 11:55:00+00:00,1,8.300000000000182,7.5,5.808682028273552
PREFADE-S,SPX500_TRAIN,2011-11-03 12:46:00+00:00,-1,1.5,17.0,16.829884859187132
PREFADE-S,SPX500_TRAIN,2011-11-04 12:00:00+00:00,1,4.7000000000000455,0.2999999999999545,-3.931614062395056
PREFADE-S,SPX500_TRAIN,2011-11-04 12:31:00+00:00,1,3.5,1.2000000000000455,0.0
PREFADE-S,SPX500_TRAIN,2011-11-04 12:56:00+00:00,1,6.599999999999909,0.7000000000000455,-5.8073714749780265
PREFADE-S,SPX500_TRAIN,2011-11-08 12:46:00+00:00,-1,3.0,5.2999999999999545,4.169789391480208
PREFADE-S,SPX500_TRAIN,2011-11-11 13:13:00+00:00,-1,10.600000000000136,2.199999999999818,-9.341337591403544
PREFADE-S,SPX500_TRAIN,2011-11-22 13:18:00+00:00,1,5.699999999999818,2.300000000000182,2.284388120514677
PREFADE-S,SPX500_TRAIN,2011-11-25 14:22:00+00:00,-1,9.5,1.0,-6.554369631471445
PREFADE-S,SPX500_TRAIN,2011-11-30 13:01:00+00:00,-1,20.200000000000045,2.0,-19.0
PREFADE-S,SPX500_TRAIN,2011-12-01 13:30:00+00:00,-1,0.0,3.7999999999999545,3.5504366677680537
PREFADE-S,SPX500_TRAIN,2011-12-05 13:17:00+00:00,-1,6.5,1.0,-6.3009564466690335
PREFADE-S,SPX500_TRAIN,2011-12-07 13:22:00+00:00,1,8.799999999999955,2.0,-8.67323843590566
PREFADE-S,SPX500_TRAIN,2011-12-08 13:33:00+00:00,-1,4.5,0.0,-4.439154744170992
PREFADE-S,SPX500_TRAIN,2011-12-08 13:59:00+00:00,1,8.5,1.0,-8.230888230049686
PREFADE-S,SPX500_TRAIN,2011-12-12 14:01:00+00:00,1,10.299999999999955,2.2000000000000455,-10.20626624370152
PREFADE-S,SPX500_TRAIN,2011-12-13 12:34:00+00:00,-1,6.5,3.0,-6.4734932430692425
PREFADE-S,SPX500_TRAIN,2011-12-14 12:39:00+00:00,1,7.7000000000000455,4.7999999999999545,-5.903009900333018
PREFADE-S,SPX500_TRAIN,2011-12-15 13:31:00+00:00,-1,0.7999999999999545,9.0,7.786353493085926
PREFADE-S,SPX500_TRAIN,2011-12-20 13:48:00+00:00,-1,9.299999999999955,0.2999999999999545,-8.62777710753653
PREFADE-S,SPX500_TRAIN,2011-12-21 12:48:00+00:00,1,7.0,3.0,-2.7999999999999545
PREFADE-S,SPX500_TRAIN,2011-12-27 12:31:00+00:00,1,0.1999999999998181,1.800000000000182,1.7275712449311413
PREFADE-S,SPX500_TRAIN,2011-12-27 13:28:00+00:00,1,0.5,2.0,1.399786809433408
PREFADE-S,SPX500_TRAIN,2011-12-30 12:56:00+00:00,-1,0.5,2.7999999999999545,2.3886034774168365
PREFADE-S,SPX500_TRAIN,2012-01-03 12:37:00+00:00,1,2.0,1.7999999999999545,1.4619418598413176
PREFADE-S,SPX500_TRAIN,2012-01-04 12:42:00+00:00,1,2.099999999999909,2.0,1.6523326295284733
PREFADE-S,SPX500_TRAIN,2012-01-06 13:03:00+00:00,-1,5.2999999999999545,2.2999999999999545,1.6753933356110338
PREFADE-S,SPX500_TRAIN,2012-01-09 12:41:00+00:00,-1,0.5,4.2999999999999545,3.644173863732476
PREFADE-S,SPX500_TRAIN,2012-01-13 12:51:00+00:00,1,4.2999999999999545,0.20000000000004547,-3.8887046241791268
PREFADE-S,SPX500_TRAIN,2012-01-18 14:10:00+00:00,1,1.2999999999999545,3.2999999999999545,3.0416130108255857
PREFADE-S,SPX500_TRAIN,2012-01-19 13:17:00+00:00,-1,1.2999999999999545,3.2000000000000455,2.9435176916128967
PREFADE-S,SPX500_TRAIN,2012-01-26 12:44:00+00:00,-1,4.2999999999999545,2.0,1.3592336937354048
PREFADE-S,SPX500_TRAIN,2012-01-27 13:44:00+00:00,1,3.7999999999999545,2.0,1.8194924041365539
PREFADE-S,SPX500_TRAIN,2012-01-30 13:42:00+00:00,1,4.5,1.6000000000001364,1.2335700139906294
PREFADE-S,SPX500_TRAIN,2012-02-02 12:36:00+00:00,1,0.5,3.7000000000000455,3.614133159805533
PREFADE-S,SPX500_TRAIN,2012-02-03 13:31:00+00:00,-1,6.7999999999999545,0.20000000000004547,-6.2999999999999545
PREFADE-S,SPX500_TRAIN,2012-02-09 13:12:00+00:00,-1,4.5,0.0,-4.2572241280101935
PREFADE-S,SPX500_TRAIN,2012-02-16 13:31:00+00:00,-1,3.300000000000182,0.5,-3.1075654537276023
PREFADE-S,SPX500_TRAIN,2012-02-17 13:45:00+00:00,-1,3.2000000000000455,1.0,-3.0335077933580123
PREFADE-S,SPX500_TRAIN,2012-02-21 13:02:00+00:00,1,0.5,3.2999999999999545,3.2521253830584556
PREFADE-S,SPX500_TRAIN,2012-02-24 13:29:00+00:00,1,1.7999999999999545,1.2000000000000455,1.2000000000000455
PREFADE-S,SPX500_TRAIN,2012-02-28 13:46:00+00:00,1,2.2999999999999545,4.5,2.5
PREFADE-S,SPX500_TRAIN,2012-02-29 13:31:00+00:00,-1,0.5,0.7999999999999545,0.6878941677712191
PREFADE-S,SPX500_TRAIN,2012-03-05 12:37:00+00:00,-1,2.2999999999999545,0.0,-2.2000000000000455
PREFADE-S,SPX500_TRAIN,2012-03-06 14:08:00+00:00,1,8.300000000000182,0.5,-7.912624773558264
PREFADE-S,SPX500_TRAIN,2012-03-09 13:25:00+00:00,-1,5.2000000000000455,0.7999999999999545,-2.1568567455140055
PREFADE-S,SPX500_TRAIN,2012-03-12 11:42:00+00:00,1,1.5,0.0,-1.2000000000000455
PREFADE-S,SPX500_TRAIN,2012-03-12 12:50:00+00:00,1,0.5,2.599999999999909,1.8452573822764862
PREFADE-S,SPX500_TRAIN,2012-03-16 13:23:00+00:00,-1,0.7999999999999545,2.7000000000000455,2.4175360169481337
PREFADE-S,SPX500_TRAIN,2012-03-21 12:28:00+00:00,1,4.2000000000000455,1.0,-4.2000000000000455
PREFADE-S,SPX500_TRAIN,2012-03-23 11:33:00+00:00,1,5.7999999999999545,1.7999999999999545,-4.4304749984908085
PREFADE-S,SPX500_TRAIN,2012-03-26 11:46:00+00:00,-1,4.399999999999864,1.0,-4.298745757984761
PREFADE-S,SPX500_TRAIN,2012-03-27 11:55:00+00:00,1,3.0,1.800000000000182,-2.199999999999818
PREFADE-S,SPX500_TRAIN,2012-03-28 12:57:00+00:00,1,0.599999999999909,3.0,3.0
PREFADE-S,SPX500_TRAIN,2012-03-29 13:26:00+00:00,1,5.599999999999909,2.2000000000000455,-4.0
PREFADE-S,SPX500_TRAIN,2012-04-03 11:47:00+00:00,1,1.0,2.2000000000000455,2.2000000000000455
PREFADE-S,SPX500_TRAIN,2012-04-06 12:32:00+00:00,1,6.300000000000182,3.0,-3.800000000000182
PREFADE-S,SPX500_TRAIN,2012-04-10 11:35:00+00:00,1,1.400000000000091,3.0,2.7174472692609015
PREFADE-S,SPX500_TRAIN,2012-04-12 12:46:00+00:00,1,0.0,4.400000000000091,4.390066353078055
PREFADE-S,SPX500_TRAIN,2012-04-16 12:36:00+00:00,-1,3.400000000000091,5.399999999999864,5.137204636408342
PREFADE-S,SPX500_TRAIN,2012-04-18 12:03:00+00:00,1,2.400000000000091,3.0,2.7429471126417866
PREFADE-S,SPX500_TRAIN,2012-04-19 11:31:00+00:00,1,1.0,4.7999999999999545,4.424127668015444
PREFADE-S,SPX500_TRAIN,2012-04-19 12:40:00+00:00,1,1.2000000000000455,5.2000000000000455,4.69716847320592
PREFADE-S,SPX500_TRAIN,2012-04-20 11:53:00+00:00,-1,4.0,2.7999999999999545,-1.6000000000001364
PREFADE-S,SPX500_TRAIN,2012-04-24 12:31:00+00:00,1,3.0,1.7999999999999545,1.7466257692112777
PREFADE-S,SPX500_TRAIN,2012-04-26 12:31:00+00:00,1,1.300000000000182,4.699999999999818,4.635335500518977
PREFADE-S,SPX500_TRAIN,2012-04-27 11:56:00+00:00,-1,3.400000000000091,5.7999999999999545,4.720173103372645
PREFADE-S,SPX500_TRAIN,2012-04-30 11:52:00+00:00,1,4.0,1.7999999999999545,-4.0
PREFADE-S,SPX500_TRAIN,2012-05-02 12:15:00+00:00,1,4.7999999999999545,1.7999999999999545,1.0
PREFADE-S,SPX500_TRAIN,2012-05-03 11:49:00+00:00,-1,2.0,2.2000000000000455,1.6149068058966805
PREFADE-S,SPX500_TRAIN,2012-05-04 12:30:00+00:00,1,5.2000000000000455,0.0,-3.6183582566216046
PREFADE-S,SPX500_TRAIN,2012-05-04 13:09:00+00:00,1,5.600000000000136,0.599999999999909,-5.347549698783951
PREFADE-S,SPX500_TRAIN,2012-05-07 12:05:00+00:00,-1,8.600000000000136,0.1999999999998181,-7.8178903569378235
PREFADE-S,SPX500_TRAIN,2012-05-09 12:26:00+00:00,1,6.599999999999909,4.0,3.165513833659361
PREFADE-S,SPX500_TRAIN,2012-05-10 11:48:00+00:00,-1,5.599999999999909,2.800000000000182,2.2704367579158315
PREFADE-S,SPX500_TRAIN,2012-05-11 12:47:00+00:00,1,1.2000000000000455,2.7999999999999545,2.356710891821649
PREFADE-S,SPX500_TRAIN,2012-05-15 13:05:00+00:00,1,3.800000000000182,5.199999999999818,4.979798706715201
PREFADE-S,SPX500_TRAIN,2012-05-16 11:46:00+00:00,-1,7.399999999999864,0.7999999999999545,-7.399999999999864
PREFADE-S,SPX500_TRAIN,2012-05-22 11:58:00+00:00,-1,0.7999999999999545,3.2000000000000455,3.0665750627376838
PREFADE-S,SPX500_TRAIN,2012-05-23 12:21:00+00:00,1,0.7999999999999545,5.2000000000000455,4.045846785565573
PREFADE-S,SPX500_TRAIN,2012-05-28 13:20:00+00:00,1,1.2000000000000455,3.0,2.3999999999998636
PREFADE-S,SPX500_TRAIN,2012-05-30 13:18:00+00:00,1,6.400000000000091,0.3999999999998636,-6.352313704267544
PREFADE-S,SPX500_TRAIN,2012-06-01 12:31:00+00:00,1,1.2000000000000455,11.200000000000045,2.0
PREFADE-S,SPX500_TRAIN,2012-06-04 11:41:00+00:00,-1,4.2000000000000455,6.2000000000000455,5.633439525922768
PREFADE-S,SPX500_TRAIN,2012-06-07 13:29:00+00:00,-1,0.0,7.199999999999818,7.160793984280417
PREFADE-S,SPX500_TRAIN,2012-06-13 11:39:00+00:00,1,3.2999999999999545,2.2000000000000455,-2.974782389581833
PREFADE-S,SPX500_TRAIN,2012-06-13 12:44:00+00:00,1,4.0,0.7999999999999545,-3.9575950289499815
PREFADE-S,SPX500_TRAIN,2012-06-14 11:57:00+00:00,1,2.0,3.3999999999998636,3.2331506136324606
PREFADE-S,SPX500_TRAIN,2012-06-15 13:06:00+00:00,1,0.0,3.7999999999999545,3.599999999999909
PREFADE-S,SPX500_TRAIN,2012-06-18 12:49:00+00:00,1,1.900000000000091,9.799999999999955,8.485650947220392
PREFADE-S,SPX500_TRAIN,2012-06-19 13:04:00+00:00,-1,5.400000000000091,1.2999999999999545,-5.183383993238067
PREFADE-S,SPX500_TRAIN,2012-06-20 12:23:00+00:00,-1,0.20000000000004547,3.400000000000091,3.240110743246987
PREFADE-S,SPX500_TRAIN,2012-06-21 12:35:00+00:00,-1,1.0,4.600000000000136,4.596693830745608
PREFADE-S,SPX500_TRAIN,2012-06-22 11:31:00+00:00,1,0.0,3.6000000000001364,3.5462455485637747
PREFADE-S,SPX500_TRAIN,2012-06-22 13:08:00+00:00,-1,1.0,3.400000000000091,3.400000000000091
PREFADE-S,SPX500_TRAIN,2012-06-25 11:33:00+00:00,1,5.900000000000091,2.5,-5.2164544505812955
PREFADE-S,SPX500_TRAIN,2012-06-26 11:52:00+00:00,1,0.599999999999909,2.400000000000091,2.400000000000091
PREFADE-S,SPX500_TRAIN,2012-06-27 11:35:00+00:00,-1,1.400000000000091,2.599999999999909,2.044314782884385
PREFADE-S,SPX500_TRAIN,2012-07-05 12:44:00+00:00,1,4.600000000000136,4.7999999999999545,1.7999999999999545
PREFADE-S,SPX500_TRAIN,2012-07-06 12:30:00+00:00,1,3.7000000000000455,0.0,-3.281356413409185
PREFADE-S,SPX500_TRAIN,2012-07-16 12:18:00+00:00,1,1.0,1.2000000000000455,1.1918767347692665
PREFADE-S,SPX500_TRAIN,2012-07-19 12:06:00+00:00,-1,1.599999999999909,2.400000000000091,2.400000000000091
PREFADE-S,SPX500_TRAIN,2012-07-20 11:36:00+00:00,1,3.5,0.1999999999998181,-3.2478021853653445
PREFADE-S,SPX500_TRAIN,2012-07-23 12:21:00+00:00,1,9.399999999999864,1.2000000000000455,-9.227981832307705
PREFADE-S,SPX500_TRAIN,2012-07-24 13:07:00+00:00,-1,1.0,3.3999999999998636,3.3599917027308948
PREFADE-S,SPX500_TRAIN,2012-07-25 12:29:00+00:00,-1,2.599999999999909,6.600000000000136,6.38142738796364
PREFADE-S,SPX500_TRAIN,2012-07-27 12:28:00+00:00,-1,7.0,3.400000000000091,-5.713650724313766
PREFADE-S,SPX500_TRAIN,2012-07-31 13:13:00+00:00,1,0.8000000000001819,4.0,3.812008203831283
PREFADE-S,SPX500_TRAIN,2012-08-02 12:15:00+00:00,-1,5.0,1.2999999999999545,-4.552559837434501
PREFADE-S,SPX500_TRAIN,2012-08-02 12:41:00+00:00,1,7.5,1.099999999999909,-5.690256118490197
PREFADE-S,SPX500_TRAIN,2012-08-02 12:55:00+00:00,1,2.599999999999909,8.599999999999909,8.285301635223732
PREFADE-S,SPX500_TRAIN,2012-08-03 12:31:00+00:00,-1,10.800000000000182,2.199999999999818,-10.0
PREFADE-S,SPX500_TRAIN,2012-08-06 11:37:00+00:00,-1,0.0,2.7999999999999545,2.7200646584251444
PREFADE-S,SPX500_TRAIN,2012-08-07 12:36:00+00:00,-1,5.600000000000136,1.3999999999998636,-5.4603159601608695
PREFADE-S,SPX500_TRAIN,2012-08-08 12:03:00+00:00,1,1.2999999999999545,2.7000000000000455,1.938475309867954
PREFADE-S,SPX500_TRAIN,2012-08-14 12:32:00+00:00,-1,0.5,3.400000000000091,2.972895693241753
PREFADE-S,SPX500_TRAIN,2012-08-15 12:36:00+00:00,-1,0.20000000000004547,1.199999999999818,1.0708996426742488
PREFADE-S,SPX500_TRAIN,2012-08-16 12:30:00+00:00,-1,1.2000000000000455,1.8999999999998636,1.3375863991034294
PREFADE-S,SPX500_TRAIN,2012-08-17 11:58:00+00:00,1,0.2999999999999545,1.2000000000000455,1.2000000000000455
PREFADE-S,SPX500_TRAIN,2012-08-17 13:24:00+00:00,-1,2.2000000000000455,0.3999999999998636,-1.635322238886829
PREFADE-S,SPX500_TRAIN,2012-08-20 11:33:00+00:00,1,3.0,0.7999999999999545,-2.0362197691028996
PREFADE-S,SPX500_TRAIN,2012-08-21 12:43:00+00:00,-1,3.400000000000091,1.400000000000091,-3.400000000000091
PREFADE-S,SPX500_TRAIN,2012-08-23 11:51:00+00:00,1,4.0,0.3999999999998636,-3.379862368751219
PREFADE-S,SPX500_TRAIN,2012-08-24 12:09:00+00:00,1,2.2999999999999545,2.0,1.5
PREFADE-S,SPX500_TRAIN,2012-08-27 11:52:00+00:00,-1,2.0,2.7999999999999545,1.9406482148658597
PREFADE-S,SPX500_TRAIN,2012-08-28 12:59:00+00:00,1,0.20000000000004547,3.3999999999998636,2.828512891974924
PREFADE-S,SPX500_TRAIN,2012-08-29 12:41:00+00:00,-1,0.7999999999999545,2.7999999999999545,2.2000000000000455
PREFADE-S,SPX500_TRAIN,2012-08-31 11:38:00+00:00,-1,5.5,5.0,3.6831394508456015
PREFADE-S,SPX500_TRAIN,2012-09-04 12:21:00+00:00,1,4.199999999999818,1.300000000000182,-3.3386644957095086
PREFADE-S,SPX500_TRAIN,2012-09-05 12:02:00+00:00,-1,1.3999999999998636,4.400000000000091,2.900000000000091
PREFADE-S,SPX500_TRAIN,2012-09-05 12:53:00+00:00,-1,0.2999999999999545,4.5,3.858673133885304
PREFADE-S,SPX500_TRAIN,2012-09-07 12:43:00+00:00,-1,0.20000000000004547,2.7999999999999545,2.750073718639669
PREFADE-S,SPX500_TRAIN,2012-09-17 12:56:00+00:00,-1,1.3999999999998636,2.2000000000000455,1.4377976013299758
PREFADE-S,SPX500_TRAIN,2012-09-21 12:49:00+00:00,-1,2.0,0.5,-1.9933745672794885
PREFADE-S,SPX500_TRAIN,2012-09-24 12:35:00+00:00,1,0.0,3.6000000000001364,3.4076758591772887
PREFADE-S,SPX500_TRAIN,2012-09-26 11:33:00+00:00,1,2.7999999999999545,0.8000000000001819,-2.7962073489247814
PREFADE-S,SPX500_TRAIN,2012-10-03 12:16:00+00:00,-1,1.5,2.5,2.005711858876566
PREFADE-S,SPX500_TRAIN,2012-10-05 11:51:00+00:00,-1,0.1999999999998181,2.800000000000182,2.2315037859136737
PREFADE-S,SPX500_TRAIN,2012-10-05 12:31:00+00:00,-1,3.199999999999818,1.2000000000000455,-3.0606237780614265
PREFADE-S,SPX500_TRAIN,2012-10-11 12:26:00+00:00,-1,6.0,0.3999999999998636,-0.6000000000001364
PREFADE-S,SPX500_TRAIN,2012-10-12 11:32:00+00:00,-1,1.0,2.400000000000091,2.1950643146878974
PREFADE-S,SPX500_TRAIN,2012-10-12 13:10:00+00:00,1,2.400000000000091,2.2000000000000455,1.8253371562034317
PREFADE-S,SPX500_TRAIN,2012-10-17 11:39:00+00:00,-1,2.0,2.2999999999999545,2.0680021548359946
PREFADE-S,SPX500_TRAIN,2012-10-18 11:42:00+00:00,1,2.5,1.7000000000000455,-2.5
PREFADE-S,SPX500_TRAIN,2012-10-24 13:06:00+00:00,-1,0.7999999999999545,3.599999999999909,3.4431264443232976
PREFADE-S,SPX500_TRAIN,2012-10-26 12:39:00+00:00,-1,5.7000000000000455,5.2999999999999545,4.12002438736522
PREFADE-S,SPX500_TRAIN,2012-11-01 12:16:00+00:00,-1,4.599999999999909,0.599999999999909,-4.3575141660710415
PREFADE-S,SPX500_TRAIN,2012-11-02 12:30:00+00:00,-1,6.5,2.0,-2.172223814149447
PREFADE-S,SPX500_TRAIN,2012-11-02 12:41:00+00:00,-1,3.199999999999818,4.300000000000182,3.5618908251481116
PREFADE-S,SPX500_TRAIN,2012-11-05 12:36:00+00:00,1,0.0,3.3999999999998636,2.7624481908001144
PREFADE-S,SPX500_TRAIN,2012-11-08 14:27:00+00:00,1,0.40000000000009095,2.199999999999818,2.1336783050892336
PREFADE-S,SPX500_TRAIN,2012-11-12 13:56:00+00:00,-1,0.0,3.099999999999909,2.942265761488443
PREFADE-S,SPX500_TRAIN,2012-11-15 13:32:00+00:00,1,1.7999999999999545,3.800000000000182,3.5645706794471153
PREFADE-S,SPX500_TRAIN,2012-11-16 13:07:00+00:00,-1,4.099999999999909,4.400000000000091,2.636345172430765
PREFADE-S,SPX500_TRAIN,2012-11-19 12:56:00+00:00,-1,4.599999999999909,1.0,-4.136443291569549
PREFADE-S,SPX500_TRAIN,2012-11-20 13:31:00+00:00,-1,1.5,2.300000000000182,1.771861741929115
PREFADE-S,SPX500_TRAIN,2012-11-22 12:59:00+00:00,-1,0.0,2.0,2.0
PREFADE-S,SPX500_TRAIN,2012-11-23 14:10:00+00:00,-1,3.7999999999999545,0.20000000000004547,-3.7658200040514203
PREFADE-S,SPX500_TRAIN,2012-11-27 14:16:00+00:00,1,1.0,2.699999999999818,2.5230619696683334
PREFADE-S,SPX500_TRAIN,2012-11-28 12:41:00+00:00,1,2.800000000000182,0.1999999999998181,-2.507688482878393
PREFADE-S,SPX500_TRAIN,2012-12-03 13:02:00+00:00,-1,0.7999999999999545,6.7999999999999545,3.687918840817929
PREFADE-S,SPX500_TRAIN,2012-12-04 12:49:00+00:00,-1,0.0,3.599999999999909,3.479515668389695
PREFADE-S,SPX500_TRAIN,2012-12-06 13:52:00+00:00,1,0.599999999999909,2.6000000000001364,2.524595910676908
PREFADE-S,SPX500_TRAIN,2012-12-07 12:41:00+00:00,1,1.2999999999999545,7.0,2.0783873503207815
PREFADE-S,SPX500_TRAIN,2012-12-11 12:57:00+00:00,-1,6.599999999999909,1.400000000000091,-6.45747099215464
PREFADE-S,SPX500_TRAIN,2012-12-12 12:41:00+00:00,-1,0.0,3.3999999999998636,2.94804758243572
PREFADE-S,SPX500_TRAIN,2012-12-13 13:31:00+00:00,-1,0.0,3.2000000000000455,2.7834295173831833
PREFADE-S,SPX500_TRAIN,2012-12-14 13:36:00+00:00,1,5.0,2.0,-4.168191656814997
PREFADE-S,SPX500_TRAIN,2012-12-18 13:29:00+00:00,1,3.6000000000001364,1.599999999999909,-3.2692612744895087
PREFADE-S,SPX500_TRAIN,2012-12-19 12:47:00+00:00,-1,1.7999999999999545,1.400000000000091,1.1770566866948684
PREFADE-S,SPX500_TRAIN,2012-12-26 14:20:00+00:00,-1,0.0,2.6000000000001364,1.585356440020405
PREFADE-S,SPX500_TRAIN,2012-12-31 13:39:00+00:00,-1,4.0,0.0,-3.5871966124720984
PREFADE-S,SPX500_TRAIN,2013-01-03 13:16:00+00:00,-1,1.7999999999999545,0.599999999999909,-1.577122691035811
PREFADE-S,SPX500_TRAIN,2013-01-03 13:50:00+00:00,-1,0.3999999999998636,2.6000000000001364,2.1176260877011828
PREFADE-S,SPX500_TRAIN,2013-01-04 13:25:00+00:00,-1,0.20000000000004547,4.0,2.5
PREFADE-S,SPX500_TRAIN,2013-01-04 13:32:00+00:00,-1,1.599999999999909,1.7999999999999545,1.594791262918534
PREFADE-S,SPX500_TRAIN,2013-01-07 14:17:00+00:00,1,2.0,1.599999999999909,1.2949967471711261
PREFADE-S,SPX500_TRAIN,2013-01-09 14:03:00+00:00,-1,2.400000000000091,1.0,-2.394965692035612
PREFADE-S,SPX500_TRAIN,2013-01-10 13:21:00+00:00,-1,3.0,3.599999999999909,1.5490148450030574
PREFADE-S,SPX500_TRAIN,2013-01-14 14:05:00+00:00,1,4.0,1.6000000000001364,-3.983636273287857
PREFADE-S,SPX500_TRAIN,2013-01-17 13:23:00+00:00,-1,5.0,0.0,-4.257531871811125
PREFADE-S,SPX500_TRAIN,2013-01-24 13:31:00+00:00,-1,3.6000000000001364,0.20000000000004547,-3.3653503642797205
PREFADE-S,SPX500_TRAIN,2013-01-28 12:43:00+00:00,-1,0.7999999999999545,1.2000000000000455,1.2000000000000455
PREFADE-S,SPX500_TRAIN,2013-01-28 13:32:00+00:00,-1,2.2000000000000455,0.40000000000009095,-1.9860663183148972
PREFADE-S,SPX500_TRAIN,2013-01-28 14:10:00+00:00,-1,0.20000000000004547,2.3999999999998636,2.2854455857047924
PREFADE-S,SPX500_TRAIN,2013-01-30 12:51:00+00:00,1,1.599999999999909,0.7000000000000455,-1.423926119226735
PREFADE-S,SPX500_TRAIN,2013-01-31 13:20:00+00:00,1,1.400000000000091,2.0,1.4934380352128755
PREFADE-S,SPX500_TRAIN,2013-02-01 13:26:00+00:00,-1,2.0,3.0,1.906772651672327
PREFADE-S,SPX500_TRAIN,2013-02-01 13:38:00+00:00,-1,3.2000000000000455,1.0,-3.0439766360807425
PREFADE-S,SPX500_TRAIN,2013-02-06 12:42:00+00:00,1,3.7999999999999545,0.20000000000004547,-3.0208907291278138
PREFADE-S,SPX500_TRAIN,2013-02-08 13:29:00+00:00,1,0.20000000000004547,1.7999999999999545,1.5622812424985568
PREFADE-S,SPX500_TRAIN,2013-02-08 14:07:00+00:00,-1,2.3999999999998636,0.40000000000009095,-2.2197770490529365
PREFADE-S,SPX500_TRAIN,2013-02-12 13:25:00+00:00,-1,1.800000000000182,2.0,-0.40000000000009095
PREFADE-S,SPX500_TRAIN,2013-02-13 13:35:00+00:00,-1,2.0,0.7999999999999545,-1.673733177150325
PREFADE-S,SPX500_TRAIN,2013-02-15 13:18:00+00:00,-1,2.7999999999999545,1.0,-2.6554930221691393
PREFADE-S,SPX500_TRAIN,2013-02-18 13:15:00+00:00,1,0.0,1.400000000000091,1.400000000000091
PREFADE-S,SPX500_TRAIN,2013-02-19 13:29:00+00:00,-1,3.2000000000000455,1.0,-2.8873936057632363
PREFADE-S,SPX500_TRAIN,2013-02-20 13:29:00+00:00,1,1.2000000000000455,1.3999999999998636,1.0957446957675074
PREFADE-S,SPX500_TRAIN,2013-02-22 13:45:00+00:00,-1,0.0,3.0,2.8275870607940305
PREFADE-S,SPX500_TRAIN,2013-02-26 14:00:00+00:00,-1,3.0,3.400000000000091,2.6740505777627277
PREFADE-S,SPX500_TRAIN,2013-02-27 12:38:00+00:00,-1,2.400000000000091,0.1999999999998181,-2.208283875151892
PREFADE-S,SPX500_TRAIN,2013-02-27 13:09:00+00:00,-1,0.20000000000004547,2.7999999999999545,2.1637064667643244
PREFADE-S,SPX500_TRAIN,2013-02-27 13:31:00+00:00,-1,0.40000000000009095,2.0,1.8701143246159972
PREFADE-S,SPX500_TRAIN,2013-02-28 13:32:00+00:00,1,0.0,2.0,1.7999999999999545
PREFADE-S,SPX500_TRAIN,2013-02-28 14:03:00+00:00,1,2.0,0.0,-1.9773879398187546
PREFADE-S,SPX500_TRAIN,2013-03-01 12:54:00+00:00,1,5.600000000000136,2.0,-5.56914919506562
PREFADE-S,SPX500_TRAIN,2013-03-04 12:32:00+00:00,-1,1.7999999999999545,2.800000000000182,2.1883628809268885
PREFADE-S,SPX500_TRAIN,2013-03-05 13:16:00+00:00,-1,3.800000000000182,0.0,-3.361380140767551
PREFADE-S,SPX500_TRAIN,2013-03-07 13:42:00+00:00,-1,1.199999999999818,2.0,1.8422698168847091
PREFADE-S,SPX500_TRAIN,2013-03-08 13:31:00+00:00,-1,1.7999999999999545,2.7999999999999545,2.3310348414654527
PREFADE-S,SPX500_TRAIN,2013-03-11 11:31:00+00:00,1,0.40000000000009095,1.599999999999909,1.5952208475712268
PREFADE-S,SPX500_TRAIN,2013-03-11 13:12:00+00:00,-1,0.20000000000004547,1.400000000000091,1.2334914902510263
PREFADE-S,SPX500_TRAIN,2013-03-12 11:48:00+00:00,1,0.0,2.0,1.8205889720993582
PREFADE-S,SPX500_TRAIN,2013-03-13 11:50:00+00:00,1,0.20000000000004547,3.7999999999999545,2.907497483781299
PREFADE-S,SPX500_TRAIN,2013-03-15 13:29:00+00:00,1,2.6000000000001364,0.3999999999998636,-2.595116388803035
PREFADE-S,SPX500_TRAIN,2013-03-19 12:02:00+00:00,-1,1.400000000000091,2.0,1.913262939453034
PREFADE-S,SPX500_TRAIN,2013-03-21 13:16:00+00:00,1,2.6000000000001364,2.2000000000000455,1.801286915290575
PREFADE-S,SPX500_TRAIN,2013-03-22 12:45:00+00:00,-1,4.599999999999909,1.2000000000000455,-4.408850022545948
PREFADE-S,SPX500_TRAIN,2013-03-26 12:00:00+00:00,1,0.0,2.0,1.7999999999999545
PREFADE-S,SPX500_TRAIN,2013-03-26 13:18:00+00:00,-1,2.0,0.20000000000004547,-1.9362422198305467
PREFADE-S,SPX500_TRAIN,2013-04-01 11:34:00+00:00,-1,0.40000000000009095,2.3999999999998636,2.100138975905111
PREFADE-S,SPX500_TRAIN,2013-04-05 12:31:00+00:00,1,5.7999999999999545,3.0,1.3999999999998636
PREFADE-S,SPX500_TRAIN,2013-04-09 12:40:00+00:00,-1,1.2000000000000455,1.400000000000091,1.2238241491559165
PREFADE-S,SPX500_TRAIN,2013-04-12 12:21:00+00:00,1,2.7999999999999545,2.6000000000001364,1.689815138862059
PREFADE-S,SPX500_TRAIN,2013-04-16 11:53:00+00:00,-1,5.0,1.599999999999909,-0.8000000000001819
PREFADE-S,SPX500_TRAIN,2013-04-22 13:03:00+00:00,1,0.6000000000001364,3.7999999999999545,3.075517383780152
PREFADE-S,SPX500_TRAIN,2013-04-24 12:36:00+00:00,1,0.599999999999909,3.7999999999999545,2.741313297974102
PREFADE-S,SPX500_TRAIN,2013-04-26 12:31:00+00:00,1,0.6000000000001364,2.0,1.83176316114168
PREFADE-S,SPX500_TRAIN,2013-05-01 11:51:00+00:00,-1,0.0,1.599999999999909,1.52325813660309
PREFADE-S,SPX500_TRAIN,2013-05-01 12:44:00+00:00,1,2.400000000000091,0.0,-2.3318902694468306
PREFADE-S,SPX500_TRAIN,2013-05-02 11:46:00+00:00,-1,2.599999999999909,1.6000000000001364,-2.4344120918619865
PREFADE-S,SPX500_TRAIN,2013-05-03 12:31:00+00:00,-1,4.600000000000136,2.3999999999998636,-4.365288958245628
PREFADE-S,SPX500_TRAIN,2013-05-03 13:04:00+00:00,-1,8.200000000000045,0.3999999999998636,-5.800000000000182
PREFADE-S,SPX500_TRAIN,2013-05-06 11:40:00+00:00,1,0.40000000000009095,1.599999999999909,1.180423324826961
PREFADE-S,SPX500_TRAIN,2013-05-07 11:50:00+00:00,-1,3.2000000000000455,2.0,1.8445761890302492
PREFADE-S,SPX500_TRAIN,2013-05-08 11:33:00+00:00,-1,0.20000000000004547,1.7999999999999545,1.427262168583411
PREFADE-S,SPX500_TRAIN,2013-05-08 12:55:00+00:00,1,0.7999999999999545,2.2000000000000455,1.9790194324687036
PREFADE-S,SPX500_TRAIN,2013-05-09 12:14:00+00:00,1,0.40000000000009095,1.7999999999999545,1.3859360368282978
PREFADE-S,SPX500_TRAIN,2013-05-09 12:41:00+00:00,1,0.20000000000004547,3.2000000000000455,3.2000000000000455
PREFADE-S,SPX500_TRAIN,2013-05-10 13:26:00+00:00,1,0.20000000000004547,3.199999999999818,2.8498744091089065
PREFADE-S,SPX500_TRAIN,2013-05-13 12:33:00+00:00,-1,1.2000000000000455,2.6000000000001364,1.9935939699957999
PREFADE-S,SPX500_TRAIN,2013-05-14 12:15:00+00:00,-1,4.7999999999999545,3.2000000000000455,-4.700871663265616
PREFADE-S,SPX500_TRAIN,2013-05-15 12:35:00+00:00,1,1.7999999999999545,2.0,1.400000000000091
PREFADE-S,SPX500_TRAIN,2013-05-16 11:52:00+00:00,-1,1.0,3.0,2.0123060879318473
PREFADE-S,SPX500_TRAIN,2013-05-16 12:33:00+00:00,1,0.20000000000004547,2.2000000000000455,1.8854568952758655
PREFADE-S,SPX500_TRAIN,2013-05-17 12:09:00+00:00,-1,3.2000000000000455,1.2000000000000455,-3.0141762673820267
PREFADE-S,SPX500_TRAIN,2013-05-20 12:21:00+00:00,1,1.400000000000091,1.2000000000000455,1.0489983385682535
PREFADE-S,SPX500_TRAIN,2013-05-21 13:03:00+00:00,-1,2.7999999999999545,1.2000000000000455,-2.7536611868583805
PREFADE-S,SPX500_TRAIN,2013-05-22 12:06:00+00:00,-1,2.7999999999999545,1.0,-2.5281520254902716
PREFADE-S,SPX500_TRAIN,2013-05-24 11:40:00+00:00,1,0.0,7.7999999999999545,7.755416480212716
PREFADE-S,SPX500_TRAIN,2013-06-04 12:15:00+00:00,-1,4.599999999999909,1.0,-3.9010045058453215
PREFADE-S,SPX500_TRAIN,2013-06-06 11:50:00+00:00,-1,1.800000000000182,2.199999999999818,1.879237347532353
PREFADE-S,SPX500_TRAIN,2013-06-06 12:52:00+00:00,1,3.7999999999999545,0.40000000000009095,-3.5496546404988294
PREFADE-S,SPX500_TRAIN,2013-06-07 12:18:00+00:00,-1,3.6000000000001364,0.0,-2.924336800879928
PREFADE-S,SPX500_TRAIN,2013-06-07 12:56:00+00:00,-1,10.0,5.800000000000182,-9.620900925087653
PREFADE-S,SPX500_TRAIN,2013-06-10 13:17:00+00:00,-1,1.0,4.599999999999909,3.6679306683554387
PREFADE-S,SPX500_TRAIN,2013-06-13 12:34:00+00:00,-1,7.199999999999818,3.6000000000001364,-6.618108434624219
PREFADE-S,SPX500_TRAIN,2013-06-18 13:16:00+00:00,1,0.20000000000004547,3.400000000000091,3.2114012270224066
PREFADE-S,SPX500_TRAIN,2013-06-25 13:23:00+00:00,-1,0.3999999999998636,8.799999999999955,8.696398070775786
PREFADE-S,SPX500_TRAIN,2013-06-26 11:35:00+00:00,-1,7.399999999999864,2.6000000000001364,-3.199999999999818
PREFADE-S,SPX500_TRAIN,2013-06-27 11:41:00+00:00,-1,3.6000000000001364,0.0,-3.159330870557369
PREFADE-S,SPX500_TRAIN,2013-06-28 12:16:00+00:00,1,5.0,0.40000000000009095,-4.63810143633691
PREFADE-S,SPX500_TRAIN,2013-07-02 12:18:00+00:00,1,2.6000000000001364,3.0,2.412085286640149
PREFADE-S,SPX500_TRAIN,2013-07-04 12:38:00+00:00,-1,6.2000000000000455,0.20000000000004547,-6.058263962071351
PREFADE-S,SPX500_TRAIN,2013-07-05 11:38:00+00:00,1,0.7999999999999545,3.6000000000001364,2.692612934229146
PREFADE-S,SPX500_TRAIN,2013-07-05 12:29:00+00:00,-1,2.400000000000091,2.7999999999999545,0.23631640841517765
PREFADE-S,SPX500_TRAIN,2013-07-05 12:32:00+00:00,-1,3.199999999999818,0.8000000000001819,0.5953457500918375
PREFADE-S,SPX500_TRAIN,2013-07-05 13:02:00+00:00,1,6.400000000000091,1.0,-5.137942227027224
PREFADE-S,SPX500_TRAIN,2013-07-09 13:17:00+00:00,-1,0.7999999999999545,4.600000000000136,3.548483482245274
PREFADE-S,SPX500_TRAIN,2013-07-12 11:31:00+00:00,-1,0.6000000000001364,2.599999999999909,2.0068415677226312
PREFADE-S,SPX500_TRAIN,2013-07-16 12:32:00+00:00,1,0.40000000000009095,1.599999999999909,1.2856919080224998
PREFADE-S,SPX500_TRAIN,2013-07-16 13:19:00+00:00,-1,0.1999999999998181,2.0,1.9468167902462028
PREFADE-S,SPX500_TRAIN,2013-07-17 12:31:00+00:00,-1,4.2000000000000455,3.6000000000001364,0.6000000000001364
PREFADE-S,SPX500_TRAIN,2013-07-18 12:35:00+00:00,-1,4.399999999999864,0.40000000000009095,-4.212948609157138
PREFADE-S,SPX500_TRAIN,2013-07-22 13:26:00+00:00,1,2.2000000000000455,2.400000000000091,1.720120046539705
PREFADE-S,SPX500_TRAIN,2013-07-26 11:36:00+00:00,1,6.7999999999999545,3.2000000000000455,-4.7999999999999545
PREFADE-S,SPX500_TRAIN,2013-07-30 11:38:00+00:00,-1,1.7999999999999545,1.3999999999998636,1.143524968429574
PREFADE-S,SPX500_TRAIN,2013-07-31 12:33:00+00:00,1,0.0,4.0,3.1026558644778106
PREFADE-S,SPX500_TRAIN,2013-08-02 12:24:00+00:00,-1,0.599999999999909,4.100000000000136,1.2627149445715986
PREFADE-S,SPX500_TRAIN,2013-08-02 12:40:00+00:00,1,2.2000000000000455,0.0,-2.084242997387946
PREFADE-S,SPX500_TRAIN,2013-08-05 12:11:00+00:00,1,2.199999999999818,0.8000000000001819,-1.8428226976009228
PREFADE-S,SPX500_TRAIN,2013-08-08 12:49:00+00:00,-1,2.0,2.0,1.9956542270358568
PREFADE-S,SPX500_TRAIN,2013-08-15 11:38:00+00:00,1,6.599999999999909,0.20000000000004547,-5.578067329985515
PREFADE-S,SPX500_TRAIN,2013-08-19 11:37:00+00:00,1,1.2000000000000455,2.7999999999999545,2.2000000000000455
PREFADE-S,SPX500_TRAIN,2013-08-23 13:19:00+00:00,-1,2.2000000000000455,3.7999999999999545,3.654637826434282
PREFADE-S,SPX500_TRAIN,2013-08-27 12:31:00+00:00,1,3.0,5.199999999999818,5.198108980102916
PREFADE-S,SPX500_TRAIN,2013-08-28 11:33:00+00:00,1,1.599999999999909,3.7999999999999545,3.364458166265649
PREFADE-S,SPX500_TRAIN,2013-08-29 13:06:00+00:00,1,3.0,3.7999999999999545,2.8125969316163264
PREFADE-S,SPX500_TRAIN,2013-09-02 11:42:00+00:00,-1,0.3999999999998636,2.6000000000001364,0.6000000000001364
PREFADE-S,SPX500_TRAIN,2013-09-04 12:43:00+00:00,1,0.1999999999998181,2.800000000000182,2.400000000000091
PREFADE-S,SPX500_TRAIN,2013-09-06 11:32:00+00:00,-1,3.2000000000000455,0.7999999999999545,-3.162175965682991
PREFADE-S,SPX500_TRAIN,2013-09-06 12:37:00+00:00,-1,1.7999999999999545,6.2000000000000455,4.70795875806175
PREFADE-S,SPX500_TRAIN,2013-09-11 13:23:00+00:00,1,0.20000000000004547,2.2000000000000455,1.8188896496237703
PREFADE-S,SPX500_TRAIN,2013-09-13 12:13:00+00:00,-1,2.800000000000182,1.599999999999909,1.4103487011109337
PREFADE-S,SPX500_TRAIN,2013-09-17 11:52:00+00:00,-1,2.2000000000000455,0.40000000000009095,-1.882467936992498
PREFADE-S,SPX500_TRAIN,2013-09-17 13:22:00+00:00,-1,3.800000000000182,0.7999999999999545,-3.2011891948845914
PREFADE-S,SPX500_TRAIN,2013-09-18 13:11:00+00:00,1,1.2000000000000455,0.7999999999999545,0.7999999999999545
PREFADE-S,SPX500_TRAIN,2013-09-20 11:41:00+00:00,-1,0.20000000000004547,1.7999999999999545,1.5301533931299218
PREFADE-S,SPX500_TRAIN,2013-09-20 12:05:00+00:00,1,1.3999999999998636,1.2000000000000455,1.2000000000000455
PREFADE-S,SPX500_TRAIN,2013-09-20 13:16:00+00:00,-1,1.2000000000000455,2.0,1.8246624548223735
PREFADE-S,SPX500_TRAIN,2013-09-23 13:13:00+00:00,1,7.2000000000000455,4.599999999999909,-6.746411481410178
PREFADE-S,SPX500_TRAIN,2013-09-24 11:55:00+00:00,1,0.1999999999998181,1.800000000000182,1.800000000000182
PREFADE-S,SPX500_TRAIN,2013-09-24 13:04:00+00:00,-1,1.0,2.599999999999909,2.0420834205824576
PREFADE-S,SPX500_TRAIN,2013-09-25 12:46:00+00:00,-1,0.40000000000009095,2.7999999999999545,2.65733776613024
PREFADE-S,SPX500_TRAIN,2013-09-30 11:50:00+00:00,1,4.2000000000000455,0.7999999999999545,-2.618983419520873
PREFADE-S,SPX500_TRAIN,2013-10-01 12:19:00+00:00,1,0.0,4.0,3.8761734457234525
PREFADE-S,SPX500_TRAIN,2013-10-01 13:11:00+00:00,1,0.7999999999999545,5.0,4.021702739170678
PREFADE-S,SPX500_TRAIN,2013-10-03 12:56:00+00:00,-1,1.0,3.6000000000001364,3.269196861543378
PREFADE-S,SPX500_TRAIN,2013-10-08 12:10:00+00:00,-1,1.0,2.3999999999998636,2.145160114055898
PREFADE-S,SPX500_TRAIN,2013-10-09 12:03:00+00:00,1,0.20000000000004547,3.199999999999818,2.923272608909201
PREFADE-S,SPX500_TRAIN,2013-10-15 11:46:00+00:00,1,3.3999999999998636,1.800000000000182,-3.317091508494741
PREFADE-S,SPX500_TRAIN,2013-10-15 13:19:00+00:00,1,3.599999999999909,4.0,3.51206709230064
PREFADE-S,SPX500_TRAIN,2013-10-18 12:03:00+00:00,-1,2.0,1.800000000000182,1.2389198256937561
PREFADE-S,SPX500_TRAIN,2013-10-22 11:33:00+00:00,-1,1.2000000000000455,0.7999999999999545,-1.0812142213712832
PREFADE-S,SPX500_TRAIN,2013-10-22 12:31:00+00:00,-1,4.7999999999999545,3.400000000000091,-4.498226651206096
PREFADE-S,SPX500_TRAIN,2013-10-28 12:09:00+00:00,1,3.0,1.400000000000091,1.3342863162670255
PREFADE-S,SPX500_TRAIN,2013-10-31 11:37:00+00:00,-1,2.400000000000091,1.2000000000000455,1.1641446326673304
PREFADE-S,SPX500_TRAIN,2013-11-01 12:19:00+00:00,-1,2.0,1.400000000000091,-2.0
PREFADE-S,SPX500_TRAIN,2013-11-04 13:30:00+00:00,-1,2.0,1.800000000000182,1.732898612885947
PREFADE-S,SPX500_TRAIN,2013-11-05 13:51:00+00:00,1,4.7999999999999545,1.6000000000001364,1.182202946369216
PREFADE-S,SPX500_TRAIN,2013-11-07 12:46:00+00:00,-1,3.599999999999909,2.2000000000000455,1.8074159906338991
PREFADE-S,SPX500_TRAIN,2013-11-08 12:55:00+00:00,1,0.599999999999909,2.7999999999999545,2.544991459987159
PREFADE-S,SPX500_TRAIN,2013-11-08 13:31:00+00:00,1,3.400000000000091,5.7999999999999545,5.004584383415477
PREFADE-S,SPX500_TRAIN,2013-11-11 12:38:00+00:00,-1,0.3999999999998636,3.0,2.625989215331174
PREFADE-S,SPX500_TRAIN,2013-11-13 12:34:00+00:00,1,4.2000000000000455,1.599999999999909,1.5027817210275316
PREFADE-S,SPX500_TRAIN,2013-11-14 12:37:00+00:00,1,0.20000000000004547,2.199999999999818,2.199999999999818
PREFADE-S,SPX500_TRAIN,2013-11-14 14:01:00+00:00,1,2.0,1.6000000000001364,1.51421820611381
PREFADE-S,SPX500_TRAIN,2013-11-18 14:04:00+00:00,-1,2.2000000000000455,3.2000000000000455,2.870548946657891
PREFADE-S,SPX500_TRAIN,2013-11-20 13:41:00+00:00,-1,2.0,2.0,1.7839513525582333
PREFADE-S,SPX500_TRAIN,2013-11-21 12:58:00+00:00,-1,6.2000000000000455,1.199999999999818,-6.017921603184277
PREFADE-S,SPX500_TRAIN,2013-11-22 13:14:00+00:00,-1,0.7999999999999545,2.0,1.598270502852074
PREFADE-S,SPX500_TRAIN,2013-12-03 12:32:00+00:00,1,1.7999999999999545,2.7999999999999545,2.4541130530392365
PREFADE-S,SPX500_TRAIN,2013-12-04 12:35:00+00:00,1,3.0,0.1999999999998181,-2.8756333487981465
PREFADE-S,SPX500_TRAIN,2013-12-05 13:07:00+00:00,-1,1.199999999999818,3.6000000000001364,1.894784644721085
PREFADE-S,SPX500_TRAIN,2013-12-05 14:01:00+00:00,1,2.800000000000182,1.0,-2.7698114621018703
PREFADE-S,SPX500_TRAIN,2013-12-06 13:31:00+00:00,-1,1.7999999999999545,3.599999999999909,2.2423048717557776
PREFADE-S,SPX500_TRAIN,2013-12-06 13:34:00+00:00,1,0.7999999999999545,5.2000000000000455,2.471000854959584
PREFADE-S,SPX500_TRAIN,2013-12-06 13:38:00+00:00,-1,7.2000000000000455,1.0,-4.861437717608624
PREFADE-S,SPX500_TRAIN,2013-12-09 13:34:00+00:00,-1,2.7999999999999545,1.400000000000091,-2.108554415567369
PREFADE-S,SPX500_TRAIN,2013-12-12 13:45:00+00:00,-1,0.599999999999909,3.400000000000091,3.1417158819926954
PREFADE-S,SPX500_TRAIN,2013-12-17 12:39:00+00:00,-1,1.6000000000001364,1.3999999999998636,1.3585460861831962
PREFADE-S,SPX500_TRAIN,2013-12-19 13:44:00+00:00,1,3.7999999999999545,0.20000000000004547,-3.6404332783545215
PREFADE-S,SPX500_TRAIN,2013-12-20 13:36:00+00:00,-1,0.20000000000004547,1.599999999999909,1.5756272578707922
PREFADE-S,SPX500_TRAIN,2013-12-23 13:27:00+00:00,-1,0.40000000000009095,2.0,2.0
PREFADE-S,SPX500_TRAIN,2013-12-26 13:51:00+00:00,-1,0.6000000000001364,0.7999999999999545,0.6782606894926175
PREFADE-S,SPX500_TRAIN,2013-12-27 12:39:00+00:00,-1,1.800000000000182,0.1999999999998181,-1.6843113561981227
PREFADE-S,SPX500_TRAIN,2013-12-31 12:33:00+00:00,-1,1.0,0.20000000000004547,-0.9515790199518506
PREFADE-S,SPX500_TRAIN,2013-12-31 13:53:00+00:00,-1,3.3999999999998636,1.0,-2.9481537513208877
PREFADE-S,SPX500_TRAIN,2014-01-03 12:49:00+00:00,-1,2.6000000000001364,2.3999999999998636,1.375864201512286
PREFADE-S,SPX500_TRAIN,2014-01-06 13:53:00+00:00,-1,2.7999999999999545,3.2000000000000455,2.869889894264361
PREFADE-S,SPX500_TRAIN,2014-01-07 12:41:00+00:00,-1,5.400000000000091,2.400000000000091,-5.103866033570057
PREFADE-S,SPX500_TRAIN,2014-01-08 13:17:00+00:00,1,0.8000000000001819,3.0,1.8623887720059429
PREFADE-S,SPX500_TRAIN,2014-01-10 13:05:00+00:00,-1,1.3999999999998636,7.0,3.123116077959139
PREFADE-S,SPX500_TRAIN,2014-01-10 13:35:00+00:00,1,4.599999999999909,0.0,-4.384956276732282
PREFADE-S,SPX500_TRAIN,2014-01-14 12:32:00+00:00,-1,3.0,2.199999999999818,-2.850198265787185
PREFADE-S,SPX500_TRAIN,2014-01-21 14:06:00+00:00,-1,1.0,4.0,2.313486952868061
PREFADE-S,SPX500_TRAIN,2014-01-22 14:28:00+00:00,-1,0.0,2.7999999999999545,2.655444520465835
PREFADE-S,SPX500_TRAIN,2014-01-23 13:53:00+00:00,1,7.599999999999909,2.2000000000000455,-7.366723487349418
PREFADE-S,SPX500_TRAIN,2014-01-27 12:35:00+00:00,-1,0.0,6.199999999999818,5.913453014952438
PREFADE-S,SPX500_TRAIN,2014-01-28 13:34:00+00:00,1,1.7999999999999545,5.0,4.209869128206947
PREFADE-S,SPX500_TRAIN,2014-01-29 12:39:00+00:00,1,12.0,1.599999999999909,-11.207898687518082
PREFADE-S,SPX500_TRAIN,2014-01-30 13:49:00+00:00,-1,5.2000000000000455,1.0,-5.0
PREFADE-S,SPX500_TRAIN,2014-01-31 13:29:00+00:00,1,0.40000000000009095,9.199999999999818,8.741782895621327
PREFADE-S,SPX500_TRAIN,2014-02-04 13:20:00+00:00,-1,4.0,0.20000000000004547,-3.920299937435175
PREFADE-S,SPX500_TRAIN,2014-02-05 13:20:00+00:00,1,1.0,6.0,4.907275576197208
PREFADE-S,SPX500_TRAIN,2014-02-06 13:52:00+00:00,1,1.1000000000001364,4.099999999999909,3.867465411735566
PREFADE-S,SPX500_TRAIN,2014-02-07 13:31:00+00:00,-1,0.7000000000000455,5.2999999999999545,-0.0
PREFADE-S,SPX500_TRAIN,2014-02-07 13:50:00+00:00,-1,8.399999999999864,3.0,-8.0
PREFADE-S,SPX500_TRAIN,2014-02-11 14:14:00+00:00,1,0.40000000000009095,4.199999999999818,3.662104295418658
PREFADE-S,SPX500_TRAIN,2014-02-13 13:32:00+00:00,1,1.599999999999909,4.400000000000091,4.271864891536325
PREFADE-S,SPX500_TRAIN,2014-02-19 12:45:00+00:00,1,0.20000000000004547,3.6000000000001364,3.3943437240257026
PREFADE-S,SPX500_TRAIN,2014-02-20 13:59:00+00:00,-1,5.600000000000136,4.599999999999909,2.9155887936524323
PREFADE-S,SPX500_TRAIN,2014-02-24 13:20:00+00:00,-1,5.7999999999999545,3.400000000000091,-5.69561464769572
PREFADE-S,SPX500_TRAIN,2014-02-25 12:33:00+00:00,1,0.0,2.7999999999999545,2.6000000000001364
PREFADE-S,SPX500_TRAIN,2014-02-26 12:41:00+00:00,1,3.2000000000000455,2.0,-3.0234119552396805
PREFADE-S,SPX500_TRAIN,2014-03-05 12:31:00+00:00,-1,1.599999999999909,1.900000000000091,1.7999999999999545
PREFADE-S,SPX500_TRAIN,2014-03-06 14:13:00+00:00,-1,3.0,1.0,-2.9106953645789417
PREFADE-S,SPX500_TRAIN,2014-03-07 13:31:00+00:00,-1,4.100000000000136,3.199999999999818,1.4738299972882487
PREFADE-S,SPX500_TRAIN,2014-03-11 12:40:00+00:00,-1,3.0,0.20000000000004547,-2.1133338762797393
PREFADE-S,SPX500_TRAIN,2014-03-12 12:39:00+00:00,1,4.5,2.7000000000000455,2.6467900799013933
PREFADE-S,SPX500_TRAIN,2014-03-14 12:00:00+00:00,1,4.400000000000091,0.3999999999998636,-3.4886883224173744
PREFADE-S,SPX500_TRAIN,2014-03-18 11:41:00+00:00,-1,4.0,2.5,2.2181215114337647
PREFADE-S,SPX500_TRAIN,2014-03-19 12:11:00+00:00,-1,0.3999999999998636,2.5,2.2538760397194437
PREFADE-S,SPX500_TRAIN,2014-03-26 12:49:00+00:00,-1,2.2999999999999545,3.5,2.664653863734884
PREFADE-S,SPX500_TRAIN,2014-03-27 12:36:00+00:00,1,3.5,1.300000000000182,-2.7886150189215186
PREFADE-S,SPX500_TRAIN,2014-03-27 13:07:00+00:00,1,5.800000000000182,2.599999999999909,-4.285759560599445
PREFADE-S,SPX500_TRAIN,2014-03-31 12:00:00+00:00,-1,1.7000000000000455,1.0,-1.6852591806127748
PREFADE-S,SPX500_TRAIN,2014-04-01 12:46:00+00:00,-1,3.7999999999999545,0.20000000000004547,-3.619335768466044
PREFADE-S,SPX500_TRAIN,2014-04-02 11:47:00+00:00,1,1.0,2.0,1.8809685999297017
PREFADE-S,SPX500_TRAIN,2014-04-03 13:21:00+00:00,-1,1.7999999999999545,1.8999999999998636,1.5
PREFADE-S,SPX500_TRAIN,2014-04-04 11:45:00+00:00,-1,0.5,0.7999999999999545,0.7045292605332634
PREFADE-S,SPX500_TRAIN,2014-04-04 12:27:00+00:00,-1,0.599999999999909,2.2000000000000455,1.4440630219496597
PREFADE-S,SPX500_TRAIN,2014-04-04 12:31:00+00:00,-1,2.7999999999999545,2.0,1.5654462355976193
PREFADE-S,SPX500_TRAIN,2014-04-08 11:55:00+00:00,1,0.3000000000001819,5.199999999999818,5.1020327915175585
PREFADE-S,SPX500_TRAIN,2014-04-09 12:18:00+00:00,-1,2.8999999999998636,1.400000000000091,1.0777075735200015
PREFADE-S,SPX500_TRAIN,2014-04-14 11:48:00+00:00,-1,4.899999999999864,0.10000000000013642,-4.716055608931583
PREFADE-S,SPX500_TRAIN,2014-04-15 11:47:00+00:00,-1,3.7000000000000455,1.5,-3.4595731540262022
PREFADE-S,SPX500_TRAIN,2014-04-17 11:31:00+00:00,-1,1.7999999999999545,0.20000000000004547,-1.7326490123696203
PREFADE-S,SPX500_TRAIN,2014-04-21 12:23:00+00:00,1,1.6000000000001364,2.3999999999998636,1.1922052628981419
PREFADE-S,SPX500_TRAIN,2014-04-22 12:53:00+00:00,-1,2.3999999999998636,0.40000000000009095,-2.2125241911001012
PREFADE-S,SPX500_TRAIN,2014-04-23 11:39:00+00:00,1,2.0,1.5,1.3999999999998636
PREFADE-S,SPX500_TRAIN,2014-04-24 12:31:00+00:00,-1,1.300000000000182,2.199999999999818,1.5680457470461988
PREFADE-S,SPX500_TRAIN,2014-04-24 13:29:00+00:00,1,3.099999999999909,0.10000000000013642,-2.4551220899786586
PREFADE-S,SPX500_TRAIN,2014-04-25 12:04:00+00:00,1,4.600000000000136,1.3999999999998636,-4.029002012023511
PREFADE-S,SPX500_TRAIN,2014-04-29 12:32:00+00:00,-1,0.20000000000004547,2.099999999999909,1.983530634910494
PREFADE-S,SPX500_TRAIN,2014-05-01 12:33:00+00:00,1,2.6000000000001364,0.8999999999998636,-1.8890883842698258
PREFADE-S,SPX500_TRAIN,2014-05-02 12:31:00+00:00,-1,0.599999999999909,3.7000000000000455,3.229778425586119
PREFADE-S,SPX500_TRAIN,2014-05-02 12:58:00+00:00,1,1.7999999999999545,4.0,2.9948102349280816
PREFADE-S,SPX500_TRAIN,2014-05-06 11:39:00+00:00,1,3.400000000000091,0.7000000000000455,-3.400000000000091
PREFADE-S,SPX500_TRAIN,2014-05-07 12:03:00+00:00,-1,3.7999999999999545,2.3999999999998636,2.162192176577264
PREFADE-S,SPX500_TRAIN,2014-05-08 11:50:00+00:00,1,3.0,1.099999999999909,-2.543420065276905
PREFADE-S,SPX500_TRAIN,2014-05-08 13:23:00+00:00,1,0.2999999999999545,4.0,3.6462955736310505
PREFADE-S,SPX500_TRAIN,2014-05-09 11:44:00+00:00,1,1.099999999999909,2.900000000000091,2.3355583529357773
PREFADE-S,SPX500_TRAIN,2014-05-13 11:40:00+00:00,-1,0.10000000000013642,1.8999999999998636,1.5347944353429739
PREFADE-S,SPX500_TRAIN,2014-05-13 12:31:00+00:00,1,0.6999999999998181,0.6000000000001364,0.41183627587201954
PREFADE-S,SPX500_TRAIN,2014-05-13 12:38:00+00:00,1,0.7999999999999545,1.5,1.2000000000000455
PREFADE-S,SPX500_TRAIN,2014-05-14 11:48:00+00:00,1,2.699999999999818,2.1000000000001364,1.1532526200219309
PREFADE-S,SPX500_TRAIN,2014-05-15 11:33:00+00:00,1,1.2999999999999545,2.400000000000091,2.2824837425250735
PREFADE-S,SPX500_TRAIN,2014-05-15 13:13:00+00:00,1,5.399999999999864,0.20000000000004547,-4.399999999999864
PREFADE-S,SPX500_TRAIN,2014-05-16 12:29:00+00:00,1,0.09999999999990905,2.6000000000001364,2.478106885236457
PREFADE-S,SPX500_TRAIN,2014-05-16 13:10:00+00:00,-1,2.2999999999999545,4.0,2.849587252392439
PREFADE-S,SPX500_TRAIN,2014-05-21 12:50:00+00:00,-1,5.2999999999999545,0.0,-5.153128131456015
PREFADE-S,SPX500_TRAIN,2014-05-23 11:31:00+00:00,-1,0.1999999999998181,1.0,1.0
PREFADE-S,SPX500_TRAIN,2014-05-23 13:01:00+00:00,1,0.3999999999998636,0.8000000000001819,0.8000000000001819
PREFADE-S,SPX500_TRAIN,2014-05-29 12:53:00+00:00,-1,1.800000000000182,0.7999999999999545,0.6268842612387289
PREFADE-S,SPX500_TRAIN,2014-05-30 11:31:00+00:00,-1,0.20000000000004547,1.599999999999909,1.1933274013335904
PREFADE-S,SPX500_TRAIN,2014-06-02 13:28:00+00:00,-1,0.20000000000004547,1.2000000000000455,1.1492944879528295
PREFADE-S,SPX500_TRAIN,2014-06-04 12:19:00+00:00,1,1.599999999999909,2.0,1.9591002600016054
PREFADE-S,SPX500_TRAIN,2014-06-05 11:46:00+00:00,1,1.0,0.8000000000001819,0.0
PREFADE-S,SPX500_TRAIN,2014-06-05 11:48:00+00:00,-1,1.599999999999909,1.400000000000091,1.3945661582990851
PREFADE-S,SPX500_TRAIN,2014-06-05 12:32:00+00:00,-1,4.2000000000000455,0.20000000000004547,-3.8741515660151435
PREFADE-S,SPX500_TRAIN,2014-06-06 12:33:00+00:00,-1,2.7999999999999545,2.6000000000001364,-2.121283882819853
PREFADE-S,SPX500_TRAIN,2014-06-12 12:31:00+00:00,1,2.2000000000000455,0.0,-2.2000000000000455
PREFADE-S,SPX500_TRAIN,2014-06-17 12:31:00+00:00,1,4.0,0.0,-3.845820722454846
PREFADE-S,SPX500_TRAIN,2014-06-19 13:25:00+00:00,-1,0.0,1.6000000000001364,1.236125292573206
PREFADE-S,SPX500_TRAIN,2014-06-20 12:04:00+00:00,-1,3.199999999999818,0.20000000000004547,-2.3999999999998636
PREFADE-S,SPX500_TRAIN,2014-06-25 12:35:00+00:00,1,2.2000000000000455,1.7999999999999545,1.7524763416170117
PREFADE-S,SPX500_TRAIN,2014-06-26 12:37:00+00:00,-1,0.20000000000004547,1.599999999999909,1.5585108417456013
PREFADE-S,SPX500_TRAIN,2014-06-26 13:20:00+00:00,-1,1.0,3.0,2.41435029903937
PREFADE-S,SPX500_TRAIN,2014-06-30 11:50:00+00:00,1,0.0,2.3999999999998636,2.102019288224028
PREFADE-S,SPX500_TRAIN,2014-07-01 11:32:00+00:00,-1,2.3999999999998636,0.40000000000009095,-2.021981922570376
PREFADE-S,SPX500_TRAIN,2014-07-02 11:49:00+00:00,-1,1.7999999999999545,0.40000000000009095,-1.2489375998075047
PREFADE-S,SPX500_TRAIN,2014-07-02 13:20:00+00:00,1,1.0,2.0,1.179535080633059
PREFADE-S,SPX500_TRAIN,2014-07-03 12:31:00+00:00,-1,1.400000000000091,0.599999999999909,0.04533147523898151
PREFADE-S,SPX500_TRAIN,2014-07-03 12:50:00+00:00,-1,2.7999999999999545,0.6000000000001364,-2.5636157491908307
PREFADE-S,SPX500_TRAIN,2014-07-07 11:52:00+00:00,1,2.400000000000091,1.0,-1.8690361743774702
PREFADE-S,SPX500_TRAIN,2014-07-08 12:35:00+00:00,1,3.2000000000000455,0.7999999999999545,-1.8406583680941822
PREFADE-S,SPX500_TRAIN,2014-07-09 11:41:00+00:00,-1,2.0,0.599999999999909,-1.4338557050059535
PREFADE-S,SPX500_TRAIN,2014-07-09 12:34:00+00:00,-1,2.400000000000091,1.7999999999999545,0.9325231887441987
PREFADE-S,SPX500_TRAIN,2014-07-14 12:01:00+00:00,-1,3.2000000000000455,0.7999999999999545,-2.2000000000000455
PREFADE-S,SPX500_TRAIN,2014-07-15 11:53:00+00:00,-1,3.400000000000091,1.3999999999998636,-3.3291300354069335
PREFADE-S,SPX500_TRAIN,2014-07-16 12:38:00+00:00,-1,0.7999999999999545,4.400000000000091,4.312927665669804
PREFADE-S,SPX500_TRAIN,2014-07-21 13:03:00+00:00,1,1.3999999999998636,3.0,2.8133730143592857
PREFADE-S,SPX500_TRAIN,2014-07-22 11:38:00+00:00,-1,5.599999999999909,1.800000000000182,-4.589687610123747
PREFADE-S,SPX500_TRAIN,2014-07-23 13:24:00+00:00,-1,1.0,3.199999999999818,2.5819221333035784
PREFADE-S,SPX500_TRAIN,2014-07-25 13:15:00+00:00,1,3.2000000000000455,0.40000000000009095,-3.0284801607499503
PREFADE-S,SPX500_TRAIN,2014-07-28 12:36:00+00:00,-1,2.2000000000000455,2.2000000000000455,2.0537016827568095
PREFADE-S,SPX500_TRAIN,2014-07-29 13:09:00+00:00,-1,3.2000000000000455,2.7999999999999545,2.7405811267251465
PREFADE-S,SPX500_TRAIN,2014-07-30 12:31:00+00:00,-1,1.5,5.899999999999864,4.282079050723041
PREFADE-S,SPX500_TRAIN,2014-08-06 12:02:00+00:00,1,1.7999999999999545,5.400000000000091,5.280918805642614
PREFADE-S,SPX500_TRAIN,2014-08-07 12:05:00+00:00,-1,4.400000000000091,2.599999999999909,-4.389935031343612
PREFADE-S,SPX500_TRAIN,2014-08-11 13:29:00+00:00,-1,5.800000000000182,1.199999999999818,-5.743065331518437
PREFADE-S,SPX500_TRAIN,2014-08-12 11:51:00+00:00,1,2.599999999999909,2.0,-2.5716842046399506
PREFADE-S,SPX500_TRAIN,2014-08-18 11:57:00+00:00,-1,0.40000000000009095,2.7999999999999545,2.7826608167056293
PREFADE-S,SPX500_TRAIN,2014-08-19 12:32:00+00:00,-1,1.7999999999999545,1.2000000000000455,1.1936786838048192
PREFADE-S,SPX500_TRAIN,2014-08-20 11:36:00+00:00,-1,1.400000000000091,2.3999999999998636,1.615112798016753
PREFADE-S,SPX500_TRAIN,2014-08-27 12:45:00+00:00,1,0.7999999999999545,1.6000000000001364,1.3164845334504207
PREFADE-S,SPX500_TRAIN,2014-09-05 12:43:00+00:00,-1,0.20000000000004547,5.0,4.642397656356934
PREFADE-S,SPX500_TRAIN,2014-09-09 11:32:00+00:00,-1,0.20000000000004547,2.599999999999909,2.4776540160089553
PREFADE-S,SPX500_TRAIN,2014-09-09 13:06:00+00:00,1,3.7999999999999545,1.2000000000000455,-3.599999999999909
PREFADE-S,SPX500_TRAIN,2014-09-11 12:00:00+00:00,1,2.0,3.400000000000091,3.17390130056242
PREFADE-S,SPX500_TRAIN,2014-09-12 11:50:00+00:00,-1,0.20000000000004547,1.3999999999998636,1.3999999999998636
PREFADE-S,SPX500_TRAIN,2014-09-12 12:24:00+00:00,1,1.7999999999999545,1.0,-1.4593722279219037
PREFADE-S,SPX500_TRAIN,2014-09-15 12:03:00+00:00,-1,2.800000000000182,2.7999999999999545,2.216462823360189
PREFADE-S,SPX500_TRAIN,2014-09-16 13:08:00+00:00,1,1.2000000000000455,1.7999999999999545,1.7322861922252741
PREFADE-S,SPX500_TRAIN,2014-09-17 12:17:00+00:00,1,0.40000000000009095,2.599999999999909,1.2045186358025148
PREFADE-S,SPX500_TRAIN,2014-09-17 12:33:00+00:00,-1,2.2000000000000455,1.7999999999999545,-2.029709932790638
PREFADE-S,SPX500_TRAIN,2014-09-24 11:57:00+00:00,-1,0.3999999999998636,2.400000000000091,2.400000000000091
PREFADE-S,SPX500_TRAIN,2014-09-25 11:43:00+00:00,-1,0.40000000000009095,2.0,1.178011224249758
PREFADE-S,SPX500_TRAIN,2014-09-25 12:05:00+00:00,1,2.0,0.6000000000001364,-1.6632214703147383
PREFADE-S,SPX500_TRAIN,2014-09-26 12:18:00+00:00,-1,1.3999999999998636,4.400000000000091,3.2000000000000455
PREFADE-S,SPX500_TRAIN,2014-09-26 13:04:00+00:00,1,1.3999999999998636,4.600000000000136,3.991569992339919
PREFADE-S,SPX500_TRAIN,2014-09-29 12:47:00+00:00,1,6.7999999999999545,2.400000000000091,2.1168665044490353
PREFADE-S,SPX500_TRAIN,2014-10-01 12:04:00+00:00,1,2.400000000000091,2.599999999999909,2.3999999999998636
PREFADE-S,SPX500_TRAIN,2014-10-02 12:41:00+00:00,-1,0.0,3.400000000000091,2.9092038614696776
PREFADE-S,SPX500_TRAIN,2014-10-02 12:48:00+00:00,1,0.3999999999998636,3.0,2.494695837789095
PREFADE-S,SPX500_TRAIN,2014-10-02 13:12:00+00:00,1,1.400000000000091,5.399999999999864,4.990522261139631
PREFADE-S,SPX500_TRAIN,2014-10-03 12:07:00+00:00,-1,2.6000000000001364,4.7999999999999545,3.5932033987328396
PREFADE-S,SPX500_TRAIN,2014-10-08 11:40:00+00:00,-1,0.7999999999999545,3.2000000000000455,3.150852860339455
PREFADE-S,SPX500_TRAIN,2014-10-09 11:40:00+00:00,1,8.0,2.6000000000001364,-6.231597545471004
PREFADE-S,SPX500_TRAIN,2014-10-14 12:17:00+00:00,-1,6.400000000000091,5.0,4.352324943353096
PREFADE-S,SPX500_TRAIN,2014-10-15 11:33:00+00:00,1,12.799999999999955,3.2000000000000455,-12.26053445761886
PREFADE-S,SPX500_TRAIN,2014-10-15 13:24:00+00:00,1,17.399999999999864,12.600000000000136,11.945203109773274
PREFADE-S,SPX500_TRAIN,2014-10-20 11:48:00+00:00,1,3.199999999999818,7.600000000000136,7.247961829825954
PREFADE-S,SPX500_TRAIN,2014-10-22 12:57:00+00:00,-1,1.3999999999998636,4.7999999999999545,3.9821506248213154
PREFADE-S,SPX500_TRAIN,2014-10-23 12:04:00+00:00,-1,10.200000000000045,2.2000000000000455,-9.599999999999909
PREFADE-S,SPX500_TRAIN,2014-10-24 13:25:00+00:00,-1,5.800000000000182,7.199999999999818,5.085407550286163
PREFADE-S,SPX500_TRAIN,2014-10-27 12:39:00+00:00,1,7.399999999999864,4.0,2.6314100173676707
PREFADE-S,SPX500_TRAIN,2014-11-03 12:40:00+00:00,1,0.0,2.0,2.0
PREFADE-S,SPX500_TRAIN,2014-11-03 13:53:00+00:00,-1,2.800000000000182,0.0,-2.4090602943360864
PREFADE-S,SPX500_TRAIN,2014-11-04 13:33:00+00:00,1,0.0,3.7999999999999545,3.6393244900755235
PREFADE-S,SPX500_TRAIN,2014-11-05 12:36:00+00:00,-1,4.2000000000000455,3.6000000000001364,3.1477542710283615
PREFADE-S,SPX500_TRAIN,2014-11-06 13:34:00+00:00,-1,3.599999999999909,0.599999999999909,-2.9285720127113564
PREFADE-S,SPX500_TRAIN,2014-11-06 13:43:00+00:00,-1,6.0,1.0,-5.835084761219605
PREFADE-S,SPX500_TRAIN,2014-11-07 13:32:00+00:00,-1,0.3999999999998636,2.400000000000091,1.8630584878451373
PREFADE-S,SPX500_TRAIN,2014-11-07 14:05:00+00:00,1,4.0,0.7999999999999545,-4.0
PREFADE-S,SPX500_TRAIN,2014-11-11 12:31:00+00:00,-1,0.3999999999998636,2.2000000000000455,2.2000000000000455
PREFADE-S,SPX500_TRAIN,2014-11-12 12:32:00+00:00,1,1.599999999999909,3.2000000000000455,3.0105920155842796
PREFADE-S,SPX500_TRAIN,2014-11-14 12:43:00+00:00,1,0.40000000000009095,3.0,2.6850276372204007
PREFADE-S,SPX500_TRAIN,2014-11-19 12:33:00+00:00,-1,0.1999999999998181,2.200000000000273,2.200000000000273
PREFADE-S,SPX500_TRAIN,2014-11-25 13:31:00+00:00,-1,1.0,3.399999999999636,3.399999999999636
PREFADE-S,SPX500_TRAIN,2014-11-26 12:42:00+00:00,1,2.400000000000091,0.599999999999909,-2.077319244778664
PREFADE-S,SPX500_TRAIN,2014-11-26 14:00:00+00:00,1,1.599999999999909,1.900000000000091,1.900000000000091
PREFADE-S,SPX500_TRAIN,2014-12-03 14:28:00+00:00,-1,0.8000000000001819,1.400000000000091,1.400000000000091
PREFADE-S,SPX500_TRAIN,2014-12-04 13:37:00+00:00,-1,1.599999999999909,0.599999999999909,0.5019034000492866
PREFADE-S,SPX500_TRAIN,2014-12-04 13:39:00+00:00,1,2.199999999999818,0.0,-2.059999939684076
PREFADE-S,SPX500_TRAIN,2014-12-04 13:51:00+00:00,1,5.0,0.20000000000027285,-3.5693820040100945
PREFADE-S,SPX500_TRAIN,2014-12-04 14:07:00+00:00,1,0.40000000000009095,4.200000000000273,4.105877433796195
PREFADE-S,SPX500_TRAIN,2014-12-05 13:13:00+00:00,-1,3.099999999999909,1.199999999999818,-2.7107740580636346
PREFADE-S,SPX500_TRAIN,2014-12-05 13:32:00+00:00,1,0.599999999999909,3.400000000000091,3.200000000000273
PREFADE-S,SPX500_TRAIN,2014-12-05 14:05:00+00:00,1,0.40000000000009095,2.599999999999909,2.4031022538274556
PREFADE-S,SPX500_TRAIN,2014-12-09 12:38:00+00:00,1,9.200000000000273,0.1999999999998181,-7.095802887823083
PREFADE-S,SPX500_TRAIN,2014-12-09 14:05:00+00:00,1,6.0,6.7999999999999545,5.0
PREFADE-S,SPX500_TRAIN,2014-12-10 12:36:00+00:00,1,2.599999999999909,0.0,-2.599999999999909
PREFADE-S,SPX500_TRAIN,2014-12-10 13:40:00+00:00,1,4.200000000000273,0.599999999999909,-3.95728861810494
PREFADE-S,SPX500_TRAIN,2014-12-11 13:37:00+00:00,-1,6.399999999999864,4.400000000000091,-6.080390775997557
PREFADE-S,SPX500_TRAIN,2014-12-19 13:51:00+00:00,1,0.0,7.0,6.421629158999622
PREFADE-S,SPX500_TRAIN,2014-12-26 14:23:00+00:00,-1,1.800000000000182,0.6999999999998181,-1.7295247081751768
PREFADE-S,SPX500_VAL,2015-01-05 13:37:00+00:00,1,5.800000000000182,1.599999999999909,-5.747641582726828
PREFADE-S,SPX500_VAL,2015-01-06 13:10:00+00:00,-1,0.20000000000004547,6.0,4.568236433328593
PREFADE-S,SPX500_VAL,2015-01-07 14:02:00+00:00,-1,7.199999999999818,5.0,3.5695711202738494
PREFADE-S,SPX500_VAL,2015-01-09 13:11:00+00:00,1,1.3999999999996362,4.0,3.6370470460233264
PREFADE-S,SPX500_VAL,2015-01-09 13:32:00+00:00,-1,4.400000000000091,4.199999999999818,3.8883791608454885
PREFADE-S,SPX500_VAL,2015-01-13 12:37:00+00:00,-1,9.799999999999727,4.800000000000182,-8.619830423122949
PREFADE-S,SPX500_VAL,2015-01-14 13:31:00+00:00,1,8.799999999999955,9.400000000000091,8.477161589590196
PREFADE-S,SPX500_VAL,2015-01-16 13:47:00+00:00,-1,11.899999999999864,5.7000000000000455,-10.357262192290591
PREFADE-S,SPX500_VAL,2015-01-20 13:20:00+00:00,-1,0.7999999999999545,7.0,6.984693033505437
PREFADE-S,SPX500_VAL,2015-01-21 13:13:00+00:00,1,3.7999999999999545,5.0,4.961804185337087
PREFADE-S,SPX500_VAL,2015-01-22 12:49:00+00:00,-1,11.700000000000273,0.2999999999999545,-5.052999308718881
PREFADE-S,SPX500_VAL,2015-01-22 13:43:00+00:00,-1,3.599999999999909,5.2000000000000455,4.512647212778575
PREFADE-S,SPX500_VAL,2015-01-23 12:39:00+00:00,-1,0.6000000000003638,6.199999999999818,5.093172834408506
PREFADE-S,SPX500_VAL,2015-01-23 14:05:00+00:00,1,6.199999999999818,2.199999999999818,-5.631215592949047
PREFADE-S,SPX500_VAL,2015-01-26 12:51:00+00:00,-1,5.0,6.2000000000000455,6.042611821962964
PREFADE-S,SPX500_VAL,2015-01-30 13:28:00+00:00,1,3.2000000000000455,9.0,6.836363895216209
PREFADE-S,SPX500_VAL,2015-02-02 14:13:00+00:00,-1,1.6000000000001364,5.0,4.1505888065978525
PREFADE-S,SPX500_VAL,2015-02-04 13:53:00+00:00,1,3.3999999999998636,3.0,2.887022412171973
PREFADE-S,SPX500_VAL,2015-02-05 12:31:00+00:00,-1,8.000000000000227,2.2000000000000455,-6.2000000000000455
PREFADE-S,SPX500_VAL,2015-02-06 13:30:00+00:00,-1,7.400000000000091,0.0,-3.0106673387958836
PREFADE-S,SPX500_VAL,2015-02-06 13:34:00+00:00,-1,4.0,3.599999999999909,2.942733545262854
PREFADE-S,SPX500_VAL,2015-02-09 13:50:00+00:00,1,0.20000000000004547,5.199999999999818,4.2508998433063425
PREFADE-S,SPX500_VAL,2015-02-10 12:41:00+00:00,-1,2.400000000000091,7.0,5.185247784950661
PREFADE-S,SPX500_VAL,2015-02-11 12:55:00+00:00,1,0.7999999999997272,2.200000000000273,2.0
PREFADE-S,SPX500_VAL,2015-02-12 12:43:00+00:00,-1,3.800000000000182,5.400000000000091,-1.0
PREFADE-S,SPX500_VAL,2015-02-18 12:35:00+00:00,1,2.599999999999909,0.599999999999909,-2.599999999999909
PREFADE-S,SPX500_VAL,2015-02-20 12:54:00+00:00,1,3.0,0.0,-2.99253400426187
PREFADE-S,SPX500_VAL,2015-02-20 14:29:00+00:00,1,1.199999999999818,3.400000000000091,3.400000000000091
PREFADE-S,SPX500_VAL,2015-02-26 13:46:00+00:00,1,3.599999999999909,1.800000000000182,-2.885049449970211
PREFADE-S,SPX500_VAL,2015-03-02 12:34:00+00:00,1,2.599999999999909,0.20000000000027285,-2.588590322678101
PREFADE-S,SPX500_VAL,2015-03-03 12:40:00+00:00,1,2.399999999999636,0.20000000000027285,-2.0
PREFADE-S,SPX500_VAL,2015-03-05 12:47:00+00:00,-1,3.399999999999636,0.20000000000027285,-2.9099221333399328
PREFADE-S,SPX500_VAL,2015-03-06 12:57:00+00:00,-1,1.599999999999909,0.0,-1.286268783194373
PREFADE-S,SPX500_VAL,2015-03-06 13:17:00+00:00,-1,0.40000000000009095,1.2000000000002728,1.001574335744408
PREFADE-S,SPX500_VAL,2015-03-06 13:31:00+00:00,-1,2.200000000000273,0.0,-1.8584920539619816
PREFADE-S,SPX500_VAL,2015-03-06 13:33:00+00:00,1,0.40000000000009095,1.0,0.0
PREFADE-S,SPX500_VAL,2015-03-06 13:35:00+00:00,-1,0.599999999999909,2.200000000000273,0.9660055940303209
PREFADE-S,SPX500_VAL,2015-03-06 13:38:00+00:00,1,2.800000000000182,1.599999999999909,-2.4938506067569506
PREFADE-S,SPX500_VAL,2015-03-09 11:48:00+00:00,-1,3.199999999999818,0.599999999999909,-3.191727289894061
PREFADE-S,SPX500_VAL,2015-03-12 12:57:00+00:00,-1,6.400000000000091,3.400000000000091,-6.0620706790514305
PREFADE-S,SPX500_VAL,2015-03-13 11:46:00+00:00,1,3.800000000000182,0.0,-3.5818399387139834
PREFADE-S,SPX500_VAL,2015-03-19 12:53:00+00:00,1,8.599999999999909,4.599999999999909,-5.800000000000182
PREFADE-S,SPX500_VAL,2015-03-20 11:48:00+00:00,-1,6.199999999999818,0.0,-5.88744444444319
PREFADE-S,SPX500_VAL,2015-03-24 11:44:00+00:00,-1,0.599999999999909,3.600000000000364,3.592239729634912
PREFADE-S,SPX500_VAL,2015-03-25 11:56:00+00:00,1,0.7999999999997272,2.599999999999909,2.5361574508415288
PREFADE-S,SPX500_VAL,2015-03-25 13:07:00+00:00,-1,2.400000000000091,2.400000000000091,2.072550933275579
PREFADE-S,SPX500_VAL,2015-04-03 12:31:00+00:00,1,2.599999999999909,6.600000000000364,5.436325565660354
PREFADE-S,SPX500_VAL,2015-04-03 12:50:00+00:00,1,9.400000000000091,0.0,-8.400000000000091
PREFADE-S,SPX500_VAL,2015-04-06 13:14:00+00:00,-1,5.200000000000273,0.7999999999997272,-3.982375001064611
PREFADE-S,SPX500_VAL,2015-04-07 12:09:00+00:00,-1,0.8000000000001819,3.599999999999909,3.199999999999818
PREFADE-S,SPX500_VAL,2015-04-08 13:15:00+00:00,-1,5.800000000000182,2.400000000000091,-4.599999999999909
PREFADE-S,SPX500_VAL,2015-04-24 13:24:00+00:00,-1,0.0,4.400000000000091,4.0127035173059085
PREFADE-S,SPX500_VAL,2015-04-27 13:08:00+00:00,-1,1.800000000000182,3.400000000000091,3.1754195017078928
PREFADE-S,SPX500_VAL,2015-04-28 11:46:00+00:00,1,0.0,4.800000000000182,4.260233019443149
PREFADE-S,SPX500_VAL,2015-04-29 11:43:00+00:00,1,2.799999999999727,0.20000000000027285,-2.7942695216652282
PREFADE-S,SPX500_VAL,2015-04-29 12:57:00+00:00,1,2.799999999999727,8.200000000000273,7.15212497188395
PREFADE-S,SPX500_VAL,2015-04-30 13:12:00+00:00,1,0.1999999999998181,4.0,3.737946610689505
PREFADE-S,SPX500_VAL,2015-05-01 13:07:00+00:00,-1,5.599999999999909,0.40000000000009095,-4.172159087969703
PREFADE-S,SPX500_VAL,2015-05-04 11:57:00+00:00,-1,7.0,2.400000000000091,-2.400000000000091
PREFADE-S,SPX500_VAL,2015-05-05 12:39:00+00:00,1,2.599999999999909,2.800000000000182,2.567941595715183
PREFADE-S,SPX500_VAL,2015-05-08 12:31:00+00:00,-1,8.600000000000364,2.0,-7.813807090180035
PREFADE-S,SPX500_VAL,2015-05-11 11:45:00+00:00,-1,0.599999999999909,2.400000000000091,1.8075168131836108
PREFADE-S,SPX500_VAL,2015-05-13 12:33:00+00:00,1,0.1999999999998181,3.0,2.599999999999909
PREFADE-S,SPX500_VAL,2015-05-13 12:49:00+00:00,1,1.6000000000003638,4.0,3.0304876002728633
PREFADE-S,SPX500_VAL,2015-05-20 12:14:00+00:00,-1,0.0,3.400000000000091,2.221011434396587
PREFADE-S,SPX500_VAL,2015-05-20 13:22:00+00:00,-1,0.1999999999998181,2.599999999999909,2.5163438245726866
PREFADE-S,SPX500_VAL,2015-05-21 12:40:00+00:00,-1,2.400000000000091,1.599999999999909,-2.3065052400534114
PREFADE-S,SPX500_VAL,2015-05-22 12:31:00+00:00,1,2.600000000000364,1.3999999999996362,-2.443940393601224
PREFADE-S,SPX500_VAL,2015-05-27 11:53:00+00:00,-1,2.0,3.199999999999818,2.7801773592232166
PREFADE-S,SPX500_VAL,2015-05-28 11:51:00+00:00,1,0.0,3.199999999999818,2.895975105000616
PREFADE-S,SPX500_VAL,2015-06-01 11:45:00+00:00,-1,1.0,4.399999999999636,4.377888867662477
PREFADE-S,SPX500_VAL,2015-06-05 12:31:00+00:00,1,2.0,8.0,7.404260200498811
PREFADE-S,SPX500_VAL,2015-06-08 12:42:00+00:00,1,2.400000000000091,2.599999999999909,1.642185157464155
PREFADE-S,SPX500_VAL,2015-06-11 11:36:00+00:00,-1,2.599999999999909,0.0,-1.7439963753940901
PREFADE-S,SPX500_VAL,2015-06-11 12:39:00+00:00,-1,3.799999999999727,0.5,-2.975998451920532
PREFADE-S,SPX500_VAL,2015-06-12 12:10:00+00:00,1,5.799999999999727,2.599999999999909,-4.945584092311492
PREFADE-S,SPX500_VAL,2015-06-15 11:55:00+00:00,1,6.199999999999818,1.800000000000182,-4.123949097318473
PREFADE-S,SPX500_VAL,2015-06-16 13:28:00+00:00,-1,7.900000000000091,2.800000000000182,-7.674415837909692
PREFADE-S,SPX500_VAL,2015-06-18 12:32:00+00:00,-1,8.800000000000182,2.699999999999818,-8.18915113311732
PREFADE-S,SPX500_VAL,2015-06-19 13:28:00+00:00,1,4.5,0.29999999999972715,-4.221435942993594
PREFADE-S,SPX500_VAL,2015-06-23 12:54:00+00:00,1,1.1000000000003638,2.299999999999727,2.088398019125634
PREFADE-S,SPX500_VAL,2015-06-26 12:57:00+00:00,-1,0.599999999999909,3.400000000000091,3.0862631607055846
PREFADE-S,SPX500_VAL,2015-07-02 12:31:00+00:00,-1,3.300000000000182,2.300000000000182,2.099999999999909
PREFADE-S,SPX500_VAL,2015-07-03 12:04:00+00:00,1,0.0,2.400000000000091,2.200000000000273
PREFADE-S,SPX500_VAL,2015-07-07 11:45:00+00:00,1,8.099999999999909,3.0,-7.051037964678017
PREFADE-S,SPX500_VAL,2015-07-09 12:24:00+00:00,-1,5.5,5.800000000000182,5.398535904338132
PREFADE-S,SPX500_VAL,2015-07-14 12:54:00+00:00,1,0.8000000000001819,2.099999999999909,1.6009975281140214
PREFADE-S,SPX500_VAL,2015-07-17 12:50:00+00:00,-1,0.5,2.5,1.9417972126457244
PREFADE-S,SPX500_VAL,2015-07-21 12:58:00+00:00,1,1.699999999999818,2.300000000000182,2.2246777501113684
PREFADE-S,SPX500_VAL,2015-07-22 12:00:00+00:00,1,2.100000000000364,1.5,1.2374664145822862
PREFADE-S,SPX500_VAL,2015-07-23 12:08:00+00:00,1,2.800000000000182,0.09999999999990905,-2.800000000000182
PREFADE-S,SPX500_VAL,2015-07-24 12:59:00+00:00,1,5.300000000000182,1.199999999999818,-4.504001549891655
PREFADE-S,SPX500_VAL,2015-07-27 13:18:00+00:00,1,8.0,4.700000000000273,4.540002589186315
PREFADE-S,SPX500_VAL,2015-07-30 12:28:00+00:00,1,3.199999999999818,2.400000000000091,2.1784117430420338
PREFADE-S,SPX500_VAL,2015-07-31 12:02:00+00:00,1,2.199999999999818,3.699999999999818,2.7899873601791114
PREFADE-S,SPX500_VAL,2015-07-31 12:44:00+00:00,-1,0.8000000000001819,3.099999999999909,3.0777220301229136
PREFADE-S,SPX500_VAL,2015-07-31 12:58:00+00:00,-1,1.300000000000182,5.099999999999909,4.5261286361264865
PREFADE-S,SPX500_VAL,2015-08-06 11:35:00+00:00,-1,2.599999999999909,3.599999999999909,1.913481592428525
PREFADE-S,SPX500_VAL,2015-08-07 11:57:00+00:00,1,4.0,2.099999999999909,1.2538259740485955
PREFADE-S,SPX500_VAL,2015-08-07 12:58:00+00:00,-1,1.2999999999997272,5.5,4.800000000000182
PREFADE-S,SPX500_VAL,2015-08-10 11:46:00+00:00,-1,6.5,1.0,-6.5
PREFADE-S,SPX500_VAL,2015-08-11 12:21:00+00:00,1,7.400000000000091,4.199999999999818,-6.100000000000364
PREFADE-S,SPX500_VAL,2015-08-17 12:10:00+00:00,1,7.699999999999818,1.300000000000182,-5.765522313104157
PREFADE-S,SPX500_VAL,2015-08-21 13:29:00+00:00,1,4.399999999999864,6.7000000000000455,6.536020606993134
PREFADE-S,SPX500_VAL,2015-08-24 11:58:00+00:00,1,51.40000000000009,9.099999999999909,-37.44082656554565
PREFADE-S,SPX500_VAL,2015-08-26 12:37:00+00:00,-1,5.2000000000000455,27.799999999999955,26.484618974060368
PREFADE-S,SPX500_VAL,2015-09-01 13:01:00+00:00,1,1.5,15.299999999999955,14.005506546393235
PREFADE-S,SPX500_VAL,2015-09-02 13:30:00+00:00,-1,0.0,9.299999999999955,9.00214554911372
PREFADE-S,SPX500_VAL,2015-09-03 12:34:00+00:00,-1,5.7000000000000455,8.600000000000136,8.26490035926372
PREFADE-S,SPX500_VAL,2015-09-04 12:39:00+00:00,1,12.0,7.600000000000136,5.951038712448508
PREFADE-S,SPX500_VAL,2015-09-10 12:34:00+00:00,1,5.0,12.5,12.165202972096722
PREFADE-S,SPX500_VAL,2015-09-14 12:15:00+00:00,1,9.299999999999955,5.2000000000000455,-8.779197790172248
PREFADE-S,SPX500_VAL,2015-09-15 13:03:00+00:00,-1,0.7000000000000455,6.699999999999818,6.495157685122422
PREFADE-S,SPX500_VAL,2015-09-16 13:30:00+00:00,-1,3.2999999999999545,3.0,2.211061537573414
PREFADE-S,SPX500_VAL,2015-09-17 12:40:00+00:00,1,1.2000000000000455,2.2000000000000455,2.0181601404453886
PREFADE-S,SPX500_VAL,2015-09-24 12:33:00+00:00,1,11.799999999999955,7.0,-5.600000000000136
PREFADE-S,SPX500_VAL,2015-10-02 11:57:00+00:00,-1,3.2000000000000455,17.09999999999991,5.092954868733614
PREFADE-S,SPX500_VAL,2015-10-05 12:43:00+00:00,-1,10.800000000000182,2.3999999999998636,-6.600000000000136
PREFADE-S,SPX500_VAL,2015-10-06 13:17:00+00:00,-1,6.2999999999999545,1.5,-5.694609745700745
PREFADE-S,SPX500_VAL,2015-10-09 12:06:00+00:00,-1,2.8999999999998636,4.900000000000091,4.709259418202919
PREFADE-S,SPX500_VAL,2015-10-14 11:58:00+00:00,-1,2.599999999999909,2.7999999999999545,2.6997355499504465
PREFADE-S,SPX500_VAL,2015-10-14 12:34:00+00:00,-1,0.40000000000009095,2.7999999999999545,2.6257007150236404
PREFADE-S,SPX500_VAL,2015-10-16 11:33:00+00:00,1,0.1999999999998181,3.300000000000182,3.2571163661930314
PREFADE-S,SPX500_VAL,2015-10-19 12:07:00+00:00,1,3.599999999999909,3.7999999999999545,3.77133743008244
PREFADE-S,SPX500_VAL,2015-10-22 12:31:00+00:00,-1,0.7999999999999545,2.5,2.280419932058294
PREFADE-S,SPX500_VAL,2015-10-22 12:50:00+00:00,-1,5.2000000000000455,0.0,-3.9002424811844776
PREFADE-S,SPX500_VAL,2015-10-22 13:16:00+00:00,-1,7.599999999999909,0.0,-5.702869102792647
PREFADE-S,SPX500_VAL,2015-10-26 12:49:00+00:00,-1,2.599999999999909,2.400000000000091,2.3701711336402695
PREFADE-S,SPX500_VAL,2015-10-27 12:33:00+00:00,1,2.599999999999909,2.599999999999909,2.4147677997502797
PREFADE-S,SPX500_VAL,2015-11-02 13:52:00+00:00,-1,9.599999999999909,1.7000000000002728,-9.463154373722773
PREFADE-S,SPX500_VAL,2015-11-03 13:04:00+00:00,1,0.599999999999909,3.199999999999818,3.0871732179102764
PREFADE-S,SPX500_VAL,2015-11-04 13:23:00+00:00,-1,1.6000000000003638,3.599999999999909,3.020084215843326
PREFADE-S,SPX500_VAL,2015-11-06 12:57:00+00:00,-1,2.600000000000364,0.0,-2.200000000000273
PREFADE-S,SPX500_VAL,2015-11-06 13:27:00+00:00,-1,1.400000000000091,11.599999999999909,2.8842235093306954
PREFADE-S,SPX500_VAL,2015-11-06 13:33:00+00:00,1,0.0,8.0,1.674386778402095
PREFADE-S,SPX500_VAL,2015-11-06 13:56:00+00:00,1,2.0,6.199999999999818,6.140398845662276
PREFADE-S,SPX500_VAL,2015-11-11 12:43:00+00:00,-1,0.599999999999909,5.800000000000182,5.725164974234758
PREFADE-S,SPX500_VAL,2015-11-12 13:02:00+00:00,1,7.400000000000091,0.0,-7.243597009455243
PREFADE-S,SPX500_VAL,2015-11-13 13:04:00+00:00,1,7.0,4.2000000000000455,-6.8189801934549905
PREFADE-S,SPX500_VAL,2015-11-18 12:52:00+00:00,-1,6.0,1.0,-5.630496634505562
PREFADE-S,SPX500_VAL,2015-11-19 14:28:00+00:00,1,1.599999999999909,4.400000000000091,4.319074713912414
PREFADE-S,SPX500_VAL,2015-11-20 13:10:00+00:00,-1,6.400000000000091,2.400000000000091,-6.2067550217880125
PREFADE-S,SPX500_VAL,2015-12-02 13:53:00+00:00,1,0.20000000000027285,3.399999999999636,3.2383300613610118
PREFADE-S,SPX500_VAL,2015-12-03 13:36:00+00:00,1,4.399999999999636,9.400000000000091,8.200000000000273
PREFADE-S,SPX500_VAL,2015-12-04 13:39:00+00:00,-1,0.7999999999997272,4.599999999999909,4.0723730121403605
PREFADE-S,SPX500_VAL,2015-12-04 14:02:00+00:00,1,6.399999999999636,0.6000000000003638,-5.9066060706668395
PREFADE-S,SPX500_VAL,2015-12-08 14:02:00+00:00,1,5.599999999999909,8.699999999999818,8.40929366401997
PREFADE-S,SPX500_VAL,2015-12-09 14:06:00+00:00,1,0.0,10.800000000000182,9.805345231563479
PREFADE-S,SPX500_VAL,2015-12-10 12:36:00+00:00,1,1.599999999999909,3.400000000000091,3.2797080890031793
PREFADE-S,SPX500_VAL,2015-12-10 14:00:00+00:00,1,0.0,4.199999999999818,3.8404243602603856
PREFADE-S,SPX500_VAL,2015-12-11 14:21:00+00:00,1,8.100000000000136,11.700000000000045,-6.5
PREFADE-S,SPX500_VAL,2015-12-14 13:14:00+00:00,1,0.1999999999998181,13.200000000000045,13.028646186125343
PREFADE-S,SPX500_VAL,2015-12-15 13:56:00+00:00,-1,10.599999999999909,1.800000000000182,-2.599999999999909
PREFADE-S,SPX500_VAL,2015-12-16 13:28:00+00:00,-1,4.399999999999636,3.400000000000091,3.2703326550390557
PREFADE-S,SPX500_VAL,2015-12-18 14:15:00+00:00,-1,2.800000000000182,8.399999999999864,6.918659084668434
PREFADE-S,SPX500_VAL,2015-12-22 14:20:00+00:00,-1,0.20000000000004547,8.400000000000091,6.827670084118836
PREFADE-S,SPX500_VAL,2015-12-29 13:33:00+00:00,-1,7.800000000000182,0.7999999999997272,-5.200000000000273
PREFADE-S,SPX500_VAL,2015-12-30 13:59:00+00:00,1,4.200000000000273,1.3999999999996362,-4.158516554276957
PREFADE-S,SPX500_VAL,2016-01-06 13:00:00+00:00,1,1.7000000000000455,15.400000000000091,14.73921542942162
PREFADE-S,SPX500_VAL,2016-01-08 13:35:00+00:00,-1,0.0,14.0,12.208468365774252
PREFADE-S,SPX500_VAL,2016-01-15 13:48:00+00:00,1,7.2000000000000455,14.399999999999864,3.599999999999909
PREFADE-S,SPX500_VAL,2016-01-21 13:34:00+00:00,-1,5.0,18.199999999999818,15.301639904152353
PREFADE-S,SPX500_VAL,2016-01-25 13:46:00+00:00,1,2.7999999999999545,6.2000000000000455,5.2351324962226045
PREFADE-S,SPX500_VAL,2016-01-26 13:36:00+00:00,-1,15.799999999999955,3.7999999999999545,-10.799999999999955
PREFADE-S,SPX500_VAL,2016-01-27 13:25:00+00:00,-1,4.599999999999909,4.7999999999999545,3.807680169151581
PREFADE-S,SPX500_VAL,2016-01-28 14:19:00+00:00,-1,5.400000000000091,12.799999999999955,12.516004791442583
PREFADE-S,SPX500_VAL,2016-02-01 13:51:00+00:00,1,3.2000000000000455,7.900000000000091,6.8984043674749955
PREFADE-S,SPX500_VAL,2016-02-02 13:58:00+00:00,1,10.0,2.599999999999909,-6.600000000000136
PREFADE-S,SPX500_VAL,2016-02-03 13:52:00+00:00,-1,1.800000000000182,10.799999999999955,10.52133414797322
PREFADE-S,SPX500_VAL,2016-02-04 12:31:00+00:00,1,9.400000000000091,2.2000000000000455,-8.962782322206067
PREFADE-S,SPX500_VAL,2016-02-05 13:31:00+00:00,1,3.0,5.0,3.8925047886455104
PREFADE-S,SPX500_VAL,2016-02-05 13:39:00+00:00,1,3.3999999999998636,5.400000000000091,5.0
PREFADE-S,SPX500_VAL,2016-02-09 13:33:00+00:00,1,6.599999999999909,10.400000000000091,9.485303858227553
PREFADE-S,SPX500_VAL,2016-02-12 13:31:00+00:00,-1,3.3999999999998636,10.0,9.67954597954963
PREFADE-S,SPX500_VAL,2016-02-16 13:10:00+00:00,1,8.399999999999864,5.600000000000136,-6.399999999999864
PREFADE-S,SPX500_VAL,2016-02-17 12:32:00+00:00,-1,15.600000000000136,1.199999999999818,-14.589062170342004
PREFADE-S,SPX500_VAL,2016-02-19 13:31:00+00:00,1,9.400000000000091,6.0,5.055370368394961
PREFADE-S,SPX500_VAL,2016-02-23 13:49:00+00:00,-1,2.2000000000000455,5.2000000000000455,4.312095251597611
PREFADE-S,SPX500_VAL,2016-02-24 13:38:00+00:00,1,10.599999999999909,3.6000000000001364,-1.3999999999998636
PREFADE-S,SPX500_VAL,2016-02-29 13:36:00+00:00,-1,8.599999999999909,4.2000000000000455,-8.599999999999909
PREFADE-S,SPX500_VAL,2016-03-04 12:33:00+00:00,-1,6.2000000000000455,0.7999999999999545,-3.8433142392689206
PREFADE-S,SPX500_VAL,2016-03-07 13:57:00+00:00,1,0.0,5.7999999999999545,4.937300807313932
PREFADE-S,SPX500_VAL,2016-03-10 12:46:00+00:00,-1,7.7999999999999545,0.599999999999909,-7.184151601504709
PREFADE-S,SPX500_VAL,2016-03-14 11:43:00+00:00,1,1.599999999999909,2.400000000000091,1.9720708921536243
PREFADE-S,SPX500_VAL,2016-03-16 11:41:00+00:00,1,3.2000000000000455,0.599999999999909,-3.187801651480868
PREFADE-S,SPX500_VAL,2016-03-18 12:45:00+00:00,-1,5.7999999999999545,3.400000000000091,-5.600000000000136
PREFADE-S,SPX500_VAL,2016-03-23 13:02:00+00:00,1,4.199999999999818,0.20000000000027285,-3.3424404930551646
PREFADE-S,SPX500_VAL,2016-03-24 12:40:00+00:00,1,3.199999999999818,4.800000000000182,4.095992811967335
PREFADE-S,SPX500_VAL,2016-03-29 12:33:00+00:00,1,3.0,4.400000000000091,3.0
PREFADE-S,SPX500_VAL,2016-03-31 11:45:00+00:00,-1,3.0,3.0,-1.400000000000091
PREFADE-S,SPX500_VAL,2016-04-01 12:41:00+00:00,1,5.0,5.400000000000091,4.3704490327536405
PREFADE-S,SPX500_VAL,2016-04-06 12:18:00+00:00,1,5.0,1.0,-4.935553822321026
PREFADE-S,SPX500_VAL,2016-04-07 11:33:00+00:00,1,8.800000000000182,2.800000000000182,-8.495180266561874
PREFADE-S,SPX500_VAL,2016-04-14 12:09:00+00:00,-1,3.200000000000273,4.0,3.399999999999636
PREFADE-S,SPX500_VAL,2016-04-21 13:03:00+00:00,1,4.400000000000091,2.199999999999818,-4.125512779144628
PREFADE-S,SPX500_VAL,2016-04-27 13:27:00+00:00,1,0.8000000000001819,3.0,2.7120366583858413
PREFADE-S,SPX500_VAL,2016-04-29 12:37:00+00:00,1,5.0,0.1999999999998181,-4.2152038814283515
PREFADE-S,SPX500_VAL,2016-05-02 12:29:00+00:00,-1,1.599999999999909,4.0,3.4201616032578386
PREFADE-S,SPX500_VAL,2016-05-06 11:39:00+00:00,1,4.7999999999999545,2.599999999999909,-4.662825851464504
PREFADE-S,SPX500_VAL,2016-05-12 11:44:00+00:00,-1,1.400000000000091,6.799999999999727,6.463041758555846
PREFADE-S,SPX500_VAL,2016-05-13 12:31:00+00:00,-1,7.599999999999909,2.200000000000273,-7.241869955224956
PREFADE-S,SPX500_VAL,2016-05-17 12:31:00+00:00,1,6.300000000000182,3.199999999999818,-6.036758631605153
PREFADE-S,SPX500_VAL,2016-05-18 12:11:00+00:00,1,3.800000000000182,1.0,-3.800000000000182
PREFADE-S,SPX500_VAL,2016-05-24 12:11:00+00:00,-1,9.400000000000091,0.40000000000009095,-9.301288353219206
PREFADE-S,SPX500_VAL,2016-05-26 11:50:00+00:00,-1,1.199999999999818,3.0,2.8368658189651796
PREFADE-S,SPX500_VAL,2016-06-01 13:05:00+00:00,1,3.0,4.200000000000273,4.186725585263048
PREFADE-S,SPX500_VAL,2016-06-02 13:02:00+00:00,1,3.400000000000091,1.400000000000091,-3.2644134960282827
PREFADE-S,SPX500_VAL,2016-06-03 12:23:00+00:00,-1,0.599999999999909,7.599999999999909,2.1124092751665557
PREFADE-S,SPX500_VAL,2016-06-03 12:36:00+00:00,1,6.400000000000091,2.199999999999818,-6.314541279967671
PREFADE-S,SPX500_VAL,2016-06-06 12:11:00+00:00,-1,4.599999999999909,2.400000000000091,-4.388403376483893
PREFADE-S,SPX500_VAL,2016-06-08 12:39:00+00:00,-1,4.599999999999909,1.0,-4.504557203441436
PREFADE-S,SPX500_VAL,2016-06-13 13:19:00+00:00,1,0.599999999999909,3.400000000000091,3.130187564922835
PREFADE-S,SPX500_VAL,2016-06-14 12:29:00+00:00,1,0.20000000000027285,4.400000000000091,4.307176405896826
PREFADE-S,SPX500_VAL,2016-06-27 11:51:00+00:00,1,0.3999999999998636,10.600000000000136,10.46186952285143
PREFADE-S,SPX500_VAL,2016-06-29 12:50:00+00:00,-1,11.400000000000091,2.599999999999909,-11.201254334890564
PREFADE-S,SPX500_VAL,2016-07-01 11:45:00+00:00,-1,5.800000000000182,0.0,-4.20704231879472
PREFADE-S,SPX500_VAL,2016-07-08 11:33:00+00:00,-1,10.400000000000091,1.7999999999997272,-6.781864449252225
PREFADE-S,SPX500_VAL,2016-07-08 12:42:00+00:00,-1,11.399999999999636,3.200000000000273,-10.0
PREFADE-S,SPX500_VAL,2016-07-13 12:25:00+00:00,-1,3.599999999999909,3.199999999999818,3.199999999999818
PREFADE-S,SPX500_VAL,2016-07-15 11:40:00+00:00,-1,6.400000000000091,0.599999999999909,-5.0
PREFADE-S,SPX500_VAL,2016-07-21 12:50:00+00:00,1,0.8000000000001819,2.199999999999818,2.199999999999818
PREFADE-S,SPX500_VAL,2016-08-01 12:57:00+00:00,1,6.199999999999818,2.400000000000091,2.2306541897673924
PREFADE-S,SPX500_VAL,2016-08-04 11:54:00+00:00,-1,0.40000000000009095,4.400000000000091,3.7292561366461996
PREFADE-S,SPX500_VAL,2016-08-05 12:31:00+00:00,-1,3.599999999999909,0.8000000000001819,-3.199999999999818
PREFADE-S,SPX500_VAL,2016-08-05 13:20:00+00:00,-1,4.200000000000273,1.199999999999818,-4.1994485064515175
PREFADE-S,SPX500_VAL,2016-08-09 13:05:00+00:00,-1,0.1999999999998181,1.599999999999909,1.5885877741620789
PREFADE-S,SPX500_VAL,2016-08-10 12:31:00+00:00,-1,0.6000000000003638,3.0,2.9195958969166895
PREFADE-S,SPX500_VAL,2016-08-12 12:31:00+00:00,1,2.400000000000091,0.3999999999996362,-2.2124901538695667
PREFADE-S,SPX500_VAL,2016-08-15 12:45:00+00:00,-1,2.0,1.199999999999818,-1.9066370498803735
PREFADE-S,SPX500_VAL,2016-08-16 12:39:00+00:00,1,3.399999999999636,1.0,-2.788953834984568
PREFADE-S,SPX500_VAL,2016-08-19 12:04:00+00:00,1,2.800000000000182,3.799999999999727,2.3307422814109486
PREFADE-S,SPX500_VAL,2016-08-23 13:12:00+00:00,-1,3.600000000000364,2.199999999999818,1.199999999999818
PREFADE-S,SPX500_VAL,2016-08-25 11:45:00+00:00,1,1.800000000000182,2.800000000000182,2.3879119654789065
PREFADE-S,SPX500_VAL,2016-08-26 11:55:00+00:00,1,0.7999999999997272,2.0,1.6036979125533435
PREFADE-S,SPX500_VAL,2016-08-31 12:41:00+00:00,1,2.399999999999636,0.20000000000027285,-2.199999999999818
PREFADE-S,SPX500_VAL,2016-09-01 13:30:00+00:00,1,6.199999999999818,3.400000000000091,-5.8329836939938104
PREFADE-S,SPX500_VAL,2016-09-02 12:12:00+00:00,1,0.599999999999909,6.0,2.4674965632902968
PREFADE-S,SPX500_VAL,2016-09-02 12:47:00+00:00,-1,6.599999999999909,0.599999999999909,-5.8412022898246505
PREFADE-S,SPX500_VAL,2016-09-05 11:40:00+00:00,1,1.599999999999909,0.1999999999998181,-1.4180251242005397
PREFADE-S,SPX500_VAL,2016-09-06 13:29:00+00:00,-1,1.400000000000091,1.400000000000091,1.3451961527498497
PREFADE-S,SPX500_VAL,2016-09-07 13:03:00+00:00,1,1.7999999999997272,1.6000000000003638,1.6000000000003638
PREFADE-S,SPX500_VAL,2016-09-08 12:48:00+00:00,1,4.599999999999909,0.40000000000009095,-4.146671013325431
PREFADE-S,SPX500_VAL,2016-09-14 13:13:00+00:00,1,4.799999999999727,2.800000000000182,-4.703507693007396
PREFADE-S,SPX500_VAL,2016-09-15 11:57:00+00:00,-1,3.800000000000182,4.799999999999727,4.43212495013222
PREFADE-S,SPX500_VAL,2016-09-20 12:21:00+00:00,-1,1.800000000000182,3.400000000000091,3.249077643513374
PREFADE-S,SPX500_VAL,2016-09-22 12:27:00+00:00,-1,8.399999999999636,0.20000000000027285,-2.0
PREFADE-S,SPX500_VAL,2016-09-27 13:11:00+00:00,1,2.400000000000091,10.199999999999818,9.658393924355096
PREFADE-S,SPX500_VAL,2016-09-29 12:04:00+00:00,1,3.399999999999636,0.0,-3.2940921999856982
PREFADE-S,SPX500_VAL,2016-09-30 11:35:00+00:00,-1,9.400000000000091,1.599999999999909,-7.050338687308795
PREFADE-S,SPX500_VAL,2016-10-03 12:06:00+00:00,1,3.800000000000182,0.599999999999909,-3.800000000000182
PREFADE-S,SPX500_VAL,2016-10-04 11:41:00+00:00,1,1.599999999999909,3.0,2.3393218513201646
PREFADE-S,SPX500_VAL,2016-10-05 11:47:00+00:00,-1,3.599999999999909,0.0,-3.2251817685419155
PREFADE-S,SPX500_VAL,2016-10-05 13:28:00+00:00,-1,6.0,0.1999999999998181,-5.494063888071196
PREFADE-S,SPX500_VAL,2016-10-07 12:31:00+00:00,-1,5.200000000000273,0.0,-5.0
PREFADE-S,SPX500_VAL,2016-10-07 13:00:00+00:00,-1,1.599999999999909,5.199999999999818,4.926706585912598
PREFADE-S,SPX500_VAL,2016-10-10 12:14:00+00:00,-1,5.0,0.1999999999998181,-4.415650979940892
PREFADE-S,SPX500_VAL,2016-10-11 13:11:00+00:00,1,5.399999999999636,1.800000000000182,-4.736143641344825
PREFADE-S,SPX500_VAL,2016-10-12 12:30:00+00:00,1,2.599999999999909,4.400000000000091,3.266336465304448
PREFADE-S,SPX500_VAL,2016-10-14 12:45:00+00:00,-1,6.599999999999909,6.800000000000182,4.800000000000182
PREFADE-S,SPX500_VAL,2016-10-17 12:01:00+00:00,-1,4.599999999999909,2.0,-4.381114586231433
PREFADE-S,SPX500_VAL,2016-10-18 12:36:00+00:00,-1,1.400000000000091,6.400000000000091,5.335755184129084
PREFADE-S,SPX500_VAL,2016-10-19 12:45:00+00:00,-1,1.3999999999996362,3.0,2.754857499517584
PREFADE-S,SPX500_VAL,2016-10-20 12:25:00+00:00,1,3.599999999999909,0.40000000000009095,-3.4199600856190955
PREFADE-S,SPX500_VAL,2016-10-20 13:07:00+00:00,1,3.599999999999909,3.800000000000182,2.9272710679078955
PREFADE-S,SPX500_VAL,2016-10-21 12:53:00+00:00,1,4.800000000000182,0.40000000000009095,-4.622525535977729
PREFADE-S,SPX500_VAL,2016-10-25 13:06:00+00:00,1,2.599999999999909,0.20000000000027285,-2.482839676420099
PREFADE-S,SPX500_VAL,2016-10-27 11:31:00+00:00,-1,3.799999999999727,4.800000000000182,4.725773662424672
PREFADE-S,SPX500_VAL,2016-11-01 12:04:00+00:00,1,4.0,2.200000000000273,-4.0
PREFADE-S,SPX500_VAL,2016-11-02 12:07:00+00:00,-1,0.0,5.0,4.799999999999727
PREFADE-S,SPX500_VAL,2016-11-03 12:29:00+00:00,-1,0.40000000000009095,6.400000000000091,6.070687236690446
PREFADE-S,SPX500_VAL,2016-11-04 12:47:00+00:00,-1,1.800000000000182,2.599999999999909,2.2463591156410985
PREFADE-S,SPX500_VAL,2016-11-08 14:03:00+00:00,1,3.599999999999909,2.599999999999909,2.599999999999909
PREFADE-S,SPX500_VAL,2016-11-17 13:47:00+00:00,1,0.20000000000027285,2.0,2.0
PREFADE-S,SPX500_VAL,2016-11-18 12:34:00+00:00,-1,1.6000000000003638,3.399999999999636,3.2584312398521433
PREFADE-S,SPX500_VAL,2016-11-21 13:45:00+00:00,-1,4.400000000000091,1.0,-4.399582878005731
PREFADE-S,SPX500_VAL,2016-11-23 13:28:00+00:00,1,2.799999999999727,0.599999999999909,-2.71749888913655
PREFADE-S,SPX500_VAL,2016-11-24 14:06:00+00:00,-1,2.400000000000091,0.0,-2.400000000000091
PREFADE-S,SPX500_VAL,2016-11-29 14:21:00+00:00,1,0.40000000000009095,3.400000000000091,3.017946276146631
PREFADE-S,SPX500_VAL,2016-11-30 12:36:00+00:00,-1,3.799999999999727,3.200000000000273,2.477371643928109
PREFADE-S,SPX500_VAL,2016-12-01 13:50:00+00:00,-1,1.199999999999818,4.400000000000091,3.846152920132681
PREFADE-S,SPX500_VAL,2016-12-02 13:34:00+00:00,-1,0.0,3.200000000000273,2.9958654318206754
PREFADE-S,SPX500_VAL,2016-12-02 14:10:00+00:00,-1,4.400000000000091,1.400000000000091,-4.07158117823019
PREFADE-S,SPX500_VAL,2016-12-06 12:48:00+00:00,-1,2.599999999999909,3.799999999999727,2.6355961702511195
PREFADE-S,SPX500_VAL,2016-12-07 12:55:00+00:00,1,2.399999999999636,0.20000000000027285,-2.399999999999636
PREFADE-S,SPX500_VAL,2016-12-07 14:13:00+00:00,1,1.599999999999909,1.199999999999818,1.199999999999818
PREFADE-S,SPX500_VAL,2016-12-08 12:46:00+00:00,1,2.399999999999636,1.0,-2.305342296599065
PREFADE-S,SPX500_VAL,2016-12-08 12:48:00+00:00,1,0.0,2.400000000000091,2.3386076368483373
PREFADE-S,SPX500_VAL,2016-12-08 12:55:00+00:00,-1,0.7999999999997272,2.200000000000273,2.1258810422909846
PREFADE-S,SPX500_VAL,2016-12-08 13:39:00+00:00,-1,1.400000000000091,3.200000000000273,2.6333508572761275
PREFADE-S,SPX500_VAL,2016-12-08 14:08:00+00:00,-1,2.599999999999909,3.799999999999727,3.3077124270212153
PREFADE-S,SPX500_VAL,2016-12-09 12:56:00+00:00,-1,2.200000000000273,1.599999999999909,-2.040174140528052
PREFADE-S,SPX500_VAL,2016-12-13 12:59:00+00:00,-1,6.400000000000091,1.599999999999909,-6.136285698040865
PREFADE-S,SPX500_VAL,2016-12-14 13:30:00+00:00,1,1.800000000000182,0.8000000000001819,-1.7912809856952663
PREFADE-S,SPX500_VAL,2016-12-15 12:43:00+00:00,1,3.199999999999818,3.599999999999909,3.0
PREFADE-S,SPX500_VAL,2016-12-19 13:18:00+00:00,1,2.0,0.7999999999997272,-2.0
PREFADE-S,SPX500_VAL,2016-12-21 13:06:00+00:00,1,0.0,1.7999999999997272,1.7999999999997272
PREFADE-S,SPX500_VAL,2016-12-22 13:12:00+00:00,-1,0.6000000000003638,1.599999999999909,1.599999999999909
PREFADE-S,SPX500_VAL,2016-12-23 14:04:00+00:00,1,1.0,1.800000000000182,1.7361006250921491
PREFADE-S,SPX500_VAL,2016-12-27 13:50:00+00:00,-1,2.0,0.0,-1.8027973568300695
PREFADE-S,SPX500_VAL,2017-01-04 13:04:00+00:00,-1,3.599999999999909,1.7999999999997272,-3.599999999999909
PREFADE-S,SPX500_VAL,2017-01-06 13:31:00+00:00,-1,2.599999999999909,0.20000000000027285,-1.9670659303715183
PREFADE-S,SPX500_VAL,2017-01-06 13:50:00+00:00,-1,1.7999999999997272,3.0,1.427521016785704
PREFADE-S,SPX500_VAL,2017-01-09 13:22:00+00:00,1,3.800000000000182,0.3999999999996362,-3.599721625451366
PREFADE-S,SPX500_VAL,2017-01-13 13:04:00+00:00,-1,0.0,1.800000000000182,1.4287689525558562
PREFADE-S,SPX500_VAL,2017-01-13 13:30:00+00:00,1,0.8000000000001819,2.0,1.9017647836722062
PREFADE-S,SPX500_VAL,2017-01-13 14:17:00+00:00,-1,1.800000000000182,0.1999999999998181,-1.7444589457613802
PREFADE-S,SPX500_VAL,2017-01-20 13:36:00+00:00,-1,0.599999999999909,2.200000000000273,1.973492228392388
PREFADE-S,SPX500_VAL,2017-01-23 14:18:00+00:00,-1,3.599999999999909,2.599999999999909,1.8649441051238682
PREFADE-S,SPX500_VAL,2017-01-24 13:52:00+00:00,-1,2.400000000000091,1.199999999999818,-2.170641123022051
PREFADE-S,SPX500_VAL,2017-01-25 13:35:00+00:00,-1,5.400000000000091,0.0,-5.071297819451047
PREFADE-S,SPX500_VAL,2017-01-26 13:01:00+00:00,1,2.0,2.599999999999909,2.3054309040976477
PREFADE-S,SPX500_VAL,2017-01-30 13:20:00+00:00,1,2.399999999999636,0.8000000000001819,-2.201016304500172
PREFADE-S,SPX500_VAL,2017-02-01 13:26:00+00:00,-1,3.199999999999818,1.6000000000003638,0.968535661255828
PREFADE-S,SPX500_VAL,2017-02-03 13:54:00+00:00,-1,8.0,2.399999999999636,-5.800000000000182
PREFADE-S,SPX500_VAL,2017-02-06 12:59:00+00:00,1,4.199999999999818,0.0,-3.300393443455505
PREFADE-S,SPX500_VAL,2017-02-08 14:29:00+00:00,1,2.199999999999818,2.800000000000182,2.5212409579689847
PREFADE-S,SPX500_VAL,2017-02-13 12:54:00+00:00,-1,2.599999999999909,1.400000000000091,-2.32306910529951
PREFADE-S,SPX500_VAL,2017-02-15 13:38:00+00:00,1,1.400000000000091,2.399999999999636,2.399999999999636
PREFADE-S,SPX500_VAL,2017-02-16 13:09:00+00:00,1,1.2000000000002728,3.199999999999818,2.2091923664524984
PREFADE-S,SPX500_VAL,2017-02-17 13:21:00+00:00,1,0.40000000000009095,4.0,3.6938937399713723
PREFADE-S,SPX500_VAL,2017-02-21 14:27:00+00:00,-1,4.0,1.6000000000003638,-3.2878370474786607
PREFADE-S,SPX500_VAL,2017-02-23 12:43:00+00:00,-1,3.599999999999909,0.8000000000001819,-3.400000000000091
PREFADE-S,SPX500_VAL,2017-02-27 12:51:00+00:00,1,2.0,3.0,2.3402431202052867
PREFADE-S,SPX500_VAL,2017-02-28 13:00:00+00:00,1,2.0,0.8000000000001819,-1.6505628928307488
PREFADE-S,SPX500_VAL,2017-03-01 12:40:00+00:00,-1,7.0,0.0,-6.756926533006663
PREFADE-S,SPX500_VAL,2017-03-02 13:42:00+00:00,-1,0.1999999999998181,4.199999999999818,2.145444348638648
PREFADE-S,SPX500_VAL,2017-03-07 13:24:00+00:00,1,0.7999999999997272,2.0,1.8426961314658001
PREFADE-S,SPX500_VAL,2017-03-08 12:47:00+00:00,-1,5.400000000000091,2.599999999999909,-4.235977687983905
PREFADE-S,SPX500_VAL,2017-03-09 12:58:00+00:00,1,0.6000000000003638,3.799999999999727,3.5553918854707263
PREFADE-S,SPX500_VAL,2017-03-13 12:09:00+00:00,-1,2.0,0.0,-2.0
PREFADE-S,SPX500_VAL,2017-03-13 12:57:00+00:00,-1,2.0,2.0,1.535584985062087
PREFADE-S,SPX500_VAL,2017-03-14 12:01:00+00:00,1,3.599999999999909,0.7999999999997272,-3.240960969757907
PREFADE-S,SPX500_VAL,2017-03-17 12:56:00+00:00,-1,1.0,3.400000000000091,2.7448344452154743
PREFADE-S,SPX500_VAL,2017-03-22 12:24:00+00:00,-1,0.40000000000009095,4.400000000000091,3.7864281898937406
PREFADE-S,SPX500_VAL,2017-03-23 13:02:00+00:00,1,3.400000000000091,3.799999999999727,2.337793841406892
PREFADE-S,SPX500_VAL,2017-03-28 13:30:00+00:00,1,0.40000000000009095,4.800000000000182,4.544427421480123
PREFADE-S,SPX500_VAL,2017-04-04 11:38:00+00:00,1,2.0,4.0,3.632255703827468
PREFADE-S,SPX500_VAL,2017-04-05 12:19:00+00:00,-1,5.799999999999727,1.2000000000002728,-5.113269299664353
PREFADE-S,SPX500_VAL,2017-04-06 12:31:00+00:00,-1,7.0,4.599999999999909,-6.868480688770433
PREFADE-S,SPX500_VAL,2017-04-17 11:42:00+00:00,-1,2.199999999999818,0.0,-2.199999999999818
PREFADE-S,SPX500_VAL,2017-04-19 11:44:00+00:00,-1,4.400000000000091,0.20000000000027285,-3.8842308915609465
PREFADE-S,SPX500_VAL,2017-04-21 13:27:00+00:00,1,3.200000000000273,0.7999999999997272,-2.360170317766915
PREFADE-S,SPX500_VAL,2017-04-24 11:52:00+00:00,-1,1.0,4.400000000000091,3.8877338574857276
PREFADE-S,SPX500_VAL,2017-04-25 12:20:00+00:00,-1,5.199999999999818,0.0,-4.599999999999909
PREFADE-S,SPX500_VAL,2017-04-26 11:53:00+00:00,1,0.20000000000027285,1.599999999999909,1.4957131186388324
PREFADE-S,SPX500_VAL,2017-04-26 12:38:00+00:00,-1,0.6000000000003638,1.3999999999996362,1.3999999999996362
PREFADE-S,SPX500_VAL,2017-04-27 12:04:00+00:00,-1,0.20000000000027285,3.0,2.400000000000091
PREFADE-S,SPX500_VAL,2017-04-27 13:24:00+00:00,-1,1.0,2.400000000000091,1.9913438087983195
PREFADE-S,SPX500_VAL,2017-04-28 12:28:00+00:00,-1,0.40000000000009095,2.0,1.7439103850410902
PREFADE-S,SPX500_VAL,2017-05-01 12:06:00+00:00,-1,1.400000000000091,3.400000000000091,3.2087631581034657
PREFADE-S,SPX500_VAL,2017-05-02 13:25:00+00:00,-1,1.400000000000091,1.400000000000091,1.032886450746446
PREFADE-S,SPX500_VAL,2017-05-05 12:45:00+00:00,-1,0.7999999999997272,4.599999999999909,4.037466525946456
PREFADE-S,SPX500_VAL,2017-05-09 13:24:00+00:00,-1,2.399999999999636,1.400000000000091,1.2039772241878381
PREFADE-S,SPX500_VAL,2017-05-10 12:12:00+00:00,-1,2.0,0.7999999999997272,0.7735579486279676
PREFADE-S,SPX500_VAL,2017-05-11 11:45:00+00:00,1,2.800000000000182,0.1999999999998181,-2.694519681574093
PREFADE-S,SPX500_VAL,2017-05-12 13:07:00+00:00,-1,0.0,4.400000000000091,3.8088788312516044
PREFADE-S,SPX500_VAL,2017-05-17 13:02:00+00:00,1,2.800000000000182,4.599999999999909,4.263293840816914
PREFADE-S,SPX500_VAL,2017-05-19 12:19:00+00:00,-1,7.800000000000182,2.0,-6.089085843715111
PREFADE-S,SPX500_VAL,2017-05-22 13:18:00+00:00,-1,4.0,0.599999999999909,-3.512992813114124
PREFADE-S,SPX500_VAL,2017-05-24 13:26:00+00:00,-1,0.7999999999997272,2.600000000000364,1.9245533676594277
PREFADE-S,SPX500_VAL,2017-05-26 12:20:00+00:00,1,0.20000000000027285,2.599999999999909,2.5160287176145175
PREFADE-S,SPX500_VAL,2017-05-29 13:07:00+00:00,-1,0.20000000000027285,1.400000000000091,1.400000000000091
PREFADE-S,SPX500_VAL,2017-05-30 12:15:00+00:00,1,0.599999999999909,2.400000000000091,2.0967396757027927
PREFADE-S,SPX500_VAL,2017-06-01 11:49:00+00:00,1,0.1999999999998181,1.2000000000002728,1.0592528100655727
PREFADE-S,SPX500_VAL,2017-06-01 12:24:00+00:00,-1,1.800000000000182,0.599999999999909,-1.5392893140574415
PREFADE-S,SPX500_VAL,2017-06-02 12:47:00+00:00,1,0.40000000000009095,4.200000000000273,3.909126811666283
PREFADE-S,SPX500_VAL,2017-06-07 11:59:00+00:00,-1,1.7999999999997272,1.2000000000002728,1.2000000000002728
PREFADE-S,SPX500_VAL,2017-06-14 11:42:00+00:00,-1,2.200000000000273,3.0,2.5428227204770337
PREFADE-S,SPX500_VAL,2017-06-16 12:57:00+00:00,1,4.400000000000091,1.400000000000091,-4.068358097320015
PREFADE-S,SPX500_VAL,2017-06-20 12:02:00+00:00,1,1.800000000000182,0.0,-1.800000000000182
PREFADE-S,SPX500_VAL,2017-06-21 13:01:00+00:00,-1,2.0,3.400000000000091,3.2380604624418083
PREFADE-S,SPX500_VAL,2017-06-22 13:25:00+00:00,-1,0.40000000000009095,3.199999999999818,2.43912873701629
PREFADE-S,SPX500_VAL,2017-06-29 12:47:00+00:00,1,3.799999999999727,1.2000000000002728,-3.477212907494504
PREFADE-S,SPX500_VAL,2017-07-03 13:00:00+00:00,-1,4.800000000000182,0.3999999999996362,-4.397724209569333
PREFADE-S,SPX500_VAL,2017-07-05 12:04:00+00:00,-1,2.400000000000091,1.599999999999909,1.599999999999909
PREFADE-S,SPX500_VAL,2017-07-07 11:35:00+00:00,1,0.1999999999998181,1.6000000000003638,1.3424651471677862
PREFADE-S,SPX500_VAL,2017-07-07 12:27:00+00:00,-1,2.0,1.0,-1.896304194735876
PREFADE-S,SPX500_VAL,2017-07-07 12:46:00+00:00,-1,5.800000000000182,1.7999999999997272,-4.599999999999909
PREFADE-S,SPX500_VAL,2017-07-10 11:43:00+00:00,1,3.400000000000091,0.40000000000009095,-3.400000000000091
PREFADE-S,SPX500_VAL,2017-07-11 11:33:00+00:00,1,0.599999999999909,3.199999999999818,2.599999999999909
PREFADE-S,SPX500_VAL,2017-07-12 12:32:00+00:00,-1,5.200000000000273,1.0,-5.1412776285046675
PREFADE-S,SPX500_VAL,2017-07-14 12:55:00+00:00,-1,1.400000000000091,2.800000000000182,2.2884709468830806
PREFADE-S,SPX500_VAL,2017-07-18 12:41:00+00:00,1,3.400000000000091,0.0,-3.284922160859878
PREFADE-S,SPX500_VAL,2017-07-19 12:27:00+00:00,-1,0.6000000000003638,1.3999999999996362,1.26401657199267
PREFADE-S,SPX500_VAL,2017-07-19 13:17:00+00:00,-1,1.599999999999909,0.0,-1.4423193982206612
PREFADE-S,SPX500_VAL,2017-07-20 12:19:00+00:00,-1,1.800000000000182,2.0,1.5917787333251
PREFADE-S,SPX500_VAL,2017-07-21 12:52:00+00:00,1,3.800000000000182,0.1999999999998181,-3.2122759743801907
PREFADE-S,SPX500_VAL,2017-07-24 12:20:00+00:00,-1,1.400000000000091,2.599999999999909,2.400000000000091
PREFADE-S,SPX500_VAL,2017-07-26 11:57:00+00:00,-1,1.3999999999996362,3.0,2.249916845947155
PREFADE-S,SPX500_VAL,2017-07-27 13:21:00+00:00,-1,0.6000000000003638,2.199999999999818,1.7999999999997272
PREFADE-S,SPX500_VAL,2017-08-02 11:54:00+00:00,1,0.0,1.6000000000003638,1.400000000000091
PREFADE-S,SPX500_VAL,2017-08-03 12:57:00+00:00,-1,0.40000000000009095,2.599999999999909,2.5735080369172465
PREFADE-S,SPX500_VAL,2017-08-04 12:31:00+00:00,-1,2.599999999999909,2.200000000000273,1.830732275020182
PREFADE-S,SPX500_VAL,2017-08-08 12:35:00+00:00,1,1.3999999999996362,1.2000000000002728,1.2000000000002728
PREFADE-S,SPX500_VAL,2017-08-09 12:03:00+00:00,1,0.0,3.800000000000182,3.698982322950542
PREFADE-S,SPX500_VAL,2017-08-11 11:47:00+00:00,1,0.20000000000027285,3.799999999999727,3.7525564015572854
PREFADE-S,SPX500_VAL,2017-08-11 12:33:00+00:00,-1,5.0,0.0,-4.799999999999727
PREFADE-S,SPX500_VAL,2017-08-17 11:37:00+00:00,1,3.0,2.0,1.7027356488847545
PREFADE-S,SPX500_VAL,2017-08-23 11:44:00+00:00,1,6.400000000000091,0.0,-4.91086488448218
PREFADE-S,SPX500_VAL,2017-08-24 12:22:00+00:00,-1,1.599999999999909,5.799999999999727,4.371714453807726
PREFADE-S,SPX500_VAL,2017-08-30 12:46:00+00:00,1,1.800000000000182,3.599999999999909,3.502572770086772
PREFADE-S,SPX500_VAL,2017-09-01 12:33:00+00:00,-1,1.400000000000091,2.599999999999909,1.980882650442254
PREFADE-S,SPX500_VAL,2017-09-04 11:59:00+00:00,-1,0.40000000000009095,2.800000000000182,2.782088230811496
PREFADE-S,SPX500_VAL,2017-09-06 11:49:00+00:00,-1,3.199999999999818,0.40000000000009095,-3.0569192383086374
PREFADE-S,SPX500_VAL,2017-09-07 11:49:00+00:00,-1,2.400000000000091,4.0,2.3533580469202207
PREFADE-S,SPX500_VAL,2017-09-14 12:24:00+00:00,1,1.6000000000003638,0.0,-1.469762728806927
PREFADE-S,SPX500_VAL,2017-09-14 12:41:00+00:00,1,1.199999999999818,3.0,2.7638710040905607
PREFADE-S,SPX500_VAL,2017-09-19 13:25:00+00:00,-1,0.20000000000027285,2.0,1.6390077386899975
PREFADE-S,SPX500_VAL,2017-09-26 12:45:00+00:00,-1,3.200000000000273,0.0,-2.372994125529658
PREFADE-S,SPX500_VAL,2017-09-27 12:27:00+00:00,-1,4.199999999999818,1.0,-4.197709974796908
PREFADE-S,SPX500_VAL,2017-09-28 11:49:00+00:00,1,2.0,2.199999999999818,1.8007620961243447
PREFADE-S,SPX500_VAL,2017-09-29 12:06:00+00:00,-1,0.0,0.8000000000001819,0.759289582049405
PREFADE-S,SPX500_VAL,2017-09-29 12:31:00+00:00,-1,0.0,0.8000000000001819,0.7518518205311011
PREFADE-S,SPX500_VAL,2017-09-29 12:44:00+00:00,1,0.0,1.199999999999818,1.199999999999818
PREFADE-S,SPX500_VAL,2017-10-04 11:34:00+00:00,1,0.599999999999909,2.0,1.199999999999818
PREFADE-S,SPX500_VAL,2017-10-05 13:20:00+00:00,-1,2.800000000000182,1.0,-2.4512309386918787
PREFADE-S,SPX500_VAL,2017-10-06 11:54:00+00:00,1,1.0,0.0,-0.686804231736005
PREFADE-S,SPX500_VAL,2017-10-06 12:34:00+00:00,1,2.199999999999818,0.40000000000009095,-2.1586410223317216
PREFADE-S,SPX500_VAL,2017-10-10 11:48:00+00:00,-1,3.400000000000091,0.599999999999909,-2.6650171224400765
PREFADE-S,SPX500_VAL,2017-10-11 11:42:00+00:00,1,0.599999999999909,2.800000000000182,2.599999999999909
PREFADE-S,SPX500_VAL,2017-10-12 12:12:00+00:00,1,1.400000000000091,1.400000000000091,1.3312634703720505
PREFADE-S,SPX500_VAL,2017-10-17 13:16:00+00:00,1,0.599999999999909,1.199999999999818,1.199999999999818
PREFADE-S,SPX500_VAL,2017-10-24 11:31:00+00:00,-1,2.200000000000273,0.0,-2.0211805340454703
PREFADE-S,SPX500_VAL,2017-10-31 11:37:00+00:00,-1,0.7999999999997272,2.800000000000182,2.800000000000182
PREFADE-S,SPX500_VAL,2017-11-02 12:36:00+00:00,-1,1.2000000000002728,4.599999999999909,4.148639570044907
PREFADE-S,SPX500_VAL,2017-11-03 12:31:00+00:00,-1,2.199999999999818,0.8000000000001819,-1.7651340328288825
PREFADE-S,SPX500_VAL,2017-11-09 12:36:00+00:00,1,7.0,2.0,1.199999999999818
PREFADE-S,SPX500_VAL,2017-11-13 13:26:00+00:00,1,1.800000000000182,6.199999999999818,6.003326330830532
PREFADE-S,SPX500_VAL,2017-11-14 13:04:00+00:00,1,3.399999999999636,1.800000000000182,-3.399999999999636
PREFADE-S,SPX500_VAL,2017-11-17 12:52:00+00:00,-1,0.20000000000027285,3.0,2.451655204083636
PREFADE-S,SPX500_VAL,2017-11-20 13:37:00+00:00,-1,4.799999999999727,0.40000000000009095,-3.799999999999727
PREFADE-S,SPX500_VAL,2017-11-24 13:00:00+00:00,-1,2.0,1.599999999999909,-0.0
PREFADE-S,SPX500_VAL,2017-11-28 14:04:00+00:00,-1,5.199999999999818,2.199999999999818,-5.14961958796448
PREFADE-S,SPX500_VAL,2017-11-29 13:07:00+00:00,-1,4.599999999999909,2.0,-3.540630486018017
PREFADE-S,SPX500_VAL,2017-11-30 12:58:00+00:00,-1,7.599999999999909,0.599999999999909,-7.402920052189529
PREFADE-S,SPX500_VAL,2017-12-01 13:22:00+00:00,-1,4.599999999999909,5.800000000000182,3.784162383086823
PREFADE-S,SPX500_VAL,2017-12-05 13:10:00+00:00,-1,0.0,3.599999999999909,3.1623875420227705
PREFADE-S,SPX500_VAL,2017-12-07 13:00:00+00:00,1,2.0,3.199999999999818,2.91083919056382
PREFADE-S,SPX500_VAL,2017-12-08 13:41:00+00:00,-1,0.40000000000009095,4.799999999999727,4.652727968753425
PREFADE-S,SPX500_VAL,2017-12-11 12:56:00+00:00,1,2.399999999999636,0.20000000000027285,-2.120531358912558
PREFADE-S,SPX500_VAL,2017-12-12 12:33:00+00:00,-1,0.40000000000009095,2.0,1.7787105134043486
PREFADE-S,SPX500_VAL,2017-12-13 13:36:00+00:00,-1,5.199999999999818,1.0,-1.400000000000091
PREFADE-S,SPX500_VAL,2017-12-15 12:54:00+00:00,-1,7.400000000000091,1.599999999999909,-5.820403246364094
PREFADE-S,SPX500_VAL,2017-12-20 14:29:00+00:00,-1,0.40000000000009095,4.200000000000273,3.769214985173676
PREFADE-S,SPX500_VAL,2017-12-22 13:05:00+00:00,1,4.199999999999818,0.8000000000001819,-2.0
PREFADE-S,SPX500_VAL,2017-12-27 13:03:00+00:00,1,0.40000000000009095,1.2000000000002728,1.0
PREFADE-S,SPX500_VAL,2017-12-27 13:36:00+00:00,-1,0.7999999999997272,1.2000000000002728,1.2000000000002728
PREFADE-S,SPX500_VAL,2018-01-04 13:15:00+00:00,-1,5.400000000000091,0.3999999999996362,-5.3317248558560095
PREFADE-S,SPX500_VAL,2018-01-05 13:42:00+00:00,-1,0.6000000000003638,5.799999999999727,5.132991076800863
PREFADE-S,SPX500_VAL,2018-01-09 13:38:00+00:00,-1,4.0,2.0,-3.828730544420523
PREFADE-S,SPX500_VAL,2018-01-17 13:43:00+00:00,-1,2.0,6.200000000000273,6.043411496823865
PREFADE-S,SPX500_VAL,2018-01-18 13:55:00+00:00,1,0.6000000000003638,4.399999999999636,3.0357998763442993
PREFADE-S,SPX500_VAL,2018-01-19 14:29:00+00:00,-1,1.800000000000182,6.400000000000091,5.610098359858512
PREFADE-S,SPX500_VAL,2018-01-22 12:59:00+00:00,-1,3.400000000000091,2.599999999999909,-3.400000000000091
PREFADE-S,SPX500_VAL,2018-01-24 12:35:00+00:00,-1,7.0,2.599999999999909,-6.264439203119764
PREFADE-S,SPX500_VAL,2018-01-25 13:16:00+00:00,-1,4.0,6.199999999999818,5.998689956271846
PREFADE-S,SPX500_VAL,2018-01-26 12:32:00+00:00,-1,2.0,2.600000000000364,2.5279588130483717
PREFADE-S,SPX500_VAL,2018-01-30 14:16:00+00:00,1,13.0,7.400000000000091,-12.724574104600379
PREFADE-S,SPX500_VAL,2018-01-31 12:54:00+00:00,-1,2.399999999999636,6.0,5.9846539578197735
PREFADE-S,SPX500_VAL,2018-02-01 13:17:00+00:00,1,9.599999999999909,0.1999999999998181,-8.368771606734299
PREFADE-S,SPX500_VAL,2018-02-01 14:10:00+00:00,1,2.400000000000091,13.200000000000273,13.198818508664317
PREFADE-S,SPX500_VAL,2018-02-08 13:25:00+00:00,-1,3.800000000000182,17.399999999999636,14.821939000381462
PREFADE-S,SPX500_VAL,2018-02-09 12:31:00+00:00,1,6.400000000000091,13.799999999999727,13.355949710812183
PREFADE-S,SPX500_VAL,2018-02-14 13:31:00+00:00,1,19.600000000000364,4.599999999999909,-16.2621445580171
PREFADE-S,SPX500_VAL,2018-02-16 13:46:00+00:00,1,8.800000000000182,1.199999999999818,-8.195152763123133
PREFADE-S,SPX500_VAL,2018-02-19 12:32:00+00:00,1,7.0,0.8000000000001819,-6.680036149316493
PREFADE-S,SPX500_VAL,2018-02-22 13:33:00+00:00,-1,16.0,0.7999999999997272,-15.68037407393058
PREFADE-S,SPX500_VAL,2018-02-28 14:28:00+00:00,-1,6.0,5.799999999999727,4.774921709609771
PREFADE-S,SPX500_VAL,2018-03-02 12:46:00+00:00,1,12.400000000000091,5.400000000000091,3.3584353693686353
PREFADE-S,SPX500_VAL,2018-03-07 12:55:00+00:00,-1,14.399999999999636,5.600000000000364,-12.74492448578394
PREFADE-S,SPX500_VAL,2018-03-08 14:07:00+00:00,-1,4.400000000000091,5.400000000000091,4.689600894242176
PREFADE-S,SPX500_VAL,2018-03-09 13:24:00+00:00,1,6.099999999999909,0.0,-4.442689900870391
PREFADE-S,SPX500_VAL,2018-03-09 13:31:00+00:00,-1,10.0,1.800000000000182,-5.963606909916052
PREFADE-S,SPX500_VAL,2018-03-13 12:31:00+00:00,-1,5.199999999999818,7.0,5.450018539428584
PREFADE-S,SPX500_VAL,2018-03-16 12:37:00+00:00,-1,2.0,3.799999999999727,3.435610601064127
PREFADE-S,SPX500_VAL,2018-03-20 11:43:00+00:00,-1,0.599999999999909,5.600000000000364,5.583224466277898
PREFADE-S,SPX500_VAL,2018-03-21 11:44:00+00:00,1,4.0,2.800000000000182,1.7852820517082364
PREFADE-S,SPX500_VAL,2018-03-22 12:43:00+00:00,1,25.0,9.800000000000182,-24.49790589394661
PREFADE-S,SPX500_VAL,2018-03-23 12:00:00+00:00,-1,14.599999999999909,1.0,-13.818573055367324
PREFADE-S,SPX500_VAL,2018-03-28 12:04:00+00:00,-1,3.399999999999636,10.600000000000364,9.885527620152061
PREFADE-S,SPX500_VAL,2018-03-29 11:44:00+00:00,-1,5.599999999999909,6.799999999999727,5.788028391358694
PREFADE-S,SPX500_VAL,2018-04-03 12:01:00+00:00,-1,6.599999999999909,3.0,-6.119087597449379
PREFADE-S,SPX500_VAL,2018-04-12 11:39:00+00:00,-1,9.799999999999727,2.600000000000364,-8.875509149298068
PREFADE-S,SPX500_VAL,2018-04-13 11:55:00+00:00,-1,7.800000000000182,8.0,7.779159301997424
PREFADE-S,SPX500_VAL,2018-04-16 12:59:00+00:00,-1,1.2000000000002728,7.199999999999818,7.035963816534149
PREFADE-S,SPX500_VAL,2018-04-19 12:23:00+00:00,1,6.800000000000182,1.599999999999909,-6.050516715687081
PREFADE-S,SPX500_VAL,2018-04-24 11:43:00+00:00,-1,0.599999999999909,8.599999999999909,7.604330431009203
PREFADE-S,SPX500_VAL,2018-04-27 12:57:00+00:00,-1,2.0,5.0,3.915008441693317
PREFADE-S,SPX500_VAL,2018-05-01 13:08:00+00:00,1,7.199999999999818,1.400000000000091,-7.032152534797206
PREFADE-S,SPX500_VAL,2018-05-03 11:51:00+00:00,1,7.399999999999636,0.6000000000003638,-6.624766616538636
PREFADE-S,SPX500_VAL,2018-05-04 11:56:00+00:00,1,3.800000000000182,5.599999999999909,3.994024741827161
PREFADE-S,SPX500_VAL,2018-05-04 12:40:00+00:00,1,7.0,4.400000000000091,-6.872496621579103
PREFADE-S,SPX500_VAL,2018-05-07 11:33:00+00:00,-1,1.0,5.200000000000273,5.200000000000273
PREFADE-S,SPX500_VAL,2018-05-10 12:31:00+00:00,-1,5.199999999999818,1.0,-5.134412246306965
PREFADE-S,SPX500_VAL,2018-05-11 12:01:00+00:00,-1,0.599999999999909,3.800000000000182,3.4240702734514343
PREFADE-S,SPX500_VAL,2018-05-14 12:22:00+00:00,1,0.3999999999996362,3.600000000000364,3.2246186758798103
PREFADE-S,SPX500_VAL,2018-05-15 12:38:00+00:00,1,7.0,0.0,-6.097318089154669
PREFADE-S,SPX500_VAL,2018-05-16 12:55:00+00:00,1,0.7999999999997272,3.800000000000182,3.589915677349836
PREFADE-S,SPX500_VAL,2018-05-18 12:13:00+00:00,1,5.0,0.8000000000001819,-4.529339189242364
PREFADE-S,SPX500_VAL,2018-05-28 11:31:00+00:00,1,5.0,1.2000000000002728,-0.599999999999909
PREFADE-S,SPX500_VAL,2018-05-31 13:08:00+00:00,1,5.199999999999818,2.200000000000273,-4.98286925637376
PREFADE-S,SPX500_VAL,2018-06-01 12:59:00+00:00,-1,11.600000000000364,1.199999999999818,-9.504552562319986
PREFADE-S,SPX500_VAL,2018-06-14 12:10:00+00:00,-1,7.400000000000091,0.40000000000009095,-7.3597385929397205
PREFADE-S,SPX500_VAL,2018-06-28 11:48:00+00:00,1,8.599999999999909,2.599999999999909,-6.1001678641155195
PREFADE-S,SPX500_VAL,2018-07-06 11:43:00+00:00,1,1.0,7.800000000000182,6.575732712163244
PREFADE-S,SPX500_VAL,2018-07-11 12:34:00+00:00,-1,1.400000000000091,7.0,6.3356538302286936
PREFADE-S,SPX500_VAL,2018-07-12 12:50:00+00:00,-1,0.7999999999997272,7.400000000000091,6.831931986897871
PREFADE-S,SPX500_VAL,2018-07-16 12:01:00+00:00,1,4.599999999999909,2.800000000000182,-4.031739723513056
PREFADE-S,SPX500_VAL,2018-07-17 13:05:00+00:00,1,1.2000000000002728,4.599999999999909,4.599999999999909
PREFADE-S,SPX500_VAL,2018-07-18 11:51:00+00:00,1,3.0,2.199999999999818,2.1559165176281567
PREFADE-S,SPX500_VAL,2018-07-19 12:03:00+00:00,1,0.40000000000009095,6.0,5.665978423178785
PREFADE-S,SPX500_VAL,2018-07-23 11:57:00+00:00,-1,1.599999999999909,3.0,2.9179874827400454
PREFADE-S,SPX500_VAL,2018-07-24 12:07:00+00:00,-1,6.0,0.0,-5.183213716729824
PREFADE-S,SPX500_VAL,2018-07-25 11:32:00+00:00,1,1.0,2.400000000000091,2.400000000000091
PREFADE-S,SPX500_VAL,2018-07-27 12:33:00+00:00,1,0.7999999999997272,3.599999999999909,3.1532366731544244
PREFADE-S,SPX500_VAL,2018-07-30 12:20:00+00:00,-1,4.0,4.199999999999818,4.012021858392927
PREFADE-S,SPX500_VAL,2018-07-31 13:25:00+00:00,-1,2.199999999999818,6.0,6.0
PREFADE-S,SPX500_VAL,2018-08-08 12:29:00+00:00,1,2.400000000000091,0.0,-2.3602355540660938
PREFADE-S,SPX500_VAL,2018-08-09 13:03:00+00:00,-1,0.0,3.800000000000182,3.659492538587074
PREFADE-S,SPX500_VAL,2018-08-13 11:54:00+00:00,-1,7.799999999999727,0.20000000000027285,-6.564415495332469
PREFADE-S,SPX500_VAL,2018-08-17 12:08:00+00:00,1,1.199999999999818,6.800000000000182,6.299054929747399
PREFADE-S,SPX500_VAL,2018-08-27 12:02:00+00:00,-1,3.199999999999818,0.0,-3.0
PREFADE-S,SPX500_VAL,2018-08-28 13:03:00+00:00,-1,1.400000000000091,3.400000000000091,3.3691583293052645
PREFADE-S,SPX500_VAL,2018-08-29 12:26:00+00:00,1,1.0,3.0,2.9215077938729337
PREFADE-S,SPX500_VAL,2018-08-31 11:51:00+00:00,1,0.7999999999997272,3.600000000000364,3.400000000000091
PREFADE-S,SPX500_VAL,2018-09-06 12:11:00+00:00,-1,0.40000000000009095,4.599999999999909,3.5992929788144465
PREFADE-S,SPX500_VAL,2018-09-07 12:31:00+00:00,1,5.599999999999909,2.200000000000273,-5.43946166279693
PREFADE-S,SPX500_VAL,2018-09-10 13:14:00+00:00,-1,1.599999999999909,7.0,5.827876836603082
PREFADE-S,SPX500_VAL,2018-09-11 12:07:00+00:00,1,3.400000000000091,8.399999999999636,7.799999999999727
PREFADE-S,SPX500_VAL,2018-09-13 12:31:00+00:00,-1,8.199999999999818,0.599999999999909,-8.079573195122066
PREFADE-S,SPX500_VAL,2018-09-19 11:51:00+00:00,1,2.800000000000182,2.599999999999909,2.599999999999909
PREFADE-S,SPX500_VAL,2018-09-21 13:28:00+00:00,-1,0.0,4.400000000000091,4.37656965260976
PREFADE-S,SPX500_VAL,2018-09-24 11:45:00+00:00,-1,0.1999999999998181,2.200000000000273,1.9245728581972799
PREFADE-S,SPX500_VAL,2018-09-26 13:11:00+00:00,1,1.400000000000091,2.599999999999909,2.4050841776042944
PREFADE-S,SPX500_VAL,2018-09-27 12:52:00+00:00,-1,6.199999999999818,2.600000000000364,-4.818079095129178
PREFADE-S,SPX500_VAL,2018-10-03 12:14:00+00:00,-1,6.399999999999636,2.400000000000091,-1.0
PREFADE-S,SPX500_VAL,2018-10-05 12:31:00+00:00,-1,2.400000000000091,1.599999999999909,0.8965550580760464
PREFADE-S,SPX500_VAL,2018-10-05 12:39:00+00:00,1,2.599999999999909,8.200000000000273,6.83689719010772
PREFADE-S,SPX500_VAL,2018-10-08 13:10:00+00:00,1,6.0,6.800000000000182,6.197877018174495
PREFADE-S,SPX500_VAL,2018-10-10 12:01:00+00:00,1,6.399999999999636,1.2000000000002728,-5.676984119555527
PREFADE-S,SPX500_VAL,2018-10-11 12:31:00+00:00,-1,13.799999999999727,15.0,14.191940393069672
PREFADE-S,SPX500_VAL,2018-10-16 12:09:00+00:00,-1,9.199999999999818,0.40000000000009095,-9.137382594198698
PREFADE-S,SPX500_VAL,2018-10-17 11:54:00+00:00,1,10.800000000000182,5.599999999999909,-10.011639854534678
PREFADE-S,SPX500_VAL,2018-10-18 11:44:00+00:00,1,7.599999999999909,4.400000000000091,-6.641365852735362
PREFADE-S,SPX500_VAL,2018-10-19 12:15:00+00:00,-1,1.099999999999909,6.800000000000182,6.771006463757203
PREFADE-S,SPX500_VAL,2018-10-25 11:32:00+00:00,-1,0.8000000000001819,13.0,11.939648903442503
PREFADE-S,SPX500_VAL,2018-10-30 13:07:00+00:00,1,7.400000000000091,15.799999999999727,10.314683974891977
PREFADE-S,SPX500_VAL,2018-10-31 11:44:00+00:00,-1,16.0,2.199999999999818,-15.844152712385949
PREFADE-S,SPX500_VAL,2018-11-01 11:31:00+00:00,-1,0.0,9.0,8.642757232679742
PREFADE-S,SPX500_VAL,2018-11-05 13:25:00+00:00,-1,8.400000000000091,3.0,-8.16848755916044
PREFADE-S,SPX500_VAL,2018-11-12 13:05:00+00:00,1,14.199999999999818,4.800000000000182,-13.547223122281139
PREFADE-S,SPX500_VAL,2018-11-14 13:34:00+00:00,-1,8.800000000000182,9.0,8.753579223721317
PREFADE-S,SPX500_VAL,2018-11-15 14:12:00+00:00,1,15.0,10.800000000000182,-14.806272762050412
PREFADE-S,SPX500_VAL,2018-11-16 13:04:00+00:00,1,8.200000000000273,7.399999999999636,6.961709203454575
PREFADE-S,SPX500_VAL,2018-11-21 12:44:00+00:00,-1,4.399999999999636,9.800000000000182,9.295685646039146
PREFADE-S,SPX500_VAL,2018-11-23 13:28:00+00:00,1,7.600000000000364,1.3999999999996362,-7.043652121884861
PREFADE-S,SPX500_VAL,2018-11-30 12:39:00+00:00,1,1.7999999999997272,8.600000000000364,6.026222034054626
PREFADE-S,SPX500_VAL,2018-12-05 13:23:00+00:00,-1,0.40000000000009095,4.399999999999636,2.399999999999636
PREFADE-S,SPX500_VAL,2018-12-07 13:42:00+00:00,-1,11.800000000000182,11.599999999999909,10.605849271946227
PREFADE-S,SPX500_VAL,2018-12-10 12:44:00+00:00,-1,11.400000000000091,8.400000000000091,8.360544973807464
PREFADE-S,SPX500_VAL,2018-12-12 12:42:00+00:00,-1,10.599999999999909,5.200000000000273,0.8000000000001819
PREFADE-S,SPX500_VAL,2018-12-17 12:58:00+00:00,1,13.400000000000091,2.400000000000091,-11.422618578791116
PREFADE-S,SPX500_VAL,2018-12-18 12:33:00+00:00,-1,8.800000000000182,2.599999999999909,-5.0
PREFADE-S,SPX500_VAL,2018-12-21 13:39:00+00:00,-1,1.800000000000182,11.0,10.802212685143786
PREFADE-S,SPX500_VAL,2018-12-24 12:59:00+00:00,1,26.0,19.59999999999991,3.4656048961373926
PREFADE-S,SPX500_VAL,2018-12-26 13:20:00+00:00,-1,22.0,16.0,14.665351964984893
PREFADE-S,SPX500_VAL,2018-12-31 12:37:00+00:00,-1,1.599999999999909,6.400000000000091,5.531557365459321
PREFADE-S,SPX500_vault_2019_20,2019-01-03 13:07:00+00:00,-1,9.800000000000182,1.0,-9.786950430698198
PREFADE-S,SPX500_vault_2019_20,2019-01-08 13:17:00+00:00,-1,13.200000000000273,0.0,-12.824881317314976
PREFADE-S,SPX500_vault_2019_20,2019-01-11 13:00:00+00:00,1,6.0,1.0,-5.403822130164826
PREFADE-S,SPX500_vault_2019_20,2019-01-18 13:57:00+00:00,-1,8.800000000000182,1.199999999999818,-8.68567391250508
PREFADE-S,SPX500_vault_2019_20,2019-01-23 14:08:00+00:00,-1,7.600000000000364,7.199999999999818,6.8838735283316055
PREFADE-S,SPX500_vault_2019_20,2019-01-25 13:53:00+00:00,-1,12.199999999999818,2.800000000000182,-8.799999999999727
PREFADE-S,SPX500_vault_2019_20,2019-01-28 13:38:00+00:00,1,9.800000000000182,2.800000000000182,-9.5147468962532
PREFADE-S,SPX500_vault_2019_20,2019-01-29 12:50:00+00:00,-1,5.0,6.400000000000091,6.017322674478237
PREFADE-S,SPX500_vault_2019_20,2019-01-30 13:52:00+00:00,-1,8.800000000000182,6.0,-8.400000000000091
PREFADE-S,SPX500_vault_2019_20,2019-01-31 13:27:00+00:00,1,4.800000000000182,1.199999999999818,-4.7506928028374205
PREFADE-S,SPX500_vault_2019_20,2019-02-01 12:42:00+00:00,1,4.799999999999727,3.800000000000182,3.1735100849232367
PREFADE-S,SPX500_vault_2019_20,2019-02-01 13:40:00+00:00,-1,0.0,4.799999999999727,4.699457178296598
PREFADE-S,SPX500_vault_2019_20,2019-02-07 13:15:00+00:00,1,4.200000000000273,7.0,6.825105155249275
PREFADE-S,SPX500_vault_2019_20,2019-02-14 13:49:00+00:00,1,12.600000000000364,0.7999999999997272,-10.855862793562665
PREFADE-S,SPX500_vault_2019_20,2019-02-15 12:36:00+00:00,-1,19.399999999999636,1.400000000000091,-12.605412907518257
PREFADE-S,SPX500_vault_2019_20,2019-02-19 13:00:00+00:00,1,3.400000000000091,4.800000000000182,4.608186300035413
PREFADE-S,SPX500_vault_2019_20,2019-02-21 12:32:00+00:00,1,10.200000000000273,2.199999999999818,-9.629530005099241
PREFADE-S,SPX500_vault_2019_20,2019-02-25 13:04:00+00:00,-1,5.599999999999909,0.599999999999909,-5.4497668581770995
PREFADE-S,SPX500_vault_2019_20,2019-03-06 13:34:00+00:00,-1,3.799999999999727,1.0,-3.053541124959338
PREFADE-S,SPX500_vault_2019_20,2019-03-07 13:00:00+00:00,-1,3.199999999999818,5.800000000000182,4.9421846665973135
PREFADE-S,SPX500_vault_2019_20,2019-03-08 13:31:00+00:00,1,7.900000000000091,5.099999999999909,4.5
PREFADE-S,SPX500_vault_2019_20,2019-03-11 12:40:00+00:00,-1,9.600000000000364,3.199999999999818,-9.46038044566103
PREFADE-S,SPX500_vault_2019_20,2019-03-15 12:03:00+00:00,-1,1.2000000000002728,5.399999999999636,5.340271169164225
PREFADE-S,SPX500_vault_2019_20,2019-03-19 12:22:00+00:00,-1,1.199999999999818,5.400000000000091,5.0
PREFADE-S,SPX500_vault_2019_20,2019-03-21 12:32:00+00:00,1,0.6000000000003638,8.399999999999636,8.29120977776256
PREFADE-S,SPX500_vault_2019_20,2019-03-22 12:15:00+00:00,1,13.400000000000091,7.799999999999727,-13.264227224635306
PREFADE-S,SPX500_vault_2019_20,2019-03-26 11:51:00+00:00,-1,10.0,3.0,-8.748405770452337
PREFADE-S,SPX500_vault_2019_20,2019-03-28 13:28:00+00:00,-1,7.800000000000182,6.799999999999727,6.205100455826596
PREFADE-S,SPX500_vault_2019_20,2019-03-29 12:35:00+00:00,-1,4.0,6.800000000000182,4.620685920860524
PREFADE-S,SPX500_vault_2019_20,2019-04-02 11:35:00+00:00,-1,2.400000000000091,2.799999999999727,2.58435232970578
PREFADE-S,SPX500_vault_2019_20,2019-04-05 12:31:00+00:00,-1,5.0,4.599999999999909,-2.0
PREFADE-S,SPX500_vault_2019_20,2019-04-09 12:24:00+00:00,1,4.399999999999636,0.20000000000027285,-3.799999999999727
PREFADE-S,SPX500_vault_2019_20,2019-04-10 12:31:00+00:00,-1,1.599999999999909,3.800000000000182,2.3584789746532806
PREFADE-S,SPX500_vault_2019_20,2019-04-15 13:07:00+00:00,-1,0.40000000000009095,3.0,1.696747991277789
PREFADE-S,SPX500_vault_2019_20,2019-04-17 12:44:00+00:00,-1,4.199999999999818,5.200000000000273,4.183369754312025
PREFADE-S,SPX500_vault_2019_20,2019-04-18 12:01:00+00:00,-1,8.599999999999909,1.2000000000002728,-7.145143724189438
PREFADE-S,SPX500_vault_2019_20,2019-04-23 11:51:00+00:00,-1,4.400000000000091,2.0,-3.5434328911305784
PREFADE-S,SPX500_vault_2019_20,2019-04-26 12:31:00+00:00,-1,1.7999999999997272,8.600000000000364,6.849994779437111
PREFADE-S,SPX500_vault_2019_20,2019-04-30 11:59:00+00:00,-1,2.200000000000273,3.599999999999909,3.0
PREFADE-S,SPX500_vault_2019_20,2019-05-03 12:03:00+00:00,-1,2.599999999999909,5.0,4.368368946115879
PREFADE-S,SPX500_vault_2019_20,2019-05-03 12:55:00+00:00,-1,10.0,2.0,-10.0
PREFADE-S,SPX500_vault_2019_20,2019-05-07 13:06:00+00:00,1,13.0,5.800000000000182,-12.776666327113162
PREFADE-S,SPX500_vault_2019_20,2019-05-08 11:31:00+00:00,1,2.0,12.599999999999909,12.141379649843202
PREFADE-S,SPX500_vault_2019_20,2019-05-09 13:07:00+00:00,1,18.0,3.599999999999909,-16.620628365862103
PREFADE-S,SPX500_vault_2019_20,2019-05-10 12:09:00+00:00,1,19.59999999999991,14.0,-19.421585300030983
PREFADE-S,SPX500_vault_2019_20,2019-05-13 11:53:00+00:00,1,15.399999999999636,1.6000000000003638,-14.879224727587825
PREFADE-S,SPX500_vault_2019_20,2019-05-15 11:56:00+00:00,1,13.0,0.40000000000009095,-12.418038423621965
PREFADE-S,SPX500_vault_2019_20,2019-05-17 11:31:00+00:00,1,7.599999999999909,7.199999999999818,6.466004612134839
PREFADE-S,SPX500_vault_2019_20,2019-05-20 12:05:00+00:00,1,8.399999999999636,12.600000000000364,11.668245819099411
PREFADE-S,SPX500_vault_2019_20,2019-05-21 13:00:00+00:00,-1,7.800000000000182,6.199999999999818,-2.200000000000273
PREFADE-S,SPX500_vault_2019_20,2019-05-22 11:36:00+00:00,1,7.400000000000091,0.599999999999909,-6.852045062701563
PREFADE-S,SPX500_vault_2019_20,2019-06-04 11:46:00+00:00,-1,13.400000000000091,3.799999999999727,-13.204346023161634
PREFADE-S,SPX500_vault_2019_20,2019-06-07 12:51:00+00:00,-1,11.0,6.0,-10.983075236519198
PREFADE-S,SPX500_vault_2019_20,2019-06-11 12:34:00+00:00,-1,4.599999999999909,7.600000000000364,7.3426776409751255
PREFADE-S,SPX500_vault_2019_20,2019-06-17 12:58:00+00:00,1,2.0,4.0,3.463265300753392
PREFADE-S,SPX500_vault_2019_20,2019-06-18 11:40:00+00:00,-1,17.0,2.0,-15.468169751634832
PREFADE-S,SPX500_vault_2019_20,2019-06-20 11:42:00+00:00,-1,3.399999999999636,8.800000000000182,8.60179499314063
PREFADE-S,SPX500_vault_2019_20,2019-07-04 11:48:00+00:00,-1,2.199999999999818,0.599999999999909,-2.199999999999818
PREFADE-S,SPX500_vault_2019_20,2019-07-05 12:43:00+00:00,1,11.800000000000182,2.800000000000182,-11.451208983777178
PREFADE-S,SPX500_vault_2019_20,2019-07-10 12:34:00+00:00,-1,10.799999999999727,1.400000000000091,-10.173221026839656
PREFADE-S,SPX500_vault_2019_20,2019-07-16 11:44:00+00:00,-1,1.0,2.200000000000273,2.045397214179957
PREFADE-S,SPX500_vault_2019_20,2019-07-16 13:30:00+00:00,1,2.400000000000091,1.400000000000091,1.400000000000091
PREFADE-S,SPX500_vault_2019_20,2019-07-18 11:47:00+00:00,-1,2.600000000000364,4.399999999999636,3.9188143582950943
PREFADE-S,SPX500_vault_2019_20,2019-07-22 12:08:00+00:00,-1,5.0,4.0,2.229805875424063
PREFADE-S,SPX500_vault_2019_20,2019-07-23 12:06:00+00:00,-1,1.800000000000182,4.399999999999636,4.31637996778818
PREFADE-S,SPX500_vault_2019_20,2019-07-25 11:49:00+00:00,-1,3.599999999999909,0.1999999999998181,-3.2180810967224716
PREFADE-S,SPX500_vault_2019_20,2019-07-25 12:36:00+00:00,-1,0.7999999999997272,4.599999999999909,4.143385506671166
PREFADE-S,SPX500_vault_2019_20,2019-07-25 13:05:00+00:00,1,6.199999999999818,1.199999999999818,-5.5246784786022545
PREFADE-S,SPX500_vault_2019_20,2019-07-29 11:32:00+00:00,-1,1.6000000000003638,2.399999999999636,2.2038475011217997
PREFADE-S,SPX500_vault_2019_20,2019-07-30 11:31:00+00:00,1,8.400000000000091,3.799999999999727,3.0
PREFADE-S,SPX500_vault_2019_20,2019-08-02 12:35:00+00:00,1,0.1999999999998181,8.800000000000182,8.719393794442567
PREFADE-S,SPX500_vault_2019_20,2019-08-02 13:02:00+00:00,-1,1.800000000000182,15.599999999999909,15.339482213666088
PREFADE-S,SPX500_vault_2019_20,2019-08-07 12:51:00+00:00,1,21.40000000000009,3.400000000000091,-20.74904300255912
PREFADE-S,SPX500_vault_2019_20,2019-08-08 13:03:00+00:00,-1,15.400000000000091,5.400000000000091,-15.242488580915051
PREFADE-S,SPX500_vault_2019_20,2019-08-15 12:03:00+00:00,-1,2.0,20.40000000000009,20.08333600451124
PREFADE-S,SPX500_vault_2019_20,2019-08-20 13:14:00+00:00,1,9.200000000000273,3.0,-8.734107082129412
PREFADE-S,SPX500_vault_2019_20,2019-08-22 12:54:00+00:00,-1,2.400000000000091,7.799999999999727,7.199999999999818
PREFADE-S,SPX500_vault_2019_20,2019-08-23 12:01:00+00:00,1,11.400000000000091,5.400000000000091,-10.93864678114278
PREFADE-S,SPX500_vault_2019_20,2019-08-23 12:27:00+00:00,1,1.400000000000091,18.0,13.915511829431125
PREFADE-S,SPX500_vault_2019_20,2019-08-27 12:22:00+00:00,-1,10.400000000000091,5.0,4.760485458933999
PREFADE-S,SPX500_vault_2019_20,2019-09-06 11:40:00+00:00,-1,3.200000000000273,5.799999999999727,3.9637875669268396
PREFADE-S,SPX500_vault_2019_20,2019-09-06 12:41:00+00:00,-1,2.799999999999727,5.0,4.768707794745751
PREFADE-S,SPX500_vault_2019_20,2019-09-09 12:07:00+00:00,-1,2.0,3.599999999999909,3.490629052863369
PREFADE-S,SPX500_vault_2019_20,2019-09-16 12:11:00+00:00,-1,5.199999999999818,4.199999999999818,-1.800000000000182
PREFADE-S,SPX500_vault_2019_20,2019-09-17 12:37:00+00:00,1,0.0,6.0,5.756421287440844
PREFADE-S,SPX500_vault_2019_20,2019-09-18 11:36:00+00:00,1,3.0,2.200000000000273,1.654218981978829
PREFADE-S,SPX500_vault_2019_20,2019-09-19 12:50:00+00:00,-1,11.0,0.1999999999998181,-10.870072024681576
PREFADE-S,SPX500_vault_2019_20,2019-09-20 13:25:00+00:00,-1,0.7999999999997272,4.599999999999909,4.022385914022379
PREFADE-S,SPX500_vault_2019_20,2019-09-26 11:31:00+00:00,-1,1.199999999999818,6.599999999999909,6.134733254635194
PREFADE-S,SPX500_vault_2019_20,2019-09-30 12:28:00+00:00,1,4.0,4.0,3.908691096281018
PREFADE-S,SPX500_vault_2019_20,2019-10-03 11:39:00+00:00,1,4.0,6.200000000000273,5.1888839624866705
PREFADE-S,SPX500_vault_2019_20,2019-10-04 12:31:00+00:00,-1,11.400000000000091,3.599999999999909,-8.869778042281723
PREFADE-S,SPX500_vault_2019_20,2019-10-07 12:08:00+00:00,-1,2.199999999999818,5.0,4.487215418685082
PREFADE-S,SPX500_vault_2019_20,2019-10-16 12:23:00+00:00,-1,0.40000000000009095,7.0,5.5915429316282825
PREFADE-S,SPX500_vault_2019_20,2019-10-18 13:29:00+00:00,1,0.0,6.200000000000273,4.885417061410408
PREFADE-S,SPX500_vault_2019_20,2019-10-21 12:02:00+00:00,-1,4.400000000000091,0.0,-4.0
PREFADE-S,SPX500_vault_2019_20,2019-10-24 11:55:00+00:00,-1,4.0,3.0,3.0
PREFADE-S,SPX500_vault_2019_20,2019-10-25 12:48:00+00:00,1,1.400000000000091,3.400000000000091,3.066343696923923
PREFADE-S,SPX500_vault_2019_20,2019-10-29 12:01:00+00:00,1,1.0,5.200000000000273,4.926475543474226
PREFADE-S,SPX500_vault_2019_20,2019-10-30 12:31:00+00:00,-1,2.599999999999909,2.800000000000182,1.800000000000182
PREFADE-S,SPX500_vault_2019_20,2019-11-01 12:31:00+00:00,-1,6.800000000000182,1.400000000000091,-6.271217468890882
PREFADE-S,SPX500_vault_2019_20,2019-11-04 13:32:00+00:00,-1,2.199999999999818,5.0,2.600000000000364
PREFADE-S,SPX500_vault_2019_20,2019-11-06 12:38:00+00:00,-1,2.599999999999909,3.0,2.6539380396934575
PREFADE-S,SPX500_vault_2019_20,2019-11-14 13:43:00+00:00,1,0.0,4.800000000000182,4.6418800704018395
PREFADE-S,SPX500_vault_2019_20,2019-11-21 13:08:00+00:00,-1,1.599999999999909,10.199999999999818,9.734107516149379
PREFADE-S,SPX500_vault_2019_20,2019-11-25 12:37:00+00:00,1,0.6000000000003638,2.199999999999818,1.5419006874953993
PREFADE-S,SPX500_vault_2019_20,2019-11-25 13:11:00+00:00,1,0.0,2.200000000000273,2.0989872951918187
PREFADE-S,SPX500_vault_2019_20,2019-11-25 14:00:00+00:00,-1,2.599999999999909,1.2000000000002728,-2.1611731119746764
PREFADE-S,SPX500_vault_2019_20,2019-12-02 13:18:00+00:00,1,11.200000000000273,1.7999999999997272,-8.400000000000091
PREFADE-S,SPX500_vault_2019_20,2019-12-03 12:45:00+00:00,1,16.40000000000009,2.0,-16.40000000000009
PREFADE-S,SPX500_vault_2019_20,2019-12-06 13:31:00+00:00,-1,5.699999999999818,0.3000000000001819,-4.878316635768442
PREFADE-S,SPX500_vault_2019_20,2019-12-11 13:47:00+00:00,-1,0.0,5.800000000000182,5.600649994293235
PREFADE-S,SPX500_vault_2019_20,2019-12-12 12:36:00+00:00,1,4.800000000000182,1.400000000000091,-3.732102356910218
PREFADE-S,SPX500_vault_2019_20,2019-12-12 13:42:00+00:00,1,1.400000000000091,8.599999999999909,4.782876104532079
PREFADE-S,SPX500_vault_2019_20,2019-12-13 12:42:00+00:00,1,3.800000000000182,0.0,-3.531911398759803
PREFADE-S,SPX500_vault_2019_20,2019-12-13 14:07:00+00:00,1,10.199999999999818,0.8000000000001819,-8.59688776140456
PREFADE-S,SPX500_vault_2019_20,2019-12-16 12:44:00+00:00,-1,7.799999999999727,0.599999999999909,-6.974303351697472
PREFADE-S,SPX500_vault_2019_20,2019-12-17 13:49:00+00:00,-1,1.199999999999818,4.800000000000182,4.542929518211622
PREFADE-S,SPX500_vault_2019_20,2019-12-18 13:40:00+00:00,-1,3.199999999999818,2.800000000000182,2.400000000000091
PREFADE-S,SPX500_vault_2019_20,2019-12-19 12:57:00+00:00,1,2.0,2.400000000000091,2.284067691627115
PREFADE-S,SPX500_vault_2019_20,2019-12-20 12:59:00+00:00,-1,2.600000000000364,0.1999999999998181,-2.600000000000364
PREFADE-S,SPX500_vault_2019_20,2019-12-26 13:30:00+00:00,-1,0.0,2.599999999999909,2.5652706719029084
PREFADE-S,SPX500_vault_2019_20,2019-12-31 12:45:00+00:00,1,4.799999999999727,3.0,-4.727329055786413
PREFADE-S,SPX500_vault_2019_20,2020-01-07 13:36:00+00:00,1,7.200000000000273,0.599999999999909,-6.4552815197152995
PREFADE-S,SPX500_vault_2019_20,2020-01-10 13:46:00+00:00,1,0.40000000000009095,4.400000000000091,3.679433103807696
PREFADE-S,SPX500_vault_2019_20,2020-01-15 12:54:00+00:00,-1,0.6000000000003638,6.399999999999636,4.586248019938921
PREFADE-S,SPX500_vault_2019_20,2020-01-17 13:41:00+00:00,-1,1.3999999999996362,6.400000000000091,5.194193237495256
PREFADE-S,SPX500_vault_2019_20,2020-01-23 13:14:00+00:00,1,0.0,4.400000000000091,4.092575986872816
PREFADE-S,SPX500_vault_2019_20,2020-01-23 14:14:00+00:00,1,6.199999999999818,2.800000000000182,-5.091941835090893
PREFADE-S,SPX500_vault_2019_20,2020-01-27 14:16:00+00:00,1,5.299999999999727,15.0,13.84592814200687
PREFADE-S,SPX500_vault_2019_20,2020-02-07 13:37:00+00:00,1,7.0,6.199999999999818,6.199999999999818
PREFADE-S,SPX500_vault_2019_20,2020-02-11 14:20:00+00:00,-1,0.0,7.400000000000091,6.837597788061885
PREFADE-S,SPX500_vault_2019_20,2020-02-12 14:05:00+00:00,-1,3.800000000000182,4.0,-0.599999999999909
PREFADE-S,SPX500_vault_2019_20,2020-02-19 14:07:00+00:00,-1,6.0,3.400000000000091,-5.0
PREFADE-S,SPX500_vault_2019_20,2020-02-24 14:29:00+00:00,1,6.800000000000182,28.40000000000009,-2.599999999999909
PREFADE-S,SPX500_vault_2019_20,2020-02-27 13:21:00+00:00,1,32.70000000000027,12.0,-30.89405020208187
PREFADE-S,SPX500_vault_2019_20,2020-02-28 14:17:00+00:00,1,32.0,45.0,36.58234450450982
PREFADE-S,SPX500_vault_2019_20,2020-03-03 12:47:00+00:00,1,1.5,24.600000000000364,23.60849222374145
PREFADE-S,SPX500_vault_2019_20,2020-03-05 13:23:00+00:00,1,10.400000000000091,28.09999999999991,25.707697596793423
PREFADE-S,SPX500_vault_2019_20,2020-03-06 12:54:00+00:00,1,12.099999999999909,41.19999999999982,38.54354571141266
PREFADE-S,SPX500_vault_2019_20,2020-03-11 12:37:00+00:00,1,9.099999999999909,33.0,32.98109552209007
PREFADE-S,SPX500_vault_2019_20,2020-03-23 12:02:00+00:00,-1,38.09999999999991,2.300000000000182,-35.758942535075676
PREFADE-S,SPX500_vault_2019_20,2020-03-23 12:42:00+00:00,-1,17.700000000000273,93.29999999999973,91.34573916357112
PREFADE-S,SPX500_vault_2019_20,2020-03-26 12:31:00+00:00,1,12.599999999999909,9.600000000000364,8.29762601430457
PREFADE-S,SPX500_vault_2019_20,2020-03-26 13:24:00+00:00,-1,50.80000000000018,2.199999999999818,-49.71007557859002
PREFADE-S,SPX500_vault_2019_20,2020-03-27 11:54:00+00:00,1,23.09999999999991,26.5,-1.300000000000182
PREFADE-S,SPX500_vault_2019_20,2020-03-30 13:10:00+00:00,-1,40.0,23.200000000000273,-26.199999999999818
PREFADE-S,SPX500_vault_2019_20,2020-03-31 11:44:00+00:00,1,25.40000000000009,4.899999999999636,-23.922006946761485
PREFADE-S,SPX500_vault_2019_20,2020-04-02 12:41:00+00:00,1,31.300000000000182,11.0,-25.584852274100285
PREFADE-S,SPX500_vault_2019_20,2020-04-03 11:57:00+00:00,-1,12.5,27.899999999999636,18.137810218616323
PREFADE-S,SPX500_vault_2019_20,2020-04-03 12:35:00+00:00,-1,18.800000000000182,10.0,9.94411221231212
PREFADE-S,SPX500_vault_2019_20,2020-04-08 12:05:00+00:00,-1,20.40000000000009,15.399999999999636,-15.0
PREFADE-S,SPX500_vault_2019_20,2020-04-09 12:04:00+00:00,1,12.0,31.5,22.537999312968168
PREFADE-S,SPX500_vault_2019_20,2020-04-09 12:53:00+00:00,-1,34.100000000000364,4.299999999999727,-32.22547585152688
PREFADE-S,SPX500_vault_2019_20,2020-04-13 12:10:00+00:00,-1,7.299999999999727,23.40000000000009,21.787386284973763
PREFADE-S,SPX500_vault_2019_20,2020-04-15 12:15:00+00:00,1,27.799999999999727,4.400000000000091,-17.0
PREFADE-S,SPX500_vault_2019_20,2020-04-17 13:09:00+00:00,1,20.09999999999991,2.900000000000091,-19.246020774885892
PREFADE-S,SPX500_vault_2019_20,2020-04-21 11:35:00+00:00,1,13.800000000000182,15.599999999999909,-1.800000000000182
PREFADE-S,SPX500_vault_2019_20,2020-04-22 12:45:00+00:00,-1,14.400000000000091,6.399999999999636,-12.400000000000091
PREFADE-S,SPX500_vault_2019_20,2020-04-23 12:46:00+00:00,-1,17.40000000000009,2.400000000000091,-16.825239605891966
PREFADE-S,SPX500_vault_2019_20,2020-04-29 12:31:00+00:00,-1,17.59999999999991,10.699999999999818,-15.200000000000273
PREFADE-S,SPX500_vault_2019_20,2020-04-30 11:47:00+00:00,1,20.199999999999818,1.2000000000002728,-19.32265321508521
PREFADE-S,SPX500_vault_2019_20,2020-05-12 12:42:00+00:00,-1,7.0,19.0,18.385255956810852
PREFADE-S,SPX500_vault_2019_20,2020-05-13 11:47:00+00:00,-1,2.799999999999727,24.700000000000273,22.377743887774614
