time,rv26,rv52,rv104,semivol_down52,range_hebdo_norm,iqr52,dd_from_ath,log_cap,log_price,t_years
2010-07-25,,,,,,,0.0,12.087685932563902,-2.9849779421970335,0.0
2010-08-01,,,,,,,0.0,12.29674664027237,-2.7952434128045875,0.019164955509924708
2010-08-08,,,,,,,-0.003273322422258529,12.3132350143751,-2.7985221042662856,0.038329911019849415
2010-08-15,,,,,,,0.0,12.400966515490378,-2.7315553114254585,0.057494866529774126
2010-08-22,,,,,,,0.0,12.428264084056114,-2.719177042006943,0.07665982203969883
2010-08-29,,,,,,,-0.02925858454228314,12.416320604964968,-2.7488721956224653,0.09582477754962354
2010-09-05,,,,,,,-0.06490299589112114,12.393788377566375,-2.7862820493717835,0.11498973305954825
2010-09-12,,,,,,,-0.06717817108360025,12.405709670575451,-2.7887181041696647,0.13415468856947296
2010-09-19,,,,,,,-0.04897676954376795,12.442707893218271,-2.769393831343262,0.15331964407939766
2010-09-26,,,,,,,-0.05959425377533678,12.44893293809952,-2.7806208939370456,0.17248459958932238
2010-10-03,,,,,,,-0.07377817374306872,12.447344208169774,-2.795818561837955,0.19164955509924708
2010-10-10,,,,,,,0.0,12.924731221980116,-2.331538207865455,0.2108145106091718
2010-10-17,,,,,,,0.0,12.989923503142553,-2.282782465697866,0.2299794661190965
2010-10-24,,,,,,,0.0,13.127159723524265,-2.162736197877647,0.24914442162902123
2010-10-31,,,,,,,0.0,13.659597555324664,-1.647659125254298,0.2683093771389459
2010-11-07,,,,,,,0.0,14.24431647107356,-1.0788096613719298,0.2874743326488706
2010-11-14,,,,,,,-0.17929411764705883,14.063850640149003,-1.2764001382615222,0.3066392881587953
2010-11-21,,,,,,,-0.186029411764706,14.069735072832822,-1.2846407073933908,0.3258042436687201
2010-11-28,,,,,,,-0.20188623783820892,14.062931408305078,-1.3043137939648521,0.34496919917864477
2010-12-05,,,,,,,-0.40338230137174713,13.787138713223843,-1.595288402893372,0.36413415468856947
2010-12-12,,,,,,,-0.3533717296386707,13.882485827443347,-1.5147933544575143,0.38329911019849416
2010-12-19,,,,,,,-0.2938235294117647,13.982759351747312,-1.4266997757549296,0.4024640657084189
2010-12-26,,,,,,,-0.22069962526214415,14.092581289111068,-1.3281683786399736,0.4216290212183436
2011-01-02,,,,,,,-0.11773529411764705,14.228526320002628,-1.2040728093262694,0.4407939767282683
2011-01-09,,,,,,,-0.050000000000000044,14.313245197484257,-1.1301029557594804,0.459958932238193
2011-01-16,,,,,0.16658287751468712,,0.0,14.505196852059616,-0.949873368891281,0.4791238877481177
2011-01-23,1.370790262494222,,,,0.15480610701444938,,0.0,14.650971760702054,-0.815540828774012,0.49828884325804246
2011-01-30,1.361855598633462,,,,0.15146845978185192,,0.0,14.737628315679558,-0.7399410674310265,0.5174537987679672
2011-02-06,1.5636547555836615,,,,0.16508360848178175,,0.0,15.381323488677314,-0.10758521067993743,0.5366187542778919
2011-02-13,1.564422173308955,,,,0.16853221028832602,,0.0,15.550088377788319,0.04879016416943204,0.5557837097878165
2011-02-20,1.6166501586268351,,,,0.17502273176238334,,-0.17619047619047623,15.369662848846502,-0.14502577205025774,0.5749486652977412
2011-02-27,1.6085810400034237,,,,0.18101146356034015,,-0.14758750994962577,15.418314819821571,-0.11089456189130718,0.5941136208076659
2011-03-06,1.6043449022826266,,,,0.18137453192460826,,-0.1573609779855829,15.41937128198869,-0.12242645490597749,0.6132785763175906
2011-03-13,1.6029088112514618,,,,0.18235003226532379,,-0.15000952380952381,15.437400525763227,-0.1137399698729063,0.6324435318275154
2011-03-20,1.6505255526762932,,,,0.1886003835022937,,-0.29380952380952374,15.259725942410787,-0.2990801174041502,0.6516084873374401
2011-03-27,1.643121429465532,,,,0.19396329227242173,,-0.2171428571428572,15.371760392568232,-0.1960148839259572,0.6707734428473648
2011-04-03,1.649602300177992,,,,0.1942666434757864,,-0.25809523809523816,15.328543159156458,-0.24974423311138874,0.6899383983572895
2011-04-10,1.5723486937385014,,,,0.18394400617064038,,-0.3017554089783191,15.2778104704746,-0.3103956564955026,0.7091033538672142
2011-04-17,1.6376342285184171,,,,0.19162398951697399,,0.0,15.691687856250113,0.093601537174601,0.7282683093771389
2011-04-24,1.6933018343159891,,,,0.20196764152659094,,0.0,16.09711661316948,0.48979658722711,0.7474332648870636
2011-05-01,1.7642468100091409,,,,0.21433957990605707,,0.0,16.747649346512677,1.1295382961424734,0.7665982203969883
2011-05-08,1.638444710237051,,,,0.19730592799951438,,0.0,16.977801892205317,1.3477272123597237,0.785763175906913
2011-05-15,1.7224715304496552,,,,0.21286882091519635,,0.0,17.576951620515413,1.9351271992398331,0.8049281314168378
2011-05-22,1.7264329195538275,,,,0.21779685966425294,,-0.0307539517862897,17.558950109080783,1.9038904196414963,0.8240930869267625
2011-05-29,1.7190818877424652,,,,0.22372374644632426,,0.0,17.796741690292535,2.1283452080074707,0.8432580424366872
2011-06-05,1.7683937337854447,,,,0.23613425551828554,,0.0,18.484643770487768,2.8059837487605983,0.8624229979466119
2011-06-12,1.764579869645112,,,,0.2584821127428461,,0.0,18.626890186737846,2.936520591909711,0.8815879534565366
2011-06-19,1.795004892041266,,,,0.2639196762022912,,-0.07105663955925956,18.56491590039618,2.8628130815735555,0.9007529089664613
2011-06-26,1.8230305692186728,,,,0.26291074215878535,,-0.13203096055057084,18.508291625800975,2.7949213581147125,0.919917864476386
2011-07-03,1.8479334874387094,,,,0.2623244491274614,,-0.17997708871985274,18.46041357903437,2.738097593381087,0.9390828199863107
2011-07-10,1.8682107198729245,,,,0.263810124458002,,-0.22425330098531793,18.412661445698696,2.682591361029069,0.9582477754962354
2011-07-17,1.8989839123989114,,,,0.2586693308930869,,-0.29665604694169,18.32291694780218,2.5846113497506233,0.9774127310061602
2011-07-24,1.9025281697878982,1.651602010008733,,0.5692976717244734,0.24846509247636483,0.583123332406688,-0.2576972020070897,18.384662822721094,2.6385225563999057,0.9965776865160849
2011-07-31,1.9177158139307477,1.656479054117065,,0.5570497601920481,0.24495260290044354,0.583123332406688,-0.2905674575442605,18.347756287461372,2.5932307274257487,1.0157426420260096
2011-08-07,1.938353788085568,1.7447518230859946,,0.7992055014694819,0.2557893983246458,0.6055501619424803,-0.5489799461233386,17.90191922645122,2.1402771168001484,1.0349075975359343
2011-08-14,1.9481947123893497,1.7504819939358878,,0.7992055014694819,0.2596450611045722,0.6055501619424803,-0.4266982603771923,18.14868019898785,2.380177487239553,1.054072553045859
2011-08-21,1.9044526117171374,1.7490189820536246,,0.7992055014694819,0.2532798664920428,0.6055501619424803,-0.39764487208566646,18.205175583973997,2.429612497784797,1.0732375085557837
2011-08-28,1.9586736289754387,1.7751274095754443,,0.8198931848775336,0.2585894303932318,0.6866015346642279,-0.5209126227640057,17.983075399547623,2.200648309644257,1.0924024640657084
2011-09-04,1.9713024418534808,1.78055815254799,,0.8137559069281298,0.25869835447349887,0.6866015346642279,-0.5648059620082138,17.893975265321952,2.104557308908065,1.111567419575633
2011-09-11,2.058341461197235,1.829941971342486,,0.8726433946552801,0.27484164307755693,0.7029657581091091,-0.6895034995217686,17.563167170482792,1.7669379436360841,1.1307323750855578
2011-09-18,2.041646820867276,1.839542173423228,,0.8526373439770764,0.2765960087999783,0.7029657581091091,-0.7221914020879769,17.45871951792036,1.6556976927761582,1.1498973305954825
2011-09-25,2.0426801949286624,1.8381488028237234,,0.8557764236094427,0.27655705730734514,0.7029657581091091,-0.7166517839765316,17.48501991606297,1.6754418995059772,1.1690622861054072
2011-10-02,2.044127987367659,1.841573592750047,,0.8437443253458242,0.27845950073091563,0.7029657581091091,-0.7343753765215139,17.42670421204501,1.6108494351124925,1.1882272416153319
2011-10-09,2.071392041970812,1.8212353076496641,,0.831505790792058,0.2843313211491227,0.7006765643300837,-0.781877820986248,17.235839109285973,1.4138206729123919,1.2073921971252566
2011-10-16,2.0275530574843232,1.8323233744962995,,0.8132365379614839,0.2787722909217726,0.7006765643300837,-0.8085032360215973,17.111185702675122,1.2836362231203933,1.2265571526351813
2011-10-23,1.9754130452081802,1.8429557392122253,,0.7962217183117303,0.2740519758604576,0.7006765643300837,-0.8330118428924492,16.979658513264354,1.146688207306056,1.2457221081451062
2011-10-30,1.7571921745949135,1.784669425381004,,0.7962217183117303,0.262346875794167,0.5999244589104037,-0.8271947632536797,17.019219624036534,1.1809304740832436,1.264887063655031
2011-11-06,1.7326686540676417,1.7115079160997995,,0.7815635751869486,0.25978984553670853,0.5772730616932579,-0.8428277013725256,16.93096998715941,1.0861079600120942,1.2840520191649556
2011-11-13,1.4944817174958216,1.6944726709648312,,0.7905983448395196,0.23843277045186276,0.5735339394420436,-0.8415729244563218,16.94539946524639,1.0940597091633961,1.3032169746748803
2011-11-20,1.543299446031379,1.729643071271691,,0.8117850125979105,0.23315723135009508,0.5772730616932579,-0.8831844773051258,16.647085173095256,0.7893612742761884,1.322381930184805
2011-11-27,1.5119511604093807,1.7302847751889914,,0.8098108003070329,0.2286544095582176,0.5772730616932579,-0.8685652027327009,16.77065378172334,0.9072762033054574,1.3415468856947297
2011-12-04,1.111083529416265,1.6984405732227623,,0.7937204045859035,0.21398311346258472,0.5735339394420436,-0.8504152611954413,16.906711267608994,1.0366283599257247,1.3607118412046544
2011-12-11,1.1153773305899946,1.7006453351665207,,0.7937204045859035,0.18927869573289208,0.5735339394420436,-0.8276263183382503,17.055370866498663,1.1784300009291226,1.379876796714579
2011-12-18,1.1176005757373875,1.7016111305644432,,0.7951917322966856,0.18129574525226863,0.5735339394420436,-0.8305577567473353,17.044156951053132,1.1612774339084753,1.3990417522245038
2011-12-25,1.2206930890989829,1.716772970803733,,0.7951917322966856,0.1850263435335832,0.5777277321064965,-0.7753934021072846,17.332621776518387,1.4431157309924099,1.4182067077344285
2012-01-01,1.2813079203125928,1.7238280150904601,,0.7951917322966856,0.19050955846284862,0.5777277321064965,-0.719108640658178,17.56288466491567,1.666733285944583,1.4373716632443532
2012-01-08,1.3652047836017027,1.7400818186438356,,0.7951917322966856,0.19775472030544286,0.5788328659553748,-0.6235227544641773,17.862766378947896,1.9596229215172996,1.4565366187542779
2012-01-15,1.3615349693387122,1.7368988521395672,,0.7982060593858826,0.1988420349531805,0.5788328659553748,-0.6261608248287078,17.862173061717318,1.9525910049490574,1.4757015742642026
2012-01-22,1.3618733889253198,1.7429613222781895,,0.7822931883630762,0.2046054700935889,0.5788328659553748,-0.6656276481340855,17.757079392206403,1.8410205108931443,1.4948665297741273
2012-01-29,1.3733354028548896,1.7550107770663093,,0.7684016011442476,0.21035136670353866,0.5788328659553748,-0.7139847181955524,17.607261296491846,1.6848105552026247,1.514031485284052
2012-02-05,1.232018219244161,1.6503574529827327,,0.7684016011442476,0.18699691709690927,0.4847528590746836,-0.6987760148206745,17.665609463091428,1.736619437752321,1.5331964407939767
2012-02-12,1.1733503286544866,1.646895207937253,,0.7654905067738887,0.1793798447050279,0.4847528590746836,-0.7072119472711124,17.64334104613386,1.7082142906606854,1.5523613963039014
2012-02-19,1.2019139475286804,1.652177496102467,,0.7733279078133563,0.18620726570008858,0.4876444024570533,-0.7671343365890725,17.42050680854117,1.4792270483388934,1.571526351813826
2012-02-26,1.1858005990338367,1.6543193621546137,,0.7733279078133563,0.1799635382453625,0.4876444024570533,-0.7386534203417818,17.54218579186159,1.594612730792977,1.5906913073237507
2012-03-04,1.1809608671980754,1.6545373395703937,,0.7713427773479523,0.17897129832343595,0.4876444024570533,-0.743548680896816,17.529354376216684,1.5757041704547656,1.6098562628336757
2012-03-11,1.0852063085323114,1.6544929539835371,,0.7713427773479523,0.16136459132681497,0.4876444024570533,-0.7404779209189432,17.547479322119415,1.5876070950781456,1.6290212183436004
2012-03-18,1.0798300915049848,1.639913899536339,,0.7809368786630128,0.15520483688627945,0.4847313832729809,-0.7204186460871407,17.62816097989792,1.6620586326259001,1.648186173853525
2012-03-25,1.098991589323424,1.6487320781584607,,0.7671237477887055,0.15175788908476956,0.4847313832729809,-0.7585021055622643,17.48802986640712,1.5156260672978688,1.6673511293634498
2012-04-01,1.098423044062248,1.6464510789780422,,0.7755510187108658,0.15089945641590574,0.4847313832729809,-0.7457141180746327,17.545763791595537,1.5672244664152364,1.6865160848733745
2012-04-08,1.0602590695222955,1.6440465428853073,,0.7890295594184169,0.1433559550682071,0.4847313832729809,-0.7464837051721092,17.547996276485154,1.5641934132929431,1.7056810403832992
2012-04-15,1.041893599863967,1.6006930221355136,,0.7890295594184169,0.13835819305787972,0.470591385968624,-0.7367871488965732,17.59083544189372,1.6017283375675682,1.7248459958932238
2012-04-22,1.0192911692004614,1.5564826026569205,,0.7890295594184169,0.12997187388906706,0.4313026937812039,-0.7243729918872319,17.642706334613887,1.6478138447720507,1.7440109514031485
2012-04-29,1.0248133654355251,1.425103613209227,,0.7792109770243835,0.11954987191991277,0.4173179465737368,-0.739916788565983,17.590417156941218,1.5897669367169407,1.7631759069130732
2012-05-06,1.0119141122295319,1.4092408180850817,,0.7792109770243835,0.11697124383066188,0.4173179465737368,-0.7322142166580876,17.62603745209024,1.6189526579267677,1.782340862422998
2012-05-13,1.0134560375211212,1.2782046783899017,,0.7766513580011508,0.11534118453130741,0.4083828451064379,-0.7376786690874552,17.611280668780633,1.598335519073179,1.8015058179329226
2012-05-20,0.8943663596672651,1.2784555292874669,,0.7816707331279891,0.10843271444004057,0.4083828451064379,-0.7297526867249498,17.64624446717753,1.6281028277695369,1.8206707734428473
2012-05-27,0.8859436921409524,1.2569339074240078,,0.7816707331279891,0.10543575224756238,0.3336220427671119,-0.7276086625200602,17.659206403543788,1.6360050859628417,1.839835728952772
2012-06-03,0.8734101656305081,1.044278757443134,,0.7816707331279891,0.09877235774289811,0.3233652560453705,-0.7234660497757457,17.679793819589797,1.6510989119735986,1.8590006844626967
2012-06-10,0.856798227170477,1.035049631687647,,0.7816707331279891,0.09690315564981591,0.32115531541030984,-0.7104587976856154,17.73160197890987,1.6970629221432425,1.8781656399726214
2012-06-17,0.8681121852173745,1.0446740208374985,,0.7938146256829608,0.10167640415398699,0.3221119189808751,-0.6710918363521766,17.86494177248493,1.8245438868781638,1.8973305954825461
2012-06-24,0.7820742972584158,1.0444167764132268,,0.8057211949792789,0.09756175258132667,0.3221119189808751,-0.6631063512165389,17.894513404305634,1.8485326112284575,1.9164955509924708
2012-07-01,0.7214744003576046,1.04539965060815,,0.8162493349628143,0.09025622889365435,0.3221119189808751,-0.6484451346735691,17.942594329198243,1.8911311011197898,1.9356605065023955
2012-07-08,0.5893205926785414,1.045429826445022,,0.826754814402667,0.08021884050295844,0.3221119189808751,-0.6394554108292685,17.973599653046602,1.9163809490240284,1.9548254620123204
2012-07-15,0.6119783816102111,1.0498656901681809,,0.8439354797643522,0.0790977991126204,0.3221119189808751,-0.5953752627094411,18.09456622770934,2.031725375907312,1.9739904175222451
2012-07-22,0.6055567975784146,1.0547656934357736,1.4434006734124016,0.8439354797643522,0.07500882429870089,0.3221119189808751,-0.548726937355104,18.20924322416556,2.140837929623017,1.9931553730321698
2012-07-29,0.5531918731831748,1.0547795719976025,1.4399825399914898,0.8528990348132371,0.06894715215559878,0.3221119189808751,-0.5359356236237627,18.243103725771082,2.168788597720188,2.0123203285420943
2012-08-05,0.6155214254677718,0.975330196446879,1.4441290238078415,0.6978473164539803,0.07142842612462175,0.2957889092193557,-0.4267886251451076,18.459867287136774,2.380019853162871,2.0314852840520192
2012-08-12,0.6136243701284204,0.9479788469862886,1.4441512662411642,0.6978473164539803,0.07065553854317318,0.28439725408600347,-0.38501520517914845,18.536027260099996,2.450362856559918,2.0506502395619437
2012-08-19,0.7777371352715701,1.0249367111748582,1.4774186476517959,0.8002501911124204,0.08868208149929872,0.3221119189808751,-0.5845855852255298,18.149417764895016,2.058041924717137,2.0698151950718686
2012-08-26,0.8613565682054647,1.0438473866739437,1.4870603188368623,0.8040494878341545,0.08602267336139259,0.2957889092193557,-0.4405596936967464,18.452879529701306,2.3557021438406487,2.088980150581793
2012-09-02,0.862896754059099,1.0395606942027982,1.4868724013073302,0.8169970619129355,0.08692667844904713,0.2957889092193557,-0.4575046320606223,18.42763647743203,2.324944859945142,2.108145106091718
2012-09-09,0.8653270110013332,0.9817162660254733,1.4865570104800356,0.7556763891250798,0.08854579224585028,0.28604080294174683,-0.413155938532515,18.511952513771398,2.403524444086193,2.127310061601643
2012-09-16,0.8650716543072493,0.9752910919639389,1.486475577842781,0.776377965382056,0.08750923531489845,0.28604080294174683,-0.36939947181404864,18.58913790057937,2.4754378976308753,2.1464750171115674
2012-09-23,0.8249195369970502,0.9753113099442547,1.485954226738964,0.776377965382056,0.08704169103268534,0.28604080294174683,-0.35462230132397965,18.617869998303767,2.498601037681333,2.1656399726214923
2012-09-30,0.8251001934811316,0.9718586739196804,1.4853908983871686,0.7941291941805921,0.08588281229082483,0.28604080294174683,-0.3426245448214127,18.641658837248848,2.5170206372553054,2.184804928131417
2012-10-07,0.8309370502977699,0.9491215210494574,1.4571829704353527,0.7891153630078801,0.0871858461390648,0.27682835177718823,-0.3700845667403575,18.60373162286002,2.474350890381905,2.2039698836413417
2012-10-14,0.8344177420481048,0.93757801389787,1.4579105525744327,0.8017192487033549,0.08776819922043458,0.2749669562035797,-0.38193694918490084,18.589820727108712,2.4553557891538254,2.223134839151266
2012-10-21,0.8353949383394083,0.9237098093174441,1.45727618653065,0.8236950565975358,0.08557645437330738,0.2504523886225215,-0.38157443498891663,18.59569067331838,2.4559421499204848,2.242299794661191
2012-10-28,0.8421521088169571,0.930163113652106,1.4207367005114502,0.7994605817944923,0.08942837325176244,0.2504523886225215,-0.43183661257677164,18.51628089035578,2.371174344198405,2.2614647501711156
2012-11-04,0.8427259627222766,0.9225462268406905,1.3694938654138837,0.8240429608762928,0.09027441324732391,0.24944691778761457,-0.42722546450172494,18.529354565673025,2.3792574714026253,2.2806297056810405
2012-11-11,0.8404023992533819,0.9226250143531115,1.359720837876352,0.8240429608762928,0.08994155143137549,0.24944691778761457,-0.4248404564825078,18.53857682709611,2.383412782225022,2.299794661190965
2012-11-18,0.8426016558375288,0.8603102766740021,1.3596274985648893,0.7532336717058759,0.09174293018609572,0.22265240852046786,-0.3811383838943956,18.61653121332251,2.456647000207838,2.31895961670089
2012-11-25,0.843634689657867,0.8568304756455065,1.3592714317695733,0.7532336717058759,0.09393173723824051,0.22265240852046786,-0.3353000908759195,18.693002925661197,2.5281009872579054,2.3381245722108144
2012-12-02,0.8448376440543904,0.8515556275172675,1.339306509527823,0.7435644207886195,0.09430084985409017,0.22246528933193327,-0.336984148672279,18.694016887990138,2.5255642113159,2.3572895277207393
2012-12-09,0.8458964695514137,0.8446155368304051,1.3391193236924073,0.7435644207886195,0.09416683249862645,0.20836715246222048,-0.2919677232689357,18.76187098028235,2.5912549941853626,2.3764544832306638
2012-12-16,0.8359451152859896,0.843906244115143,1.3389687186954957,0.7485484848163797,0.08957644611298009,0.20836715246222048,-0.29269184578037954,18.76293535966854,2.590231745560805,2.3956194387405887
2012-12-23,0.8370388057042794,0.8034142396776264,1.338571683419788,0.738335702251048,0.08811917714720822,0.19747727285238653,-0.29347461535093433,18.763975115409302,2.589124444553981,2.414784394250513
2012-12-30,0.8371874297454877,0.7767272754123501,1.3372883352077887,0.738335702251048,0.08626992154197313,0.1968169555219088,-0.28674214491684935,18.775924301247855,2.598608316045924,2.433949349760438
2013-01-06,0.8378072450305037,0.7244094792647757,1.3372105474647622,0.738335702251048,0.08499692511156245,0.18815497271362247,-0.28358658776912093,18.7828661017755,2.6030227046458596,2.4531143052703626
2013-01-13,0.8282643144190308,0.7249701733992387,1.3332653963894385,0.7504830359252342,0.08380276146827395,0.18815497271362247,-0.2487703161401491,18.832550447728927,2.6504767552963124,2.4722792607802875
2013-01-20,0.8272872031112775,0.719154370204422,1.3323036932127532,0.7726016767533784,0.08452182953010148,0.16515359887174816,-0.16607578554191715,18.939148367515763,2.754907841203059,2.4914442162902124
2013-01-27,0.8403520074096192,0.7051386235471587,1.3336346915382071,0.7840934517146491,0.08527084733115776,0.15619974014213697,-0.05228165249580563,19.069405117682813,2.882822669250291,2.510609171800137
2013-02-03,0.8139914269475574,0.7145026712425546,1.266057102748952,0.7840934517146491,0.08208737876340397,0.15686005747261467,0.0,19.2135014807657,3.0242682073694893,2.529774127310062
2013-02-10,0.8307705169499051,0.7231224467478216,1.2657260626329672,0.8086931837451207,0.08525595758994887,0.16774993708244867,0.0,19.365649218169885,3.173890565855854,2.5489390828199863
2013-02-17,0.5652036064904559,0.6793734183380347,1.2571008408961075,0.7732061552818832,0.06172067779176335,0.15640096467973122,0.0,19.487624979285474,3.2931388361257263,2.568104038329911
2013-02-24,0.4392832983743822,0.6781072308264842,1.2581054522279171,0.7732061552818832,0.06328568668740572,0.15640096467973122,0.0,19.594497831885253,3.3972846867919197,2.5872689938398357
2013-03-03,0.44930409963817636,0.6842513797297687,1.2600111207225555,0.801351709167901,0.06455066708119711,0.15761471110731592,0.0,19.73951528417761,3.5395595182302646,2.6064339493497606
2013-03-10,0.5655099205857109,0.7287873593605484,1.27271127859496,0.801351709167901,0.07055737228064402,0.16983573650331632,0.0,20.03266578905248,3.8300759856481226,2.625598904859685
2013-03-17,0.5662469277350644,0.7282492246428456,1.2627227246655346,0.801351709167901,0.0712307938763531,0.16983573650331632,0.0,20.062540606036197,3.857218285485113,2.64476386036961
2013-03-24,0.7609441034322206,0.7935220464290353,1.2895917793835319,0.8188170848893543,0.08024907128874788,0.162646837197468,0.0,20.480936825546422,4.27235718508086,2.6639288158795345
2013-03-31,0.808326831092269,0.8226101666294614,1.2976170708233985,0.8188170848893543,0.08736751304266402,0.16934254087260037,0.0,20.753367809023107,4.542222275671683,2.6830937713894594
2013-04-07,1.0294764288089984,0.9566625005548778,1.3434149329187322,0.8512350993053697,0.09786310189362571,0.22552530083808864,0.0,21.306702477051413,5.092843130505161,2.702258726899384
2013-04-14,1.4285013593388785,1.169964277020456,1.3984427372706378,1.4258561071906437,0.16031270626344296,0.23481363513836562,-0.45434275099876364,20.70360391523763,4.487078881068991,2.7214236824093088
2013-04-21,1.4535629469233164,1.1927104277117735,1.386633040027699,1.4258561071906437,0.17887942127393902,0.29374497646732295,-0.2724492935871844,20.99384445427987,4.774771547676288,2.7405886379192332
2013-04-28,1.4315656181504177,1.1884011338404779,1.3207545525738391,1.4962503862611969,0.18104375882844687,0.28445664216704597,-0.17333903065760192,21.124150912033553,4.902482510065674,2.759753593429158
2013-05-05,1.4672405832128892,1.2061380976246312,1.320447041559774,1.4204777132128432,0.19453206010744498,0.29374497646732295,-0.28469676553261325,20.981869465867266,4.757794408460477,2.7789185489390826
2013-05-12,1.469689518644449,1.2056941825665155,1.260013567436436,1.4230676737080303,0.19581153249107222,0.29358277270477207,-0.29454029312327723,20.970673622369954,4.743937508324115,2.7980835044490076
2013-05-19,1.4730813254044526,1.2060386214178807,1.2593434027072679,1.4230676737080303,0.19658967858738502,0.29358277270477207,-0.28134916377331565,20.991625407113045,4.7624634671273025,2.817248459958932
2013-05-26,1.4730575640067394,1.20569537979957,1.2527675658425619,1.4230676737080303,0.19785414617907537,0.29358277270477207,-0.2007563332886988,21.100389172522505,4.868753715391919,2.836413415468857
2013-06-02,1.4826965511901995,1.2109718892499601,1.1646334019715565,1.3629804050639325,0.1986973938476017,0.3054802076516193,-0.24700619355552633,21.0436060746721,4.809144854115749,2.855578370978782
2013-06-09,1.5394138288352852,1.2397423462959785,1.172582735419314,1.316885025799373,0.20514022631162032,0.32191665691190147,-0.38653825673873354,20.841538034378043,4.6042057555572935,2.8747433264887063
2013-06-16,1.5402653812860418,1.2392053061174948,1.1709708014131006,1.2843588315306647,0.20721075059014368,0.32191665691190147,-0.39185136957511113,20.835677939796902,4.595507161549891,2.8939082819986313
2013-06-23,1.5389206094632013,1.2395253194456475,1.1694183440039254,1.2843588315306647,0.20802859793289188,0.32191665691190147,-0.3840136294464528,20.850879167225692,4.608312689087005,2.9130732375085557
2013-06-30,1.5601342786969707,1.2507546337808766,1.171963732830533,1.2376401179503642,0.21217637186769406,0.34625361835349716,-0.4505392027437739,20.73910284301956,4.49402528024886,2.9322381930184807
2013-07-07,1.6105257214336903,1.2785563782251517,1.1824007475101184,1.2093962644512333,0.22287594253982979,0.3753371556025464,-0.5572088315762496,20.525941962799752,4.2781861073161265,2.951403148528405
2013-07-14,1.6252436058367474,1.2886940370316526,1.1884148609528975,1.2093962644512333,0.22858405909309132,0.3762566138564595,-0.4480132216228566,20.74906303050247,4.49861194529794,2.97056810403833
2013-07-21,1.6330409678634483,1.2906164096115749,1.1890671501476102,1.17796871381901,0.2291333883368192,0.3762566138564595,-0.4739749134857051,20.703575826213097,4.4504367561164155,2.9897330595482545
2013-07-28,1.630606410562469,1.2909733332462852,1.1890165943345286,1.17796871381901,0.22974347641290077,0.3762566138564595,-0.4304907523761361,20.785453968959185,4.5298628724239265,3.0088980150581794
2013-08-04,1.626851537115172,1.2798593368074556,1.1404004474995129,1.17796871381901,0.22829410019417182,0.3762566138564595,-0.408264220265247,20.82653072434012,4.568148068761879,3.028062970568104
2013-08-11,1.6251513682385659,1.2811093792848416,1.1302836990486826,1.1541696946146403,0.22484731069939976,0.3762566138564595,-0.4211235466747376,20.80757734978494,4.546176926923703,3.047227926078029
2013-08-18,1.6222085931666663,1.202775491047267,1.1303007467802566,1.0698267221428197,0.22240067820253734,0.34717307660741026,-0.3909936072988759,20.86110541172556,4.596916616224008,3.0663928815879533
2013-08-25,1.6245315040381416,1.1789449979752429,1.1187471756692022,1.0698267221428197,0.22134228149463078,0.29559740130975737,-0.30561236942933223,20.99513069937873,4.728118201592231,3.0855578370978782
2013-09-01,1.6246792913430854,1.1803142266680657,1.118559731121141,1.0979521162756336,0.22201971125712266,0.29559740130975737,-0.1984366172492481,21.141570363652793,4.871651900609094,3.1047227926078027
2013-09-08,1.598792242132229,1.1892831981743173,1.0918253760751184,1.0630895448844568,0.2170558274219158,0.31225523322930354,-0.27506428677964745,21.04374480491454,4.771170831025953,3.1238877481177276
2013-09-15,1.5990177786225899,1.1890472087204211,1.0874059027239786,1.0630895448844568,0.21580876625127077,0.31225523322930354,-0.2319636658962977,21.104514753885095,4.8289248935824745,3.143052703627652
2013-09-22,1.5003468378293483,1.190419191265859,1.0878723594248965,1.041102654594053,0.20614846344519921,0.31225523322930354,-0.2439468173916003,21.091519404763474,4.813199572593905,3.162217659137577
2013-09-29,1.4552436162958742,1.19019487181046,1.0857665087353316,1.041102654594053,0.19941015981884533,0.31225523322930354,-0.21948480692529537,21.12615876911432,4.845042057111866,3.1813826146475015
2013-10-06,1.2209920902414424,1.1897929411662882,1.0746355635015101,1.0419916831168523,0.1927821661065893,0.31225523322930354,-0.24793616366248195,21.09183391369678,4.807909060616717,3.2005475701574264
2013-10-13,0.8567374663432054,1.1884377571795153,1.0687787064514669,1.0649075861912793,0.13129003864067,0.31225523322930354,-0.1868967884582059,21.17263724162004,4.8859459044791,3.2197125256673513
2013-10-20,0.8212406229126857,1.2012812743627685,1.070446428500937,1.0649075861912793,0.11903556683711104,0.32709760809745075,0.0,21.404852840344635,5.114996216814916,3.238877481177276
2013-10-27,0.8302610668902493,1.19760326780724,1.0736611754956198,1.0994992834735644,0.11598913775293808,0.32458171365285976,0.0,21.56365396138299,5.270669323907454,3.2580424366872007
2013-11-03,0.8008125273684729,1.196801496262008,1.0697027985845706,1.0994992834735644,0.10286888085492421,0.32458171365285976,0.0,21.644217479331896,5.34841801742477,3.277207392197125
2013-11-10,0.9948097136513776,1.2560775560403805,1.1065656932694048,1.0994992834735644,0.11315703245403569,0.3621774615177657,0.0,22.08982677795206,5.791667133695371,3.29637234770705
2013-11-17,1.1119529521471831,1.2981182493826386,1.1052002306830042,1.0994992834735644,0.1210743903160878,0.38230375775809305,0.0,22.485681808072897,6.1848426231478655,3.3155373032169746
2013-11-24,1.2832130556717019,1.3696964499661943,1.1505974562565475,1.0994992834735644,0.13095596781059987,0.38662793608924595,0.0,22.99674265587598,6.693530208896472,3.3347022587268995
2013-12-01,1.2772174817095892,1.3704925235576164,1.1526867305409445,1.121523461263435,0.14124093827931736,0.38662793608924595,0.0,23.177359637870865,6.871595103038658,3.353867214236824
2013-12-08,1.2785151290939785,1.4010645703528124,1.1659882736489864,1.098840207690133,0.15353327125241203,0.4031408622494461,-0.18757398661295,22.97231534274998,6.663864673667452,3.373032169746749
2013-12-15,1.272137453395675,1.3988416431063584,1.1653419782158714,1.1155288138581583,0.15577758431576263,0.4031408622494461,-0.10412194402885955,23.072664490798168,6.761644129522749,3.3921971252566734
2013-12-22,1.403837608376535,1.458701370620951,1.186682408977916,1.1589797906749402,0.16406793735236183,0.431882119665294,-0.3623410118669067,22.735416072002764,6.421643463145751,3.4113620807665983
2013-12-29,1.3834367348611853,1.460176238916954,1.1831527464206295,1.1589797906749402,0.1649160131260633,0.431882119665294,-0.24594927118367416,22.905503063368922,6.589299469398555,3.430527036276523
2014-01-05,1.3244923231735706,1.4647987041812613,1.176315246996366,1.1589797906749402,0.16083165689760276,0.431882119665294,-0.06428131324551167,23.123797710795426,6.805154707021187,3.4496919917864477
2014-01-12,1.3308881285147425,1.4717690039527747,1.1783899412241803,1.1282531914551175,0.15835566766153417,0.431882119665294,-0.12368711104684293,23.060998612552677,6.739563030389888,3.468856947296372
2014-01-19,1.3236496459315508,1.474054462192882,1.1736639499702959,1.1157457618159874,0.1565802178039859,0.431882119665294,-0.13069898984392903,23.055399694137893,6.731529276174767,3.488021902806297
2014-01-26,1.3338993544367925,1.476817248246432,1.1659632886154767,1.0960119043637595,0.155896365611981,0.431882119665294,-0.15550919805768548,23.028956239061625,6.702573668524888,3.5071868583162216
2014-02-02,1.3376973680588,1.4769519237314224,1.1664590363187652,1.084868296559023,0.15740024071406641,0.431882119665294,-0.15551802239379364,23.03140912432976,6.702563219172222,3.5263518138261465
2014-02-09,1.3773057839913303,1.4939733061562357,1.1753552688388147,1.0592143879206213,0.16251474655510037,0.45737713966927784,-0.28728234352956283,22.864153617259976,6.532925172314493,3.5455167693360714
2014-02-16,1.3989595469605096,1.5016438085316572,1.1634492444300022,1.033005716166033,0.16536864134068224,0.45737713966927784,-0.3538004125851898,22.768696638617936,6.434948238967622,3.564681724845996
2014-02-23,1.4018680541535418,1.5031612916448687,1.1634479442181864,1.0193358970323134,0.16612548619215345,0.45737713966927784,-0.3674532815941469,22.749747380398354,6.41359390502271,3.583846680355921
2014-03-02,1.413086565830014,1.507658149453245,1.166442756039542,0.9967105128319783,0.16440836888107035,0.45737713966927784,-0.42090623748744704,22.663844975462624,6.325304227227932,3.6030116358658453
2014-03-09,1.398258477808029,1.490783745883442,1.1679702312963935,0.9967105128319783,0.1638964845464176,0.4530529613381249,-0.3358337743134048,22.803194580989594,6.462372282092604,3.62217659137577
2014-03-16,1.4022769018786816,1.4918448307576306,1.1684913495579112,0.9867038830625021,0.1629325674339128,0.4530529613381249,-0.3424797906602398,22.795396013480946,6.452315324274498,3.6413415468856947
2014-03-23,1.42363689360706,1.454468543210766,1.1668980882623676,0.9662292826058648,0.16607874299700567,0.43292666509779754,-0.42045920702043904,22.671577167912904,6.32607587776618,3.6605065023956196
2014-03-30,1.4685575888807205,1.4540172277511807,1.1795059952788092,0.9546503586817309,0.1753584979918245,0.4225407959315701,-0.5241336562139359,22.476797528736153,6.128976848493534,3.679671457905544
2014-04-06,1.464994620111187,1.354025844024063,1.1794608442558638,0.9491145056483786,0.17134218150442593,0.41432170897704973,-0.5244787600335103,22.478590231690536,6.128251373743591,3.698836413415469
2014-04-13,1.4790068105514336,1.201258578424365,1.1836373864365948,0.6237946410440113,0.17680493081239904,0.38711183027837126,-0.5683064236104916,22.384107998972684,6.031555846705321,3.7180013689253935
2014-04-20,1.4690592416029469,1.1831801752532622,1.1879822807621054,0.6237946410440113,0.17500329629060102,0.3800289442942421,-0.4799745234905358,22.572639970785822,6.217717627719293,3.7371663244353184
2014-04-27,1.4796588062597038,1.1895467802008506,1.1924707497451421,0.6149804904227629,0.17576384705116505,0.3800289442942421,-0.5451365208399855,22.441051256923032,6.083837152182557,3.756331279945243
2014-05-04,1.478864062861645,1.1776358180010866,1.1929115552224132,0.6214771860555699,0.17527451050303014,0.3789481816873959,-0.5472453803855519,22.43854738217214,6.079190124223423,3.7754962354551678
2014-05-11,1.3469581496603937,1.177135456269709,1.1923513435052318,0.624479891273686,0.16528256477034406,0.3789481816873959,-0.5447164915116437,22.446365720466755,6.084760144542827,3.7946611909650922
2014-05-18,1.2246377564361242,1.1771408355398028,1.1924500322787057,0.624479891273686,0.15485798060888353,0.3789481816873959,-0.5365793416938718,22.466376656571402,6.102475014918995,3.813826146475017
2014-05-25,1.0400033777020858,1.1955917409623642,1.2010172227302034,0.624479891273686,0.1496092501355367,0.38603106767152506,-0.40557708309642115,22.717621368199058,6.351430871399864,3.8329911019849416
2014-06-01,1.0144240052273759,1.1939363620113281,1.2013182103390587,0.6353024693034175,0.1407939824934018,0.38603106767152506,-0.34672448504738673,22.814159144519905,6.445838786175327,3.8521560574948666
2014-06-08,0.9773514579515346,1.169370728253562,1.2013200943130025,0.6254096219240707,0.12129578475752814,0.35308515057978923,-0.31795783911633024,22.859456629218432,6.48893129946676,3.871321013004791
2014-06-15,0.9751624889418561,1.17760834735928,1.204880259811102,0.615082385708475,0.12067852914258165,0.35308515057978923,-0.38856056743906786,22.75245481844452,6.379655726953515,3.890485968514716
2014-06-22,0.8501132257938752,1.1775428109704207,1.204952181279131,0.615082385708475,0.111897173400306,0.35308515057978923,-0.3782856756709587,22.771537087125402,6.3963205256471145,3.909650924024641
2014-06-29,0.8132458883973759,1.1682781366510107,1.2053131681117342,0.6272405030605019,0.10911517270319476,0.35308515057978923,-0.3770353878278978,22.775975096964302,6.398329538938692,3.9288158795345653
2014-07-06,0.750798807480811,1.1396438229593067,1.2052703022305002,0.6098211895929062,0.10300768937601933,0.3445118370547062,-0.34195746727115217,22.832683515116305,6.453109392698345,3.9479808350444903
2014-07-13,0.7469055799373673,1.1259371782018126,1.2047116113607874,0.6069027415548275,0.0991973014162971,0.337428951070577,-0.34693102318294844,22.82718867297059,6.445522578408411,3.9671457905544147
2014-07-20,0.746912190260199,1.1235104559560984,1.2042727123645862,0.614770176727838,0.09786913079813696,0.337428951070577,-0.351728475105912,22.821952986381742,6.438149452542758,3.9863107460643397
2014-07-27,0.7491417437423081,1.1265516839885112,1.206178995366865,0.6027927413417112,0.09754284855683779,0.337428951070577,-0.386641619756076,22.76857644468254,6.382789222511844,4.005475701574264
2014-08-03,0.7489520125626198,1.1273982346266906,1.200466083358065,0.5988269704819497,0.0963547905187186,0.337428951070577,-0.39164087170209827,22.762492451148034,6.374605203187517,4.024640657084189
2014-08-10,0.7126181714443808,1.126352105534089,1.2004853063933845,0.6058929294875414,0.08960827285072105,0.337428951070577,-0.3889246416041018,22.769052508904775,6.379060111786337,4.043805612594114
2014-08-17,0.7382870258571351,1.1445458811101075,1.1700874948152455,0.6075639138379361,0.09097923365805186,0.3460022645956601,-0.48390669698922106,22.602353566509862,6.210127392980487,4.0629705681040384
2014-08-24,0.7392158871022616,1.140006098923693,1.1555839308691445,0.6075639138379361,0.0905285039705567,0.3460022645956601,-0.47284786847955673,22.6258010438652,6.231329005551231,4.082135523613963
2014-08-31,0.7339088384223655,1.1373554536962345,1.1566650480918685,0.5964369664796236,0.08949868034586646,0.3460022645956601,-0.503868871253675,22.567409987283195,6.170680088313634,4.101300479123887
2014-09-07,0.703303463743926,1.1304791643636762,1.1565776476669951,0.6057809189140758,0.08745143181567192,0.3460022645956601,-0.5040201690814388,22.56916329902835,6.170375086484024,4.120465434633813
2014-09-14,0.7033456273452003,1.1304945626723646,1.1566704105172805,0.602252470768327,0.0872512448542877,0.3460022645956601,-0.5068376671688157,22.56556008661471,6.164678219419568,4.139630390143737
2014-09-21,0.7217637990293595,1.1470473716060556,1.1659325638425015,0.6107635373822917,0.09042671505531383,0.37831338644070406,-0.5848518108776022,22.395625120018778,5.99247536277118,4.158795345653662
2014-09-28,0.6740663701634807,1.1502725282956074,1.1679324977418546,0.6001190378859473,0.08630921723862053,0.37831338644070406,-0.6106215433862707,22.333502075671046,5.928391590897466,4.177960301163586
2014-10-05,0.7037895866514274,1.1617436933406788,1.1739848650252074,0.6047440319910274,0.09087042502526402,0.38005306912197,-0.6652866598391595,22.184196644472628,5.777114288548071,4.1971252566735116
2014-10-12,0.7324888678922411,1.1685764127197358,1.1767597840880366,0.6047440319910274,0.08813412349736885,0.38005306912197,-0.6082148164440466,22.343570218661913,5.934553512506712,4.216290212183436
2014-10-19,0.6794583363265014,1.1490681469585178,1.1765323470958653,0.6047440319910274,0.08458600095736067,0.3525192694869973,-0.5970033975635856,22.373698489057425,5.962767955288793,4.2354551676933605
2014-10-26,0.6670878257828506,1.1455064527337873,1.1771338528433926,0.5944738299739053,0.08321523253223394,0.3525192694869973,-0.6339168928389226,22.279566970979303,5.866700200427794,4.254620123203286
2014-11-02,0.675824871212942,1.1474794840979188,1.179999231693506,0.5844862353143898,0.08475028924387962,0.3525192694869973,-0.663811982768689,22.196467599367967,5.781510402609151,4.27378507871321
2014-11-09,0.698726887763818,1.0645351692493707,1.1812324535921828,0.5844862353143898,0.08646377837674678,0.3441911825134518,-0.6230011327239947,22.313036273359746,5.896082006927088,4.292950034223135
2014-11-16,0.7066147150322831,0.9899386477425379,1.1811893762729049,0.5844862353143898,0.091211763610277,0.3338015051835921,-0.5954260539152132,22.385503271206524,5.966674352462656,4.312114989733059
2014-11-23,0.6028155343844489,0.8417444110047232,1.1826962111632382,0.5758163863337012,0.08660858410451568,0.3225692842094481,-0.618684645577062,22.32814445505193,5.907466558724381,4.331279945242985
2014-11-30,0.5845167253078893,0.8197900984994173,1.1824344361361436,0.5758163863337012,0.08409624386607085,0.30198558697020245,-0.6073655002338807,22.359283002818902,5.936718977142827,4.350444900752909
2014-12-07,0.5776830494588648,0.7966819101131934,1.1825050981027316,0.5596899358269628,0.08386985285505467,0.2843560294781274,-0.6094916114178401,22.355623613126575,5.9312892747499895,4.369609856262834
2014-12-14,0.5656411020889797,0.7894811247416492,1.1839260977048507,0.5514646367525737,0.0806101087910173,0.2843560294781274,-0.6308087440600355,22.301371906998053,5.8751546426018395,4.388774811772758
2014-12-21,0.5752191339498359,0.7235361700133964,1.18757534632178,0.4349965143765539,0.08344668485152026,0.26793478244389257,-0.6671877676408274,22.199368239878265,5.77141828821503,4.407939767282683
2014-12-28,0.5742185773140238,0.6998386510969219,1.1878740802961636,0.4339528239266572,0.08341609875507547,0.24567160799758336,-0.6713165891136096,22.188896366927004,5.758934834595144,4.427104722792608
2015-01-04,0.604867253928277,0.679063422346128,1.1975229517771935,0.45126337728972865,0.09052683224882047,0.24156397751960212,-0.7269689439352536,22.00546202517556,5.5734253712504005,4.446269678302532
2015-01-11,0.6086720023170749,0.6790960803448451,1.1974603484776776,0.4580087921142348,0.0933998037902742,0.24156397751960212,-0.7213483938831498,22.027741884552324,5.593802101977401,4.465434633812457
2015-01-18,0.6747111629023627,0.7133947797973834,1.2112409365750887,0.49704229354098806,0.10945199367570481,0.2591935350116772,-0.7810931796071572,21.7882379433201,5.352485985673468,4.484599589322382
2015-01-25,0.7475906169906312,0.7446122699086882,1.2144845063434064,0.5008416043124986,0.11395631192178533,0.2797224125238933,-0.7361102227444736,21.976797765860454,5.5393713296253715,4.503764544832307
2015-02-01,0.7553718317745594,0.7498207778130448,1.2156048925805152,0.4920328176156455,0.12134302897896612,0.2797224125238933,-0.7645260274727396,21.86479581844824,5.425440211351106,4.522929500342231
2015-02-08,0.753763053673128,0.7351295149047742,1.2125029860477052,0.4859776330640356,0.12481663854176933,0.26209285503181823,-0.7677145787303542,21.853104053344293,5.411806703661378,4.542094455852156
2015-02-15,0.7366050647539939,0.733915627419284,1.2106211073510982,0.4930253022091133,0.12522484457199645,0.26209285503181823,-0.7569214553770583,21.90038030249252,5.457224444070857,4.561259411362081
2015-02-22,0.7351353491875177,0.7344557500400918,1.209180698767683,0.4956259734365504,0.1231238195267638,0.26209285503181823,-0.7545939298726376,21.911876783027495,5.466754091672734,4.5804243668720055
2015-03-01,0.7545569308134219,0.7396945842097152,1.2072713114833014,0.5039314917584943,0.12392738537357725,0.2622950160771051,-0.7297509901062937,22.01013253741468,5.563183616901066,4.59958932238193
2015-03-08,0.7620502508853516,0.7269558547359616,1.1919616055616933,0.5039314917584943,0.12398480122098289,0.24576498385117357,-0.7145234945913557,22.066803706922293,5.617999556977011,4.618754277891855
2015-03-15,0.7671142011866328,0.7293013729486897,1.192074981473471,0.5040189525201485,0.12501012886794458,0.24576498385117357,-0.7021520234903877,22.11102340263688,5.6604230344523145,4.63791923340178
2015-03-22,0.7372441992931358,0.7224137760865604,1.159112342872762,0.5003681479123827,0.12232281962270508,0.24576498385117357,-0.7211991948471309,22.04670391230881,5.594337390861493,4.657084188911704
2015-03-29,0.744236667879024,0.7037923878699526,1.1471975485433692,0.47403640296107813,0.1196458633039367,0.2281129039935334,-0.7480858548142723,21.947261360665486,5.492928159811228,4.676249144421629
2015-04-05,0.7270806093786868,0.7087473525378328,1.0811674959261584,0.47106882997529886,0.114146113677483,0.2281129039935334,-0.7292732169965301,22.02113366351607,5.564949955581116,4.695414099931554
2015-04-12,0.6947031280988579,0.7086979745547198,0.9923471490446841,0.4710386552803236,0.11227232952912704,0.2281129039935334,-0.7541269721909274,21.92654172338615,5.4686550796215165,4.714579055441479
2015-04-19,0.6937435729722532,0.6811642094623023,0.9734093057528949,0.46316845017037067,0.1119288138234708,0.22405484268539397,-0.7684941170079623,21.868077989354845,5.408445109752521,4.733744010951403
2015-04-26,0.6850263720799686,0.6703967338545298,0.9696071710310841,0.46421488390254795,0.11032903061661743,0.20563486657306834,-0.7713772372566291,21.8573566108908,5.3959131450154425,4.7529089664613275
2015-05-03,0.6930859297133086,0.6777657303725314,0.9653974854564412,0.4626924029523259,0.10910802927564581,0.20709851505398014,-0.7506813987816829,21.945763784622027,5.482571425594448,4.772073921971253
2015-05-10,0.668289236470392,0.677666058005735,0.965292483726163,0.4626924029523259,0.10744318025811476,0.20709851505398014,-0.7504043237308415,21.948629173058443,5.483682137762165,4.791238877481177
2015-05-17,0.6561000548569728,0.6770182004814634,0.9653924507618509,0.46139052055657725,0.10286095729144393,0.20709851505398014,-0.754310862342638,21.93475018346081,5.467906892827627,4.810403832991102
2015-05-24,0.6551461484040617,0.6233288250982255,0.9628000414201763,0.46139052055657725,0.10041350368861376,0.19866019579625654,-0.7504247756640832,21.952153032729704,5.483600194150355,4.829568788501026
2015-05-31,0.6530711469546666,0.6136376357797392,0.9624336524444073,0.4546303248912401,0.10057962460893662,0.1853444144446187,-0.7621006453108651,21.90598742887145,5.4356875288318465,4.848733744010952
2015-06-07,0.6528256255860642,0.6103474747813833,0.9508917431074241,0.45096264780177236,0.09949051137600909,0.1853444144446187,-0.7683618697980337,21.881125033767777,5.4090161943817305,4.867898699520876
2015-06-14,0.655916665124306,0.6065094435370703,0.9510886330622997,0.45575056914562984,0.09856649133029045,0.1847904926319751,-0.7589315361304378,21.922889606985407,5.448920799649715,4.887063655030801
2015-06-21,0.6492349069538111,0.609297189923519,0.9515315597281409,0.45575056914562984,0.09684761798942086,0.1847904926319751,-0.746704138432466,21.974083502893514,5.498398042863308,4.906228610540725
2015-06-28,0.6505865614329954,0.6100991095987092,0.9475046205262384,0.45575056914562984,0.09611778528742868,0.1847904926319751,-0.7417709131355316,21.995162914373527,5.5176869485815265,4.9253935660506505
2015-07-05,0.6094992768192232,0.6145462453906085,0.9351491981612703,0.45575056914562984,0.09009173069287213,0.19710642017542984,-0.7187076678711943,22.08250452045405,5.603234280484773,4.944558521560575
2015-07-12,0.6392404066718814,0.6336366749428152,0.9277013702650342,0.4556681981292863,0.09153106622305954,0.19945882759694883,-0.6770487632546816,22.222432029576446,5.74134116605335,4.963723477070499
2015-07-19,0.5615699858037957,0.643062973367788,0.9316897173556011,0.45151259980034425,0.07701967775020736,0.20913095726781872,-0.7145816026721961,22.100671185946887,5.617795988576725,4.982888432580425
2015-07-26,0.5050835507468348,0.6465721177496205,0.9311676568012484,0.4588550223716423,0.07276735469934519,0.20913095726781872,-0.6958847453206627,22.16593239079988,5.681246580846834,5.002053388090349
2015-08-02,0.4784331799440299,0.6470039092233691,0.9316002135273915,0.4520251869397013,0.06505002738949459,0.20913095726781872,-0.707177639860211,22.129871445875978,5.643405969825537,5.021218343600274
2015-08-09,0.48689573904566846,0.6482370494697316,0.9326019941189099,0.4446376938757263,0.06452965852006379,0.20913095726781872,-0.7238507584051989,22.072990448992986,5.5847812740476055,5.040383299110198
2015-08-16,0.48583699219851856,0.6292218526635087,0.9325313481515872,0.4305025201243667,0.06012941512393056,0.19945882759694883,-0.7315348561021745,22.046527986538138,5.556560911693175,5.059548254620124
2015-08-23,0.518327452689558,0.6380154580953095,0.9331579565760689,0.42847405211436246,0.06517014313828721,0.20913095726781872,-0.7629067473777967,21.924070305869773,5.432293358782006,5.078713210130048
2015-08-30,0.498079176535368,0.6365435884891136,0.9280393238479061,0.43565305705140844,0.06508160834438423,0.20913095726781872,-0.7625474901019159,21.927394453659478,5.433807469213029,5.0978781656399725
2015-09-06,0.4969639675762113,0.6396594355158407,0.9254721003729853,0.4310339268899838,0.06595814881752177,0.20913095726781872,-0.7503276110291996,21.979402044546923,5.483989438419213,5.117043121149897
2015-09-13,0.4947085130912965,0.6403253054312287,0.9254308516023728,0.42191197931235275,0.06647943360529561,0.20913095726781872,-0.7609619148087097,21.937676844293964,5.440462715557621,5.136208076659822
2015-09-20,0.48758634541463497,0.6198218280735981,0.9253040607764107,0.40830920844409513,0.06229260824209922,0.19945882759694883,-0.760118474215572,21.94290539084212,5.443984982952026,5.155373032169747
2015-09-27,0.46707755566544806,0.6176642344895868,0.9251224208688797,0.416073591736674,0.05996874886306723,0.19945882759694883,-0.7581682267516641,21.95278949847173,5.4520821566167355,5.174537987679671
2015-10-04,0.4564808850543904,0.6013279518864898,0.9247248623023849,0.40919635782754643,0.058079384327969566,0.19005082776458415,-0.7516636051404337,21.98112027681568,5.478624081985533,5.193702943189596
2015-10-11,0.43857137342087105,0.5796702156832839,0.9235744201630696,0.40919635782754643,0.05592629385465474,0.1876984203430652,-0.7423205535769952,22.019753075231492,5.515556180765316,5.212867898699521
2015-10-18,0.4357622799672679,0.5823788844206622,0.9105647268417839,0.40919635782754643,0.05819296562621323,0.1876984203430652,-0.7268164247664304,22.079915854623977,5.5739838300101905,5.232032854209446
2015-10-25,0.4476425106785727,0.5820104167684852,0.9058721756522486,0.41644587330973665,0.05841756740814951,0.18871441267131478,-0.7034174113022935,22.163850019889267,5.656165549062574,5.25119780971937
2015-11-01,0.47372778089107026,0.5940538780125645,0.9096920209423189,0.4252737359350329,0.0610634354287812,0.19005082776458415,-0.6579999106224372,22.308148906347736,5.798650822456994,5.270362765229295
2015-11-08,0.4977889545687244,0.5954134773521839,0.8583038788652779,0.4252737359350329,0.06290305902171199,0.19005082776458415,-0.6138873872628652,22.43123175175807,5.919968893815002,5.28952772073922
2015-11-15,0.5507002674168128,0.6100752656778077,0.8182439167016786,0.4326031713252879,0.07046267106367193,0.19945882759694883,-0.6682916184784091,22.281189615847754,5.768096038070121,5.308692676249144
2015-11-22,0.5506667617794475,0.6076288606303006,0.7319468649211125,0.4416798383155322,0.07071919753258626,0.19945882759694883,-0.6643631578398898,22.294854405659667,5.779869572600682,5.327857631759069
2015-11-29,0.5714988736578858,0.6230066085111832,0.7273413184829929,0.4416798383155322,0.0747739140885152,0.20836404264891842,-0.614605404309784,22.43490456940926,5.918107557339133,5.347022587268994
2015-12-06,0.5699123112104517,0.6255666056375097,0.7148143490554184,0.4379615254327383,0.07775726427086332,0.20836404264891842,-0.5921981097878575,22.49329422593429,5.974621317331162,5.366187542778919
2015-12-13,0.5799627730040656,0.6304338866876728,0.7149311956358073,0.44729010973742916,0.08220580471048618,0.2119717822947689,-0.5496009695146524,22.594604294093084,6.073973748316069,5.385352498288843
2015-12-20,0.5788040839199953,0.6209329644178572,0.6743071264003252,0.4570372448459718,0.08185473891877423,0.2117390699611144,-0.541565056781576,22.614270933948863,6.091658215213277,5.404517453798768
2015-12-27,0.5867018238820727,0.622775469348514,0.6637922500915765,0.4471686658222317,0.0835704058183536,0.2117390699611144,-0.5617292683079991,22.571176046363014,6.046676652368197,5.423682409308693
2016-01-03,0.5788116547721529,0.5915850937013791,0.6449914855558795,0.42074770981461496,0.08244173587912859,0.19995793595044747,-0.5540253855196993,22.590334784141685,6.064101856251079,5.4428473648186175
2016-01-10,0.5525987370990888,0.5923866740454583,0.6445539226483024,0.42074770981461496,0.07932996542145825,0.19995793595044747,-0.5349022046944072,22.63418869801171,6.106087520016453,5.462012320328542
2016-01-17,0.573114787424947,0.5618522780339229,0.6536079933479778,0.3409882060370649,0.08506975056669949,0.19995793595044747,-0.6034341936373918,22.47650036660681,5.946681819487875,5.4811772758384665
2016-01-24,0.5714300148848886,0.5345392585797681,0.65483747916716,0.3409882060370649,0.08693277899704076,0.196350196304597,-0.5816973880886083,22.531718450418,6.000044946595606,5.500342231348392
2016-01-31,0.5879035963445345,0.530722852471918,0.6578816046326871,0.3356477071524992,0.08803111302079157,0.19191251675793816,-0.6201689127956928,22.437155850078856,5.903566470597185,5.519507186858316
2016-02-07,0.579382738254979,0.5304003854507376,0.6479845316874346,0.33078845245765276,0.08680601445820518,0.19191251675793816,-0.6110321996993072,22.46298948208552,5.927336388672255,5.538672142368241
2016-02-14,0.5833632425896377,0.533795801661699,0.647386690554245,0.33078845245765276,0.08829688408572449,0.19191251675793816,-0.5788940882804218,22.544306930187965,6.006724197880499,5.557837097878165
2016-02-21,0.5502876857427358,0.5379268167207287,0.6498041251034243,0.33078845245765276,0.08513641623682343,0.19191251675793816,-0.5451269313112993,22.62314378366994,6.083858234173182,5.577002053388091
2016-02-28,0.5519434061516764,0.5314740364974696,0.6469989421090198,0.3360062166752995,0.08329585137567347,0.18300730170596857,-0.5509500859978331,22.611828305898282,6.070973872662865,5.596167008898015
2016-03-06,0.5663925159460326,0.5353715844004842,0.6410117963700412,0.3270524342606934,0.08496275977779491,0.18300730170596857,-0.5814296176205712,22.543207133417557,6.000684877574385,5.61533196440794
2016-03-13,0.558675570688598,0.5343394703789887,0.6412285981166649,0.3270524342606934,0.08355328597986557,0.18300730170596857,-0.573030639578658,22.564785094824106,6.020552079257068,5.634496919917864
2016-03-20,0.5588944700430182,0.5291851907400713,0.6352813294915436,0.3359775292159222,0.08376758157986819,0.18300730170596857,-0.5727703232905175,22.56706494515586,6.021161577242628,5.653661875427789
2016-03-27,0.5586621441190787,0.5177001538404031,0.620411219432876,0.3408060519712487,0.08357462237304956,0.1802414735839168,-0.5588789771374123,22.600728397837283,6.053159090114655,5.672826830937714
2016-04-03,0.5609175799068845,0.514403479301231,0.6204692442434881,0.3432858635116191,0.08397672173006888,0.1802414735839168,-0.5644585107936192,22.589676980144556,6.040429883793877,5.691991786447638
2016-04-10,0.560951739344726,0.5030893015691194,0.616691441827452,0.3485652054160887,0.08315733249560313,0.15582827827796064,-0.5625083424699449,22.595923318315478,6.044897461169652,5.711156741957564
2016-04-17,0.5581544167134667,0.4978341393801001,0.6023682665054622,0.35926418962807516,0.08018691632050455,0.15566975086885426,-0.5548509148174492,22.61499873474157,6.062249072997263,5.730321697467488
2016-04-24,0.5568261104416227,0.5011814010182971,0.5973615195700797,0.3582863056778149,0.08007024845662293,0.15566975086885426,-0.5195544875281304,22.692951428664813,6.1385536484757335,5.749486652977413
2016-05-01,0.5280687697777139,0.4966929291042921,0.5974981441802153,0.35680190942810086,0.07705629526441647,0.15433333577558483,-0.5282349059683393,22.6763351487696,6.120321003620905,5.768651608487337
2016-05-08,0.5032397962959457,0.49656473669970863,0.5975635775017568,0.35680190942810086,0.07423296327429849,0.15433333577558483,-0.5216322777210344,22.692023022505058,6.134219554264066,5.7878165639972625
2016-05-15,0.4452995049383262,0.49592971557941384,0.597437668332904,0.3639666957206066,0.06666185318066319,0.15433333577558483,-0.5221726191849551,22.692559982872893,6.133089363323559,5.806981519507187
2016-05-22,0.4530825586834215,0.49927563036744815,0.571256148364384,0.3543112984586564,0.06653702766809676,0.15433333577558483,-0.543219120766866,22.649167383028512,6.088043623451175,5.8261464750171115
2016-05-29,0.4804863215979298,0.5230838211314377,0.581731126489701,0.3643685927140522,0.06750406406096301,0.16709448623416578,-0.453024901039061,22.83100124789078,6.268243102518973,5.845311430527036
2016-06-05,0.4878476276036755,0.5258855733244492,0.5842130663459865,0.3701235503459065,0.06712525332511766,0.16717638105903682,-0.40368469726363454,22.91894164570169,6.35460938267093,5.864476386036961
2016-06-12,0.5126467430635888,0.5426086413943172,0.5891871796680418,0.3701235503459065,0.06729666110395081,0.18824407247812275,-0.30492249991665266,23.073898073063262,6.507863174315725,5.883641341546886
2016-06-19,0.5389785047132839,0.5537683065339967,0.5965703556136719,0.3701235503459065,0.06947943580152958,0.20214234795934816,-0.20499903918847118,23.209938517897196,6.642183147278083,5.90280629705681
2016-06-26,0.6143891123600942,0.5950619145556596,0.612801935339911,0.4257803698024243,0.07384160652457455,0.22687931070935047,-0.3463519667526568,23.015787817609535,6.446408855182549,5.921971252566735
2016-07-03,0.6163042411263854,0.5919754217756111,0.6125845887940563,0.4257803698024243,0.07634741588906858,0.22687931070935047,-0.31305355636055676,23.067143761128374,6.496096156383371,5.94113620807666
2016-07-10,0.6171375662211491,0.5799871603396782,0.6127159635259355,0.4227269136934157,0.07625568352673077,0.2129810352281251,-0.3261079165459295,23.049416186699517,6.476909808579654,5.960301163586585
2016-07-17,0.5629595941417688,0.5635352038814337,0.6135696086256501,0.4238761276698864,0.06982965761428456,0.18824407247812275,-0.2938313799492459,23.096991083803196,6.523693871631167,5.979466119096509
2016-07-24,0.5655793076198766,0.563447161075189,0.6126420139180518,0.41589056289474813,0.06720969922035343,0.18824407247812275,-0.3142522324695085,23.068394335952426,6.494349698353792,5.9986310746064335
2016-07-31,0.5513631560250436,0.5656111975193984,0.6139811257373087,0.4134945240128151,0.06625622561763586,0.18824407247812275,-0.3521890200653359,23.012231076738757,6.437438780225075,6.017796030116359
2016-08-07,0.5600925117756476,0.5644479418004913,0.614987785521107,0.4142301192969159,0.06918230854905477,0.18807269471320134,-0.38336849758360514,22.963781352566553,6.388111428726353,6.036960985626283
2016-08-14,0.5582059730292751,0.5655035316393231,0.603754842697277,0.4115479941193116,0.06719859621361592,0.18807269471320134,-0.40757337611815236,22.924565418307,6.348066847847185,6.056125941136208
2016-08-21,0.5502710521809431,0.5473292109911414,0.6036836535531338,0.409758811537722,0.06461925557926403,0.17527406878641558,-0.39782193125243837,22.94170533696934,6.364393020888278,6.075290896646133
2016-08-28,0.5500154027702436,0.5477938929621804,0.6021193103146553,0.4071420731225113,0.06405277199391454,0.17527406878641558,-0.40371829598958264,22.932666600935654,6.354553037189988,6.094455852156058
2016-09-04,0.5407591256099035,0.5484584410489829,0.6035126536063601,0.4071420731225113,0.062611790858431,0.17527406878641558,-0.36697987951587674,22.99327985505163,6.414342031610422,6.113620807665982
2016-09-11,0.5414315087857231,0.5453508486710895,0.6035011841525256,0.41716836317130424,0.06320391141218054,0.17527406878641558,-0.36935652147372466,22.990332467412905,6.410580516659819,6.132785763175907
2016-09-18,0.5412094007527415,0.5453012186531986,0.5904916547529213,0.41716836317130424,0.0625788641229391,0.17527406878641558,-0.3659487114089197,22.996576019225692,6.415969672053132,6.151950718685832
2016-09-25,0.5425987165266485,0.5464431081074249,0.5887031682718823,0.4103847120934996,0.062178642897672574,0.17527406878641558,-0.3772743374646963,22.979400405831797,6.397945896801347,6.1711156741957565
2016-10-02,0.5412812121206688,0.5463768573157711,0.5781654241697124,0.4103847120934996,0.06192436412344648,0.17527406878641558,-0.36572567235269227,22.998602113861143,6.416321378358943,6.190280629705681
2016-10-09,0.5411515573859911,0.5461102914086811,0.5679923420019598,0.4103847120934996,0.062151917162238716,0.17527406878641558,-0.3601761214530105,23.00818459093601,6.425032772768256,6.209445585215605
2016-10-16,0.5424294462245718,0.5450542785230301,0.5683304859258362,0.4103847120934996,0.06284013875966381,0.17527406878641558,-0.33341367311392733,23.049901394893567,6.466009477997729,6.228610540725531
2016-10-23,0.5350151065572675,0.5410099578844733,0.5637751423399148,0.4103847120934996,0.0615693370759728,0.17527406878641558,-0.32403156063343064,23.064659229185605,6.4799862116820375,6.247775496235455
2016-10-30,0.5388230937886923,0.5284340032829865,0.5618009593601739,0.4103847120934996,0.06314967002619784,0.15420637736732964,-0.27491579910815844,23.135624201430364,6.550127611328726,6.26694045174538
2016-11-06,0.538894294836456,0.5171962214876351,0.5566954758426627,0.4103847120934996,0.06446168812712307,0.14182099452330313,-0.25774243180862744,23.1598117900433,6.5735361339318334,6.286105407255304
2016-11-13,0.5405006918002001,0.4903819905288926,0.5550544498441277,0.3771752704016322,0.06440536868914234,0.13456762339367323,-0.2704646974523707,23.143386158971527,6.556247583648508,6.30527036276523
2016-11-20,0.5335681085701302,0.4908655512905332,0.5535519107799495,0.3771752704016322,0.06527740531619311,0.13456762339367323,-0.242756276559423,23.181504639769887,6.593524985306971,6.324435318275154
2016-11-27,0.478896283671513,0.47498250421716415,0.5533603117534498,0.3738546277855523,0.060026622328168515,0.12806162225277581,-0.245462068387727,23.178730270111384,6.589945374840728,6.3436002737850785
2016-12-04,0.4701915044951089,0.47455898892250364,0.554225137586268,0.3738546277855523,0.05919006004052155,0.12806162225277581,-0.20540028260080834,23.231293542488533,6.641678311785297,6.362765229295003
2016-12-11,0.4211063157927871,0.4663224705704239,0.5524008376359429,0.3738546277855523,0.054976136296923744,0.12595028054735008,-0.2011327118146119,23.237497462368054,6.647034658637094,6.381930184804928
2016-12-18,0.37770657083484843,0.46651127534398,0.5468067944214172,0.3738546277855523,0.05154254454654878,0.12595028054735008,-0.1802544198159035,23.264089772200432,6.672833848103549,6.401095140314853
2016-12-25,0.2927238281204224,0.4765347439707295,0.5527433349075053,0.38409890525328194,0.049131862633908334,0.12806162225277581,-0.07100417116119517,23.39002594960743,6.797944072912815,6.420260095824777
2017-01-01,0.3176542782880084,0.48545332994536405,0.5390468169787107,0.38409890525328194,0.04903522532261875,0.13456762339367323,0.0,23.49792534665681,6.905008869026325,6.439425051334703
2017-01-08,0.3474520252460598,0.495875897651216,0.5437832316759463,0.3804108039628525,0.05688243439816762,0.14182099452330313,-0.08500550055800826,23.409929017981835,6.816171643762833,6.458590006844627
2017-01-15,0.3792301633432128,0.47830117070105826,0.5193543419496873,0.3433372499976592,0.06065496326537119,0.14182099452330313,-0.17318527803238148,23.30945352100013,6.714834223653145,6.477754962354552
2017-01-22,0.4028460373601421,0.48669025316311687,0.5093273755453029,0.3433372499976592,0.06313083478812681,0.16114750598307281,-0.07499596768862204,23.422598080726207,6.827051686802655,6.496919917864476
2017-01-29,0.3909395677975447,0.47369818975220535,0.5015004722954438,0.3363953396342938,0.06258615465079963,0.1538941348534429,-0.08184981958814364,23.41599809575762,6.819614562504326,6.5160848733744015
2017-02-05,0.39816195795560955,0.4812420956399645,0.5050591992915852,0.3363953396342938,0.06174471473790032,0.15551785685197156,0.0,23.51944577655268,6.922218062641569,6.535249828884326
2017-02-12,0.3905549557848581,0.4780194498381078,0.5048260439424016,0.3316894145670717,0.06309096876530604,0.15551785685197156,-0.00815264416366901,23.51204671950762,6.914032003939318,6.55441478439425
2017-02-19,0.39260035411594124,0.47538839124627386,0.5054859664048851,0.3316894145670717,0.0642877845430969,0.15551785685197156,0.0,23.5637114139953,6.964878625871769,6.573579739904175
2017-02-26,0.40790196493457265,0.4833123365920118,0.5066721251805638,0.33751717235751705,0.06656032070136263,0.15846160500916423,0.0,23.67438728019785,7.074718553718131,6.5927446954141
2017-03-05,0.41142469275382576,0.477884429230138,0.5078029451211588,0.34266989193925274,0.06718909694712588,0.15410803864613873,0.0,23.752162224314024,7.151699925964066,6.611909650924025
2017-03-12,0.4189613613182435,0.481348368349712,0.5086480037101097,0.33355882244344665,0.07147008697240445,0.15410803864613873,-0.03488697361372595,23.71745821579144,7.11618986725111,6.631074606433949
2017-03-19,0.5178655835254246,0.5247034181422477,0.5254492399437147,0.4020762886588084,0.08235146203978014,0.15846160500916423,-0.20062580058016388,23.529868368145365,6.9277738178069015,6.650239561943874
2017-03-26,0.5268560283155962,0.5298162004036806,0.5215508827514143,0.3928587556791015,0.08855910973427725,0.16571497613879416,-0.2454925088055837,23.472920686808045,6.870009853827643,6.669404517453799
2017-04-02,0.5534929095171782,0.5428701020622969,0.5273711477920121,0.39884214749464436,0.0902358862682068,0.16813227108491297,-0.13375714743616107,23.611801015402015,7.008109946443446,6.6885694729637235
2017-04-09,0.5618816883301921,0.5477518986992788,0.5244043599640247,0.39884214749464436,0.09212297108155375,0.16813227108491297,-0.04908002411259549,23.705886756882595,7.101374558654878,6.707734428473648
2017-04-16,0.5675917548303921,0.5503833200974227,0.5227883924527449,0.3898174977274007,0.09250888457866052,0.16813227108491297,-0.08037641487940006,23.673203344641422,7.0679090866936605,6.7268993839835725
2017-04-23,0.5701708215803437,0.5491379499134915,0.5234378147833013,0.3898174977274007,0.09276807696070812,0.16813227108491297,-0.02058508301086648,23.736984931370326,7.130900016876587,6.746064339493498
2017-04-30,0.5767061287771076,0.5537071054155878,0.5244508787772133,0.39666214610228834,0.09264126355678431,0.16813227108491297,0.0,23.838131915006336,7.231255435303197,6.765229295003422
2017-05-07,0.5858634171306745,0.5590963677041132,0.5275551905677721,0.39666214610228834,0.0933678616733157,0.16813227108491297,0.0,23.938278732315943,7.330580669394765,6.784394250513347
2017-05-14,0.6106463525694231,0.5754631472503325,0.536740520700565,0.39909988849204153,0.0956141560012724,0.17997351010900783,0.0,24.10106965270605,7.492533841051208,6.803559206023272
2017-05-21,0.6251778304410212,0.5801183110893506,0.5424651998048714,0.4099276819395513,0.09906729140117387,0.18631880205439755,0.0,24.232620188914055,7.623261861170934,6.822724161533197
2017-05-28,0.6249409689453479,0.562404212607688,0.542109472656151,0.4099276819395513,0.10440277038629028,0.17997351010900783,0.0,24.318039404428358,7.70782714123661,6.841889117043121
2017-06-04,0.635875394946489,0.5680187571629417,0.545962361979717,0.4099276819395513,0.10810705219641738,0.18221366642610642,0.0,24.445094490604333,7.833993899547123,6.861054072553046
2017-06-11,0.6540819205072644,0.5704598252358709,0.5548123644866967,0.4099276819395513,0.11070463387875791,0.18221366642610642,0.0,24.609662373365865,7.997735269409416,6.880219028062971
2017-06-18,0.7253712319380903,0.5938188514181943,0.571356278516979,0.44320538121175035,0.11455950758340089,0.18149960803749463,-0.15668013941372105,24.440030458521907,7.827326307763732,6.899383983572895
2017-06-25,0.7184630394360607,0.5513037028070642,0.5716617921310045,0.38215568405887107,0.11280796825612213,0.17997351010900783,-0.16020552933920507,24.436600250196587,7.823137174541378,6.91854893908282
2017-07-02,0.7126675969411502,0.5510763070267847,0.569943541296934,0.38215568405887107,0.11147738447027625,0.17997351010900783,-0.15309667906105284,24.445833625986996,7.83156653563531,6.937713894592744
2017-07-09,0.6917734070111016,0.5500834274130337,0.5641071629380179,0.38564853373529107,0.10299944105573086,0.17997351010900783,-0.1573663689451188,24.44158955585816,7.826512252604208,6.95687885010267
2017-07-16,0.7971207493099686,0.6246879198275571,0.5920676964537889,0.516188770053837,0.10682928023324426,0.18149960803749463,-0.3575616339785054,24.171189402238916,7.555250874224019,6.976043805612594
2017-07-23,0.9206496603814175,0.7116096986577664,0.6401217217903207,0.5274978499462453,0.11150284505485461,0.18373976435459322,-0.07429547864610164,24.53731663391437,7.920535082742485,6.995208761122519
2017-07-30,0.9200142215208453,0.7070523928776157,0.6389329198108048,0.5354975149428813,0.11382949678198136,0.18298140769159366,-0.07559307744163757,24.5367342243876,7.919132357503881,7.014373716632443
2017-08-06,0.9316474914880214,0.7147166173461234,0.6438318130405217,0.5500571439018025,0.11604435463558183,0.18626391960805425,0.0,24.698694300677193,8.080273548363353,7.0335386721423685
2017-08-13,0.9637920648045344,0.7373030287776483,0.6589099009968163,0.5652688578664817,0.12011761497285398,0.19290145881882415,0.0,24.92906453403351,8.309874034496497,7.052703627652293
2017-08-20,0.9662103949203124,0.7377071772817034,0.6502560918794941,0.5652688578664817,0.12053716510508507,0.19290145881882415,0.0,24.935238809019307,8.315275370563926,7.0718685831622174
2017-08-27,0.9625962653515397,0.7364856639792219,0.6504185411288507,0.5760644903180171,0.12046802378877369,0.19290145881882415,0.0,24.99734637646642,8.376758815305083,7.091033538672143
2017-09-03,0.9619731218374248,0.7365702962251811,0.6506870258597759,0.5760644903180171,0.12190248604474187,0.19290145881882415,0.0,25.06071559088833,8.439295715880421,7.110198494182067
2017-09-10,0.9726628870614047,0.7452723178731214,0.653383917748281,0.5675188050297044,0.11953426588391541,0.21679403869220076,-0.07857935334030342,24.979777298130468,8.357457097071444,7.129363449691992
2017-09-17,0.9496103531751364,0.7651292518202348,0.6636698721471453,0.5646885581409038,0.1183721451073049,0.2255002499842364,-0.19748791177135716,24.842551574279387,8.219287355002269,7.148528405201916
2017-09-24,0.940658343305351,0.7645756994970271,0.6640342314479505,0.5672089888427325,0.11615744286634566,0.2255002499842364,-0.20504618640134764,24.833862239198172,8.209824453762648,7.167693360711842
2017-10-01,0.9492533008934537,0.7771583529310535,0.6723339430082784,0.5672089888427325,0.11812480355931634,0.2469744456531457,-0.05258245091542779,25.010089598105488,8.385280350632648,7.186858316221766
2017-10-08,0.9474087820622125,0.776657403006211,0.6724646830923838,0.5672089888427325,0.1188691598802683,0.2469744456531457,-0.005309177219454453,25.059602926616382,8.433972394896212,7.2060232717316905
2017-10-15,0.9653372520925021,0.7958806012551946,0.6846869520036382,0.5672089888427325,0.12405540682070262,0.25000933819478677,0.0,25.272888442294878,8.646441811481388,7.225188227241615
2017-10-22,0.9653996676437009,0.7954332459597188,0.6838561836095877,0.5672089888427325,0.1251304686925055,0.25000933819478677,0.0,25.326281791855852,8.698947610552649,7.24435318275154
2017-10-29,0.9645000235447958,0.7950440406236177,0.6790615313776177,0.5672089888427325,0.12575151690464817,0.25000933819478677,0.0,25.356339867489528,8.728220248763215,7.263518138261465
2017-11-05,0.9776857690246681,0.8061804430285361,0.6840525933408821,0.5672089888427325,0.12910537528823524,0.2516999146597484,0.0,25.53418321049182,8.905327522740771,7.282683093771389
2017-11-12,1.0503589336055994,0.8513200525578998,0.6974688242726834,0.6251935925969375,0.13658503070822064,0.26364995066677654,-0.20919985310075861,25.300122540302823,8.670617520815373,7.301848049281314
2017-11-19,1.1139562741971114,0.8955978399685985,0.7270575844322659,0.6251935925969375,0.13792175514798438,0.274371844794298,0.0,25.619764804183475,8.989484288472257,7.321013004791239
2017-11-26,1.121759840587639,0.9001212297670264,0.728016540059479,0.6286249731529665,0.13666693675521227,0.274371844794298,0.0,25.77101982154427,9.139907533669628,7.340177960301164
2017-12-03,1.1325497986864699,0.9103363768003234,0.7359185052274093,0.6286249731529665,0.13593093000730738,0.27702953689186965,0.0,25.956912610473026,9.32491316301481,7.359342915811088
2017-12-10,1.1844330494365511,0.9482362307276406,0.7625450806334174,0.6286249731529665,0.14579056773958024,0.28430319443348706,0.0,26.27987211793956,9.646981068037423,7.378507871321013
2017-12-17,1.1519322852030935,0.9610891277212497,0.7734488001275337,0.6286249731529665,0.14747677748502516,0.3098104384862449,0.0,26.49909488171908,9.865290632968327,7.397672826830938
2017-12-24,1.276502712120205,1.0302456915662261,0.810801063631566,0.7262725800040788,0.15743937018240212,0.3442095477344028,-0.2713763052096443,26.183269924167796,9.548692759017797,7.416837782340862
2017-12-31,1.278204741672089,1.0304743911273957,0.8112447839281042,0.7213238330446463,0.16281856225840807,0.3442095477344028,-0.2768237689608951,26.1765526845382,9.541188296151127,7.436002737850787
2018-01-07,1.2796065153908536,1.0255034146047621,0.8156609033387144,0.7422034219731203,0.16971733625251842,0.3442095477344028,-0.15681554890692606,26.330923459531416,9.694721091248748,7.455167693360712
2018-01-14,1.2305852886981854,1.038627977800544,0.8170864581370804,0.7539546260879707,0.1652963389564669,0.37690807754920935,-0.2893125658392477,26.16084193974394,9.5237680727295,7.474332648870637
2018-01-21,1.2052290012387492,1.0628556187143705,0.8309535055030086,0.7456631184085638,0.16490827221796375,0.3806216506930688,-0.4066432844064055,25.9812816691208,9.343331116131536,7.493497604380561
2018-01-28,1.2037395686063932,1.061833319759311,0.8259465541819927,0.7485556784971599,0.16401925041172521,0.3806216506930688,-0.39658823245242525,25.99893863253556,9.360135182588563,7.512662559890486
2018-02-04,1.3168818943152443,1.1298286780692914,0.8675345767934214,0.8253750308913164,0.17093789085648758,0.3892116006512685,-0.5714116121418424,25.65764937922071,9.01803234346722,7.531827515400411
2018-02-11,1.2874782858708698,1.1303437812500277,0.867475177926765,0.8214366945202989,0.17275811192925616,0.3892116006512685,-0.5794009460873727,25.639615670894415,8.99921536787667,7.5509924709103355
2018-02-18,1.3268722653106886,1.1506420090270484,0.8815293869486017,0.8214366945202989,0.1795592770090049,0.397214112886423,-0.45704737324768774,25.89577890778917,9.254557426564116,7.57015742642026
2018-02-25,1.337127628578123,1.1557322710097133,0.8847701155528384,0.8014796852847815,0.18294718026599874,0.397214112886423,-0.5011431591322956,25.811879476888567,9.169854516527623,7.5893223819301845
2018-03-04,1.352538523495384,1.1632717147466525,0.8879200478407542,0.8014796852847815,0.1823474676557158,0.397214112886423,-0.4045555980519001,25.98968596194896,9.346843374775702,7.60848733744011
2018-03-11,1.3791238839214812,1.1831617709932511,0.9012393375157157,0.7960684171579353,0.19011320695746323,0.403504524824984,-0.5058023746567892,25.804099348865513,9.160470842476972,7.627652292950034
2018-03-18,1.3822169539136728,1.1762131001755738,0.9099771543002136,0.7900973124952291,0.18611979524081823,0.397214112886423,-0.5746068683773278,25.65496291935027,9.0105491109301,7.646817248459959
2018-03-25,1.3809731376022671,1.1720355192494352,0.9099748482472672,0.8036734396949625,0.1833477488430736,0.397214112886423,-0.561537357134596,25.685962713113735,9.040809969159957,7.665982203969883
2018-04-01,1.4069012209279421,1.195493930548812,0.925792592426431,0.7952243861735258,0.18675433870724947,0.403504524824984,-0.6465267752063437,25.47126372192449,8.825343093296187,7.685147159479809
2018-04-08,1.4062664897367405,1.1940211579273747,0.9256575957875771,0.7952243861735258,0.18798958692672807,0.403504524824984,-0.6358532046343484,25.501824554990854,8.855092424297377,7.704312114989733
2018-04-15,1.3961139303536,1.200125736029781,0.9314406498948137,0.7990628876467658,0.18832954037951424,0.403504524824984,-0.5666457951705515,25.676626385697993,9.029090772598847,7.723477070499658
2018-04-22,1.3961720654966125,1.1999597870039744,0.9309899205487068,0.7990628876467658,0.18973118757432583,0.403504524824984,-0.5428184267137601,25.730958845591733,9.082615981696216,7.742642026009582
2018-04-29,1.3978966396903825,1.1986053738285045,0.93075993950074,0.7990628876467658,0.18889999579538883,0.403504524824984,-0.5118561377201896,25.797226624117336,9.148145516148139,7.761806981519507
2018-05-06,1.3777959599801528,1.1970034346131029,0.9307154990375748,0.7990628876467658,0.18501145694488488,0.403504524824984,-0.5015660401886084,25.8188517055129,9.169006456801474,7.780971937029432
2018-05-13,1.3403891271733777,1.1972424624602613,0.9348475411155143,0.7801448701441825,0.1783764725033897,0.403504524824984,-0.5482793846076575,25.721210242887942,9.070599235172137,7.800136892539356
2018-05-20,1.2643678860007523,1.1938992233640286,0.9340616898076172,0.7808900632876021,0.17399098262295576,0.403504524824984,-0.5578575552232157,25.700537771385303,9.049167457395662,7.819301848049282
2018-05-27,1.2621536950133494,1.205194119839554,0.936004503402397,0.7626486707295781,0.1744600821225014,0.403504524824984,-0.618804427116465,25.55303557807426,8.900847912066938,7.838466803559206
2018-06-03,1.2328812674135294,1.2009043967789588,0.9351389660814418,0.7626486707295781,0.1723258490379213,0.403504524824984,-0.5998976194864343,25.602263830890223,8.949255819628146,7.857631759069131
2018-06-10,1.1388620920316936,1.2016832221594238,0.9371926507051445,0.7451264995917308,0.16398347901615962,0.403504524824984,-0.6496326259005386,25.47030321730412,8.816517598266637,7.876796714579055
2018-06-17,1.0777521007097677,1.1883218857112543,0.9349219522075651,0.7529823047098916,0.16097636848552005,0.403504524824984,-0.6649071549927504,25.42650159871607,8.771942996687862,7.8959616700889805
2018-06-24,0.9995456338812353,1.1899859076720845,0.9234460111283901,0.7391093930162087,0.15172782521824946,0.403504524824984,-0.6807097205940688,25.379017397616437,8.723636009792001,7.915126625598905
2018-07-01,1.0034034418253168,1.1900710719500271,0.9232767773065549,0.7391093930162087,0.14717697616713551,0.403504524824984,-0.6695455583591793,25.414130290898033,8.758004157001064,7.9342915811088295
2018-07-08,0.9747191631586352,1.1903376877273748,0.9230651589452934,0.7308491324704806,0.1399285219250461,0.403504524824984,-0.6517009299847438,25.467454059016067,8.81059686128641,7.953456536618754
2018-07-15,0.9544023302881706,1.1557085210822589,0.9245048059401613,0.7039811059980344,0.13806412128996365,0.397214112886423,-0.6702623339357516,25.413397146433745,8.7558327409849,7.972621492128679
2018-07-22,0.9613349899966791,1.1102627690265403,0.9284520363101946,0.7039811059980344,0.1338055519858472,0.3892116006512685,-0.6156205718655181,25.567529116995562,8.909165512830485,7.991786447638604
2018-07-29,0.9760486939584759,1.1134650625158384,0.9285145496559071,0.6932999895236118,0.13408123016463283,0.3892116006512685,-0.5724983939102627,25.67469340150452,9.015493399291007,8.010951403148528
2018-08-05,0.8764588355502458,1.1181543556386442,0.9359771497955868,0.6781037165645203,0.12704373645042305,0.3892116006512685,-0.6347315878980948,25.518157710651476,8.858167812934173,8.030116358658454
2018-08-12,0.8880297090498618,1.102889485913965,0.9395093829355031,0.6633153075781424,0.12327899777626079,0.36370435659851064,-0.6719720387936625,25.411415555577925,8.750634206317264,8.049281314168377
2018-08-19,0.8008361821337122,1.1030479480709512,0.9395019100655717,0.6633153075781424,0.11609408558015347,0.36370435659851064,-0.6628281325491528,25.439680721975435,8.778128146772357,8.068446269678303
2018-08-26,0.7975080724541612,1.101970944208077,0.9392174693955853,0.6633153075781424,0.11223137566420201,0.36370435659851064,-0.6524827627829431,25.470672102711983,8.808349621263146,8.087611225188228
2018-09-02,0.7616340202105697,1.1033582826060766,0.9398918211787417,0.6633153075781424,0.11071612245343793,0.36370435659851064,-0.6214809986312614,25.556907918775302,8.89380162737044,8.106776180698152
2018-09-09,0.7477919947252556,1.1116651928219008,0.9480484737936686,0.6602072494465323,0.1067889283700835,0.36370435659851064,-0.6753717144067044,25.40405928098289,8.74021614511402,8.125941136208077
2018-09-16,0.7248736032313368,1.1020920826569924,0.9480413964549883,0.6756558791183384,0.10223704897857977,0.36370435659851064,-0.6624806825886156,25.443727405010012,8.779158099435286,8.145106091718
2018-09-23,0.724977215814339,1.1020807090970297,0.9476120400885288,0.6626016833983079,0.10293281399659143,0.36370435659851064,-0.6517935578968402,25.475649696286215,8.810330882306975,8.164271047227926
2018-09-30,0.6585298786473488,1.0895818919841385,0.9479880666102594,0.6733112122076417,0.096730584274693,0.36370435659851064,-0.6569182033312677,25.461595132585117,8.795504246974529,8.183436002737851
2018-10-07,0.6569806889005368,1.0888667620294,0.9481570597043761,0.6842678312350116,0.09299182424122504,0.36370435659851064,-0.6589917513088175,25.456245892332245,8.789442020687353,8.202600958247775
2018-10-14,0.6076847703000668,1.0703286055878596,0.9498589503626476,0.6762390459952878,0.08836121182872587,0.3565839951947011,-0.6788192652561499,25.39703261331551,8.729539355255781,8.2217659137577
2018-10-21,0.6044307579656183,1.06968564435776,0.9499024292168061,0.6762390459952878,0.08456958484935262,0.3565839951947011,-0.6667436542686104,25.43465909004828,8.76644735481837,8.240930869267626
2018-10-28,0.5938577641906863,1.06930737104071,0.949417791848917,0.684903865247654,0.08141565979852437,0.3565839951947011,-0.667195967948041,25.434005904329485,8.765089178400594,8.260095824777549
2018-11-04,0.5921120671415391,1.0540842965449129,0.9495129269204421,0.684903865247654,0.0794572939850989,0.35617837004351005,-0.6664796867919682,25.43690787129814,8.767239126656492,8.279260780287474
2018-11-11,0.5794079344526242,1.0272992455875318,0.9494362406074542,0.6777383878558918,0.07641820335693501,0.3462800825564253,-0.67089556893364,25.42424648574487,8.753910474039191,8.2984257357974
2018-11-18,0.60342900296955,0.9832452658094885,0.9554599020495675,0.6647721281075921,0.07932325500444042,0.3415420682840931,-0.711416032110217,25.29351637122335,8.622521447465475,8.317590691307323
2018-11-25,0.7383977564455947,1.0251908340319986,0.9889401419197508,0.7267869800321674,0.08331022398016287,0.3514403557711778,-0.7949737665629788,24.95230082398249,8.280673292922863,8.336755646817249
2018-12-02,0.7363817132155455,1.006074333509218,0.9887364568009162,0.7267869800321674,0.08541285305094844,0.3330013555625104,-0.7870832626908791,24.990641693025044,8.31843653862046,8.355920602327172
2018-12-09,0.7408182593222573,0.9515729198660541,0.9953740179531442,0.7141916616965257,0.08580822199917233,0.3281208460971713,-0.8160855289230414,24.844847475881053,8.172006172424222,8.375085557837098
2018-12-16,0.7485324634113498,0.9203478201970624,0.9987798321729083,0.7017042456677979,0.08543495221441348,0.28372886121529084,-0.834008471212392,24.742966373173733,8.069472109640635,8.394250513347023
2018-12-23,0.8191474613303692,0.9063775930886233,1.0053679445551835,0.6579665515907943,0.08664119669681382,0.3182225586100865,-0.7951911056172583,24.95386914330232,8.279612675811736,8.413415468856947
2018-12-30,0.8157951656038197,0.9062301873856109,1.0036537493225384,0.6517120303882515,0.0880864519220981,0.3182225586100865,-0.8012823619518452,24.924481329574625,8.249420266832137,8.432580424366872
2019-01-06,0.8164479355794069,0.8917955607217609,1.001463942080672,0.6517120303882515,0.09012305039120422,0.27383057372820613,-0.7898236111256466,24.98130455303628,8.305482479166297,8.451745379876797
2019-01-13,0.833591443447606,0.8875458652310622,1.004282150138643,0.6479799402267868,0.09249840012470739,0.2611918743719906,-0.8177358507973652,24.83956771343658,8.16299235808987,8.470910335386721
2019-01-20,0.7941616732611079,0.8740665911724012,1.0018323316843356,0.6529200379459721,0.09018713788490819,0.2574594056106631,-0.8161959601628687,24.84867358820371,8.171405543193606,8.490075290896646
2019-01-27,0.7705159860454134,0.8734514855894349,1.0017711185288998,0.657781286369125,0.08745551092796482,0.2574594056106631,-0.8162323017394142,24.8491994799586,8.171207804505357,8.509240246406572
2019-02-03,0.7484080572445628,0.8107643508921957,1.0003016374761813,0.5725303844436066,0.0818028501197491,0.2540018113502556,-0.8227044829133612,24.81407448714424,8.13535328240738,8.528405201916495
2019-02-10,0.7499344168701124,0.8148862319729696,1.000905305153711,0.5731388638092819,0.07995548664959541,0.2540018113502556,-0.8108086294206246,24.879789522529187,8.200294399518214,8.54757015742642
2019-02-17,0.7469362782467138,0.7668716241557266,1.0006029631027287,0.5762591071638272,0.07836005230555483,0.23322127186681418,-0.8118093807014388,24.87520075481167,8.194990735572995,8.566735112936344
2019-02-24,0.7477688213701296,0.7660208344340911,0.9983065195605917,0.5870800544477366,0.07929050282671818,0.23322127186681418,-0.804982203134422,24.911549867122623,8.230626174362774,8.58590006844627
2019-03-03,0.7323885407450965,0.7403371142045504,0.9972004988850336,0.5870800544477366,0.07733144841907784,0.21523220564287068,-0.8035174033761048,24.919769550694618,8.23810921457372,8.605065023956195
2019-03-10,0.7114039407248924,0.7226684431275028,0.9967683600291458,0.5832689804061262,0.07221489474822113,0.21360132013328847,-0.7972043058005454,24.952088884197586,8.269734393719709,8.624229979466119
2019-03-17,0.7083180458615629,0.7105304672579027,0.9865403070151407,0.5886724756769065,0.07210034014717709,0.21150703440207083,-0.7939196300883063,24.968893093791134,8.285801591891317,8.643394934976044
2019-03-24,0.7051460031686669,0.7092735228434137,0.9852855592227957,0.5886724756769065,0.06992451126052282,0.21150703440207083,-0.7937365959077904,24.970558512254247,8.286689366627238,8.66255989048597
2019-03-31,0.7087846024957185,0.6802812597177037,0.9813539826314888,0.5689260758314655,0.07014991080637606,0.20698562382274927,-0.7873133323823216,25.00193560602256,8.31735539259959,8.681724845995893
2019-04-07,0.7955885377213285,0.722785190741013,0.9925148132586993,0.5689260758314655,0.07723048973196488,0.22497469004669274,-0.7304422910801935,25.2396164284436,8.554317854695123,8.700889801505818
2019-04-14,0.792064882005153,0.6991610217254551,0.9920445425615639,0.5679203330593804,0.07640681008197579,0.20698562382274927,-0.7321205835532956,25.23407454523871,8.548072294612588,8.720054757015742
2019-04-21,0.7910089446919922,0.6972110014548619,0.9914750266926474,0.5679203330593804,0.07790278021595907,0.20698562382274927,-0.7249036270579323,25.261382798733063,8.574656837322596,8.739219712525667
2019-04-28,0.7914929351308136,0.693177538777806,0.989979767744618,0.5612908460793592,0.08091230893357099,0.20556815773810228,-0.7325431408302153,25.233932171485407,8.546493633184534,8.758384668035593
2019-05-05,0.8080280751613044,0.7025224796617329,0.9903189267675419,0.5612908460793592,0.08417204652259996,0.2249158483125839,-0.7024305172146746,25.341378953588933,8.653183107282942,8.777549623545516
2019-05-12,0.8542767866378125,0.7249637938679622,0.9928525220771971,0.5720611695697245,0.09219195251533695,0.24575522953013418,-0.6393530120691234,25.53433244933941,8.84543496112192,8.796714579055442
2019-05-19,0.8611508898436881,0.745081844201681,0.99549760816746,0.5780210862448357,0.09088935214910417,0.24816824643955487,-0.5730107477867015,25.703954947052722,9.014294196437374,8.815879534565367
2019-05-26,0.6840624003595281,0.7320300472455922,0.9947715787146657,0.5811096402430878,0.08596720970340786,0.23925661721734848,-0.5464253069448997,25.76513002855335,9.074695313518603,8.83504449007529
2019-06-02,0.6851899796016344,0.7305872472457754,0.9915213668984545,0.5811096402430878,0.08330956750875827,0.23925661721734848,-0.5457588925060689,25.767348310028297,9.076163484832948,8.854209445585216
2019-06-09,0.6796606046491301,0.7311686693225637,0.9909915569844842,0.5818218939010942,0.08037828108120683,0.2420010928078199,-0.6034347897819677,25.632278529833076,8.940375846148694,8.873374401095141
2019-06-16,0.6775031987083139,0.7476878070518441,0.9888413170688349,0.593242406465742,0.0821923672087169,0.2840162195440683,-0.5314650443646995,25.799771721628684,9.107146064696286,8.892539356605065
2019-06-23,0.6627756281171638,0.7652094702323331,0.9958121729571172,0.6058687324502937,0.08287151140217835,0.3007742513505921,-0.4392641315425925,25.980165077449087,9.286785325923002,8.91170431211499
2019-06-30,0.657067305508436,0.7648558775340163,0.9958275141863205,0.6058687324502937,0.08546945643297543,0.3007742513505921,-0.43676086692141713,25.985405941835662,9.291239639865347,8.930869267624914
2019-07-07,0.6570173953963339,0.7649982192097886,0.9961525993948782,0.6058687324502937,0.08670007385672512,0.3007742513505921,-0.404888036398105,26.041265934892227,9.346284915950124,8.950034223134839
2019-07-14,0.6386562946149197,0.7714447944694268,0.9790431673157834,0.6059512772827372,0.0898552911586041,0.3007742513505921,-0.46582722167231416,25.933965586476194,9.23825469553454,8.969199178644764
2019-07-21,0.637093053288335,0.7576800924605909,0.9468570348101089,0.6059512772827372,0.09352117780786344,0.29610992157587424,-0.44989874101413996,25.96405411775836,9.267637722514065,8.988364134154688
2019-07-28,0.6682791840162433,0.7589396888879268,0.9505053922233319,0.5924184959574523,0.0965868523612187,0.29610992157587424,-0.5049580631074201,25.859353177414164,9.16217783396137,9.007529089664613
2019-08-04,0.6747096741798094,0.7535916796558954,0.9491009585644501,0.5946466661594602,0.10103124628701154,0.29337089306173153,-0.42928612808762046,26.002391352906066,9.304423338071329,9.026694045174539
2019-08-11,0.6740950061187541,0.7451749128478188,0.9366704512351668,0.6082849812944221,0.10025445246740597,0.29337089306173153,-0.40104336936544893,26.051427251812697,9.352724546533093,9.045859000684462
2019-08-18,0.7055568001284093,0.7547695456146714,0.940491432617888,0.5949304944329975,0.10467272950660773,0.2935468889879265,-0.46332161049531895,25.942336275855066,9.24293436685556,9.065023956194388
2019-08-25,0.711144576025676,0.7550994773433918,0.939998278624069,0.5872456930706376,0.10402574357584447,0.2935468889879265,-0.4753188877486191,25.920469256804466,9.220326026797055,9.084188911704311
2019-09-01,0.717244226360478,0.7520351902883436,0.9396544146393283,0.5774361226750874,0.10709079988305732,0.2935468889879265,-0.492846785127508,25.887229721047547,9.186348510884015,9.103353867214237
2019-09-08,0.7182431486573135,0.7363748043674255,0.9383341760281294,0.5774996266218885,0.10606429455491535,0.2739319308551673,-0.4593759566684217,25.95190739908225,9.250259462110682,9.122518822724162
2019-09-15,0.7207865075824929,0.7360206773620962,0.9325706062369165,0.5719054841177629,0.10590871277874768,0.2739319308551673,-0.4646275688256596,25.942928095675192,9.240497991730136,9.141683778234086
2019-09-22,0.7244658782867529,0.7364501043531003,0.9328063048180169,0.5630262660744685,0.10639524595976749,0.2739319308551673,-0.4780899011325207,25.918238184439808,9.215030702644704,9.160848733744011
2019-09-29,0.8096732660473096,0.7706000445790735,0.939188994737583,0.5994386964220768,0.11241266863612673,0.2935468889879265,-0.5810746934228033,25.699148931380346,8.995227992091525,9.180013689253936
2019-10-06,0.7504908124252193,0.7711336254015748,0.9389607475213883,0.594815419150776,0.10711208387550643,0.2935468889879265,-0.5919782337000555,25.673487677926058,8.968855875741731,9.19917864476386
2019-10-13,0.7516311006710757,0.7700101690009538,0.9279196132039079,0.6076070898391883,0.10705851635412193,0.2935468889879265,-0.569296143769677,25.72831632466735,9.022956099408363,9.218343600273785
2019-10-20,0.7525245765785104,0.7694852376543921,0.9273053702490405,0.6026464051800065,0.10695293132613623,0.2935468889879265,-0.5733241816107968,25.719634797657204,9.013559871351404,9.23750855578371
2019-10-27,0.7728085287999668,0.7833230264705517,0.9330689956119376,0.6053423708920866,0.11230197079990015,0.2944813619433342,-0.5034844754216867,25.87193436521417,9.165150105015439,9.256673511293634
2019-11-03,0.7674693571024817,0.7845910994807377,0.9252916098594963,0.59506000572117,0.10925179220440905,0.2944813619433342,-0.5215888328974339,25.83543866900546,9.128005898955877,9.27583846680356
2019-11-10,0.7247574978822304,0.7847368433453693,0.909849421134346,0.5939235940289057,0.10286981618508748,0.2944813619433342,-0.5302508548236656,25.817846905924906,9.109734172536404,9.295003422313483
2019-11-17,0.6922990961334278,0.7752213804647774,0.8827859300145736,0.5881725674517213,0.09992420192266714,0.2748664038105749,-0.5581841762211601,25.75726847193146,9.048428460942034,9.314168377823409
2019-11-24,0.74377355350847,0.7218629929301487,0.887842707261563,0.4681107402255787,0.10210863495890202,0.2748664038105749,-0.6393136633351082,25.555077609871578,8.84554406112524,9.333333333333334
2019-12-01,0.7512078412677795,0.7234927706281272,0.8790797483253381,0.4681107402255787,0.10286688525839117,0.2748664038105749,-0.6146728827278205,25.621818633395335,8.911627982773695,9.352498288843258
2019-12-08,0.727029989589892,0.7053669835153306,0.847841350967455,0.4623619553301249,0.10178020383350841,0.2730254072885312,-0.6088957210800798,25.637434977940664,8.926509576418876,9.371663244353183
2019-12-15,0.6877447130143215,0.6991126372000264,0.8331410774569477,0.45849432856644373,0.09855771455728314,0.2730254072885312,-0.6305914848947772,25.58104630097594,8.869438472663845,9.390828199863108
2019-12-22,0.6363342536898008,0.671446101740893,0.8047988846489884,0.45849432856644373,0.096808031931726,0.2584289479379217,-0.6114690539695242,25.632268343948507,8.919908175783688,9.409993155373032
2019-12-29,0.635762708324296,0.6705106267283462,0.80480858786957,0.4623481014804739,0.09068237019572532,0.2584289479379217,-0.6160312229563915,25.62115475799413,8.908096593485828,9.429158110882957
2020-01-05,0.6276264774342071,0.669293001676711,0.7966994123641932,0.4594258499321641,0.08812867008995748,0.2584289479379217,-0.6184232598881001,25.615681554830076,8.901847338117408,9.44832306639288
2020-01-12,0.6359461752775483,0.6569875831967897,0.7920702290411824,0.45114640322561966,0.08141931903347008,0.25170023156548865,-0.5758778362546815,25.722130070484383,9.00755688975981,9.467488021902806
2020-01-19,0.6416895530793484,0.6585247780729595,0.7834623146507496,0.45114640322561966,0.0797034616652602,0.25170023156548865,-0.5487198028516892,25.784911989559255,9.069623780282535,9.486652977412732
2020-01-26,0.6254875604033648,0.659002293562278,0.7833734568613555,0.4478005250102105,0.07791655547455176,0.25170023156548865,-0.5546147259838837,25.772505270506016,9.056475045883262,9.505817932922655
2020-02-02,0.6026146289980632,0.6602483779915893,0.7474316712593129,0.45718141975802795,0.0752267433086213,0.25170023156548865,-0.5148488217252116,25.858730499375525,9.141995904135964,9.52498288843258
2020-02-09,0.6111880247070992,0.6617980355271794,0.7495386667300231,0.45718141975802795,0.07676230719091105,0.25170023156548865,-0.4726838128385703,25.942760438914487,9.225335698252515,9.544147843942506
2020-02-16,0.5920140839895252,0.6625152536741651,0.727548234075897,0.45365142810153963,0.07358891475681188,0.25170023156548865,-0.4830231248348772,25.923625270408966,9.205533498606677,9.56331279945243
2020-02-23,0.5912068726397618,0.6625281356825868,0.7250594845247904,0.45365142810153963,0.07283077845841844,0.25170023156548865,-0.481942849181788,25.92641081349909,9.20762091992468,9.582477754962355
2020-03-01,0.6289787802191749,0.6848753857381036,0.7222164893180555,0.4667130135658904,0.07434377466171146,0.2584289479379217,-0.556282265507893,25.77222795075437,9.05272398112854,9.60164271047228
2020-03-08,0.6238391264672565,0.6879788533417667,0.7111383170186003,0.45669021836291085,0.07820010194067654,0.2584289479379217,-0.5787315566428253,25.721064226061586,9.000805617144605,9.620807665982204
2020-03-15,0.8466599794073683,0.8104366294448184,0.7617713358179821,0.6774027506989118,0.0984047803887876,0.26026994445996543,-0.721637377306253,25.30735093270312,8.586460015867537,9.639972621492129
2020-03-22,0.8607182401284212,0.8142172244800052,0.763962668119474,0.6774027506989118,0.10517929433770457,0.26026994445996543,-0.6971210733489065,25.3923126979739,8.670868497631803,9.659137577002053
2020-03-29,0.8103051472278103,0.8138913966305025,0.7488980389591751,0.6774027506989118,0.10308195225715687,0.26026994445996543,-0.6932616030993235,25.405615252956196,8.683530610947129,9.678302532511978
2020-04-05,0.8377796631180617,0.7913931223673061,0.7552220975181876,0.6774027506989118,0.10301668200590178,0.25161466341884964,-0.6472390907153234,25.54614545553627,8.823325870632615,9.697467488021903
2020-04-12,0.8346579251338623,0.7916101935085388,0.7451858245296674,0.6837406839981,0.10394687912562285,0.25161466341884964,-0.6374806880948691,25.57416231316514,8.85061310108295,9.716632443531827
2020-04-19,0.8357842846629515,0.791552112188568,0.7443779653907021,0.6837406839981,0.10551187230729347,0.25161466341884964,-0.6285677654607139,25.599200551784808,8.874901791112974,9.735797399041752
2020-04-26,0.8119414449123801,0.7935086330663741,0.7446884304522201,0.694627630462937,0.10120477741308304,0.25161466341884964,-0.6008373063410601,25.671884741961843,8.94690444129835,9.754962354551678
2020-05-03,0.8395005546555453,0.7995553930063087,0.7518986361946818,0.694627630462937,0.10527203810698486,0.25572654222842317,-0.5378400255105513,25.819129613503883,9.093446450260672,9.774127310061601
2020-05-10,0.8396067236422012,0.7777047766518842,0.7488026161954423,0.6850803732095847,0.1082484468681974,0.25161466341884964,-0.5472819958811159,25.799209359967836,9.072804778167173,9.793292265571527
2020-05-17,0.8479022343021095,0.7665114410213357,0.7523216906400325,0.6850803732095847,0.11159234429382384,0.24600087263251685,-0.4970235187619584,25.904829239914267,9.178078766010763,9.81245722108145
2020-05-24,0.8055216358222249,0.7704025923461564,0.7478932353699356,0.6710883338397076,0.10886305121347575,0.24600087263251685,-0.5425445855701783,25.810249155684513,9.083214779154535,9.831622176591376
2020-05-31,0.8059384686239723,0.773459979005643,0.7486765144359592,0.6710883338397076,0.10919899275750766,0.24600087263251685,-0.5099369003509517,25.87942713297105,9.152069511594076,9.850787132101301
2020-06-07,0.8065915136365948,0.7612311646767566,0.7427668749126914,0.6799270360195205,0.11027832056102965,0.24415987611047313,-0.4936445031948792,25.91250130413778,9.184774339447875,9.869952087611225
2020-06-14,0.8043196913569897,0.7443754365036381,0.7426972332765022,0.6674216172546639,0.11133801278732817,0.21343918249181576,-0.5146634458556612,25.870499571211916,9.142377930339105,9.88911704312115
2020-06-21,0.8024541682437851,0.7216722752737188,0.7418092210075442,0.6611460015694288,0.10783673092331518,0.21107186211379642,-0.5176860354637258,25.864583316590096,9.136130634687724,9.908281998631075
2020-06-28,0.8029085964646967,0.721814570807669,0.7416681565137575,0.6525026359862883,0.10967581056217125,0.21107186211379642,-0.5268652253129567,25.84571893391397,9.116915637805006,9.927446954140999
2020-07-05,0.8028052709674411,0.719355832307817,0.7408503668509481,0.6468496314035854,0.10832798897980152,0.21107186211379642,-0.5283431975369854,25.842963816821467,9.113786961670751,9.946611909650924
2020-07-12,0.7903144232524079,0.7120120869612414,0.7398312396356104,0.6566549144030963,0.10729034176753341,0.20769897326754927,-0.5174611783244987,25.866146327457464,9.136596730959635,9.96577686516085
2020-07-19,0.7859732870454664,0.7113125040672811,0.7321058297402079,0.649376732009162,0.10425384900739755,0.20769897326754927,-0.5211107346561242,25.85887440236728,9.129004745848356,9.984941820670773
2020-07-26,0.7921806574893667,0.7075724739232471,0.7301721416531805,0.6591105259640259,0.10549040241632733,0.19480683421454448,-0.4839654425834097,25.933920043851742,9.203709088962825,10.004106776180699
2020-08-02,0.7981703334074944,0.7017828744227083,0.7252428747671378,0.6591105259640259,0.10594794196593535,0.19480683421454448,-0.4237012375292919,26.044714047658392,9.314161565056573,10.023271731690622
2020-08-09,0.7930604746488003,0.702014924676089,0.7215623708382649,0.6591105259640259,0.10406486789997496,0.19480683421454448,-0.3932346175662199,26.096582959716375,9.365677550449176,10.042436687200547
2020-08-16,0.7923811731510815,0.6931800490612008,0.7214553567884632,0.6686315574513942,0.10381275570555393,0.16418092569493772,-0.3818517570867074,26.115531347931746,9.384263657942638,10.061601642710473
2020-08-23,0.7932645800279372,0.6930832156491439,0.7214696673622633,0.6689720067055354,0.10417913761184527,0.16418092569493772,-0.39400904512331814,26.096005550277525,9.364400413998043,10.080766598220396
2020-08-30,0.7572529418574431,0.6920699685676885,0.7192001883321029,0.6815552477847301,0.10069959312249284,0.16418092569493772,-0.3922757594679158,26.099194652266565,9.367256581310208,10.099931553730322
2020-09-06,0.7794399921786275,0.7022625609563202,0.7169530563768706,0.6750327046902107,0.10268772264574202,0.19480683421454448,-0.4673739836344881,25.967632194236256,9.235354874024134,10.119096509240247
2020-09-13,0.4696119972657659,0.7022293209113862,0.7165394339054312,0.6839757336851296,0.08252190868367358,0.19480683421454448,-0.46377803375483084,25.974735157764716,9.24208354546362,10.13826146475017
2020-09-20,0.4639017120491883,0.7039667783222103,0.7172353442295474,0.695769162929272,0.07611554567600026,0.19480683421454448,-0.4326777770836604,26.03149328592218,9.298462790680919,10.157426420260096
2020-09-27,0.46696126143902744,0.667116769073206,0.7172374766938062,0.6596237325003876,0.07232615054667252,0.16418092569493772,-0.44111361421879847,26.016858029061137,9.283481561012218,10.17659137577002
2020-10-04,0.4359493332023208,0.6664885365988982,0.7172598777799575,0.6621821637024534,0.07093361500724836,0.16418092569493772,-0.4459553494532451,26.008493162354608,9.27478063414053,10.195756331279945
2020-10-11,0.44089884860332634,0.6673522935898207,0.7170075249714694,0.6621821637024534,0.07075276928016229,0.16418092569493772,-0.40893578613937986,26.073512670335177,9.339460018384441,10.21492128678987
2020-10-18,0.44100233643217457,0.6671739580638779,0.7166709595044588,0.6724782669110635,0.06802562517734287,0.16418092569493772,-0.40315098970705854,26.08360543429152,9.349199521308456,10.234086242299794
2020-10-25,0.4611949223346723,0.6620987886062664,0.7217457681427172,0.6724782669110635,0.06790177206919731,0.16418092569493772,-0.3225286120813291,26.210624290590754,9.475902673993897,10.25325119780972
2020-11-01,0.4253655839835433,0.6621762142052511,0.7224409156923841,0.6871714681945637,0.06471648858171795,0.16418092569493772,-0.286412171357459,26.262820870918482,9.527840878832064,10.272416153319645
2020-11-08,0.44604097440426704,0.671152444417133,0.7267154777942676,0.7002986302110197,0.06409405269636592,0.1665482460729571,-0.1948247186320431,26.383905130850916,9.64859534853242,10.291581108829568
2020-11-15,0.429298274092418,0.6674373816897707,0.7199617890334941,0.7184653536160475,0.06172093052929683,0.16222182504044297,-0.16953939610214785,26.415186316525762,9.679515845307346,10.310746064339494
2020-11-22,0.43069668793179483,0.6434105942971193,0.6810471848035954,0.6979432801601235,0.0616666497137281,0.160944352145032,-0.039883447663761507,26.560642631847667,9.824590039762215,10.329911019849419
2020-11-29,0.43086631798673675,0.6424944855241762,0.6811929334050218,0.682681896529268,0.06250610482419518,0.160944352145032,-0.055042858676982,26.545079857720236,9.808674927354115,10.349075975359343
2020-12-06,0.43391807792147497,0.6440500877346809,0.6722480944729594,0.682681896529268,0.06164700575197047,0.160944352145032,0.0,26.60750784784604,9.870773933444081,10.368240930869268
2020-12-13,0.42564901001778427,0.6401709012757316,0.6671608828357313,0.686568872078976,0.061381340834578725,0.15019911905585628,-0.010344488862304546,26.597442397448475,9.860375568487694,10.387405886379192
2020-12-20,0.49100817933999985,0.6661977570893047,0.6665046121931528,0.686568872078976,0.06787703478278667,0.15994520574693705,0.0,26.803380954405863,10.065969882440417,10.406570841889117
2020-12-27,0.49681958678549343,0.6718569597132537,0.6692933461262784,0.7016442076481615,0.07014743298571255,0.16053171160421956,0.0,26.92003084200672,10.18228741710699,10.425735797399042
2021-01-03,0.5594854024201833,0.7018100005821872,0.6853749998617844,0.7165216689992147,0.07661787259232374,0.16632921979417464,0.0,27.150762861140073,10.412646847900305,10.444900752908966
2021-01-10,0.5724783919415384,0.7066631803539943,0.6807162037721124,0.7165216689992147,0.08478128553003741,0.17870698439272503,0.0,27.292463775560385,10.553970943683494,10.464065708418891
2021-01-17,0.5891687806625592,0.7115906818524291,0.6832165054316317,0.6963454524906874,0.08993489893429779,0.18945221748190072,-0.05894702830644971,27.232056047619693,10.493215095681677,10.483230663928817
2021-01-24,0.632628912533953,0.724279937608668,0.6897183195496656,0.6971671775358895,0.09361778115088411,0.19835814858551062,-0.15949233275421326,27.119398600050072,10.380221739752068,10.50239561943874
2021-01-31,0.6256240583797754,0.7217003591851653,0.6885305074545321,0.6971671775358895,0.0952900004686472,0.19835814858551062,-0.13492294857092446,27.14855361508668,10.409034244462752,10.521560574948666
2021-02-07,0.6483171994088226,0.7325288732299641,0.6950229492320094,0.6971671775358895,0.09911544587257722,0.20104331177344684,0.0,27.311271350543144,10.571394157559155,10.54072553045859
2021-02-14,0.6938708661845954,0.7573646270803723,0.7092120709002482,0.7130266920656136,0.10043182706233221,0.20457128418772969,0.0,27.536317099916854,10.796096624582612,10.559890485968515
2021-02-21,0.7015056942526825,0.7682854549952784,0.7159064680067831,0.7130266920656136,0.1041048646733303,0.2062673271116042,0.0,27.700104196172013,10.959552680799828,10.57905544147844
2021-02-28,0.8159376657775506,0.7928908924654917,0.7396521491347705,0.7567275494179536,0.10988928322973572,0.2062673271116042,-0.21114957808122026,27.463261611056677,10.722374125374,10.598220396988363
2021-03-07,0.7743134057443288,0.7928337939115555,0.7426814364907189,0.7792363912570652,0.1050750428241636,0.20531513162408768,-0.1115507486647066,27.58249763795778,10.841274930544559,10.617385352498289
2021-03-14,0.7817712866256014,0.6569202202268423,0.7487152872136172,0.46429938937432647,0.10975857711488393,0.19820071830125147,0.0,27.742092105364375,11.000525577208755,10.636550308008214
2021-03-21,0.7969196185313031,0.661598741561062,0.7500525086620916,0.44980353840153503,0.11002616579800731,0.20032567842645024,-0.04102595905632078,27.700550228471055,10.958634303863269,10.655715263518138
2021-03-28,0.8004475339998282,0.665100380619013,0.7511001702766387,0.43759925458755156,0.1112352168170341,0.20032567842645024,-0.0699864292840301,27.670244385086434,10.927969476435164,10.674880219028063
2021-04-04,0.7940546829712053,0.657766494814238,0.7358564099267598,0.43759925458755156,0.11136177505988812,0.20032567842645024,-0.028435047028708138,27.714293444098363,10.971678423245926,10.694045174537989
2021-04-11,0.7956833840419231,0.6577257525260816,0.7355664633920099,0.43759925458755156,0.11107147480468031,0.20032567842645024,0.0,27.74394611381023,11.000981393424471,10.713210130047912
2021-04-18,0.8118068200781506,0.6654572428319371,0.7379860769907752,0.42574014644313585,0.11518318945899098,0.21689968700652054,-0.05912229933429014,27.683308736488748,10.940039278169646,10.732375085557837
2021-04-25,0.8543037658970539,0.6887496354829058,0.7462436011575206,0.4401700353131665,0.11706352103410664,0.21890327142353277,-0.1833047339009347,27.54205923517557,10.798492148412963,10.751540041067761
2021-05-02,0.8645750908631196,0.6884637326234744,0.7489168365543869,0.4401700353131665,0.11795023013120057,0.2187564899727876,-0.05606823777322256,27.687177721471365,10.943279992198374,10.770704996577686
2021-05-09,0.8596145299499358,0.6861072792875843,0.7390193051908576,0.44845419976733764,0.11623654014211769,0.2187564899727876,-0.02743908897572145,27.717462267919554,10.973158821417533,10.789869952087612
2021-05-16,0.9507783065313508,0.7345262743453979,0.7533326878552181,0.5245583666815685,0.12265460068269465,0.24930480113935186,-0.2320998954635317,27.4815480095806,10.736885766911742,10.809034907597535
2021-05-23,1.0397382663406685,0.7880956997293139,0.7813160180904316,0.6284560717530496,0.12821121733983687,0.2656212333053938,-0.4197812980856893,27.201561639699527,10.456631219174971,10.82819986310746
2021-05-30,1.0380546898589276,0.786906929199438,0.7813129922755511,0.6284560717530496,0.12874835995954417,0.2656212333053938,-0.4051322305544507,27.22678513717652,10.481565259063867,10.847364818617386
2021-06-06,1.0371757983946326,0.7872243979138274,0.7740621446666037,0.6284560717530496,0.13093593661405445,0.2656212333053938,-0.4039903610747203,27.229039274719234,10.48348295407033,10.86652977412731
2021-06-13,1.0395571959366647,0.7864849393683976,0.7681389987892125,0.6432996839485651,0.1340717838177245,0.2656212333053938,-0.3505170027766066,27.315257724023056,10.569402771955357,10.885694729637235
2021-06-20,1.0177647793072502,0.7944576532066727,0.7623903077736164,0.631926412015312,0.1318947428676877,0.26845737055439467,-0.406003652847876,27.22623810368771,10.480099284210523,10.904859685147159
2021-06-27,1.0088414586111496,0.7952405190951244,0.7629725860986855,0.6288904380287792,0.130058986140666,0.26845737055439467,-0.42424822505691606,27.195261322222823,10.448902735974825,10.924024640657084
2021-07-04,0.956037314567836,0.7947024929875315,0.7623887984410125,0.6318877017443756,0.12549078280833792,0.26845737055439467,-0.41008044314373937,27.21980227053569,10.473212297734946,10.94318959616701
2021-07-11,0.9347814919596127,0.7967894996167955,0.7582750144451584,0.6204551070609858,0.11810187911710729,0.26845737055439467,-0.428387014951504,27.188595902593597,10.441688277259782,10.962354551676933
2021-07-18,0.9371606876920856,0.8027419811849215,0.7607624461423225,0.606767496661203,0.11445248486414128,0.26845737055439467,-0.4709468816154062,27.11155479000244,10.364314954084923,10.981519507186858
2021-07-25,0.9349739856455159,0.8049899583488296,0.7589454666135435,0.606767496661203,0.11366370996549505,0.26845737055439467,-0.41401267955906207,27.21410785896622,10.466524266312453,11.000684462696784
2021-08-01,0.9513391407769469,0.8072689645442205,0.7578856719955944,0.606767496661203,0.113218882947333,0.26845737055439467,-0.3331050472096363,27.343813519616514,10.59585865588636,11.019849418206707
2021-08-08,0.933172256300205,0.8099515030181,0.759744057929369,0.606767496661203,0.11294711344689165,0.26845737055439467,-0.2663081791024273,27.439633535097816,10.691315192352528,11.039014373716633
2021-08-15,0.8811910914792589,0.8110373125339955,0.7556488164701455,0.606767496661203,0.11269784610511321,0.26845737055439467,-0.21454916017067605,27.508169334729512,10.759483985621047,11.058179329226558
2021-08-22,0.8507983972131086,0.8099117148130803,0.7555324965925941,0.6129506674325147,0.11003912021155451,0.26845737055439467,-0.1763573787836289,27.556019382144477,10.80696283815545,11.077344284736482
2021-08-29,0.7799982983139747,0.8103443558731395,0.754907922193151,0.6106447153454941,0.10463937836625993,0.26845737055439467,-0.18328125407000195,27.54794318009092,10.798520897806272,11.096509240246407
2021-09-05,0.7654249077629568,0.7942656767214229,0.754662051869306,0.6227630918164643,0.10598028689217309,0.24594347273109984,-0.13657411213019788,27.603899470485874,10.854134180748451,11.11567419575633
2021-09-12,0.7447598294072899,0.8070862099426497,0.7599833776517542,0.6073890448041221,0.10663231164115279,0.26845737055439467,-0.2294618007517868,27.490424521367494,10.74031534519386,11.134839151266256
2021-09-19,0.7445703547683936,0.8066192853011607,0.7594676845096626,0.6073890448041221,0.10753380015838222,0.26845737055439467,-0.21214475102821173,27.51300406432488,10.76254049322813,11.154004106776181
2021-09-26,0.753202037718823,0.8142416397004478,0.7446576179425574,0.5951706190461432,0.10831154563644677,0.2685806615404246,-0.2803406455888421,27.422805337704897,10.672004095622997,11.173169062286105
2021-10-03,0.7690525785386825,0.8177429378210842,0.7470420218781377,0.5954436621010673,0.11272417531612161,0.2685806615404246,-0.19572391342538675,27.534330412992222,10.783168715937972,11.19233401779603
2021-10-10,0.7906339980875807,0.8228105075138572,0.7505793347547962,0.5954436621010673,0.11468252009009869,0.2685806615404246,-0.0872917591095963,27.66114284243768,10.909642383058188,11.211498973305956
2021-10-17,0.8035536678768402,0.8270233118784879,0.7535232197849164,0.5954436621010673,0.11316514857758753,0.2685806615404246,0.0,27.778016770041106,11.026177994684113,11.23066392881588
2021-10-24,0.7752526306895452,0.8223777626795535,0.7478437698508571,0.5947644450090634,0.11060621128514744,0.2685806615404246,-0.009709628076470023,27.768609832150045,11.01642092079838,11.249828884325805
2021-10-31,0.7488976244125523,0.8223040114416572,0.7468415901492508,0.5947644450090634,0.11048268565213949,0.2685806615404246,-0.0004759396640591218,27.77825776747719,11.025701941724824,11.268993839835728
2021-11-07,0.7486225113251521,0.8169428558606753,0.7464040806364315,0.5947644450090634,0.10841884113708947,0.2685806615404246,0.0,27.804496473998494,11.051585462836737,11.288158795345653
2021-11-14,0.6612517841182305,0.8169435168590276,0.7442619122245198,0.5947644450090634,0.10161696219356142,0.2685806615404246,0.0,27.835895665761708,11.08263820532477,11.307323750855579
2021-11-21,0.529651395863401,0.817099484638177,0.7319323204994458,0.5790570517199315,0.09650855397759325,0.26917765515103953,-0.09225582382668263,27.739436731019314,10.985845520944029,11.326488706365502
2021-11-28,0.5344702665840063,0.8179376226223829,0.732093594574633,0.5744342391330274,0.09513882556013464,0.26917765515103953,-0.1196892137716371,27.709071534139806,10.955157937634986,11.345653661875428
2021-12-05,0.5842901778898886,0.8344576126881543,0.7417321630204625,0.5676153312683901,0.09793159638456551,0.2715406539684103,-0.24149768667367866,27.560492443553123,10.806228774996471,11.364818617385353
2021-12-12,0.5742816263324203,0.833958554656536,0.7397913852610002,0.5655100811901437,0.09495286965405032,0.2715406539684103,-0.22905034001169822,27.577134836413613,10.82250600593039,11.383983572895277
2021-12-19,0.5671697160750463,0.8159858139930064,0.741924699756115,0.553116996196482,0.09170745997157949,0.25817775657728104,-0.2791815680301043,27.51022009469211,10.755270203855174,11.403148528405202
2021-12-26,0.57199552982144,0.8121373813699113,0.7429385205091164,0.553116996196482,0.09130105788931854,0.25817775657728104,-0.2188748566665678,27.590910958332618,10.835618298088013,11.422313483915127
2022-01-02,0.5842495050787457,0.7851253000996049,0.7453901893799941,0.541143252935487,0.09226636279859056,0.2538614127543532,-0.27186010812680483,27.521007463003773,10.765376115245587,11.441478439425051
2022-01-09,0.6116938578659621,0.7833789370034335,0.7492923601244809,0.5304526451276793,0.09518772244724033,0.2508217631495972,-0.35591165556428095,27.39868313001863,10.642718823839365,11.460643394934976
2022-01-16,0.5993538336738806,0.7812602995985103,0.748635391246759,0.5400897420427834,0.09506073787281312,0.2508217631495972,-0.33619279930098744,27.429208142990543,10.672874673263271,11.4798083504449
2022-01-23,0.6388078124101058,0.7928506022471087,0.76029576615611,0.5526429927826116,0.09708195023125607,0.268706463250175,-0.4422603578482871,27.255454584281697,10.49877518871047,11.498973305954825
2022-01-30,0.6144791174789511,0.793630352778031,0.7589306174636771,0.5526429927826116,0.09434396881265855,0.268706463250175,-0.41592793415714535,27.301920626907698,10.5449073019735,11.51813826146475
2022-02-06,0.619229209267813,0.7844209915908585,0.7603391996019236,0.5526429927826116,0.09384207409690795,0.2653745268468869,-0.3486579192580668,27.411261744966843,10.653917900190036,11.537303216974674
2022-02-13,0.6107078318826757,0.7507100529794886,0.7600675425045547,0.558805771868244,0.09317038931759422,0.2583224317377329,-0.35115868601600475,27.407765606340778,10.650071104650408,11.5564681724846
2022-02-20,0.6175038978145571,0.7361555844216944,0.7635923016404309,0.5465749002655238,0.09549429819374661,0.2556566584164674,-0.40719201736366895,27.31779979506945,10.559753466219558,11.575633127994525
2022-02-27,0.6178067622422582,0.6982672384062087,0.75460032018392,0.510475025701055,0.09588087961850539,0.2377719583158896,-0.42082899818325825,27.294840734333455,10.536480700236664,11.594798083504449
2022-03-06,0.6118829993837505,0.687475438947007,0.7531257316950147,0.510475025701055,0.09839038977504876,0.23272266392618998,-0.40953362367386004,27.31448276427058,10.555795619336223,11.613963039014374
2022-03-13,0.5931904394163814,0.6666741284200878,0.6883690211886032,0.5100539394140783,0.09608475566710725,0.2301039154386938,-0.41862181372834706,27.29930875011708,10.540284394450937,11.633127994524298
2022-03-20,0.6072839322398246,0.6727660063381173,0.6885569780912876,0.5170994151001768,0.09610978801306073,0.2301039154386938,-0.36501137555862395,27.387862654262896,10.628490010809312,11.652292950034223
2022-03-27,0.620466947307313,0.6848637828766292,0.6925935855235914,0.5217335627335685,0.09694150772107024,0.23272266392618998,-0.28070729310698306,27.512865533494786,10.753151303991757,11.671457905544148
2022-04-03,0.5998331800884228,0.6831863806273986,0.6875283022099214,0.5237984978498135,0.09294779778270336,0.23272266392618998,-0.2858841384210975,27.505970688966258,10.745928146636594,11.690622861054072
2022-04-10,0.5829105953672161,0.688133709045939,0.6920969195212116,0.5129721075054896,0.0926781047565192,0.23272266392618998,-0.3500996934146021,27.412079226535546,10.651701902985243,11.709787816563997
2022-04-17,0.5565108026542585,0.6882585604936096,0.6943712621483278,0.5128234201736307,0.09094110381488205,0.23272266392618998,-0.3894598627058897,27.349941256298134,10.589226962685784,11.728952772073923
2022-04-24,0.5566821701548827,0.6743957447079627,0.6933952495296779,0.5178550911148014,0.08951058105390676,0.22306543854233707,-0.39242974855897184,27.34541207130351,10.584350735103664,11.748117727583846
2022-05-01,0.555534532916938,0.6573864516808312,0.6877034575172877,0.5127422098902664,0.08947289409542909,0.2204466900548409,-0.4086127824800425,27.31876710504341,10.557353919594313,11.767282683093772
2022-05-08,0.5702205060742721,0.6660027475189405,0.6939443583619442,0.5065266863457968,0.09453419214203881,0.22906871215563862,-0.4762764715000467,27.19760585467211,10.435846854058152,11.786447638603697
2022-05-15,0.5713562283346457,0.6302912480212608,0.694458595435239,0.45339512787990477,0.09542926103907877,0.2204466900548409,-0.5205050890989624,27.10970449140247,10.34761620726473,11.80561259411362
2022-05-22,0.5624056005063764,0.5661885543155227,0.6908912960863861,0.3455863200957528,0.09300879842830301,0.20486650992543698,-0.5335870049608075,27.082355147583467,10.31995442342471,11.824777549623546
2022-05-29,0.562396566906806,0.566135523420639,0.6903178463807055,0.3422483437461256,0.09085809322986058,0.20486650992543698,-0.5474540709060038,27.052500997463905,10.289772185091971,11.84394250513347
2022-06-05,0.5349049276858885,0.5664653431714903,0.6901543903057618,0.3422483437461256,0.08681524348242815,0.20486650992543698,-0.5399909967747571,27.069182173638332,10.306128987863028,11.863107460643395
2022-06-12,0.5467625797191691,0.5686269739724407,0.6943258886931949,0.34168509378384126,0.09086422147841729,0.21596795327914628,-0.5874309440360279,26.96068856682053,10.197286526503653,11.88227241615332
2022-06-19,0.6458276635693627,0.6212760354514644,0.7218665032983526,0.4377478677028475,0.09539823819737382,0.22165166775270428,-0.684890145432025,26.691520940920313,9.927804249031219,11.901437371663244
2022-06-26,0.6309152376164225,0.6220748041083097,0.7217477170055115,0.44228989273291663,0.09516311392662011,0.22165166775270428,-0.6760587427096023,26.71948324525606,9.955445121038018,11.92060232717317
2022-07-03,0.6336818043543992,0.6260792856691212,0.7249537074457703,0.43490059363029,0.09458698369118318,0.22165166775270428,-0.7035851922667515,26.631018605252564,9.866642777130872,11.939767282683095
2022-07-10,0.6390296987106222,0.6320272110709523,0.7265796637423054,0.43906407501593636,0.0930422063855793,0.22165166775270428,-0.6796776800758408,26.708907386263867,9.944210664963737,11.958932238193018
2022-07-17,0.6348271858295221,0.6282864110181618,0.7265193736460532,0.4504075062925407,0.09456179095931275,0.22165166775270428,-0.6797297278561271,26.709046694970112,9.944048166111752,11.978097193702943
2022-07-24,0.6159632285225048,0.6252862020529277,0.7269816923609964,0.4504075062925407,0.08848697421921517,0.22097639017656812,-0.6516595149880341,26.793381573751216,10.028063332997503,11.997262149212867
2022-07-31,0.6129706833131633,0.6107286148454881,0.7234798163746875,0.4504075062925407,0.09160038554991998,0.20805264259045797,-0.6408523314967278,26.824273384139445,10.05861656313493,12.016427104722792
2022-08-07,0.5838712021399644,0.6011395977313818,0.7228687149683201,0.45016646275176686,0.08785068618978692,0.20110776954618145,-0.6439663837701499,26.81590434789669,10.049908080348594,12.035592060232718
2022-08-14,0.59222103663581,0.5988136954607493,0.7234407294671933,0.45016646275176686,0.08777794736743888,0.20110776954618145,-0.6261207134358723,26.865139413685654,10.098815908460393,12.054757015742641
2022-08-21,0.6010203884438245,0.6051271516509434,0.7287982075446515,0.4474720488458713,0.08750104913865221,0.207617908592246,-0.668564377819131,26.744979567704966,9.978316515542977,12.073921971252567
2022-08-28,0.6088798616112198,0.6097344968342392,0.7320299737013515,0.4399784236591939,0.0889706623171802,0.207617908592246,-0.6974801181909243,26.654053641729675,9.887029926642416,12.093086926762492
2022-09-04,0.6081959654910415,0.6060839579305699,0.7254985344653263,0.4399784236591939,0.08392596959699583,0.207617908592246,-0.6930458447376364,26.66894696806556,9.901581331385835,12.112251882272416
2022-09-11,0.6278061172916847,0.6067507934465373,0.7276238372817727,0.44428760224159686,0.08478123833545256,0.20721827782875868,-0.6658153653847465,26.754290933027388,9.986576564831928,12.131416837782341
2022-09-18,0.6189978486581444,0.6133038409827317,0.7316160990943295,0.439710844904704,0.08795633255599504,0.2075492590739495,-0.7012696387515839,26.64246591558693,9.874424291020645,12.150581793292266
2022-09-25,0.5762702575484524,0.6089659394415662,0.7319867620215765,0.4422207993473614,0.08541051611322341,0.2075492590739495,-0.711017792119292,26.609609065681276,9.84124804813328,12.16974674880219
2022-10-02,0.5787967489370833,0.5957750145196993,0.7319312325284237,0.4422207993473614,0.08489877446414187,0.20456190779686256,-0.7076019986458075,26.621711735690862,9.852998818880915,12.188911704312115
2022-10-09,0.5770268276031786,0.5788470856811156,0.7308063172238132,0.4422207993473614,0.08268622835326177,0.20331314062726252,-0.7012501581062185,26.64357896548988,9.874489500362376,12.208076659822039
2022-10-16,0.575727050746309,0.5620545709376925,0.7308632784346875,0.44238954260083235,0.08182385303008742,0.19973475459964493,-0.7038122316452617,26.635310471787164,9.865876532099954,12.227241615331964
2022-10-23,0.5781540715982358,0.5632058317576312,0.725725236526364,0.4425104491441813,0.08094427792592564,0.19973475459964493,-0.6991428153140402,26.65128973854641,9.881518609013385,12.24640657084189
2022-10-30,0.5889497880356879,0.5672617919870055,0.7257386605666734,0.4425104491441813,0.08091271649710655,0.19973475459964493,-0.682977121433461,26.703948794211314,9.933856869749821,12.265571526351813
2022-11-06,0.5734750351221085,0.5665068535123706,0.7209870878599605,0.4425104491441813,0.07669246765254176,0.19973475459964493,-0.6779011816829794,26.720165323765528,9.949741313989481,12.284736481861739
2022-11-13,0.6539100582087664,0.6080961671069308,0.7424428192952228,0.4923417388324201,0.08508551094362402,0.20147637186712808,-0.7490398310501027,26.470937378622676,9.700177163439275,12.303901437371664
2022-11-20,0.6545253699529249,0.6042223614957868,0.7352058290285518,0.5004663140405213,0.08441285440217675,0.20147637186712808,-0.7501724024403875,26.46673989446517,9.695653996553142,12.323066392881588
2022-11-27,0.6563684480061446,0.6052806772236548,0.7351858128322616,0.5055343860009072,0.08494956433687308,0.20147637186712808,-0.7472626747224055,26.47860998826746,9.707233635716142,12.342231348391513
2022-12-04,0.6602831861567037,0.5950083976225765,0.7344191399359902,0.5044108532478837,0.08432747207405832,0.19973475459964493,-0.7367195292785287,26.519790348914132,9.748102818888118,12.361396303901437
2022-12-11,0.6480687962522794,0.5941543718632261,0.7343897330493493,0.5045530526901395,0.07873399610422141,0.19973475459964493,-0.7371401564818477,26.51854021076619,9.74650390209141,12.380561259411362
2022-12-18,0.5317237104945608,0.5922569659751226,0.7194959250004954,0.5091990938193727,0.0749113773534225,0.19973475459964493,-0.7420338031405147,26.500075320003834,9.727711482755913,12.399726214921287
2022-12-25,0.5294500929629733,0.583914377174071,0.7144320507546538,0.5091990938193727,0.07332838111316978,0.19470960613002536,-0.7412845892280768,26.50327296224544,9.730611583810346,12.41889117043121
2023-01-01,0.5162702290619915,0.5818188584568439,0.6945169317250277,0.5145525592362994,0.07112100665837398,0.19470960613002536,-0.7446381101671811,26.490557888416994,9.717564641237793,12.438056125941136
2023-01-08,0.5040919838413339,0.5741223214247115,0.686876655644928,0.5180313718703476,0.0690065220980702,0.18686621768931438,-0.7376802074247928,26.517796616494344,9.744447268146809,12.457221081451062
2023-01-15,0.5848899108994541,0.612966130229932,0.7016030977328186,0.5180313718703476,0.07263040235369009,0.19519173154655417,-0.6789897878182232,26.720066053862407,9.946355862616999,12.476386036960985
2023-01-22,0.5850293407021132,0.5984610861432068,0.7001881953888547,0.5047504320718312,0.07436593981743617,0.19181538318779606,-0.650691992040344,26.804874503282115,10.03083700362883,12.49555099247091
2023-01-29,0.587034156645932,0.5984069442535699,0.7006764028149297,0.5047504320718312,0.07168881086714779,0.19181538318779606,-0.6344120760358638,26.850783938782683,10.076389734644431,12.514715947980836
2023-02-05,0.5890832507952286,0.5866609476638648,0.6909639048113976,0.4969357894522478,0.07207519810572001,0.19075127856903434,-0.6469869367168156,26.816092097684635,10.041387989059151,12.53388090349076
2023-02-12,0.5889966769334334,0.5880409193508567,0.6719786409090033,0.49081149677061403,0.07302102080363618,0.19075127856903434,-0.6652100230920799,26.76342972769182,9.9883863269588,12.553045859000685
2023-02-19,0.5855408493015772,0.5957011657042811,0.6663752827226161,0.4982608261703983,0.0718308404528085,0.19181538318779606,-0.6253089831185925,26.87639961851987,10.100984657692646,12.572210814510608
2023-02-26,0.5715047520606372,0.5960818848234559,0.6463322067706152,0.4968452196775973,0.07076451240365311,0.19181538318779606,-0.6379933764981529,26.842295546169336,10.066545434967445,12.591375770020534
2023-03-05,0.5767487672279302,0.5966729737875692,0.6407868670099439,0.48820094919799994,0.07205411577629178,0.19181538318779606,-0.6552506559117337,26.793795719898313,10.017700540442126,12.61054072553046
2023-03-12,0.5649773319008059,0.5966766084058561,0.6295892280386799,0.4881319967206111,0.07073537599522466,0.19181538318779606,-0.6606916061420718,26.778219840680443,10.001792336576976,12.629705681040383
2023-03-19,0.6376399215916327,0.6418705478369402,0.6543101914540089,0.4881319967206111,0.07041892991817969,0.19181538318779606,-0.5665963443789985,27.023316703661255,10.246552450160129,12.648870636550308
2023-03-26,0.6345012238953243,0.6276210116129157,0.6540903915482188,0.48538460661847943,0.06970227996200357,0.19075127856903434,-0.5686847342424205,27.01883963624544,10.241722224124466,12.668035592060233
2023-04-02,0.634688431420807,0.6277691094935587,0.6531505655952837,0.48863524428599864,0.07049617682490025,0.19075127856903434,-0.5669531873979762,27.023173994227545,10.245728760746273,12.687200547570157
2023-04-09,0.6347177879430919,0.6219918982544332,0.6527145433792331,0.495422829242801,0.06935478690007421,0.19045731309395533,-0.5639422304131573,27.030434808143855,10.252657659966834,12.706365503080082
2023-04-16,0.6379260196427625,0.6237952735076228,0.6536463331922537,0.5048488578925306,0.06963757589239698,0.19045731309395533,-0.5338783111284351,27.097430215279108,10.319329661296011,12.725530458590006
2023-04-23,0.6569852412679519,0.6300267064993932,0.6494907819907162,0.5004587445328736,0.07287588547862626,0.19068753988564938,-0.5755229765509509,27.004175316213786,10.22574080447851,12.744695414099931
2023-04-30,0.6582790794955856,0.6333780254350032,0.6424036314462993,0.5075712778108707,0.07269585331148974,0.19068753988564938,-0.5484994323685768,27.066203380171444,10.287459556411337,12.763860369609857
2023-05-07,0.6600415368137472,0.6224286075718864,0.6419602765138149,0.5041242189602788,0.07253445856927516,0.1767290690062689,-0.5577309842214124,27.04586946427928,10.266801256261624,12.78302532511978
2023-05-14,0.5506777714653911,0.6197501844146783,0.6222302392282331,0.5025951233995608,0.06256139176465039,0.1767290690062689,-0.5860781123996455,26.9799733392106,10.200560205072318,12.802190280629706
2023-05-21,0.5507447166199366,0.6192395824684993,0.5904207518312522,0.5065750073183938,0.06201649685703725,0.1767290690062689,-0.5882487872198119,26.97504857224159,10.195302240824551,12.821355236139631
2023-05-28,0.5521148522804553,0.6206075674956012,0.5911926510289505,0.5151924959194172,0.06253539497008129,0.1767290690062689,-0.5679446483181149,27.02352088885358,10.24343663527219,12.840520191649555
2023-06-04,0.5565392501239056,0.6212233297667474,0.5916090044380563,0.506149895226378,0.061699996991489765,0.1767290690062689,-0.582387742444789,26.989852897450106,10.209436314863456,12.85968514715948
2023-06-11,0.5635223406095845,0.6134067100125061,0.5890311376920336,0.5010752161366072,0.06295770720554889,0.17440860338168102,-0.6016309161987772,26.943021280582023,10.162261848141425,12.878850102669405
2023-06-18,0.5611955049277494,0.5489124244147758,0.5860417336383551,0.3996315277730728,0.06226565378056862,0.16991665361582375,-0.5947553321822989,26.9604609561695,10.179373929111708,12.898015058179329
2023-06-25,0.5888894785460129,0.5661682364954169,0.594926689136775,0.3996315277730728,0.06604682561573098,0.17098075823458547,-0.5315024195502904,27.105810025636746,10.324413863546107,12.917180013689254
2023-07-02,0.5872093936178089,0.557681945632359,0.5946610709759804,0.40348953346552946,0.06593078798868886,0.14935165587963492,-0.529552984452851,27.110284987143945,10.328566265949478,12.936344969199178
2023-07-09,0.5895850135848136,0.5536936650302795,0.5943438332852053,0.39776941688002004,0.06652694409301603,0.14935165587963492,-0.5361803974463328,27.096449714699453,10.314378615371538,12.955509924709103
2023-07-16,0.5270798220804184,0.5536613458173891,0.5918566405007339,0.4003473025877262,0.06097984191852389,0.14935165587963492,-0.5348494894459039,27.099631609352073,10.317243958168326,12.974674880219029
2023-07-23,0.5174577724425546,0.5482161030047414,0.5873094784464298,0.3964012979933778,0.057969647839725885,0.14761733932397758,-0.5376665622999992,27.093867920193393,10.311169283728335,12.993839835728952
2023-07-30,0.5175034405225079,0.5485549444199355,0.5800891743105189,0.38927743456933317,0.0563276511911397,0.14761733932397758,-0.5500255997833627,27.067096966431034,10.284073619081317,13.013004791238878
2023-08-06,0.5141936188664961,0.5485240636527818,0.5758194753393355,0.3895415792525515,0.05537117117582266,0.14761733932397758,-0.5533284762270398,27.060058856618333,10.276706404678924,13.032169746748803
2023-08-13,0.506051777477297,0.5466603537283872,0.5735822780869588,0.3895415792525515,0.05327183974117484,0.14761733932397758,-0.5496676099247907,27.068546795705064,10.284868881054901,13.051334702258726
2023-08-20,0.512394744053506,0.5448109264581066,0.5773735134350405,0.3863734891730282,0.053746517990844504,0.14761733932397758,-0.5974846024312457,26.95664812885518,10.172616277298756,13.070499657768652
2023-08-27,0.5095822605044128,0.5362031840962311,0.5773740824575064,0.3842434371529811,0.051769253923084416,0.13528621238641453,-0.5988702370735597,26.95351343638824,10.169167899622858,13.089664613278575
2023-09-03,0.5038643234921857,0.53621578379772,0.575694583907001,0.3801581542899478,0.05234903875937229,0.13528621238641453,-0.6007741191763971,26.949079051474992,10.164410300400908,13.1088295687885
2023-09-10,0.5031323312267624,0.5300536232724272,0.5705854849684402,0.37604986028489024,0.04923786781993289,0.11876266173239036,-0.6027897781423959,26.94433339603078,10.159348592970039,13.127994524298426
2023-09-17,0.36274647964932927,0.5172007602816433,0.570674706455386,0.3682802423262133,0.045968872149478916,0.11485452813453206,-0.592472318883779,26.97032974207356,10.184991785836031,13.14715947980835
2023-09-24,0.36282456182035877,0.5158738146973635,0.5674451918834185,0.3702749578857651,0.04589254366050154,0.11485452813453206,-0.5957905363976587,26.96247795541899,10.176816144205663,13.166324435318275
2023-10-01,0.3738615134521122,0.5187706207222887,0.5633868046835457,0.3702749578857651,0.04645143845671137,0.11485452813453206,-0.5702108442698426,27.02416324122321,10.23817767926521,13.1854893908282
2023-10-08,0.37371072032799324,0.5186279125048304,0.555499148926471,0.36637373729883144,0.0465163003924608,0.11485452813453206,-0.5704233426670288,27.024012204083974,10.237683132243937,13.204654346338124
2023-10-15,0.3622570796617933,0.5196721311187135,0.5487270278642837,0.36472564161973897,0.04674254875103718,0.11485452813453206,-0.5828174964634187,26.995086220493995,10.208406710758053,13.22381930184805
2023-10-22,0.3664103145043113,0.527954906222156,0.554000624033367,0.36472564161973897,0.04458267294175662,0.13137807878855623,-0.5389338283015848,27.095432232241233,10.30842449851443,13.242984257357975
2023-10-29,0.40859156158488036,0.543105350294067,0.5638668937104858,0.36472564161973897,0.043836771948210736,0.1471419748269122,-0.46835069271433205,27.23820381169342,10.450867001487063,13.262149212867898
2023-11-05,0.40681765699336947,0.5430984744045145,0.5636176030108109,0.36472564161973897,0.04294024117078243,0.1471419748269122,-0.4601900569584796,27.25377958303366,10.466100046618916,13.281314168377824
2023-11-12,0.39680049565200803,0.47589163622613806,0.5646050382258806,0.2053467421507186,0.04401630610362671,0.14442131769027886,-0.43023107884845024,27.30812187556942,10.52011380348532,13.300479123887747
2023-11-19,0.3959764699652071,0.47547601240156706,0.5609224671953886,0.2069109492822716,0.045431183430729355,0.14442131769027886,-0.424243471064331,27.318903345489552,10.530567804858713,13.319644079397673
2023-11-26,0.39284617812486555,0.47569308739514676,0.5606198533697384,0.2069109492822716,0.044838530654826375,0.14442131769027886,-0.4236287448478382,27.320315721066347,10.531634919606429,13.338809034907598
2023-12-03,0.39401709478971686,0.4775388753213757,0.5530377788405321,0.2069109492822716,0.04615241207232103,0.14442131769027886,-0.38525519912760997,27.385093087486776,10.59609015009921,13.357973990417522
2023-12-10,0.39674651322283044,0.4827567551057931,0.5566941792437655,0.2076152349726295,0.04605067158315483,0.14494935472558568,-0.3275224452238408,27.475166409391466,10.68585166146411,13.377138945927447
2023-12-17,0.4104308504750253,0.48678310633198196,0.555987038973909,0.2103231423292634,0.045675937102281045,0.14767001186221904,-0.36295174633264393,27.421382253645277,10.631728330485918,13.396303901437372
2023-12-24,0.36700157154028745,0.4870484877908276,0.5537083242616803,0.2103231423292634,0.04235348851686443,0.14767001186221904,-0.33728533981617626,27.46123894458421,10.671227447093175,13.415468856947296
2023-12-31,0.36995634334973754,0.48760271979008474,0.5517104110235458,0.20929692533344194,0.04312624587192852,0.14767001186221904,-0.35082709585505345,27.440906292150096,10.650582023812207,13.434633812457221
2024-01-07,0.36949664340178295,0.48792956109761665,0.545494941522784,0.20929692533344194,0.04355409751263158,0.14767001186221904,-0.3258081588280033,27.479044140947675,10.688397627574258,13.453798767967145
2024-01-14,0.37889006320843976,0.45452688719457607,0.546042985073335,0.20624599633959237,0.046723990471545074,0.13791132607458303,-0.3558862412433461,27.433735226854203,10.642758280879336,13.47296372347707
2024-01-21,0.37914341093892096,0.4491744532195112,0.5318001785557029,0.2045864073961554,0.04795776614499429,0.13613041210631757,-0.3612841643050132,27.425611912652734,10.634342580238307,13.492128678986996
2024-01-28,0.37468982527186745,0.4478389604666141,0.5308814729513173,0.2045864073961554,0.05005139722166962,0.13613041210631757,-0.3544274419079775,27.436649415501922,10.645020536341715,13.51129363449692
2024-02-04,0.3733853845365801,0.4453883591521086,0.5253415377969406,0.20850061184056554,0.05003352749056849,0.13613041210631757,-0.34530471813972197,27.45102520301531,10.659052835196242,13.530458590006845
2024-02-11,0.4038988876010344,0.45420222588728654,0.5326000904827515,0.20989369633643262,0.053679389538173146,0.1460131148365498,-0.2588167155522788,27.575446925508142,10.783130868486207,13.54962354551677
2024-02-18,0.3628638773481046,0.44802151306070453,0.5313335969692342,0.20989369633643262,0.05059084333738095,0.13567746273377848,-0.19811963974107238,27.65448159913893,10.861842346346686,13.568788501026694
2024-02-25,0.36364891841645053,0.44582955295527094,0.5310606057590814,0.21184194710088897,0.05102096324575031,0.13567746273377848,-0.20429481774714953,27.647072422342244,10.854111669527397,13.587953456536619
2024-03-03,0.43278962248378816,0.4764392323052673,0.5483241554352138,0.21393979142309053,0.053404630557519206,0.14346760418353152,-0.03138110902591096,27.844026764062654,11.0507541595018,13.607118412046544
2024-03-10,0.4356233150849151,0.48000172094733407,0.5513758157419916,0.21808228256287787,0.05547966068671509,0.14346760418353152,0.0,27.93376871659817,11.140153823520542,13.626283367556468
2024-03-17,0.4402882821335324,0.42361805122610957,0.5483105929829646,0.21502596035356436,0.057555931274863734,0.1342007706965866,-0.008669318420276184,27.92538882872079,11.131446707950426,13.645448323066393
2024-03-24,0.44175320698110837,0.42425051074347664,0.5417507931059574,0.213265960499953,0.059557739821588775,0.1342007706965866,-0.023121856174868283,27.91103034102223,11.116760463956062,13.664613278576317
2024-03-31,0.441265763874025,0.425912165585317,0.5430049207008341,0.213265960499953,0.05820001871328398,0.1342007706965866,0.0,27.96821808038286,11.173633581995547,13.683778234086242
2024-04-07,0.4471141690693756,0.42805022128983045,0.5388973399368973,0.20877868375454314,0.05980771521577051,0.1342007706965866,-0.02575929275800337,27.94245510599245,11.14753670881568,13.702943189596168
2024-04-14,0.45638095825826186,0.43107379634445864,0.538478211671784,0.20852507656817,0.06279818406003938,0.1367462813496049,-0.07832151359083694,27.8873247142855,11.092074752533245,13.722108145106091
2024-04-21,0.4498233328962492,0.4175510062311511,0.5385429757170771,0.1860262491047958,0.06283113076368231,0.1342007706965866,-0.0878770616737985,27.877179901313426,11.081653084799205,13.741273100616016
2024-04-28,0.4256892604547153,0.41760983145911657,0.5386731191594675,0.18262681928559063,0.06345088685081203,0.1342007706965866,-0.11581033128731788,27.846240348630076,11.050549900004201,13.760438056125942
2024-05-05,0.42562470457108476,0.41605679928039013,0.5311367403432933,0.1861350278573314,0.0659818669103649,0.1342007706965866,-0.10052101572960559,27.863536463103245,11.067693992340503,13.779603011635865
2024-05-12,0.4327429691502564,0.41189486451364693,0.5279902230179512,0.1779865568831747,0.06503571701614487,0.13094304200354134,-0.13753372975370481,27.821667862081288,11.02567434419341,13.79876796714579
2024-05-19,0.43969444165862304,0.41559488588709576,0.5296653057594253,0.1794132670934019,0.0658719485436534,0.13094304200354134,-0.06974812720077361,27.897486315604837,11.101333683459536,13.817932922655714
2024-05-26,0.4388330070198401,0.41470824797850786,0.5292663916961361,0.1794132670934019,0.06599576348833557,0.13094304200354134,-0.03906421991319309,27.930113623226784,11.133785883618382,13.83709787816564
2024-06-02,0.43680028944650723,0.41233826451091476,0.5293770603133352,0.18024080662309527,0.06446855586740449,0.13065332844216843,-0.048042799981842244,27.92087614084252,11.124398378830016,13.856262833675565
2024-06-09,0.42489158135548644,0.4070918849454252,0.5229283882861001,0.18064761170900404,0.06369526278741364,0.12064583509437625,-0.02223065215274944,27.947790647847338,11.151152104586465,13.875427789185489
2024-06-16,0.42165929841147837,0.4119957930738815,0.48523545370678073,0.17949893913081286,0.0640137863241874,0.13065332844216843,-0.06464995931112028,27.903592729139643,11.106799137309558,13.894592744695414
2024-06-23,0.4313173144551663,0.39654357576183874,0.4870490744995078,0.17984107267756774,0.0643689116544777,0.13245048076684202,-0.11066561724942114,27.853298315754046,11.056351601384518,13.91375770020534
2024-06-30,0.4296638526226679,0.39711020920941226,0.4820760137384513,0.17768531699636045,0.06442299488724446,0.13245048076684202,-0.11883300461616353,27.84422115616173,11.047125463068404,13.932922655715263
2024-07-07,0.4641584535515503,0.4157553166591277,0.4875366988778989,0.21456194585164318,0.06712964947820345,0.13384155415603585,-0.2122058118681701,27.732369491369447,10.935115176183361,13.952087611225188
2024-07-14,0.4682476187182522,0.42178189864212795,0.49029829135153974,0.21456194585164318,0.06517824626052375,0.13434644583596533,-0.1433775545172713,27.816297830044714,11.018875570843134,13.971252566735114
2024-07-21,0.4855249996088673,0.43196322505138396,0.49252934678638166,0.21643768612236572,0.06571152755796651,0.13523603538340404,-0.04451698878102761,27.925686887143158,11.128095286545062,13.990417522245037
2024-07-28,0.48601234341144894,0.43000999917711896,0.492361317126224,0.22088623536838647,0.06496656255245972,0.13523603538340404,-0.04291579420676195,27.927537561544415,11.129769679930158,14.009582477754963
2024-08-04,0.5454406452298559,0.462890929862628,0.5061074655847481,0.28471689860257465,0.07003372955607942,0.13969204363231197,-0.18140740669322464,27.771392957947043,10.97346481903026,14.028747433264886
2024-08-11,0.5199822709121457,0.4628815801890225,0.505300099144005,0.28471689860257465,0.07052538053123293,0.13969204363231197,-0.17396870321184899,27.7805922115503,10.98251096539063,14.047912388774812
2024-08-18,0.5094363508189299,0.4451035838952649,0.49689104571683934,0.26364376782802734,0.0705519048899279,0.13523603538340404,-0.17457097418175227,27.780025096559076,10.981781585473522,14.067077344284737
2024-08-25,0.5239358576902686,0.4512433182827226,0.49504310404239404,0.26613135175930996,0.07262800518593494,0.1378342339928059,-0.09447808791648993,27.87279742783019,11.074389778921518,14.08624229979466
2024-09-01,0.4753547796826014,0.47055432571641087,0.5033544023781819,0.2911016884137113,0.07125363625745645,0.14229024224171383,-0.19484581753845442,27.755477997904165,10.956912093100383,14.105407255304586
2024-09-08,0.45825250606472956,0.4739153901776223,0.5019536590914812,0.2873322977094569,0.07222979881628021,0.14229024224171383,-0.22980175442865813,27.711264938146098,10.912526246504507,14.124572210814511
2024-09-15,0.4733015989461826,0.47765146066602204,0.4965807731917414,0.2873322977094569,0.07013440001242101,0.14229024224171383,-0.16984367312926585,27.786382108239547,10.987492331696634,14.143737166324435
2024-09-22,0.4856734591347264,0.4803834207385362,0.49748393247304495,0.2900815700043023,0.0700076386071299,0.14229024224171383,-0.10747962236701569,27.858967854434,11.059927648488332,14.16290212183436
2024-09-29,0.4805805338830314,0.47850071235289215,0.4976840253845206,0.2900815700043023,0.07053849108042226,0.14229024224171383,-0.07875742545500852,27.890797834056766,11.091601686289078,14.182067077344286
2024-10-06,0.483028053783886,0.4820393464582382,0.4992026374266557,0.2837058092271293,0.06975517790969922,0.14229024224171383,-0.11845952825609463,27.846915986338313,11.047549216155767,14.20123203285421
2024-10-13,0.4770284836096081,0.4801641441059313,0.4990721907428893,0.28975331886217637,0.06738703591262128,0.14229024224171383,-0.1188870367718502,27.84659296898909,11.047064142328257,14.220396988364135
2024-10-20,0.49594695417470436,0.4792918062494131,0.5025567120107607,0.28975331886217637,0.06685858482524612,0.14229024224171383,-0.03109894470807406,27.94173955969305,11.142040799568731,14.239561943874058
2024-10-27,0.49419246574862813,0.46250455534995377,0.5020856541011616,0.2857559742024919,0.06549388710195848,0.13969204363231197,-0.04530983787596565,27.927132553695603,11.12726515328643,14.258726899383984
2024-11-03,0.49389693108568156,0.46250376860990433,0.502075946480771,0.2857559742024919,0.06413866331414783,0.13969204363231197,-0.03488398235039625,27.9381643730548,11.138126622669516,14.277891854893909
2024-11-10,0.5347641903785559,0.48277875635127493,0.4770253396261659,0.2857559742024919,0.06868703031667801,0.14229024224171383,0.0,28.095085125185093,11.294884953056966,14.297056810403832
2024-11-17,0.5454737149623644,0.4919624340691984,0.4814429473674317,0.2857559742024919,0.06722626450061933,0.1447065278632543,0.0,28.204952320282995,11.404593543826211,14.316221765913758
2024-11-24,0.5554223535180448,0.4967731433265547,0.4840740831889774,0.2857559742024919,0.06856926081113048,0.1447065278632543,0.0,28.293043348253615,11.492520780950654,14.335386721423683
2024-12-01,0.5550920333607701,0.49508173567025937,0.48403189675049674,0.2838736931152142,0.06965918896030207,0.1447065278632543,-0.0052112956075548444,28.287980452053873,11.487295859181557,14.354551676933607
2024-12-08,0.5555036963773923,0.4898391842557152,0.483998946510763,0.2838736931152142,0.07034983272166023,0.1447065278632543,0.0,28.321727604198284,11.520883550880965,14.373716632443532
2024-12-15,0.5495104216012212,0.48496116300313463,0.4835109905434452,0.2888353526644303,0.07117709987436517,0.14025380754624325,0.0,28.358447841645958,11.55743378120501,14.392881587953456
2024-12-22,0.5640408413299405,0.49714655144628234,0.48983813874098175,0.29469449736805015,0.0737043074671929,0.1447065278632543,-0.08992958746492896,28.26437616231802,11.463200475152533,14.412046543463381
2024-12-29,0.5649736965573908,0.4969546502004798,0.49000005612943537,0.29508475416351,0.07454744149184993,0.1447065278632543,-0.1061085007706174,28.246598301636052,11.445262904515765,14.431211498973306
2025-01-05,0.5348680022653726,0.497788599932079,0.49057597271183795,0.29508475416351,0.07224189644317172,0.1447065278632543,-0.05869416357250257,28.298446413005266,11.49694660114724,14.45037645448323
2025-01-12,0.5340730604593482,0.49736214638720977,0.4741762460716709,0.2949535035131666,0.07352516454815845,0.14458117785334978,-0.09753666701228669,28.256463507105853,11.454806563336096,14.469541409993155
2025-01-19,0.5222025508317216,0.4994238932583196,0.47306858114433836,0.29768834416968687,0.07504206423237302,0.14458117785334978,-0.034402179115374576,28.324237287379617,11.522425915256159,14.48870636550308
2025-01-26,0.5218396850643664,0.4993827804154324,0.4725537123677129,0.29768834416968687,0.07472381384135157,0.14458117785334978,-0.016432093763008027,28.342830486566143,11.540865183155992,14.507871321013004
2025-02-02,0.469049654551445,0.5044393434547896,0.47374152916919987,0.29212458143632725,0.0720622453775944,0.1484109361281158,-0.06816349164967495,28.288972122355915,11.486835881295564,14.52703627652293
2025-02-09,0.47092219872505164,0.49288735904045433,0.47168749375956376,0.28915105054483875,0.06922249851842206,0.14595846577195956,-0.07882837045561619,28.277626503378453,11.475324872413767,14.546201232032855
2025-02-16,0.4709746965212079,0.4885383561646429,0.46655210107900774,0.2884228677262938,0.06811042751361035,0.14595846577195956,-0.08004774303130036,28.276462225536697,11.474000276320147,14.565366187542779
2025-02-23,0.4589638522168802,0.4883091651249409,0.4654251402244814,0.2899976174825934,0.06608540759120066,0.14595846577195956,-0.0809146202002956,28.275666054618114,11.47305752537708,14.584531143052704
2025-03-02,0.4189990149131009,0.45131371435480055,0.4638650628590328,0.2857812422223728,0.06652278945301825,0.14292354659620177,-0.09778310868826223,28.257301144322252,11.454533449380294,14.603696098562628
2025-03-09,0.48006277015021465,0.47252131245677625,0.4788582252373433,0.3231245728472153,0.06754845278396038,0.14282924371821118,-0.22862992023820117,28.1007780076434,11.29784676031425,14.622861054072553
2025-03-16,0.4720622148700842,0.47276576792402125,0.4493044529258985,0.3258389583928524,0.06782915346143387,0.14282924371821118,-0.21098972606078448,28.12355025573379,11.32045784445319,14.642026009582478
2025-03-23,0.4655843765830012,0.4736815166821847,0.449622411058537,0.329646081057891,0.06643149246977136,0.14282924371821118,-0.1797249161282114,28.162572433383946,11.359318254360645,14.661190965092402
2025-03-30,0.4706271673076967,0.4729086266872367,0.4511570250259181,0.3234878840853694,0.06727809633148843,0.14282924371821118,-0.21362609667732635,28.120528066654863,11.317110885513681,14.680355920602327
2025-04-06,0.4729579678665856,0.47537698604858203,0.45338892576669376,0.32281883846175324,0.06929236040722032,0.14282924371821118,-0.2544421883315806,28.06740094142951,11.26381118093063,14.699520876112253
2025-04-13,0.48057311427560073,0.4763520680606627,0.4535803674451349,0.328576094913345,0.07156932636780229,0.14146689501066678,-0.2006899888436381,28.13718039441648,11.333427371681154,14.718685831622176
2025-04-20,0.46467394691314295,0.476288436970562,0.44757004617734636,0.33145154953423395,0.07059737469922517,0.14146689501066678,-0.1860293319770826,28.155512008284386,11.351602833206279,14.737850787132102
2025-04-27,0.4800537770945996,0.48359374228338403,0.45032636653040475,0.3376252083919987,0.07257823829579338,0.14609643994833094,-0.10271018830269207,28.253115780515916,11.4490574020629,14.757015742642025
2025-05-04,0.48013481948910347,0.48349937081631417,0.44976932314413104,0.3376252083919987,0.07149235459956281,0.14609643994833094,-0.0973069745493993,28.259279308215785,11.455061048176761,14.77618069815195
2025-05-11,0.44908833234729845,0.488925894852765,0.45033605125049947,0.34483931595226386,0.06904991854851304,0.14869615299391709,-0.005501882547565673,28.356302060341633,11.551916707556268,14.795345653661876
2025-05-18,0.4248425783462832,0.48445350273876947,0.45016919686252976,0.34483931595226386,0.0684864256826579,0.14869615299391709,0.0,28.375885988764324,11.571342379583335,14.8145106091718
2025-05-25,0.4089660713000615,0.4842146754738142,0.44958928806813264,0.34483931595226386,0.0672782109206769,0.14869615299391709,0.0,28.40302752233507,11.59832190710666,14.833675564681725
2025-06-01,0.4115442266760078,0.4854057962053122,0.449362228535924,0.34127796434140245,0.0670314046318667,0.14869615299391709,-0.029056791266864,28.373707863233403,11.568834607303884,14.85284052019165
2025-06-08,0.40911097706555716,0.4851234495439069,0.4474063014604587,0.3407651558909225,0.06663486111532461,0.14869615299391709,-0.029262640942862794,28.37364787824696,11.568622574820083,14.872005475701574
2025-06-15,0.40592771690639406,0.48230209297272986,0.4475335867322617,0.34632712487382006,0.06552097189764979,0.14869615299391709,-0.031236128875961278,28.37177475862712,11.566587527269222,14.8911704312115
2025-06-22,0.38755156981923766,0.4816165752726108,0.4393812461906499,0.3461653481755641,0.06350644854550647,0.14869615299391709,-0.07359547804459676,28.32721103177601,11.521877616143994,14.910335386721425
2025-06-29,0.3982944481857931,0.48524165249801277,0.44137721947248243,0.3498010241869866,0.06214518640440004,0.14869615299391709,-0.005086310333113575,28.398705810593896,11.593222617467251,14.929500342231348
2025-07-06,0.39254250717742556,0.46891869172934375,0.44098969049681175,0.3415203825374253,0.06127495456221317,0.14718053609849643,0.0,28.406402829888957,11.600753226128814,14.948665297741274
2025-07-13,0.4026273800369695,0.46915597569623685,0.443933940822989,0.3415203825374253,0.06071171536013793,0.14718053609849643,0.0,28.491852643797454,11.686035871640533,14.967830253251197
2025-07-20,0.39427383270563376,0.45939701424702006,0.44412730522329685,0.336533236204129,0.057734518894498765,0.14458082305291028,-0.013406725639421024,28.478514052135232,11.67253846444775,14.986995208761122
2025-07-27,0.39424597810589246,0.45936864445897324,0.443211175295263,0.336533236204129,0.0573119802519968,0.14458082305291028,0.0,28.496692523519705,11.690554062332188,15.006160164271048
2025-08-03,0.3914042618123789,0.4305809426825007,0.44485574226884206,0.2857673777847322,0.05616994105915331,0.13681760248793307,-0.043323424476282235,28.452559502435914,11.646264161072265,15.025325119780971
2025-08-10,0.39373267280896757,0.4315508841715156,0.44531330993536694,0.2857673777847322,0.05570287633378776,0.13681760248793307,-0.0020844767403577213,28.494920077967638,11.688467410046416,15.044490075290897
2025-08-17,0.3947099745277422,0.4321651198204689,0.4366219981039205,0.282865343746912,0.056928298827531934,0.13681760248793307,-0.015373746033352842,28.481676849612064,11.675060914920168,15.063655030800822
2025-08-24,0.3992585152486975,0.4271477483809274,0.4378636597733373,0.2769117809179796,0.057257322254823856,0.13234028263546344,-0.04958249148451077,28.446478876865488,11.639700154048308,15.082819986310746
2025-08-31,0.4049177057266089,0.4110505459924261,0.4397907953220054,0.2492966864249866,0.054520042755797735,0.13234028263546344,-0.09311694810372928,28.39975657588635,11.592812285676885,15.101984941820671
2025-09-07,0.32811698620000485,0.4072145631678644,0.439686961764798,0.25408610375249857,0.05072802241113728,0.13233068810186807,-0.06807187523758906,28.42716163858344,11.620054475708155,15.121149897330595
2025-09-14,0.32953779285775964,0.4030753003736632,0.4398875825448681,0.25408610375249857,0.04978915513906021,0.13233068810186807,-0.03384371183172763,28.463398010550446,11.656124393470211,15.14031485284052
2025-09-21,0.32779885288350996,0.3986627883278206,0.43972696415420975,0.2530215968714184,0.0485181930079234,0.13233068810186807,-0.03447227636862005,28.462918504929654,11.6554735990802,15.159479808350445
2025-09-28,0.32347918704242445,0.40001148371307066,0.43941602192847257,0.24796818670197754,0.047508422561884076,0.13233068810186807,-0.06085288145514378,28.43537893676743,11.627770926052568,15.178644763860369
2025-10-05,0.3298959177289283,0.40517743355186747,0.4432004032275607,0.25236438282822726,0.046891715851219866,0.13893962536756863,0.0,28.531951965080545,11.7241888725155,15.197809719370294
2025-10-12,0.3431133056790441,0.41345277041735096,0.44616362983642244,0.2541960813684446,0.04742482921979859,0.1409417878756745,-0.06776713002780277,28.461928744149066,11.654016237494211,15.21697467488022
2025-10-19,0.3568896750266739,0.41024968561500885,0.4447232393661153,0.25135429363897294,0.04984845787686756,0.14032129892506012,-0.11995346929769302,28.40449033737114,11.596408375405815,15.236139630390143
2025-10-26,0.3390176457051771,0.4118229189314824,0.4359001898311454,0.25481054959573024,0.049123290329199897,0.14032129892506012,-0.07259062750190937,28.457079903512362,11.64882867164851,15.255304585900069
2025-11-02,0.344881290431632,0.4145038802238875,0.43724159437264126,0.24967388044802513,0.05012118191208167,0.14032129892506012,-0.10633256956151393,28.420179152787483,11.611767297750403,15.274469541409994
2025-11-09,0.3274834305218304,0.39071978092793963,0.43847851172101815,0.2460438182874205,0.048452726453391756,0.13716371195139804,-0.15250686673529423,28.367277659351906,11.558716330412613,15.293634496919918
2025-11-16,0.35860137262619957,0.3912884208853845,0.4460468288805883,0.25943009996943317,0.05218937435205065,0.1251284623986743,-0.2375369179124398,28.26171036943318,11.452987683908445,15.312799452429843
2025-11-23,0.3710628069678176,0.38941123788835497,0.45050312751969446,0.2609538909453721,0.053688678339296136,0.12666651293307785,-0.2967146659391495,28.1810694928714,11.372196283595427,15.331964407939767
2025-11-30,0.3764908469469886,0.39191794444501016,0.4493666874996617,0.2611578244993967,0.05338426530956613,0.12666651293307785,-0.26647556670101424,28.223327294112035,11.414294501126012,15.351129363449692
2025-12-07,0.3763965546731193,0.3903099790877371,0.4456419997861027,0.2607697573644191,0.054879101320071684,0.12666651293307785,-0.27084601911894746,28.217502578273475,11.408318525296838,15.370294318959617
2025-12-14,0.377010350219797,0.388783517691249,0.443999803073804,0.25731799567208274,0.05521193064807225,0.12666651293307785,-0.28680622509488696,28.195528616186863,11.386186751084246,15.38945927446954
2025-12-21,0.3731835323227954,0.37761983820504663,0.44340478835866953,0.2506234116878147,0.054139810507641314,0.123372849000169,-0.28326805284871936,28.20063281537579,11.391135510886905,15.408624229979466
2025-12-28,0.35587857974517706,0.37732428652553396,0.4431140834113843,0.25222170094045787,0.05366818133996284,0.123372849000169,-0.2896294344588891,28.191878547870857,11.38222035071147,15.427789185489392
2026-01-04,0.36185353483029364,0.3758705890180428,0.44320620146875744,0.25222170094045787,0.05401510507212984,0.123372849000169,-0.2603871713966778,28.232375277385593,11.422560438222192,15.446954140999315
2026-01-11,0.3355571961659152,0.37362694879233704,0.44172737754970237,0.255315199955299,0.05207184226290627,0.123372849000169,-0.26558906392155757,28.225468461211705,11.41550232390312,15.46611909650924
2026-01-18,0.34249514149699456,0.3692839147378356,0.44211712311182466,0.255315199955299,0.05363925059192982,0.12185294343243204,-0.2368972326700286,28.26394246545408,11.453826304253997,15.485284052019164
2026-01-25,0.3573185410249216,0.3783701591729078,0.4471240715522056,0.2595390204975792,0.055495919957200046,0.1251466073653409,-0.30016974244994876,28.177532567655142,11.367271409957292,15.50444900752909
2026-02-01,0.3844856157828748,0.3919285251455697,0.45557702452450544,0.27906674590690816,0.05982798526869538,0.13681275902774065,-0.3773582734146561,28.060802401399123,11.250404869188076,15.523613963039015
2026-02-08,0.3876473677044927,0.4004146322614226,0.45229296082644543,0.2829245180395079,0.06649111370746577,0.14762612508358647,-0.42907676634226133,27.97424225433023,11.163688352220841,15.542778918548938
2026-02-15,0.38763671074327044,0.4009429480849638,0.4496127108529309,0.27821150852196674,0.0667401437914803,0.14762612508358647,-0.4443987508407221,27.947218931639735,11.136484452717859,15.561943874058864
2026-02-22,0.38708476241271605,0.4010100004357232,0.44974412535108105,0.27482201282739277,0.06657864775694297,0.14762612508358647,-0.45314148848484803,27.93152574986039,11.120623699818417,15.58110882956879
2026-03-01,0.38523597073165433,0.4013658799586629,0.42832121623218666,0.27362581092293836,0.06739040689738224,0.14762612508358647,-0.46784718312047946,27.904429196158535,11.093364291400224,15.600273785078713
2026-03-08,0.38121815739527903,0.37135956264288156,0.4236163659782567,0.23052226742274023,0.0701827013347165,0.13681275902774065,-0.4640489132021597,27.91169422720745,11.100476494465905,15.619438740588638
2026-03-15,0.4067537021179506,0.3831536563851865,0.4287677212996539,0.23052226742274023,0.07084153981755317,0.14008827799398293,-0.41135097165232826,28.005624885961787,11.194263722410952,15.638603696098563
2026-03-22,0.4116770916319099,0.38609132588747064,0.4312769184151509,0.2292122772151179,0.07406856838908689,0.1410008728767858,-0.4493516963571931,27.93904088982929,11.127529911494527,15.657768651608487
2026-03-29,0.4118069714356786,0.3851090546824571,0.429897950504806,0.2296081688323578,0.07574136853460593,0.1410008728767858,-0.46595903529827654,27.908584718057966,11.096906142475847,15.676933607118412
2026-04-05,0.38672212724918176,0.38473908070109897,0.43065794618652026,0.23300788310881493,0.0740342435744119,0.1410008728767858,-0.4420360791126715,27.952561079653034,11.140727895916248,15.696098562628336
2026-04-12,0.3857724120907444,0.3787888191948834,0.42919611482206427,0.23300788310881493,0.07177800702215383,0.1392812834260027,-0.4277589595361946,27.977977135659195,11.165993895561611,15.715263518138261
2026-04-19,0.39139026089661844,0.3812174990857811,0.4302349389125345,0.23300788310881493,0.07036769082049336,0.1392812834260027,-0.40169244259198056,28.022684288002097,11.210538525318768,15.734428473648187
2026-04-26,0.3945558997376968,0.37307422358438513,0.4316532297232864,0.23300788310881493,0.06938890034746106,0.12979904840121692,-0.36418088251776615,28.083642545588127,11.271347709947818,15.75359342915811
2026-05-03,0.39373385623683366,0.3729841454243098,0.4315201705922972,0.23300788310881493,0.06870143368571958,0.12979904840121692,-0.3632871279519996,28.085201745718532,11.272752397169953,15.772758384668036
2026-05-10,0.3973659244699392,0.362185323840647,0.4314210872735774,0.23300788310881493,0.06790755809627526,0.12149189057974626,-0.3340813491948278,28.130214310465018,11.317601110675149,15.791923340177961
2026-05-17,0.3790060930249144,0.3654673653898863,0.4304903264197891,0.23038142763676817,0.06514073732939432,0.12149189057974626,-0.3726090276287872,28.07077662415334,11.258003500233936,15.811088295687885
